movement_id,train_id,section_id,arrival_time,departure_time,direction
MOV-000001,TRN-12001,SEC-BRC-ADI,2026-03-01T15:00:00,2026-03-01T15:30:00,DOWN
MOV-000002,TRN-12001,SEC-GZB-CNB,2026-03-01T15:48:00,2026-03-01T16:17:00,DOWN
MOV-000003,TRN-12001,SEC-GZB-CNB,2026-03-02T18:45:00,2026-03-02T19:30:00,DOWN
MOV-000004,TRN-12001,SEC-HWH-KGP,2026-03-02T19:41:00,2026-03-02T20:30:00,DOWN
MOV-000005,TRN-12001,SEC-DDU-PNBE,2026-03-02T20:49:00,2026-03-02T21:40:00,DOWN
MOV-000006,TRN-12001,SEC-GZB-CNB,2026-03-03T14:30:00,2026-03-03T15:20:00,DOWN
MOV-000007,TRN-12001,SEC-NDLS-GZB,2026-03-03T15:35:00,2026-03-03T16:11:00,DOWN
MOV-000008,TRN-12001,SEC-DDU-PNBE,2026-03-03T16:32:00,2026-03-03T17:08:00,DOWN
MOV-000009,TRN-12001,SEC-BCT-ST,2026-03-04T10:15:00,2026-03-04T10:59:00,DOWN
MOV-000010,TRN-12001,SEC-MAS-RU,2026-03-04T11:24:00,2026-03-04T12:01:00,DOWN
MOV-000011,TRN-12001,SEC-PRYJ-DDU,2026-03-05T08:45:00,2026-03-05T09:16:00,DOWN
MOV-000012,TRN-12001,SEC-GZB-CNB,2026-03-05T09:32:00,2026-03-05T10:13:00,DOWN
MOV-000013,TRN-12001,SEC-CNB-PRYJ,2026-03-05T10:27:00,2026-03-05T11:08:00,DOWN
MOV-000014,TRN-12001,SEC-NDLS-GZB,2026-03-06T19:00:00,2026-03-06T19:52:00,DOWN
MOV-000015,TRN-12001,SEC-CNB-PRYJ,2026-03-07T14:45:00,2026-03-07T15:11:00,DOWN
MOV-000016,TRN-12001,SEC-BCT-ST,2026-03-07T15:33:00,2026-03-07T16:12:00,DOWN
MOV-000017,TRN-12001,SEC-ST-BRC,2026-03-08T09:15:00,2026-03-08T09:54:00,DOWN
MOV-000018,TRN-12001,SEC-CNB-PRYJ,2026-03-08T10:19:00,2026-03-08T10:46:00,DOWN
MOV-000019,TRN-12001,SEC-MAS-RU,2026-03-09T06:45:00,2026-03-09T07:15:00,DOWN
MOV-000020,TRN-12001,SEC-CNB-PRYJ,2026-03-10T15:45:00,2026-03-10T16:36:00,DOWN
MOV-000021,TRN-12001,SEC-MAS-RU,2026-03-11T08:30:00,2026-03-11T09:21:00,DOWN
MOV-000022,TRN-12001,SEC-PRYJ-DDU,2026-03-12T10:00:00,2026-03-12T10:53:00,DOWN
MOV-000023,TRN-12001,SEC-HWH-KGP,2026-03-12T11:18:00,2026-03-12T12:04:00,DOWN
MOV-000024,TRN-12001,SEC-HWH-KGP,2026-03-13T06:00:00,2026-03-13T06:53:00,DOWN
MOV-000025,TRN-12001,SEC-GZB-CNB,2026-03-13T07:16:00,2026-03-13T07:44:00,DOWN
MOV-000026,TRN-12001,SEC-BCT-ST,2026-03-14T11:15:00,2026-03-14T11:43:00,DOWN
MOV-000027,TRN-12002,SEC-NDLS-GZB,2026-03-01T16:45:00,2026-03-01T17:24:00,UP
MOV-000028,TRN-12002,SEC-PRYJ-DDU,2026-03-01T17:47:00,2026-03-01T18:16:00,UP
MOV-000029,TRN-12002,SEC-ST-BRC,2026-03-02T12:00:00,2026-03-02T12:53:00,UP
MOV-000030,TRN-12002,SEC-ST-BRC,2026-03-03T07:45:00,2026-03-03T08:12:00,UP
MOV-000031,TRN-12002,SEC-GZB-CNB,2026-03-03T08:34:00,2026-03-03T09:05:00,UP
MOV-000032,TRN-12002,SEC-ST-BRC,2026-03-04T05:30:00,2026-03-04T06:09:00,UP
MOV-000033,TRN-12002,SEC-BCT-ST,2026-03-05T16:15:00,2026-03-05T16:53:00,UP
MOV-000034,TRN-12002,SEC-NDLS-GZB,2026-03-06T14:00:00,2026-03-06T14:36:00,UP
MOV-000035,TRN-12002,SEC-GZB-CNB,2026-03-07T06:15:00,2026-03-07T06:54:00,UP
MOV-000036,TRN-12002,SEC-BRC-ADI,2026-03-08T21:15:00,2026-03-08T21:42:00,UP
MOV-000037,TRN-12002,SEC-BCT-ST,2026-03-08T22:08:00,2026-03-08T22:42:00,UP
MOV-000038,TRN-12002,SEC-MAS-RU,2026-03-08T22:52:00,2026-03-08T23:24:00,UP
MOV-000039,TRN-12002,SEC-MAS-RU,2026-03-09T05:30:00,2026-03-09T06:08:00,UP
MOV-000040,TRN-12002,SEC-ST-BRC,2026-03-10T10:00:00,2026-03-10T10:46:00,UP
MOV-000041,TRN-12002,SEC-PRYJ-DDU,2026-03-11T11:45:00,2026-03-11T12:15:00,UP
MOV-000042,TRN-12002,SEC-HWH-KGP,2026-03-11T12:26:00,2026-03-11T13:05:00,UP
MOV-000043,TRN-12002,SEC-CNB-PRYJ,2026-03-11T13:30:00,2026-03-11T13:59:00,UP
MOV-000044,TRN-12002,SEC-CNB-PRYJ,2026-03-12T07:00:00,2026-03-12T07:30:00,UP
MOV-000045,TRN-12002,SEC-HWH-KGP,2026-03-12T07:43:00,2026-03-12T08:35:00,UP
MOV-000046,TRN-12002,SEC-CNB-PRYJ,2026-03-13T05:15:00,2026-03-13T05:47:00,UP
MOV-000047,TRN-12002,SEC-BCT-ST,2026-03-13T06:13:00,2026-03-13T06:51:00,UP
MOV-000048,TRN-12002,SEC-GZB-CNB,2026-03-14T06:15:00,2026-03-14T06:49:00,UP
MOV-000049,TRN-12002,SEC-HWH-KGP,2026-03-14T07:07:00,2026-03-14T07:59:00,UP
MOV-000050,TRN-12002,SEC-BRC-ADI,2026-03-14T08:23:00,2026-03-14T09:11:00,UP
MOV-000051,TRN-12003,SEC-BCT-ST,2026-03-01T21:30:00,2026-03-01T22:22:00,DOWN
MOV-000052,TRN-12003,SEC-DDU-PNBE,2026-03-01T22:39:00,2026-03-01T23:19:00,DOWN
MOV-000053,TRN-12003,SEC-GZB-CNB,2026-03-02T11:45:00,2026-03-02T12:13:00,DOWN
MOV-000054,TRN-12003,SEC-BCT-ST,2026-03-02T12:24:00,2026-03-02T13:00:00,DOWN
MOV-000055,TRN-12003,SEC-DDU-PNBE,2026-03-03T10:45:00,2026-03-03T11:23:00,DOWN
MOV-000056,TRN-12003,SEC-PRYJ-DDU,2026-03-03T11:43:00,2026-03-03T12:30:00,DOWN
MOV-000057,TRN-12003,SEC-NDLS-GZB,2026-03-03T12:53:00,2026-03-03T13:22:00,DOWN
MOV-000058,TRN-12003,SEC-DDU-PNBE,2026-03-04T20:45:00,2026-03-04T21:17:00,DOWN
MOV-000059,TRN-12003,SEC-CNB-PRYJ,2026-03-04T21:33:00,2026-03-04T22:05:00,DOWN
MOV-000060,TRN-12003,SEC-MAS-RU,2026-03-05T11:00:00,2026-03-05T11:41:00,DOWN
MOV-000061,TRN-12003,SEC-PRYJ-DDU,2026-03-05T12:00:00,2026-03-05T12:38:00,DOWN
MOV-000062,TRN-12003,SEC-GZB-CNB,2026-03-05T13:01:00,2026-03-05T13:50:00,DOWN
MOV-000063,TRN-12003,SEC-PRYJ-DDU,2026-03-06T19:00:00,2026-03-06T19:53:00,DOWN
MOV-000064,TRN-12003,SEC-PRYJ-DDU,2026-03-07T11:15:00,2026-03-07T11:44:00,DOWN
MOV-000065,TRN-12003,SEC-MAS-RU,2026-03-07T12:02:00,2026-03-07T12:44:00,DOWN
MOV-000066,TRN-12003,SEC-BRC-ADI,2026-03-07T12:58:00,2026-03-07T13:26:00,DOWN
MOV-000067,TRN-12003,SEC-BRC-ADI,2026-03-08T18:30:00,2026-03-08T19:15:00,DOWN
MOV-000068,TRN-12003,SEC-BRC-ADI,2026-03-09T20:45:00,2026-03-09T21:21:00,DOWN
MOV-000069,TRN-12003,SEC-GZB-CNB,2026-03-10T16:30:00,2026-03-10T16:55:00,DOWN
MOV-000070,TRN-12003,SEC-MAS-RU,2026-03-10T17:21:00,2026-03-10T17:58:00,DOWN
MOV-000071,TRN-12003,SEC-NDLS-GZB,2026-03-11T16:15:00,2026-03-11T16:53:00,DOWN
MOV-000072,TRN-12003,SEC-GZB-CNB,2026-03-11T17:06:00,2026-03-11T17:42:00,DOWN
MOV-000073,TRN-12003,SEC-NDLS-GZB,2026-03-12T09:15:00,2026-03-12T10:07:00,DOWN
MOV-000074,TRN-12003,SEC-DDU-PNBE,2026-03-12T10:22:00,2026-03-12T11:03:00,DOWN
MOV-000075,TRN-12003,SEC-CNB-PRYJ,2026-03-12T11:13:00,2026-03-12T11:56:00,DOWN
MOV-000076,TRN-12003,SEC-DDU-PNBE,2026-03-13T06:30:00,2026-03-13T06:58:00,DOWN
MOV-000077,TRN-12003,SEC-GZB-CNB,2026-03-14T18:30:00,2026-03-14T19:04:00,DOWN
MOV-000078,TRN-12003,SEC-HWH-KGP,2026-03-14T19:18:00,2026-03-14T20:00:00,DOWN
MOV-000079,TRN-12003,SEC-PRYJ-DDU,2026-03-14T20:12:00,2026-03-14T20:55:00,DOWN
MOV-000080,TRN-12004,SEC-BCT-ST,2026-03-01T22:15:00,2026-03-01T22:59:00,UP
MOV-000081,TRN-12004,SEC-PRYJ-DDU,2026-03-02T03:15:00,2026-03-02T04:07:00,UP
MOV-000082,TRN-12004,SEC-ST-BRC,2026-03-03T00:45:00,2026-03-03T01:25:00,UP
MOV-000083,TRN-12004,SEC-NDLS-GZB,2026-03-03T01:41:00,2026-03-03T02:15:00,UP
MOV-000084,TRN-12004,SEC-BCT-ST,2026-03-03T02:37:00,2026-03-03T03:26:00,UP
MOV-000085,TRN-12004,SEC-BRC-ADI,2026-03-04T22:30:00,2026-03-04T23:03:00,UP
MOV-000086,TRN-12004,SEC-PRYJ-DDU,2026-03-04T23:30:00,2026-03-05T00:12:00,UP
MOV-000087,TRN-12004,SEC-BCT-ST,2026-03-05T23:45:00,2026-03-06T00:24:00,UP
MOV-000088,TRN-12004,SEC-HWH-KGP,2026-03-06T23:30:00,2026-03-07T00:24:00,UP
MOV-000089,TRN-12004,SEC-DDU-PNBE,2026-03-07T00:46:00,2026-03-07T01:15:00,UP
MOV-000090,TRN-12004,SEC-BRC-ADI,2026-03-07T01:25:00,2026-03-07T02:05:00,UP
MOV-000091,TRN-12004,SEC-DDU-PNBE,2026-03-07T02:30:00,2026-03-07T03:13:00,UP
MOV-000092,TRN-12004,SEC-MAS-RU,2026-03-07T03:24:00,2026-03-07T04:01:00,UP
MOV-000093,TRN-12004,SEC-ST-BRC,2026-03-07T04:13:00,2026-03-07T04:53:00,UP
MOV-000094,TRN-12004,SEC-GZB-CNB,2026-03-08T03:15:00,2026-03-08T03:55:00,UP
MOV-000095,TRN-12004,SEC-ST-BRC,2026-03-09T23:45:00,2026-03-10T00:25:00,UP
MOV-000096,TRN-12004,SEC-GZB-CNB,2026-03-10T00:50:00,2026-03-10T01:16:00,UP
MOV-000097,TRN-12004,SEC-BRC-ADI,2026-03-10T01:27:00,2026-03-10T02:03:00,UP
MOV-000098,TRN-12004,SEC-NDLS-GZB,2026-03-10T02:15:00,2026-03-10T02:40:00,UP
MOV-000099,TRN-12004,SEC-NDLS-GZB,2026-03-11T22:45:00,2026-03-11T23:17:00,UP
MOV-000100,TRN-12004,SEC-DDU-PNBE,2026-03-11T23:36:00,2026-03-12T00:17:00,UP
MOV-000101,TRN-12004,SEC-BCT-ST,2026-03-12T02:15:00,2026-03-12T02:40:00,UP
MOV-000102,TRN-12004,SEC-ST-BRC,2026-03-12T02:58:00,2026-03-12T03:50:00,UP
MOV-000103,TRN-12004,SEC-CNB-PRYJ,2026-03-13T00:30:00,2026-03-13T01:10:00,UP
MOV-000104,TRN-12004,SEC-HWH-KGP,2026-03-13T01:32:00,2026-03-13T02:05:00,UP
MOV-000105,TRN-12004,SEC-ST-BRC,2026-03-14T23:15:00,2026-03-14T23:47:00,UP
MOV-000106,TRN-12004,SEC-GZB-CNB,2026-03-15T00:11:00,2026-03-15T00:36:00,UP
MOV-000107,TRN-12005,SEC-HWH-KGP,2026-03-01T11:30:00,2026-03-01T12:16:00,DOWN
MOV-000108,TRN-12005,SEC-BRC-ADI,2026-03-01T12:32:00,2026-03-01T13:26:00,DOWN
MOV-000109,TRN-12005,SEC-GZB-CNB,2026-03-02T10:30:00,2026-03-02T11:24:00,DOWN
MOV-000110,TRN-12005,SEC-PRYJ-DDU,2026-03-02T11:52:00,2026-03-02T12:36:00,DOWN
MOV-000111,TRN-12005,SEC-BCT-ST,2026-03-02T12:59:00,2026-03-02T13:50:00,DOWN
MOV-000112,TRN-12005,SEC-MAS-RU,2026-03-03T17:45:00,2026-03-03T18:30:00,DOWN
MOV-000113,TRN-12005,SEC-ST-BRC,2026-03-04T13:15:00,2026-03-04T13:44:00,DOWN
MOV-000114,TRN-12005,SEC-MAS-RU,2026-03-04T13:57:00,2026-03-04T14:24:00,DOWN
MOV-000115,TRN-12005,SEC-BRC-ADI,2026-03-04T14:52:00,2026-03-04T15:31:00,DOWN
MOV-000116,TRN-12005,SEC-BRC-ADI,2026-03-05T06:15:00,2026-03-05T06:48:00,DOWN
MOV-000117,TRN-12005,SEC-DDU-PNBE,2026-03-05T07:17:00,2026-03-05T07:57:00,DOWN
MOV-000118,TRN-12005,SEC-ST-BRC,2026-03-05T08:25:00,2026-03-05T08:53:00,DOWN
MOV-000119,TRN-12005,SEC-MAS-RU,2026-03-06T20:30:00,2026-03-06T20:58:00,DOWN
MOV-000120,TRN-12005,SEC-HWH-KGP,2026-03-07T08:00:00,2026-03-07T08:47:00,DOWN
MOV-000121,TRN-12005,SEC-ST-BRC,2026-03-07T09:15:00,2026-03-07T10:02:00,DOWN
MOV-000122,TRN-12005,SEC-NDLS-GZB,2026-03-07T10:16:00,2026-03-07T10:46:00,DOWN
MOV-000123,TRN-12005,SEC-ST-BRC,2026-03-08T06:30:00,2026-03-08T07:15:00,DOWN
MOV-000124,TRN-12005,SEC-CNB-PRYJ,2026-03-08T07:29:00,2026-03-08T08:04:00,DOWN
MOV-000125,TRN-12005,SEC-BCT-ST,2026-03-09T12:15:00,2026-03-09T12:57:00,DOWN
MOV-000126,TRN-12005,SEC-NDLS-GZB,2026-03-10T08:00:00,2026-03-10T08:45:00,DOWN
MOV-000127,TRN-12005,SEC-CNB-PRYJ,2026-03-10T09:04:00,2026-03-10T09:34:00,DOWN
MOV-000128,TRN-12005,SEC-GZB-CNB,2026-03-10T09:50:00,2026-03-10T10:15:00,DOWN
MOV-000129,TRN-12005,SEC-MAS-RU,2026-03-11T10:15:00,2026-03-11T10:46:00,DOWN
MOV-000130,TRN-12005,SEC-BRC-ADI,2026-03-12T19:30:00,2026-03-12T20:11:00,DOWN
MOV-000131,TRN-12005,SEC-GZB-CNB,2026-03-12T20:29:00,2026-03-12T21:01:00,DOWN
MOV-000132,TRN-12005,SEC-DDU-PNBE,2026-03-13T21:30:00,2026-03-13T22:16:00,DOWN
MOV-000133,TRN-12005,SEC-BCT-ST,2026-03-14T18:30:00,2026-03-14T19:00:00,DOWN
MOV-000134,TRN-12006,SEC-BCT-ST,2026-03-01T02:15:00,2026-03-01T03:03:00,UP
MOV-000135,TRN-12006,SEC-ST-BRC,2026-03-01T03:32:00,2026-03-01T04:21:00,UP
MOV-000136,TRN-12006,SEC-BRC-ADI,2026-03-02T02:15:00,2026-03-02T02:47:00,UP
MOV-000137,TRN-12006,SEC-DDU-PNBE,2026-03-02T03:06:00,2026-03-02T03:56:00,UP
MOV-000138,TRN-12006,SEC-ST-BRC,2026-03-03T00:45:00,2026-03-03T01:34:00,UP
MOV-000139,TRN-12006,SEC-GZB-CNB,2026-03-04T02:15:00,2026-03-04T02:45:00,UP
MOV-000140,TRN-12006,SEC-MAS-RU,2026-03-05T03:00:00,2026-03-05T03:38:00,UP
MOV-000141,TRN-12006,SEC-NDLS-GZB,2026-03-05T03:58:00,2026-03-05T04:51:00,UP
MOV-000142,TRN-12006,SEC-BCT-ST,2026-03-05T05:19:00,2026-03-05T05:52:00,UP
MOV-000143,TRN-12006,SEC-PRYJ-DDU,2026-03-06T23:30:00,2026-03-07T00:15:00,UP
MOV-000144,TRN-12006,SEC-CNB-PRYJ,2026-03-07T00:39:00,2026-03-07T01:19:00,UP
MOV-000145,TRN-12006,SEC-BCT-ST,2026-03-07T01:35:00,2026-03-07T02:12:00,UP
MOV-000146,TRN-12006,SEC-ST-BRC,2026-03-07T22:30:00,2026-03-07T23:09:00,UP
MOV-000147,TRN-12006,SEC-NDLS-GZB,2026-03-07T23:21:00,2026-03-08T00:10:00,UP
MOV-000148,TRN-12006,SEC-BCT-ST,2026-03-08T00:34:00,2026-03-08T01:24:00,UP
MOV-000149,TRN-12006,SEC-BCT-ST,2026-03-08T01:45:00,2026-03-08T02:22:00,UP
MOV-000150,TRN-12006,SEC-BCT-ST,2026-03-09T23:45:00,2026-03-10T00:31:00,UP
MOV-000151,TRN-12006,SEC-GZB-CNB,2026-03-10T00:45:00,2026-03-10T01:13:00,UP
MOV-000152,TRN-12006,SEC-ST-BRC,2026-03-10T01:23:00,2026-03-10T02:14:00,UP
MOV-000153,TRN-12006,SEC-BRC-ADI,2026-03-11T00:45:00,2026-03-11T01:28:00,UP
MOV-000154,TRN-12006,SEC-GZB-CNB,2026-03-11T01:41:00,2026-03-11T02:08:00,UP
MOV-000155,TRN-12006,SEC-BCT-ST,2026-03-11T02:23:00,2026-03-11T02:49:00,UP
MOV-000156,TRN-12006,SEC-MAS-RU,2026-03-12T00:45:00,2026-03-12T01:22:00,UP
MOV-000157,TRN-12006,SEC-DDU-PNBE,2026-03-12T01:36:00,2026-03-12T02:14:00,UP
MOV-000158,TRN-12006,SEC-CNB-PRYJ,2026-03-13T03:45:00,2026-03-13T04:24:00,UP
MOV-000159,TRN-12006,SEC-ST-BRC,2026-03-13T04:39:00,2026-03-13T05:25:00,UP
MOV-000160,TRN-12006,SEC-NDLS-GZB,2026-03-14T23:15:00,2026-03-14T23:43:00,UP
MOV-000161,TRN-12006,SEC-ST-BRC,2026-03-15T00:00:00,2026-03-15T00:41:00,UP
MOV-000162,TRN-12007,SEC-NDLS-GZB,2026-03-01T02:00:00,2026-03-01T02:48:00,DOWN
MOV-000163,TRN-12007,SEC-BCT-ST,2026-03-01T03:02:00,2026-03-01T03:34:00,DOWN
MOV-000164,TRN-12007,SEC-DDU-PNBE,2026-03-02T22:15:00,2026-03-02T22:58:00,DOWN
MOV-000165,TRN-12007,SEC-NDLS-GZB,2026-03-03T23:45:00,2026-03-04T00:34:00,DOWN
MOV-000166,TRN-12007,SEC-HWH-KGP,2026-03-04T01:02:00,2026-03-04T01:43:00,DOWN
MOV-000167,TRN-12007,SEC-BRC-ADI,2026-03-04T01:53:00,2026-03-04T02:36:00,DOWN
MOV-000168,TRN-12007,SEC-MAS-RU,2026-03-04T00:45:00,2026-03-04T01:26:00,DOWN
MOV-000169,TRN-12007,SEC-PRYJ-DDU,2026-03-05T00:00:00,2026-03-05T00:28:00,DOWN
MOV-000170,TRN-12007,SEC-BRC-ADI,2026-03-05T00:50:00,2026-03-05T01:43:00,DOWN
MOV-000171,TRN-12007,SEC-CNB-PRYJ,2026-03-05T01:59:00,2026-03-05T02:26:00,DOWN
MOV-000172,TRN-12007,SEC-CNB-PRYJ,2026-03-06T02:00:00,2026-03-06T02:25:00,DOWN
MOV-000173,TRN-12007,SEC-NDLS-GZB,2026-03-06T02:50:00,2026-03-06T03:30:00,DOWN
MOV-000174,TRN-12007,SEC-BCT-ST,2026-03-06T03:51:00,2026-03-06T04:40:00,DOWN
MOV-000175,TRN-12007,SEC-ST-BRC,2026-03-07T00:00:00,2026-03-07T00:42:00,DOWN
MOV-000176,TRN-12007,SEC-MAS-RU,2026-03-08T01:30:00,2026-03-08T02:21:00,DOWN
MOV-000177,TRN-12007,SEC-CNB-PRYJ,2026-03-08T02:45:00,2026-03-08T03:25:00,DOWN
MOV-000178,TRN-12007,SEC-HWH-KGP,2026-03-08T03:43:00,2026-03-08T04:32:00,DOWN
MOV-000179,TRN-12007,SEC-ST-BRC,2026-03-09T01:45:00,2026-03-09T02:29:00,DOWN
MOV-000180,TRN-12007,SEC-GZB-CNB,2026-03-10T00:15:00,2026-03-10T00:49:00,DOWN
MOV-000181,TRN-12007,SEC-ST-BRC,2026-03-10T01:12:00,2026-03-10T01:51:00,DOWN
MOV-000182,TRN-12007,SEC-MAS-RU,2026-03-10T02:13:00,2026-03-10T03:00:00,DOWN
MOV-000183,TRN-12007,SEC-MAS-RU,2026-03-11T01:45:00,2026-03-11T02:39:00,DOWN
MOV-000184,TRN-12007,SEC-ST-BRC,2026-03-11T03:08:00,2026-03-11T03:55:00,DOWN
MOV-000185,TRN-12007,SEC-BCT-ST,2026-03-12T00:15:00,2026-03-12T00:44:00,DOWN
MOV-000186,TRN-12007,SEC-BRC-ADI,2026-03-12T01:08:00,2026-03-12T01:45:00,DOWN
MOV-000187,TRN-12007,SEC-DDU-PNBE,2026-03-13T01:45:00,2026-03-13T02:25:00,DOWN
MOV-000188,TRN-12007,SEC-HWH-KGP,2026-03-14T00:45:00,2026-03-14T01:31:00,DOWN
MOV-000189,TRN-12007,SEC-GZB-CNB,2026-03-14T01:55:00,2026-03-14T02:25:00,DOWN
MOV-000190,TRN-12008,SEC-PRYJ-DDU,2026-03-01T18:45:00,2026-03-01T19:16:00,UP
MOV-000191,TRN-12008,SEC-ST-BRC,2026-03-01T19:30:00,2026-03-01T20:09:00,UP
MOV-000192,TRN-12008,SEC-BCT-ST,2026-03-02T18:30:00,2026-03-02T19:16:00,UP
MOV-000193,TRN-12008,SEC-CNB-PRYJ,2026-03-02T19:28:00,2026-03-02T20:10:00,UP
MOV-000194,TRN-12008,SEC-DDU-PNBE,2026-03-02T20:30:00,2026-03-02T21:01:00,UP
MOV-000195,TRN-12008,SEC-ST-BRC,2026-03-03T17:15:00,2026-03-03T17:50:00,UP
MOV-000196,TRN-12008,SEC-CNB-PRYJ,2026-03-03T18:10:00,2026-03-03T18:48:00,UP
MOV-000197,TRN-12008,SEC-CNB-PRYJ,2026-03-04T07:15:00,2026-03-04T08:03:00,UP
MOV-000198,TRN-12008,SEC-GZB-CNB,2026-03-04T08:28:00,2026-03-04T09:15:00,UP
MOV-000199,TRN-12008,SEC-MAS-RU,2026-03-04T09:35:00,2026-03-04T10:00:00,UP
MOV-000200,TRN-12008,SEC-MAS-RU,2026-03-05T07:45:00,2026-03-05T08:37:00,UP
MOV-000201,TRN-12008,SEC-BCT-ST,2026-03-05T08:56:00,2026-03-05T09:32:00,UP
MOV-000202,TRN-12008,SEC-DDU-PNBE,2026-03-06T18:45:00,2026-03-06T19:21:00,UP
MOV-000203,TRN-12008,SEC-ST-BRC,2026-03-07T06:30:00,2026-03-07T07:18:00,UP
MOV-000204,TRN-12008,SEC-MAS-RU,2026-03-07T07:47:00,2026-03-07T08:28:00,UP
MOV-000205,TRN-12008,SEC-GZB-CNB,2026-03-07T08:56:00,2026-03-07T09:21:00,UP
MOV-000206,TRN-12008,SEC-CNB-PRYJ,2026-03-08T06:30:00,2026-03-08T07:00:00,UP
MOV-000207,TRN-12008,SEC-PRYJ-DDU,2026-03-08T07:20:00,2026-03-08T08:03:00,UP
MOV-000208,TRN-12008,SEC-CNB-PRYJ,2026-03-09T07:15:00,2026-03-09T07:45:00,UP
MOV-000209,TRN-12008,SEC-PRYJ-DDU,2026-03-09T08:06:00,2026-03-09T08:35:00,UP
MOV-000210,TRN-12008,SEC-HWH-KGP,2026-03-10T07:15:00,2026-03-10T07:49:00,UP
MOV-000211,TRN-12008,SEC-BRC-ADI,2026-03-11T18:45:00,2026-03-11T19:27:00,UP
MOV-000212,TRN-12008,SEC-NDLS-GZB,2026-03-11T19:53:00,2026-03-11T20:42:00,UP
MOV-000213,TRN-12008,SEC-PRYJ-DDU,2026-03-11T20:59:00,2026-03-11T21:31:00,UP
MOV-000214,TRN-12008,SEC-DDU-PNBE,2026-03-12T07:15:00,2026-03-12T07:41:00,UP
MOV-000215,TRN-12008,SEC-HWH-KGP,2026-03-13T07:00:00,2026-03-13T07:38:00,UP
MOV-000216,TRN-12008,SEC-MAS-RU,2026-03-13T08:01:00,2026-03-13T08:37:00,UP
MOV-000217,TRN-12008,SEC-BCT-ST,2026-03-13T08:56:00,2026-03-13T09:35:00,UP
MOV-000218,TRN-12008,SEC-GZB-CNB,2026-03-14T16:30:00,2026-03-14T17:20:00,UP
MOV-000219,TRN-12009,SEC-BCT-ST,2026-03-01T21:45:00,2026-03-01T22:20:00,DOWN
MOV-000220,TRN-12009,SEC-CNB-PRYJ,2026-03-01T22:43:00,2026-03-01T23:12:00,DOWN
MOV-000221,TRN-12009,SEC-BRC-ADI,2026-03-02T14:15:00,2026-03-02T15:04:00,DOWN
MOV-000222,TRN-12009,SEC-HWH-KGP,2026-03-03T12:30:00,2026-03-03T13:24:00,DOWN
MOV-000223,TRN-12009,SEC-PRYJ-DDU,2026-03-03T13:47:00,2026-03-03T14:17:00,DOWN
MOV-000224,TRN-12009,SEC-PRYJ-DDU,2026-03-04T07:30:00,2026-03-04T08:14:00,DOWN
MOV-000225,TRN-12009,SEC-NDLS-GZB,2026-03-05T21:45:00,2026-03-05T22:37:00,DOWN
MOV-000226,TRN-12009,SEC-NDLS-GZB,2026-03-06T09:00:00,2026-03-06T09:39:00,DOWN
MOV-000227,TRN-12009,SEC-HWH-KGP,2026-03-06T09:51:00,2026-03-06T10:35:00,DOWN
MOV-000228,TRN-12009,SEC-ST-BRC,2026-03-07T14:45:00,2026-03-07T15:34:00,DOWN
MOV-000229,TRN-12009,SEC-BRC-ADI,2026-03-08T21:15:00,2026-03-08T22:03:00,DOWN
MOV-000230,TRN-12009,SEC-ST-BRC,2026-03-08T22:27:00,2026-03-08T22:59:00,DOWN
MOV-000231,TRN-12009,SEC-PRYJ-DDU,2026-03-09T19:30:00,2026-03-09T20:18:00,DOWN
MOV-000232,TRN-12009,SEC-BRC-ADI,2026-03-10T06:45:00,2026-03-10T07:26:00,DOWN
MOV-000233,TRN-12009,SEC-MAS-RU,2026-03-11T13:45:00,2026-03-11T14:18:00,DOWN
MOV-000234,TRN-12009,SEC-BRC-ADI,2026-03-11T14:28:00,2026-03-11T15:03:00,DOWN
MOV-000235,TRN-12009,SEC-GZB-CNB,2026-03-11T15:32:00,2026-03-11T16:11:00,DOWN
MOV-000236,TRN-12009,SEC-DDU-PNBE,2026-03-12T13:00:00,2026-03-12T13:38:00,DOWN
MOV-000237,TRN-12009,SEC-ST-BRC,2026-03-12T14:03:00,2026-03-12T14:46:00,DOWN
MOV-000238,TRN-12009,SEC-NDLS-GZB,2026-03-12T15:11:00,2026-03-12T15:49:00,DOWN
MOV-000239,TRN-12009,SEC-BRC-ADI,2026-03-13T07:15:00,2026-03-13T07:45:00,DOWN
MOV-000240,TRN-12009,SEC-DDU-PNBE,2026-03-13T08:02:00,2026-03-13T08:49:00,DOWN
MOV-000241,TRN-12009,SEC-BRC-ADI,2026-03-14T10:45:00,2026-03-14T11:36:00,DOWN
MOV-000242,TRN-12009,SEC-BCT-ST,2026-03-14T12:05:00,2026-03-14T12:33:00,DOWN
MOV-000243,TRN-12010,SEC-BRC-ADI,2026-03-01T06:30:00,2026-03-01T07:17:00,UP
MOV-000244,TRN-12010,SEC-CNB-PRYJ,2026-03-01T07:46:00,2026-03-01T08:18:00,UP
MOV-000245,TRN-12010,SEC-MAS-RU,2026-03-02T06:30:00,2026-03-02T07:20:00,UP
MOV-000246,TRN-12010,SEC-BRC-ADI,2026-03-02T07:38:00,2026-03-02T08:25:00,UP
MOV-000247,TRN-12010,SEC-MAS-RU,2026-03-03T14:00:00,2026-03-03T14:41:00,UP
MOV-000248,TRN-12010,SEC-ST-BRC,2026-03-03T15:04:00,2026-03-03T15:52:00,UP
MOV-000249,TRN-12010,SEC-BRC-ADI,2026-03-03T16:14:00,2026-03-03T16:48:00,UP
MOV-000250,TRN-12010,SEC-BCT-ST,2026-03-04T16:45:00,2026-03-04T17:12:00,UP
MOV-000251,TRN-12010,SEC-DDU-PNBE,2026-03-04T17:22:00,2026-03-04T18:06:00,UP
MOV-000252,TRN-12010,SEC-GZB-CNB,2026-03-05T19:30:00,2026-03-05T20:05:00,UP
MOV-000253,TRN-12010,SEC-DDU-PNBE,2026-03-06T05:00:00,2026-03-06T05:54:00,UP
MOV-000254,TRN-12010,SEC-DDU-PNBE,2026-03-07T13:00:00,2026-03-07T13:54:00,UP
MOV-000255,TRN-12010,SEC-CNB-PRYJ,2026-03-07T14:08:00,2026-03-07T14:40:00,UP
MOV-000256,TRN-12010,SEC-CNB-PRYJ,2026-03-08T17:15:00,2026-03-08T17:42:00,UP
MOV-000257,TRN-12010,SEC-DDU-PNBE,2026-03-09T16:00:00,2026-03-09T16:45:00,UP
MOV-000258,TRN-12010,SEC-MAS-RU,2026-03-10T09:00:00,2026-03-10T09:25:00,UP
MOV-000259,TRN-12010,SEC-ST-BRC,2026-03-10T09:42:00,2026-03-10T10:28:00,UP
MOV-000260,TRN-12010,SEC-BCT-ST,2026-03-10T10:50:00,2026-03-10T11:44:00,UP
MOV-000261,TRN-12010,SEC-MAS-RU,2026-03-11T09:00:00,2026-03-11T09:49:00,UP
MOV-000262,TRN-12010,SEC-BRC-ADI,2026-03-12T07:30:00,2026-03-12T07:56:00,UP
MOV-000263,TRN-12010,SEC-MAS-RU,2026-03-12T08:18:00,2026-03-12T08:59:00,UP
MOV-000264,TRN-12010,SEC-NDLS-GZB,2026-03-13T14:30:00,2026-03-13T15:21:00,UP
MOV-000265,TRN-12010,SEC-PRYJ-DDU,2026-03-14T07:30:00,2026-03-14T08:00:00,UP
MOV-000266,TRN-12010,SEC-MAS-RU,2026-03-14T08:16:00,2026-03-14T09:05:00,UP
MOV-000267,TRN-12011,SEC-ST-BRC,2026-03-01T06:30:00,2026-03-01T07:15:00,DOWN
MOV-000268,TRN-12011,SEC-BCT-ST,2026-03-02T18:45:00,2026-03-02T19:33:00,DOWN
MOV-000269,TRN-12011,SEC-MAS-RU,2026-03-02T19:44:00,2026-03-02T20:24:00,DOWN
MOV-000270,TRN-12011,SEC-ST-BRC,2026-03-02T20:42:00,2026-03-02T21:34:00,DOWN
MOV-000271,TRN-12011,SEC-ST-BRC,2026-03-03T15:00:00,2026-03-03T15:46:00,DOWN
MOV-000272,TRN-12011,SEC-MAS-RU,2026-03-03T15:56:00,2026-03-03T16:27:00,DOWN
MOV-000273,TRN-12011,SEC-CNB-PRYJ,2026-03-03T16:45:00,2026-03-03T17:16:00,DOWN
MOV-000274,TRN-12011,SEC-GZB-CNB,2026-03-04T21:45:00,2026-03-04T22:19:00,DOWN
MOV-000275,TRN-12011,SEC-HWH-KGP,2026-03-04T22:29:00,2026-03-04T23:05:00,DOWN
MOV-000276,TRN-12011,SEC-PRYJ-DDU,2026-03-05T15:15:00,2026-03-05T16:00:00,DOWN
MOV-000277,TRN-12011,SEC-BCT-ST,2026-03-05T16:24:00,2026-03-05T16:58:00,DOWN
MOV-000278,TRN-12011,SEC-MAS-RU,2026-03-05T17:26:00,2026-03-05T18:16:00,DOWN
MOV-000279,TRN-12011,SEC-GZB-CNB,2026-03-06T08:30:00,2026-03-06T09:24:00,DOWN
MOV-000280,TRN-12011,SEC-NDLS-GZB,2026-03-07T19:15:00,2026-03-07T20:00:00,DOWN
MOV-000281,TRN-12011,SEC-BCT-ST,2026-03-08T12:45:00,2026-03-08T13:18:00,DOWN
MOV-000282,TRN-12011,SEC-BCT-ST,2026-03-09T07:15:00,2026-03-09T07:55:00,DOWN
MOV-000283,TRN-12011,SEC-DDU-PNBE,2026-03-09T08:10:00,2026-03-09T08:41:00,DOWN
MOV-000284,TRN-12011,SEC-MAS-RU,2026-03-10T20:45:00,2026-03-10T21:13:00,DOWN
MOV-000285,TRN-12011,SEC-HWH-KGP,2026-03-10T21:35:00,2026-03-10T22:18:00,DOWN
MOV-000286,TRN-12011,SEC-DDU-PNBE,2026-03-11T19:45:00,2026-03-11T20:15:00,DOWN
MOV-000287,TRN-12011,SEC-GZB-CNB,2026-03-12T09:15:00,2026-03-12T09:53:00,DOWN
MOV-000288,TRN-12011,SEC-BRC-ADI,2026-03-13T10:30:00,2026-03-13T11:14:00,DOWN
MOV-000289,TRN-12011,SEC-ST-BRC,2026-03-14T05:45:00,2026-03-14T06:15:00,DOWN
MOV-000290,TRN-12011,SEC-NDLS-GZB,2026-03-14T06:44:00,2026-03-14T07:15:00,DOWN
MOV-000291,TRN-12012,SEC-NDLS-GZB,2026-03-01T07:00:00,2026-03-01T07:33:00,UP
MOV-000292,TRN-12012,SEC-PRYJ-DDU,2026-03-01T07:54:00,2026-03-01T08:48:00,UP
MOV-000293,TRN-12012,SEC-BRC-ADI,2026-03-02T18:00:00,2026-03-02T18:34:00,UP
MOV-000294,TRN-12012,SEC-HWH-KGP,2026-03-03T08:00:00,2026-03-03T08:28:00,UP
MOV-000295,TRN-12012,SEC-BRC-ADI,2026-03-03T08:51:00,2026-03-03T09:28:00,UP
MOV-000296,TRN-12012,SEC-DDU-PNBE,2026-03-03T09:53:00,2026-03-03T10:44:00,UP
MOV-000297,TRN-12012,SEC-HWH-KGP,2026-03-04T18:00:00,2026-03-04T18:42:00,UP
MOV-000298,TRN-12012,SEC-DDU-PNBE,2026-03-05T06:15:00,2026-03-05T06:42:00,UP
MOV-000299,TRN-12012,SEC-ST-BRC,2026-03-05T07:00:00,2026-03-05T07:42:00,UP
MOV-000300,TRN-12012,SEC-MAS-RU,2026-03-05T07:54:00,2026-03-05T08:31:00,UP
MOV-000301,TRN-12012,SEC-PRYJ-DDU,2026-03-06T17:45:00,2026-03-06T18:18:00,UP
MOV-000302,TRN-12012,SEC-MAS-RU,2026-03-06T18:41:00,2026-03-06T19:10:00,UP
MOV-000303,TRN-12012,SEC-MAS-RU,2026-03-07T07:45:00,2026-03-07T08:18:00,UP
MOV-000304,TRN-12012,SEC-NDLS-GZB,2026-03-08T16:30:00,2026-03-08T16:58:00,UP
MOV-000305,TRN-12012,SEC-BRC-ADI,2026-03-09T06:30:00,2026-03-09T07:21:00,UP
MOV-000306,TRN-12012,SEC-PRYJ-DDU,2026-03-10T18:45:00,2026-03-10T19:32:00,UP
MOV-000307,TRN-12012,SEC-PRYJ-DDU,2026-03-11T17:45:00,2026-03-11T18:23:00,UP
MOV-000308,TRN-12012,SEC-NDLS-GZB,2026-03-11T18:41:00,2026-03-11T19:31:00,UP
MOV-000309,TRN-12012,SEC-CNB-PRYJ,2026-03-11T19:56:00,2026-03-11T20:42:00,UP
MOV-000310,TRN-12012,SEC-DDU-PNBE,2026-03-12T08:30:00,2026-03-12T09:16:00,UP
MOV-000311,TRN-12012,SEC-ST-BRC,2026-03-13T18:15:00,2026-03-13T18:52:00,UP
MOV-000312,TRN-12012,SEC-PRYJ-DDU,2026-03-13T19:05:00,2026-03-13T19:44:00,UP
MOV-000313,TRN-12012,SEC-PRYJ-DDU,2026-03-14T16:45:00,2026-03-14T17:20:00,UP
MOV-000314,TRN-12012,SEC-HWH-KGP,2026-03-14T17:47:00,2026-03-14T18:23:00,UP
MOV-000315,TRN-12012,SEC-MAS-RU,2026-03-14T18:38:00,2026-03-14T19:07:00,UP
MOV-000316,TRN-12013,SEC-GZB-CNB,2026-03-01T07:30:00,2026-03-01T08:05:00,DOWN
MOV-000317,TRN-12013,SEC-PRYJ-DDU,2026-03-01T08:24:00,2026-03-01T09:12:00,DOWN
MOV-000318,TRN-12013,SEC-HWH-KGP,2026-03-02T07:15:00,2026-03-02T07:57:00,DOWN
MOV-000319,TRN-12013,SEC-PRYJ-DDU,2026-03-02T08:08:00,2026-03-02T08:38:00,DOWN
MOV-000320,TRN-12013,SEC-BCT-ST,2026-03-03T08:15:00,2026-03-03T08:44:00,DOWN
MOV-000321,TRN-12013,SEC-NDLS-GZB,2026-03-03T09:02:00,2026-03-03T09:40:00,DOWN
MOV-000322,TRN-12013,SEC-HWH-KGP,2026-03-04T16:30:00,2026-03-04T17:13:00,DOWN
MOV-000323,TRN-12013,SEC-MAS-RU,2026-03-05T06:45:00,2026-03-05T07:17:00,DOWN
MOV-000324,TRN-12013,SEC-ST-BRC,2026-03-05T07:28:00,2026-03-05T08:11:00,DOWN
MOV-000325,TRN-12013,SEC-DDU-PNBE,2026-03-06T08:00:00,2026-03-06T08:52:00,DOWN
MOV-000326,TRN-12013,SEC-MAS-RU,2026-03-07T08:30:00,2026-03-07T09:22:00,DOWN
MOV-000327,TRN-12013,SEC-NDLS-GZB,2026-03-08T17:45:00,2026-03-08T18:29:00,DOWN
MOV-000328,TRN-12013,SEC-PRYJ-DDU,2026-03-08T18:50:00,2026-03-08T19:21:00,DOWN
MOV-000329,TRN-12013,SEC-GZB-CNB,2026-03-08T19:31:00,2026-03-08T20:02:00,DOWN
MOV-000330,TRN-12013,SEC-BCT-ST,2026-03-09T17:15:00,2026-03-09T17:42:00,DOWN
MOV-000331,TRN-12013,SEC-ST-BRC,2026-03-10T06:30:00,2026-03-10T07:21:00,DOWN
MOV-000332,TRN-12013,SEC-BCT-ST,2026-03-10T07:49:00,2026-03-10T08:17:00,DOWN
MOV-000333,TRN-12013,SEC-PRYJ-DDU,2026-03-11T07:00:00,2026-03-11T07:39:00,DOWN
MOV-000334,TRN-12013,SEC-NDLS-GZB,2026-03-11T08:05:00,2026-03-11T08:57:00,DOWN
MOV-000335,TRN-12013,SEC-HWH-KGP,2026-03-12T16:15:00,2026-03-12T16:41:00,DOWN
MOV-000336,TRN-12013,SEC-BCT-ST,2026-03-12T17:09:00,2026-03-12T18:01:00,DOWN
MOV-000337,TRN-12013,SEC-DDU-PNBE,2026-03-13T16:45:00,2026-03-13T17:25:00,DOWN
MOV-000338,TRN-12013,SEC-HWH-KGP,2026-03-13T17:38:00,2026-03-13T18:16:00,DOWN
MOV-000339,TRN-12013,SEC-NDLS-GZB,2026-03-14T07:30:00,2026-03-14T08:01:00,DOWN
MOV-000340,TRN-12013,SEC-BCT-ST,2026-03-14T08:21:00,2026-03-14T09:07:00,DOWN
MOV-000341,TRN-12014,SEC-NDLS-GZB,2026-03-01T15:30:00,2026-03-01T16:08:00,UP
MOV-000342,TRN-12014,SEC-DDU-PNBE,2026-03-02T05:45:00,2026-03-02T06:22:00,UP
MOV-000343,TRN-12014,SEC-BRC-ADI,2026-03-03T06:45:00,2026-03-03T07:29:00,UP
MOV-000344,TRN-12014,SEC-CNB-PRYJ,2026-03-04T10:30:00,2026-03-04T11:24:00,UP
MOV-000345,TRN-12014,SEC-BRC-ADI,2026-03-04T11:53:00,2026-03-04T12:44:00,UP
MOV-000346,TRN-12014,SEC-MAS-RU,2026-03-04T12:57:00,2026-03-04T13:31:00,UP
MOV-000347,TRN-12014,SEC-GZB-CNB,2026-03-05T17:15:00,2026-03-05T18:00:00,UP
MOV-000348,TRN-12014,SEC-BRC-ADI,2026-03-06T13:45:00,2026-03-06T14:18:00,UP
MOV-000349,TRN-12014,SEC-CNB-PRYJ,2026-03-07T21:30:00,2026-03-07T22:00:00,UP
MOV-000350,TRN-12014,SEC-ST-BRC,2026-03-08T08:15:00,2026-03-08T09:02:00,UP
MOV-000351,TRN-12014,SEC-MAS-RU,2026-03-08T09:23:00,2026-03-08T10:01:00,UP
MOV-000352,TRN-12014,SEC-PRYJ-DDU,2026-03-09T08:15:00,2026-03-09T08:53:00,UP
MOV-000353,TRN-12014,SEC-BRC-ADI,2026-03-10T18:45:00,2026-03-10T19:23:00,UP
MOV-000354,TRN-12014,SEC-NDLS-GZB,2026-03-10T19:41:00,2026-03-10T20:23:00,UP
MOV-000355,TRN-12014,SEC-PRYJ-DDU,2026-03-10T20:36:00,2026-03-10T21:16:00,UP
MOV-000356,TRN-12014,SEC-PRYJ-DDU,2026-03-11T16:45:00,2026-03-11T17:22:00,UP
MOV-000357,TRN-12014,SEC-HWH-KGP,2026-03-11T17:32:00,2026-03-11T17:57:00,UP
MOV-000358,TRN-12014,SEC-MAS-RU,2026-03-12T09:30:00,2026-03-12T10:11:00,UP
MOV-000359,TRN-12014,SEC-BCT-ST,2026-03-12T10:28:00,2026-03-12T11:14:00,UP
MOV-000360,TRN-12014,SEC-PRYJ-DDU,2026-03-13T09:15:00,2026-03-13T09:52:00,UP
MOV-000361,TRN-12014,SEC-BRC-ADI,2026-03-13T10:07:00,2026-03-13T10:44:00,UP
MOV-000362,TRN-12014,SEC-BRC-ADI,2026-03-14T08:45:00,2026-03-14T09:37:00,UP
MOV-000363,TRN-12014,SEC-HWH-KGP,2026-03-14T09:50:00,2026-03-14T10:32:00,UP
MOV-000364,TRN-12015,SEC-GZB-CNB,2026-03-01T10:30:00,2026-03-01T10:57:00,DOWN
MOV-000365,TRN-12015,SEC-CNB-PRYJ,2026-03-01T11:15:00,2026-03-01T11:40:00,DOWN
MOV-000366,TRN-12015,SEC-ST-BRC,2026-03-01T12:06:00,2026-03-01T12:34:00,DOWN
MOV-000367,TRN-12015,SEC-ST-BRC,2026-03-02T07:00:00,2026-03-02T07:37:00,DOWN
MOV-000368,TRN-12015,SEC-MAS-RU,2026-03-02T07:52:00,2026-03-02T08:28:00,DOWN
MOV-000369,TRN-12015,SEC-PRYJ-DDU,2026-03-02T08:38:00,2026-03-02T09:12:00,DOWN
MOV-000370,TRN-12015,SEC-PRYJ-DDU,2026-03-03T07:00:00,2026-03-03T07:48:00,DOWN
MOV-000371,TRN-12015,SEC-GZB-CNB,2026-03-03T07:58:00,2026-03-03T08:29:00,DOWN
MOV-000372,TRN-12015,SEC-GZB-CNB,2026-03-04T17:00:00,2026-03-04T17:53:00,DOWN
MOV-000373,TRN-12015,SEC-MAS-RU,2026-03-04T18:13:00,2026-03-04T18:51:00,DOWN
MOV-000374,TRN-12015,SEC-CNB-PRYJ,2026-03-04T19:14:00,2026-03-04T19:57:00,DOWN
MOV-000375,TRN-12015,SEC-MAS-RU,2026-03-05T05:30:00,2026-03-05T06:10:00,DOWN
MOV-000376,TRN-12015,SEC-HWH-KGP,2026-03-06T20:15:00,2026-03-06T21:03:00,DOWN
MOV-000377,TRN-12015,SEC-BCT-ST,2026-03-07T16:45:00,2026-03-07T17:18:00,DOWN
MOV-000378,TRN-12015,SEC-ST-BRC,2026-03-08T09:00:00,2026-03-08T09:38:00,DOWN
MOV-000379,TRN-12015,SEC-MAS-RU,2026-03-08T09:58:00,2026-03-08T10:30:00,DOWN
MOV-000380,TRN-12015,SEC-BCT-ST,2026-03-09T16:00:00,2026-03-09T16:41:00,DOWN
MOV-000381,TRN-12015,SEC-ST-BRC,2026-03-09T17:06:00,2026-03-09T17:37:00,DOWN
MOV-000382,TRN-12015,SEC-BRC-ADI,2026-03-10T16:15:00,2026-03-10T16:44:00,DOWN
MOV-000383,TRN-12015,SEC-PRYJ-DDU,2026-03-10T17:12:00,2026-03-10T17:54:00,DOWN
MOV-000384,TRN-12015,SEC-MAS-RU,2026-03-11T15:15:00,2026-03-11T16:05:00,DOWN
MOV-000385,TRN-12015,SEC-ST-BRC,2026-03-11T16:31:00,2026-03-11T16:59:00,DOWN
MOV-000386,TRN-12015,SEC-HWH-KGP,2026-03-12T16:45:00,2026-03-12T17:16:00,DOWN
MOV-000387,TRN-12015,SEC-BCT-ST,2026-03-12T17:45:00,2026-03-12T18:18:00,DOWN
MOV-000388,TRN-12015,SEC-ST-BRC,2026-03-13T12:30:00,2026-03-13T13:15:00,DOWN
MOV-000389,TRN-12015,SEC-HWH-KGP,2026-03-14T13:00:00,2026-03-14T13:40:00,DOWN
MOV-000390,TRN-12016,SEC-BCT-ST,2026-03-01T20:30:00,2026-03-01T21:00:00,UP
MOV-000391,TRN-12016,SEC-CNB-PRYJ,2026-03-01T21:27:00,2026-03-01T22:18:00,UP
MOV-000392,TRN-12016,SEC-PRYJ-DDU,2026-03-02T17:45:00,2026-03-02T18:13:00,UP
MOV-000393,TRN-12016,SEC-MAS-RU,2026-03-02T18:27:00,2026-03-02T19:12:00,UP
MOV-000394,TRN-12016,SEC-CNB-PRYJ,2026-03-03T08:45:00,2026-03-03T09:23:00,UP
MOV-000395,TRN-12016,SEC-CNB-PRYJ,2026-03-04T11:45:00,2026-03-04T12:32:00,UP
MOV-000396,TRN-12016,SEC-ST-BRC,2026-03-04T12:44:00,2026-03-04T13:29:00,UP
MOV-000397,TRN-12016,SEC-NDLS-GZB,2026-03-04T13:50:00,2026-03-04T14:42:00,UP
MOV-000398,TRN-12016,SEC-BCT-ST,2026-03-05T11:45:00,2026-03-05T12:18:00,UP
MOV-000399,TRN-12016,SEC-GZB-CNB,2026-03-05T12:39:00,2026-03-05T13:30:00,UP
MOV-000400,TRN-12016,SEC-BRC-ADI,2026-03-06T13:00:00,2026-03-06T13:39:00,UP
MOV-000401,TRN-12016,SEC-CNB-PRYJ,2026-03-06T13:55:00,2026-03-06T14:41:00,UP
MOV-000402,TRN-12016,SEC-BCT-ST,2026-03-07T09:30:00,2026-03-07T10:02:00,UP
MOV-000403,TRN-12016,SEC-ST-BRC,2026-03-07T10:21:00,2026-03-07T11:04:00,UP
MOV-000404,TRN-12016,SEC-HWH-KGP,2026-03-07T11:26:00,2026-03-07T11:55:00,UP
MOV-000405,TRN-12016,SEC-BCT-ST,2026-03-08T11:45:00,2026-03-08T12:35:00,UP
MOV-000406,TRN-12016,SEC-HWH-KGP,2026-03-08T12:52:00,2026-03-08T13:18:00,UP
MOV-000407,TRN-12016,SEC-BRC-ADI,2026-03-08T13:32:00,2026-03-08T14:14:00,UP
MOV-000408,TRN-12016,SEC-MAS-RU,2026-03-09T21:45:00,2026-03-09T22:27:00,UP
MOV-000409,TRN-12016,SEC-DDU-PNBE,2026-03-09T22:46:00,2026-03-09T23:34:00,UP
MOV-000410,TRN-12016,SEC-DDU-PNBE,2026-03-10T16:30:00,2026-03-10T17:02:00,UP
MOV-000411,TRN-12016,SEC-CNB-PRYJ,2026-03-10T17:29:00,2026-03-10T18:23:00,UP
MOV-000412,TRN-12016,SEC-HWH-KGP,2026-03-10T18:45:00,2026-03-10T19:16:00,UP
MOV-000413,TRN-12016,SEC-DDU-PNBE,2026-03-11T09:15:00,2026-03-11T10:01:00,UP
MOV-000414,TRN-12016,SEC-NDLS-GZB,2026-03-11T10:15:00,2026-03-11T10:44:00,UP
MOV-000415,TRN-12016,SEC-CNB-PRYJ,2026-03-11T11:08:00,2026-03-11T11:37:00,UP
MOV-000416,TRN-12016,SEC-CNB-PRYJ,2026-03-12T13:30:00,2026-03-12T14:02:00,UP
MOV-000417,TRN-12016,SEC-NDLS-GZB,2026-03-13T05:00:00,2026-03-13T05:25:00,UP
MOV-000418,TRN-12016,SEC-PRYJ-DDU,2026-03-13T05:47:00,2026-03-13T06:30:00,UP
MOV-000419,TRN-12016,SEC-GZB-CNB,2026-03-14T15:45:00,2026-03-14T16:19:00,UP
MOV-000420,TRN-12017,SEC-NDLS-GZB,2026-03-01T19:15:00,2026-03-01T19:46:00,DOWN
MOV-000421,TRN-12017,SEC-DDU-PNBE,2026-03-01T20:11:00,2026-03-01T21:00:00,DOWN
MOV-000422,TRN-12017,SEC-HWH-KGP,2026-03-02T20:00:00,2026-03-02T20:29:00,DOWN
MOV-000423,TRN-12017,SEC-CNB-PRYJ,2026-03-02T20:43:00,2026-03-02T21:17:00,DOWN
MOV-000424,TRN-12017,SEC-ST-BRC,2026-03-02T21:30:00,2026-03-02T22:04:00,DOWN
MOV-000425,TRN-12017,SEC-CNB-PRYJ,2026-03-03T15:30:00,2026-03-03T16:22:00,DOWN
MOV-000426,TRN-12017,SEC-PRYJ-DDU,2026-03-04T06:15:00,2026-03-04T07:05:00,DOWN
MOV-000427,TRN-12017,SEC-HWH-KGP,2026-03-05T16:15:00,2026-03-05T16:46:00,DOWN
MOV-000428,TRN-12017,SEC-BCT-ST,2026-03-05T17:14:00,2026-03-05T17:44:00,DOWN
MOV-000429,TRN-12017,SEC-ST-BRC,2026-03-06T13:45:00,2026-03-06T14:16:00,DOWN
MOV-000430,TRN-12017,SEC-BCT-ST,2026-03-06T14:36:00,2026-03-06T15:20:00,DOWN
MOV-000431,TRN-12017,SEC-HWH-KGP,2026-03-07T18:30:00,2026-03-07T18:56:00,DOWN
MOV-000432,TRN-12017,SEC-BCT-ST,2026-03-08T12:30:00,2026-03-08T13:07:00,DOWN
MOV-000433,TRN-12017,SEC-MAS-RU,2026-03-08T13:21:00,2026-03-08T13:53:00,DOWN
MOV-000434,TRN-12017,SEC-HWH-KGP,2026-03-08T14:15:00,2026-03-08T14:55:00,DOWN
MOV-000435,TRN-12017,SEC-NDLS-GZB,2026-03-09T08:45:00,2026-03-09T09:25:00,DOWN
MOV-000436,TRN-12017,SEC-GZB-CNB,2026-03-09T09:50:00,2026-03-09T10:29:00,DOWN
MOV-000437,TRN-12017,SEC-ST-BRC,2026-03-09T10:48:00,2026-03-09T11:31:00,DOWN
MOV-000438,TRN-12017,SEC-BRC-ADI,2026-03-10T12:30:00,2026-03-10T13:13:00,DOWN
MOV-000439,TRN-12017,SEC-CNB-PRYJ,2026-03-10T13:29:00,2026-03-10T14:13:00,DOWN
MOV-000440,TRN-12017,SEC-BCT-ST,2026-03-10T14:29:00,2026-03-10T15:12:00,DOWN
MOV-000441,TRN-12017,SEC-BRC-ADI,2026-03-11T12:15:00,2026-03-11T12:57:00,DOWN
MOV-000442,TRN-12017,SEC-MAS-RU,2026-03-12T05:00:00,2026-03-12T05:50:00,DOWN
MOV-000443,TRN-12017,SEC-ST-BRC,2026-03-13T05:45:00,2026-03-13T06:15:00,DOWN
MOV-000444,TRN-12017,SEC-CNB-PRYJ,2026-03-13T06:32:00,2026-03-13T07:23:00,DOWN
MOV-000445,TRN-12017,SEC-ST-BRC,2026-03-14T08:30:00,2026-03-14T08:59:00,DOWN
MOV-000446,TRN-12017,SEC-GZB-CNB,2026-03-14T09:12:00,2026-03-14T09:46:00,DOWN
MOV-000447,TRN-12017,SEC-BRC-ADI,2026-03-14T10:07:00,2026-03-14T10:43:00,DOWN
MOV-000448,TRN-12018,SEC-MAS-RU,2026-03-01T01:30:00,2026-03-01T02:19:00,UP
MOV-000449,TRN-12018,SEC-MAS-RU,2026-03-02T00:30:00,2026-03-02T01:11:00,UP
MOV-000450,TRN-12018,SEC-ST-BRC,2026-03-02T01:36:00,2026-03-02T02:04:00,UP
MOV-000451,TRN-12018,SEC-CNB-PRYJ,2026-03-02T02:24:00,2026-03-02T03:13:00,UP
MOV-000452,TRN-12018,SEC-ST-BRC,2026-03-03T01:00:00,2026-03-03T01:43:00,UP
MOV-000453,TRN-12018,SEC-BCT-ST,2026-03-03T02:03:00,2026-03-03T02:29:00,UP
MOV-000454,TRN-12018,SEC-HWH-KGP,2026-03-04T01:30:00,2026-03-04T02:04:00,UP
MOV-000455,TRN-12018,SEC-HWH-KGP,2026-03-05T00:00:00,2026-03-05T00:35:00,UP
MOV-000456,TRN-12018,SEC-CNB-PRYJ,2026-03-05T00:52:00,2026-03-05T01:25:00,UP
MOV-000457,TRN-12018,SEC-DDU-PNBE,2026-03-05T01:39:00,2026-03-05T02:19:00,UP
MOV-000458,TRN-12018,SEC-CNB-PRYJ,2026-03-06T01:15:00,2026-03-06T01:55:00,UP
MOV-000459,TRN-12018,SEC-DDU-PNBE,2026-03-06T02:16:00,2026-03-06T03:10:00,UP
MOV-000460,TRN-12018,SEC-GZB-CNB,2026-03-07T01:15:00,2026-03-07T01:50:00,UP
MOV-000461,TRN-12018,SEC-DDU-PNBE,2026-03-07T02:18:00,2026-03-07T03:04:00,UP
MOV-000462,TRN-12018,SEC-DDU-PNBE,2026-03-08T01:15:00,2026-03-08T01:41:00,UP
MOV-000463,TRN-12018,SEC-PRYJ-DDU,2026-03-08T02:08:00,2026-03-08T03:00:00,UP
MOV-000464,TRN-12018,SEC-BRC-ADI,2026-03-09T02:30:00,2026-03-09T03:03:00,UP
MOV-000465,TRN-12018,SEC-PRYJ-DDU,2026-03-09T03:29:00,2026-03-09T04:06:00,UP
MOV-000466,TRN-12018,SEC-HWH-KGP,2026-03-09T04:16:00,2026-03-09T05:03:00,UP
MOV-000467,TRN-12018,SEC-HWH-KGP,2026-03-10T02:15:00,2026-03-10T02:56:00,UP
MOV-000468,TRN-12018,SEC-GZB-CNB,2026-03-10T03:06:00,2026-03-10T03:51:00,UP
MOV-000469,TRN-12018,SEC-BRC-ADI,2026-03-11T03:30:00,2026-03-11T04:03:00,UP
MOV-000470,TRN-12018,SEC-CNB-PRYJ,2026-03-11T04:26:00,2026-03-11T04:51:00,UP
MOV-000471,TRN-12018,SEC-MAS-RU,2026-03-11T05:18:00,2026-03-11T06:01:00,UP
MOV-000472,TRN-12018,SEC-BRC-ADI,2026-03-12T22:00:00,2026-03-12T22:33:00,UP
MOV-000473,TRN-12018,SEC-GZB-CNB,2026-03-12T22:54:00,2026-03-12T23:34:00,UP
MOV-000474,TRN-12018,SEC-DDU-PNBE,2026-03-13T23:15:00,2026-03-13T23:58:00,UP
MOV-000475,TRN-12018,SEC-GZB-CNB,2026-03-14T22:15:00,2026-03-14T22:58:00,UP
MOV-000476,TRN-12018,SEC-NDLS-GZB,2026-03-14T23:24:00,2026-03-15T00:12:00,UP
MOV-000477,TRN-12018,SEC-HWH-KGP,2026-03-15T00:40:00,2026-03-15T01:06:00,UP
MOV-000478,TRN-12019,SEC-GZB-CNB,2026-03-01T13:30:00,2026-03-01T14:07:00,DOWN
MOV-000479,TRN-12019,SEC-BCT-ST,2026-03-02T14:45:00,2026-03-02T15:23:00,DOWN
MOV-000480,TRN-12019,SEC-NDLS-GZB,2026-03-02T15:35:00,2026-03-02T16:06:00,DOWN
MOV-000481,TRN-12019,SEC-HWH-KGP,2026-03-03T20:30:00,2026-03-03T21:01:00,DOWN
MOV-000482,TRN-12019,SEC-CNB-PRYJ,2026-03-03T21:17:00,2026-03-03T21:56:00,DOWN
MOV-000483,TRN-12019,SEC-GZB-CNB,2026-03-03T22:13:00,2026-03-03T23:04:00,DOWN
MOV-000484,TRN-12019,SEC-CNB-PRYJ,2026-03-04T13:30:00,2026-03-04T13:56:00,DOWN
MOV-000485,TRN-12019,SEC-BCT-ST,2026-03-05T08:15:00,2026-03-05T08:49:00,DOWN
MOV-000486,TRN-12019,SEC-NDLS-GZB,2026-03-05T09:13:00,2026-03-05T10:05:00,DOWN
MOV-000487,TRN-12019,SEC-MAS-RU,2026-03-05T10:20:00,2026-03-05T10:54:00,DOWN
MOV-000488,TRN-12019,SEC-ST-BRC,2026-03-06T19:00:00,2026-03-06T19:33:00,DOWN
MOV-000489,TRN-12019,SEC-DDU-PNBE,2026-03-06T19:44:00,2026-03-06T20:28:00,DOWN
MOV-000490,TRN-12019,SEC-BCT-ST,2026-03-06T20:40:00,2026-03-06T21:07:00,DOWN
MOV-000491,TRN-12019,SEC-GZB-CNB,2026-03-07T13:30:00,2026-03-07T13:56:00,DOWN
MOV-000492,TRN-12019,SEC-BCT-ST,2026-03-08T05:15:00,2026-03-08T05:57:00,DOWN
MOV-000493,TRN-12019,SEC-HWH-KGP,2026-03-09T12:00:00,2026-03-09T12:54:00,DOWN
MOV-000494,TRN-12019,SEC-MAS-RU,2026-03-10T20:30:00,2026-03-10T21:07:00,DOWN
MOV-000495,TRN-12019,SEC-PRYJ-DDU,2026-03-11T16:15:00,2026-03-11T16:43:00,DOWN
MOV-000496,TRN-12019,SEC-DDU-PNBE,2026-03-11T17:10:00,2026-03-11T17:44:00,DOWN
MOV-000497,TRN-12019,SEC-CNB-PRYJ,2026-03-11T18:06:00,2026-03-11T18:52:00,DOWN
MOV-000498,TRN-12019,SEC-HWH-KGP,2026-03-12T15:30:00,2026-03-12T15:56:00,DOWN
MOV-000499,TRN-12019,SEC-NDLS-GZB,2026-03-12T16:10:00,2026-03-12T16:40:00,DOWN
MOV-000500,TRN-12019,SEC-BRC-ADI,2026-03-12T17:02:00,2026-03-12T17:27:00,DOWN
MOV-000501,TRN-12019,SEC-DDU-PNBE,2026-03-13T13:45:00,2026-03-13T14:21:00,DOWN
MOV-000502,TRN-12019,SEC-ST-BRC,2026-03-13T14:42:00,2026-03-13T15:07:00,DOWN
MOV-000503,TRN-12019,SEC-GZB-CNB,2026-03-14T16:15:00,2026-03-14T17:05:00,DOWN
MOV-000504,TRN-12020,SEC-BRC-ADI,2026-03-01T05:15:00,2026-03-01T06:00:00,UP
MOV-000505,TRN-12020,SEC-CNB-PRYJ,2026-03-01T06:24:00,2026-03-01T06:52:00,UP
MOV-000506,TRN-12020,SEC-BCT-ST,2026-03-01T07:05:00,2026-03-01T07:50:00,UP
MOV-000507,TRN-12020,SEC-BCT-ST,2026-03-02T19:00:00,2026-03-02T19:47:00,UP
MOV-000508,TRN-12020,SEC-CNB-PRYJ,2026-03-02T20:01:00,2026-03-02T20:42:00,UP
MOV-000509,TRN-12020,SEC-PRYJ-DDU,2026-03-02T21:11:00,2026-03-02T21:43:00,UP
MOV-000510,TRN-12020,SEC-CNB-PRYJ,2026-03-03T07:45:00,2026-03-03T08:23:00,UP
MOV-000511,TRN-12020,SEC-HWH-KGP,2026-03-04T07:30:00,2026-03-04T07:56:00,UP
MOV-000512,TRN-12020,SEC-BRC-ADI,2026-03-05T20:00:00,2026-03-05T20:27:00,UP
MOV-000513,TRN-12020,SEC-GZB-CNB,2026-03-06T12:45:00,2026-03-06T13:38:00,UP
MOV-000514,TRN-12020,SEC-DDU-PNBE,2026-03-07T20:15:00,2026-03-07T20:51:00,UP
MOV-000515,TRN-12020,SEC-BCT-ST,2026-03-07T21:13:00,2026-03-07T21:39:00,UP
MOV-000516,TRN-12020,SEC-DDU-PNBE,2026-03-08T09:00:00,2026-03-08T09:28:00,UP
MOV-000517,TRN-12020,SEC-DDU-PNBE,2026-03-09T14:45:00,2026-03-09T15:13:00,UP
MOV-000518,TRN-12020,SEC-GZB-CNB,2026-03-10T13:45:00,2026-03-10T14:10:00,UP
MOV-000519,TRN-12020,SEC-MAS-RU,2026-03-10T14:27:00,2026-03-10T14:57:00,UP
MOV-000520,TRN-12020,SEC-CNB-PRYJ,2026-03-11T09:45:00,2026-03-11T10:22:00,UP
MOV-000521,TRN-12020,SEC-NDLS-GZB,2026-03-11T10:47:00,2026-03-11T11:33:00,UP
MOV-000522,TRN-12020,SEC-MAS-RU,2026-03-11T11:54:00,2026-03-11T12:37:00,UP
MOV-000523,TRN-12020,SEC-BRC-ADI,2026-03-12T08:15:00,2026-03-12T08:53:00,UP
MOV-000524,TRN-12020,SEC-HWH-KGP,2026-03-13T14:15:00,2026-03-13T14:48:00,UP
MOV-000525,TRN-12020,SEC-HWH-KGP,2026-03-14T10:45:00,2026-03-14T11:23:00,UP
MOV-000526,TRN-12021,SEC-BCT-ST,2026-03-01T16:15:00,2026-03-01T16:43:00,DOWN
MOV-000527,TRN-12021,SEC-NDLS-GZB,2026-03-02T18:00:00,2026-03-02T18:32:00,DOWN
MOV-000528,TRN-12021,SEC-BCT-ST,2026-03-02T18:42:00,2026-03-02T19:31:00,DOWN
MOV-000529,TRN-12021,SEC-BRC-ADI,2026-03-03T17:30:00,2026-03-03T18:07:00,DOWN
MOV-000530,TRN-12021,SEC-PRYJ-DDU,2026-03-03T18:27:00,2026-03-03T18:57:00,DOWN
MOV-000531,TRN-12021,SEC-BCT-ST,2026-03-03T19:26:00,2026-03-03T20:10:00,DOWN
MOV-000532,TRN-12021,SEC-MAS-RU,2026-03-04T14:15:00,2026-03-04T15:06:00,DOWN
MOV-000533,TRN-12021,SEC-BRC-ADI,2026-03-05T11:15:00,2026-03-05T11:49:00,DOWN
MOV-000534,TRN-12021,SEC-GZB-CNB,2026-03-06T19:00:00,2026-03-06T19:51:00,DOWN
MOV-000535,TRN-12021,SEC-DDU-PNBE,2026-03-06T20:12:00,2026-03-06T21:01:00,DOWN
MOV-000536,TRN-12021,SEC-HWH-KGP,2026-03-06T21:28:00,2026-03-06T22:18:00,DOWN
MOV-000537,TRN-12021,SEC-BRC-ADI,2026-03-07T11:45:00,2026-03-07T12:15:00,DOWN
MOV-000538,TRN-12021,SEC-BCT-ST,2026-03-07T12:36:00,2026-03-07T13:22:00,DOWN
MOV-000539,TRN-12021,SEC-HWH-KGP,2026-03-07T13:47:00,2026-03-07T14:40:00,DOWN
MOV-000540,TRN-12021,SEC-HWH-KGP,2026-03-08T10:45:00,2026-03-08T11:13:00,DOWN
MOV-000541,TRN-12021,SEC-PRYJ-DDU,2026-03-08T11:26:00,2026-03-08T12:14:00,DOWN
MOV-000542,TRN-12021,SEC-GZB-CNB,2026-03-08T12:36:00,2026-03-08T13:17:00,DOWN
MOV-000543,TRN-12021,SEC-ST-BRC,2026-03-09T10:30:00,2026-03-09T11:08:00,DOWN
MOV-000544,TRN-12021,SEC-PRYJ-DDU,2026-03-09T11:28:00,2026-03-09T12:18:00,DOWN
MOV-000545,TRN-12021,SEC-BRC-ADI,2026-03-10T16:45:00,2026-03-10T17:17:00,DOWN
MOV-000546,TRN-12021,SEC-BCT-ST,2026-03-10T17:33:00,2026-03-10T18:05:00,DOWN
MOV-000547,TRN-12021,SEC-CNB-PRYJ,2026-03-10T18:31:00,2026-03-10T18:58:00,DOWN
MOV-000548,TRN-12021,SEC-ST-BRC,2026-03-11T14:00:00,2026-03-11T14:35:00,DOWN
MOV-000549,TRN-12021,SEC-BRC-ADI,2026-03-11T14:48:00,2026-03-11T15:13:00,DOWN
MOV-000550,TRN-12021,SEC-HWH-KGP,2026-03-12T15:00:00,2026-03-12T15:33:00,DOWN
MOV-000551,TRN-12021,SEC-CNB-PRYJ,2026-03-12T15:50:00,2026-03-12T16:27:00,DOWN
MOV-000552,TRN-12021,SEC-DDU-PNBE,2026-03-12T16:56:00,2026-03-12T17:28:00,DOWN
MOV-000553,TRN-12021,SEC-PRYJ-DDU,2026-03-13T10:15:00,2026-03-13T10:51:00,DOWN
MOV-000554,TRN-12021,SEC-ST-BRC,2026-03-13T11:11:00,2026-03-13T11:37:00,DOWN
MOV-000555,TRN-12021,SEC-PRYJ-DDU,2026-03-14T20:00:00,2026-03-14T20:27:00,DOWN
MOV-000556,TRN-12021,SEC-ST-BRC,2026-03-14T20:52:00,2026-03-14T21:36:00,DOWN
MOV-000557,TRN-12022,SEC-BCT-ST,2026-03-01T18:15:00,2026-03-01T18:44:00,UP
MOV-000558,TRN-12022,SEC-ST-BRC,2026-03-02T16:15:00,2026-03-02T17:02:00,UP
MOV-000559,TRN-12022,SEC-GZB-CNB,2026-03-02T17:17:00,2026-03-02T18:04:00,UP
MOV-000560,TRN-12022,SEC-PRYJ-DDU,2026-03-02T18:19:00,2026-03-02T18:51:00,UP
MOV-000561,TRN-12022,SEC-BRC-ADI,2026-03-03T06:15:00,2026-03-03T07:00:00,UP
MOV-000562,TRN-12022,SEC-CNB-PRYJ,2026-03-03T07:24:00,2026-03-03T08:08:00,UP
MOV-000563,TRN-12022,SEC-MAS-RU,2026-03-04T17:00:00,2026-03-04T17:35:00,UP
MOV-000564,TRN-12022,SEC-MAS-RU,2026-03-05T06:30:00,2026-03-05T06:57:00,UP
MOV-000565,TRN-12022,SEC-HWH-KGP,2026-03-05T07:20:00,2026-03-05T08:06:00,UP
MOV-000566,TRN-12022,SEC-BCT-ST,2026-03-05T08:31:00,2026-03-05T09:18:00,UP
MOV-000567,TRN-12022,SEC-DDU-PNBE,2026-03-06T16:45:00,2026-03-06T17:37:00,UP
MOV-000568,TRN-12022,SEC-BCT-ST,2026-03-07T17:30:00,2026-03-07T18:22:00,UP
MOV-000569,TRN-12022,SEC-ST-BRC,2026-03-07T18:37:00,2026-03-07T19:29:00,UP
MOV-000570,TRN-12022,SEC-PRYJ-DDU,2026-03-08T16:15:00,2026-03-08T17:04:00,UP
MOV-000571,TRN-12022,SEC-BCT-ST,2026-03-08T17:22:00,2026-03-08T18:06:00,UP
MOV-000572,TRN-12022,SEC-BRC-ADI,2026-03-09T06:45:00,2026-03-09T07:37:00,UP
MOV-000573,TRN-12022,SEC-PRYJ-DDU,2026-03-10T18:15:00,2026-03-10T19:04:00,UP
MOV-000574,TRN-12022,SEC-GZB-CNB,2026-03-10T19:14:00,2026-03-10T19:48:00,UP
MOV-000575,TRN-12022,SEC-HWH-KGP,2026-03-10T20:09:00,2026-03-10T20:38:00,UP
MOV-000576,TRN-12022,SEC-BCT-ST,2026-03-11T18:45:00,2026-03-11T19:27:00,UP
MOV-000577,TRN-12022,SEC-MAS-RU,2026-03-12T16:30:00,2026-03-12T17:01:00,UP
MOV-000578,TRN-12022,SEC-CNB-PRYJ,2026-03-12T17:22:00,2026-03-12T18:11:00,UP
MOV-000579,TRN-12022,SEC-BRC-ADI,2026-03-12T18:25:00,2026-03-12T18:56:00,UP
MOV-000580,TRN-12022,SEC-GZB-CNB,2026-03-13T17:45:00,2026-03-13T18:33:00,UP
MOV-000581,TRN-12022,SEC-CNB-PRYJ,2026-03-13T18:56:00,2026-03-13T19:23:00,UP
MOV-000582,TRN-12022,SEC-BRC-ADI,2026-03-13T19:36:00,2026-03-13T20:06:00,UP
MOV-000583,TRN-12022,SEC-GZB-CNB,2026-03-14T08:15:00,2026-03-14T09:09:00,UP
MOV-000584,TRN-12022,SEC-DDU-PNBE,2026-03-14T09:19:00,2026-03-14T09:57:00,UP
MOV-000585,TRN-12022,SEC-BCT-ST,2026-03-14T10:09:00,2026-03-14T10:47:00,UP
MOV-000586,TRN-12023,SEC-PRYJ-DDU,2026-03-01T11:15:00,2026-03-01T12:00:00,DOWN
MOV-000587,TRN-12023,SEC-CNB-PRYJ,2026-03-02T05:30:00,2026-03-02T05:59:00,DOWN
MOV-000588,TRN-12023,SEC-ST-BRC,2026-03-02T06:11:00,2026-03-02T06:52:00,DOWN
MOV-000589,TRN-12023,SEC-GZB-CNB,2026-03-02T07:09:00,2026-03-02T07:55:00,DOWN
MOV-000590,TRN-12023,SEC-BRC-ADI,2026-03-03T11:00:00,2026-03-03T11:31:00,DOWN
MOV-000591,TRN-12023,SEC-GZB-CNB,2026-03-04T18:45:00,2026-03-04T19:33:00,DOWN
MOV-000592,TRN-12023,SEC-BRC-ADI,2026-03-05T10:30:00,2026-03-05T11:16:00,DOWN
MOV-000593,TRN-12023,SEC-GZB-CNB,2026-03-06T12:15:00,2026-03-06T13:08:00,DOWN
MOV-000594,TRN-12023,SEC-MAS-RU,2026-03-07T07:00:00,2026-03-07T07:39:00,DOWN
MOV-000595,TRN-12023,SEC-PRYJ-DDU,2026-03-07T08:04:00,2026-03-07T08:52:00,DOWN
MOV-000596,TRN-12023,SEC-BCT-ST,2026-03-08T05:45:00,2026-03-08T06:34:00,DOWN
MOV-000597,TRN-12023,SEC-GZB-CNB,2026-03-08T06:56:00,2026-03-08T07:48:00,DOWN
MOV-000598,TRN-12023,SEC-HWH-KGP,2026-03-08T08:00:00,2026-03-08T08:43:00,DOWN
MOV-000599,TRN-12023,SEC-ST-BRC,2026-03-09T11:00:00,2026-03-09T11:37:00,DOWN
MOV-000600,TRN-12023,SEC-BRC-ADI,2026-03-09T11:54:00,2026-03-09T12:40:00,DOWN
MOV-000601,TRN-12023,SEC-PRYJ-DDU,2026-03-10T06:30:00,2026-03-10T06:59:00,DOWN
MOV-000602,TRN-12023,SEC-GZB-CNB,2026-03-10T07:10:00,2026-03-10T07:38:00,DOWN
MOV-000603,TRN-12023,SEC-NDLS-GZB,2026-03-10T07:55:00,2026-03-10T08:44:00,DOWN
MOV-000604,TRN-12023,SEC-MAS-RU,2026-03-11T18:00:00,2026-03-11T18:49:00,DOWN
MOV-000605,TRN-12023,SEC-DDU-PNBE,2026-03-11T19:07:00,2026-03-11T19:42:00,DOWN
MOV-000606,TRN-12023,SEC-CNB-PRYJ,2026-03-11T20:06:00,2026-03-11T20:47:00,DOWN
MOV-000607,TRN-12023,SEC-NDLS-GZB,2026-03-12T12:00:00,2026-03-12T12:42:00,DOWN
MOV-000608,TRN-12023,SEC-HWH-KGP,2026-03-13T17:45:00,2026-03-13T18:37:00,DOWN
MOV-000609,TRN-12023,SEC-NDLS-GZB,2026-03-14T14:00:00,2026-03-14T14:44:00,DOWN
MOV-000610,TRN-12024,SEC-HWH-KGP,2026-03-01T07:30:00,2026-03-01T08:17:00,UP
MOV-000611,TRN-12024,SEC-NDLS-GZB,2026-03-01T08:32:00,2026-03-01T08:58:00,UP
MOV-000612,TRN-12024,SEC-BCT-ST,2026-03-01T09:14:00,2026-03-01T10:03:00,UP
MOV-000613,TRN-12024,SEC-HWH-KGP,2026-03-02T17:15:00,2026-03-02T17:55:00,UP
MOV-000614,TRN-12024,SEC-BCT-ST,2026-03-03T06:15:00,2026-03-03T07:08:00,UP
MOV-000615,TRN-12024,SEC-NDLS-GZB,2026-03-03T07:33:00,2026-03-03T08:04:00,UP
MOV-000616,TRN-12024,SEC-HWH-KGP,2026-03-04T17:00:00,2026-03-04T17:31:00,UP
MOV-000617,TRN-12024,SEC-BCT-ST,2026-03-05T08:30:00,2026-03-05T08:55:00,UP
MOV-000618,TRN-12024,SEC-HWH-KGP,2026-03-05T09:06:00,2026-03-05T09:31:00,UP
MOV-000619,TRN-12024,SEC-MAS-RU,2026-03-06T08:45:00,2026-03-06T09:37:00,UP
MOV-000620,TRN-12024,SEC-NDLS-GZB,2026-03-06T10:02:00,2026-03-06T10:53:00,UP
MOV-000621,TRN-12024,SEC-BCT-ST,2026-03-07T06:30:00,2026-03-07T07:04:00,UP
MOV-000622,TRN-12024,SEC-BRC-ADI,2026-03-07T07:32:00,2026-03-07T08:16:00,UP
MOV-000623,TRN-12024,SEC-DDU-PNBE,2026-03-08T07:45:00,2026-03-08T08:35:00,UP
MOV-000624,TRN-12024,SEC-HWH-KGP,2026-03-09T07:45:00,2026-03-09T08:17:00,UP
MOV-000625,TRN-12024,SEC-MAS-RU,2026-03-09T08:43:00,2026-03-09T09:13:00,UP
MOV-000626,TRN-12024,SEC-CNB-PRYJ,2026-03-09T09:35:00,2026-03-09T10:15:00,UP
MOV-000627,TRN-12024,SEC-PRYJ-DDU,2026-03-10T06:15:00,2026-03-10T06:50:00,UP
MOV-000628,TRN-12024,SEC-MAS-RU,2026-03-10T07:00:00,2026-03-10T07:30:00,UP
MOV-000629,TRN-12024,SEC-DDU-PNBE,2026-03-11T08:45:00,2026-03-11T09:26:00,UP
MOV-000630,TRN-12024,SEC-BCT-ST,2026-03-11T09:37:00,2026-03-11T10:16:00,UP
MOV-000631,TRN-12024,SEC-GZB-CNB,2026-03-11T10:40:00,2026-03-11T11:14:00,UP
MOV-000632,TRN-12024,SEC-GZB-CNB,2026-03-12T06:00:00,2026-03-12T06:29:00,UP
MOV-000633,TRN-12024,SEC-HWH-KGP,2026-03-12T06:51:00,2026-03-12T07:33:00,UP
MOV-000634,TRN-12024,SEC-DDU-PNBE,2026-03-12T07:55:00,2026-03-12T08:33:00,UP
MOV-000635,TRN-12024,SEC-ST-BRC,2026-03-13T07:00:00,2026-03-13T07:33:00,UP
MOV-000636,TRN-12024,SEC-DDU-PNBE,2026-03-13T08:00:00,2026-03-13T08:52:00,UP
MOV-000637,TRN-12024,SEC-GZB-CNB,2026-03-14T07:00:00,2026-03-14T07:53:00,UP
MOV-000638,TRN-12025,SEC-MAS-RU,2026-03-01T18:15:00,2026-03-01T19:05:00,DOWN
MOV-000639,TRN-12025,SEC-ST-BRC,2026-03-01T19:22:00,2026-03-01T20:09:00,DOWN
MOV-000640,TRN-12025,SEC-DDU-PNBE,2026-03-01T20:28:00,2026-03-01T21:01:00,DOWN
MOV-000641,TRN-12025,SEC-NDLS-GZB,2026-03-02T15:15:00,2026-03-02T16:08:00,DOWN
MOV-000642,TRN-12025,SEC-ST-BRC,2026-03-02T16:31:00,2026-03-02T17:12:00,DOWN
MOV-000643,TRN-12025,SEC-NDLS-GZB,2026-03-03T15:15:00,2026-03-03T15:48:00,DOWN
MOV-000644,TRN-12025,SEC-BCT-ST,2026-03-03T15:59:00,2026-03-03T16:53:00,DOWN
MOV-000645,TRN-12025,SEC-MAS-RU,2026-03-04T15:45:00,2026-03-04T16:11:00,DOWN
MOV-000646,TRN-12025,SEC-DDU-PNBE,2026-03-04T16:27:00,2026-03-04T17:02:00,DOWN
MOV-000647,TRN-12025,SEC-GZB-CNB,2026-03-04T17:24:00,2026-03-04T17:54:00,DOWN
MOV-000648,TRN-12025,SEC-CNB-PRYJ,2026-03-05T16:15:00,2026-03-05T17:00:00,DOWN
MOV-000649,TRN-12025,SEC-BCT-ST,2026-03-05T17:15:00,2026-03-05T17:44:00,DOWN
MOV-000650,TRN-12025,SEC-ST-BRC,2026-03-05T17:59:00,2026-03-05T18:51:00,DOWN
MOV-000651,TRN-12025,SEC-CNB-PRYJ,2026-03-06T11:30:00,2026-03-06T12:00:00,DOWN
MOV-000652,TRN-12025,SEC-ST-BRC,2026-03-07T20:45:00,2026-03-07T21:29:00,DOWN
MOV-000653,TRN-12025,SEC-BCT-ST,2026-03-08T07:30:00,2026-03-08T08:21:00,DOWN
MOV-000654,TRN-12025,SEC-ST-BRC,2026-03-09T07:45:00,2026-03-09T08:25:00,DOWN
MOV-000655,TRN-12025,SEC-NDLS-GZB,2026-03-10T19:45:00,2026-03-10T20:13:00,DOWN
MOV-000656,TRN-12025,SEC-BRC-ADI,2026-03-11T21:30:00,2026-03-11T22:15:00,DOWN
MOV-000657,TRN-12025,SEC-GZB-CNB,2026-03-11T22:35:00,2026-03-11T23:11:00,DOWN
MOV-000658,TRN-12025,SEC-HWH-KGP,2026-03-11T23:32:00,2026-03-12T00:06:00,DOWN
MOV-000659,TRN-12025,SEC-CNB-PRYJ,2026-03-12T17:30:00,2026-03-12T18:03:00,DOWN
MOV-000660,TRN-12025,SEC-PRYJ-DDU,2026-03-12T18:24:00,2026-03-12T19:03:00,DOWN
MOV-000661,TRN-12025,SEC-MAS-RU,2026-03-12T19:31:00,2026-03-12T20:14:00,DOWN
MOV-000662,TRN-12025,SEC-HWH-KGP,2026-03-13T12:30:00,2026-03-13T13:12:00,DOWN
MOV-000663,TRN-12025,SEC-BCT-ST,2026-03-13T13:26:00,2026-03-13T14:10:00,DOWN
MOV-000664,TRN-12025,SEC-CNB-PRYJ,2026-03-13T14:33:00,2026-03-13T15:25:00,DOWN
MOV-000665,TRN-12025,SEC-DDU-PNBE,2026-03-14T12:00:00,2026-03-14T12:40:00,DOWN
MOV-000666,TRN-12025,SEC-HWH-KGP,2026-03-14T12:58:00,2026-03-14T13:25:00,DOWN
MOV-000667,TRN-12026,SEC-BCT-ST,2026-03-01T23:30:00,2026-03-01T23:56:00,UP
MOV-000668,TRN-12026,SEC-PRYJ-DDU,2026-03-02T00:15:00,2026-03-02T00:57:00,UP
MOV-000669,TRN-12026,SEC-DDU-PNBE,2026-03-02T02:15:00,2026-03-02T02:48:00,UP
MOV-000670,TRN-12026,SEC-NDLS-GZB,2026-03-02T03:16:00,2026-03-02T04:00:00,UP
MOV-000671,TRN-12026,SEC-HWH-KGP,2026-03-02T04:18:00,2026-03-02T05:01:00,UP
MOV-000672,TRN-12026,SEC-NDLS-GZB,2026-03-03T01:00:00,2026-03-03T01:43:00,UP
MOV-000673,TRN-12026,SEC-MAS-RU,2026-03-03T02:12:00,2026-03-03T02:39:00,UP
MOV-000674,TRN-12026,SEC-BCT-ST,2026-03-04T02:15:00,2026-03-04T02:59:00,UP
MOV-000675,TRN-12026,SEC-MAS-RU,2026-03-05T03:45:00,2026-03-05T04:28:00,UP
MOV-000676,TRN-12026,SEC-MAS-RU,2026-03-06T22:30:00,2026-03-06T23:07:00,UP
MOV-000677,TRN-12026,SEC-ST-BRC,2026-03-06T23:31:00,2026-03-07T00:01:00,UP
MOV-000678,TRN-12026,SEC-NDLS-GZB,2026-03-07T00:30:00,2026-03-07T01:07:00,UP
MOV-000679,TRN-12026,SEC-DDU-PNBE,2026-03-07T00:45:00,2026-03-07T01:30:00,UP
MOV-000680,TRN-12026,SEC-GZB-CNB,2026-03-08T01:00:00,2026-03-08T01:36:00,UP
MOV-000681,TRN-12026,SEC-PRYJ-DDU,2026-03-08T01:48:00,2026-03-08T02:36:00,UP
MOV-000682,TRN-12026,SEC-NDLS-GZB,2026-03-08T02:58:00,2026-03-08T03:46:00,UP
MOV-000683,TRN-12026,SEC-BRC-ADI,2026-03-09T02:15:00,2026-03-09T02:57:00,UP
MOV-000684,TRN-12026,SEC-CNB-PRYJ,2026-03-09T03:23:00,2026-03-09T03:50:00,UP
MOV-000685,TRN-12026,SEC-HWH-KGP,2026-03-10T02:15:00,2026-03-10T03:06:00,UP
MOV-000686,TRN-12026,SEC-PRYJ-DDU,2026-03-11T02:30:00,2026-03-11T03:03:00,UP
MOV-000687,TRN-12026,SEC-GZB-CNB,2026-03-11T03:32:00,2026-03-11T04:03:00,UP
MOV-000688,TRN-12026,SEC-GZB-CNB,2026-03-12T23:45:00,2026-03-13T00:22:00,UP
MOV-000689,TRN-12026,SEC-MAS-RU,2026-03-13T00:42:00,2026-03-13T01:07:00,UP
MOV-000690,TRN-12026,SEC-BRC-ADI,2026-03-13T01:22:00,2026-03-13T02:02:00,UP
MOV-000691,TRN-12026,SEC-HWH-KGP,2026-03-13T00:00:00,2026-03-13T00:45:00,UP
MOV-000692,TRN-12026,SEC-CNB-PRYJ,2026-03-14T01:30:00,2026-03-14T02:13:00,UP
MOV-000693,TRN-12026,SEC-BCT-ST,2026-03-14T02:34:00,2026-03-14T03:25:00,UP
MOV-000694,TRN-12026,SEC-ST-BRC,2026-03-14T03:48:00,2026-03-14T04:23:00,UP
MOV-000695,TRN-12027,SEC-HWH-KGP,2026-03-01T14:30:00,2026-03-01T15:17:00,DOWN
MOV-000696,TRN-12027,SEC-DDU-PNBE,2026-03-01T15:34:00,2026-03-01T16:10:00,DOWN
MOV-000697,TRN-12027,SEC-GZB-CNB,2026-03-01T16:36:00,2026-03-01T17:27:00,DOWN
MOV-000698,TRN-12027,SEC-BRC-ADI,2026-03-02T11:45:00,2026-03-02T12:27:00,DOWN
MOV-000699,TRN-12027,SEC-BRC-ADI,2026-03-03T12:45:00,2026-03-03T13:12:00,DOWN
MOV-000700,TRN-12027,SEC-CNB-PRYJ,2026-03-04T08:45:00,2026-03-04T09:13:00,DOWN
MOV-000701,TRN-12027,SEC-NDLS-GZB,2026-03-04T09:27:00,2026-03-04T10:08:00,DOWN
MOV-000702,TRN-12027,SEC-MAS-RU,2026-03-04T10:28:00,2026-03-04T11:18:00,DOWN
MOV-000703,TRN-12027,SEC-GZB-CNB,2026-03-05T17:00:00,2026-03-05T17:28:00,DOWN
MOV-000704,TRN-12027,SEC-NDLS-GZB,2026-03-06T20:30:00,2026-03-06T20:57:00,DOWN
MOV-000705,TRN-12027,SEC-DDU-PNBE,2026-03-06T21:23:00,2026-03-06T21:49:00,DOWN
MOV-000706,TRN-12027,SEC-PRYJ-DDU,2026-03-06T22:18:00,2026-03-06T23:05:00,DOWN
MOV-000707,TRN-12027,SEC-HWH-KGP,2026-03-07T14:00:00,2026-03-07T14:50:00,DOWN
MOV-000708,TRN-12027,SEC-BRC-ADI,2026-03-07T15:15:00,2026-03-07T15:41:00,DOWN
MOV-000709,TRN-12027,SEC-BRC-ADI,2026-03-08T15:30:00,2026-03-08T16:15:00,DOWN
MOV-000710,TRN-12027,SEC-DDU-PNBE,2026-03-08T16:37:00,2026-03-08T17:05:00,DOWN
MOV-000711,TRN-12027,SEC-PRYJ-DDU,2026-03-08T17:23:00,2026-03-08T17:53:00,DOWN
MOV-000712,TRN-12027,SEC-HWH-KGP,2026-03-09T19:00:00,2026-03-09T19:47:00,DOWN
MOV-000713,TRN-12027,SEC-NDLS-GZB,2026-03-09T20:03:00,2026-03-09T20:29:00,DOWN
MOV-000714,TRN-12027,SEC-GZB-CNB,2026-03-09T20:45:00,2026-03-09T21:12:00,DOWN
MOV-000715,TRN-12027,SEC-ST-BRC,2026-03-10T20:45:00,2026-03-10T21:19:00,DOWN
MOV-000716,TRN-12027,SEC-HWH-KGP,2026-03-10T21:37:00,2026-03-10T22:29:00,DOWN
MOV-000717,TRN-12027,SEC-BRC-ADI,2026-03-10T22:45:00,2026-03-10T23:18:00,DOWN
MOV-000718,TRN-12027,SEC-GZB-CNB,2026-03-11T09:30:00,2026-03-11T09:59:00,DOWN
MOV-000719,TRN-12027,SEC-ST-BRC,2026-03-11T10:18:00,2026-03-11T11:11:00,DOWN
MOV-000720,TRN-12027,SEC-BRC-ADI,2026-03-11T11:39:00,2026-03-11T12:22:00,DOWN
MOV-000721,TRN-12027,SEC-PRYJ-DDU,2026-03-12T16:00:00,2026-03-12T16:44:00,DOWN
MOV-000722,TRN-12027,SEC-GZB-CNB,2026-03-12T17:11:00,2026-03-12T17:59:00,DOWN
MOV-000723,TRN-12027,SEC-CNB-PRYJ,2026-03-12T18:15:00,2026-03-12T19:06:00,DOWN
MOV-000724,TRN-12027,SEC-NDLS-GZB,2026-03-13T16:30:00,2026-03-13T17:00:00,DOWN
MOV-000725,TRN-12027,SEC-CNB-PRYJ,2026-03-14T21:15:00,2026-03-14T21:51:00,DOWN
MOV-000726,TRN-12027,SEC-MAS-RU,2026-03-14T22:06:00,2026-03-14T22:53:00,DOWN
MOV-000727,TRN-12027,SEC-NDLS-GZB,2026-03-14T23:09:00,2026-03-14T23:56:00,DOWN
MOV-000728,TRN-12028,SEC-BRC-ADI,2026-03-01T06:00:00,2026-03-01T06:39:00,UP
MOV-000729,TRN-12028,SEC-ST-BRC,2026-03-02T09:00:00,2026-03-02T09:27:00,UP
MOV-000730,TRN-12028,SEC-CNB-PRYJ,2026-03-03T20:15:00,2026-03-03T20:52:00,UP
MOV-000731,TRN-12028,SEC-HWH-KGP,2026-03-03T21:20:00,2026-03-03T21:55:00,UP
MOV-000732,TRN-12028,SEC-MAS-RU,2026-03-03T22:21:00,2026-03-03T23:04:00,UP
MOV-000733,TRN-12028,SEC-ST-BRC,2026-03-04T10:45:00,2026-03-04T11:17:00,UP
MOV-000734,TRN-12028,SEC-BRC-ADI,2026-03-04T11:46:00,2026-03-04T12:26:00,UP
MOV-000735,TRN-12028,SEC-GZB-CNB,2026-03-04T12:42:00,2026-03-04T13:13:00,UP
MOV-000736,TRN-12028,SEC-BCT-ST,2026-03-05T05:30:00,2026-03-05T05:57:00,UP
MOV-000737,TRN-12028,SEC-DDU-PNBE,2026-03-05T06:14:00,2026-03-05T07:08:00,UP
MOV-000738,TRN-12028,SEC-PRYJ-DDU,2026-03-05T07:35:00,2026-03-05T08:29:00,UP
MOV-000739,TRN-12028,SEC-DDU-PNBE,2026-03-06T12:00:00,2026-03-06T12:51:00,UP
MOV-000740,TRN-12028,SEC-CNB-PRYJ,2026-03-06T13:20:00,2026-03-06T14:09:00,UP
MOV-000741,TRN-12028,SEC-NDLS-GZB,2026-03-06T14:34:00,2026-03-06T15:23:00,UP
MOV-000742,TRN-12028,SEC-ST-BRC,2026-03-07T12:45:00,2026-03-07T13:13:00,UP
MOV-000743,TRN-12028,SEC-PRYJ-DDU,2026-03-07T13:40:00,2026-03-07T14:28:00,UP
MOV-000744,TRN-12028,SEC-NDLS-GZB,2026-03-07T14:40:00,2026-03-07T15:23:00,UP
MOV-000745,TRN-12028,SEC-DDU-PNBE,2026-03-08T13:30:00,2026-03-08T14:07:00,UP
MOV-000746,TRN-12028,SEC-HWH-KGP,2026-03-08T14:32:00,2026-03-08T15:15:00,UP
MOV-000747,TRN-12028,SEC-BCT-ST,2026-03-08T15:38:00,2026-03-08T16:25:00,UP
MOV-000748,TRN-12028,SEC-PRYJ-DDU,2026-03-09T14:30:00,2026-03-09T15:16:00,UP
MOV-000749,TRN-12028,SEC-BRC-ADI,2026-03-09T15:41:00,2026-03-09T16:30:00,UP
MOV-000750,TRN-12028,SEC-BRC-ADI,2026-03-10T06:15:00,2026-03-10T07:00:00,UP
MOV-000751,TRN-12028,SEC-DDU-PNBE,2026-03-10T07:20:00,2026-03-10T08:06:00,UP
MOV-000752,TRN-12028,SEC-ST-BRC,2026-03-10T08:25:00,2026-03-10T09:05:00,UP
MOV-000753,TRN-12028,SEC-DDU-PNBE,2026-03-11T18:00:00,2026-03-11T18:31:00,UP
MOV-000754,TRN-12028,SEC-ST-BRC,2026-03-12T10:15:00,2026-03-12T11:05:00,UP
MOV-000755,TRN-12028,SEC-DDU-PNBE,2026-03-12T11:24:00,2026-03-12T12:10:00,UP
MOV-000756,TRN-12028,SEC-GZB-CNB,2026-03-13T07:15:00,2026-03-13T08:00:00,UP
MOV-000757,TRN-12028,SEC-DDU-PNBE,2026-03-13T08:24:00,2026-03-13T08:56:00,UP
MOV-000758,TRN-12028,SEC-MAS-RU,2026-03-14T13:30:00,2026-03-14T14:04:00,UP
MOV-000759,TRN-12028,SEC-ST-BRC,2026-03-14T14:20:00,2026-03-14T15:04:00,UP
MOV-000760,TRN-12028,SEC-PRYJ-DDU,2026-03-14T15:26:00,2026-03-14T16:07:00,UP
MOV-000761,TRN-12029,SEC-DDU-PNBE,2026-03-01T00:45:00,2026-03-01T01:15:00,DOWN
MOV-000762,TRN-12029,SEC-BRC-ADI,2026-03-01T01:30:00,2026-03-01T02:06:00,DOWN
MOV-000763,TRN-12029,SEC-ST-BRC,2026-03-02T01:30:00,2026-03-02T02:12:00,DOWN
MOV-000764,TRN-12029,SEC-HWH-KGP,2026-03-03T02:00:00,2026-03-03T02:28:00,DOWN
MOV-000765,TRN-12029,SEC-MAS-RU,2026-03-03T02:57:00,2026-03-03T03:45:00,DOWN
MOV-000766,TRN-12029,SEC-BCT-ST,2026-03-03T04:08:00,2026-03-03T05:02:00,DOWN
MOV-000767,TRN-12029,SEC-HWH-KGP,2026-03-04T23:00:00,2026-03-04T23:32:00,DOWN
MOV-000768,TRN-12029,SEC-HWH-KGP,2026-03-05T00:30:00,2026-03-05T01:11:00,DOWN
MOV-000769,TRN-12029,SEC-ST-BRC,2026-03-05T01:39:00,2026-03-05T02:11:00,DOWN
MOV-000770,TRN-12029,SEC-BCT-ST,2026-03-05T02:30:00,2026-03-05T03:13:00,DOWN
MOV-000771,TRN-12029,SEC-ST-BRC,2026-03-06T00:15:00,2026-03-06T01:00:00,DOWN
MOV-000772,TRN-12029,SEC-BRC-ADI,2026-03-06T01:21:00,2026-03-06T01:55:00,DOWN
MOV-000773,TRN-12029,SEC-CNB-PRYJ,2026-03-07T22:15:00,2026-03-07T22:59:00,DOWN
MOV-000774,TRN-12029,SEC-GZB-CNB,2026-03-07T23:20:00,2026-03-07T23:53:00,DOWN
MOV-000775,TRN-12029,SEC-NDLS-GZB,2026-03-08T00:14:00,2026-03-08T00:42:00,DOWN
MOV-000776,TRN-12029,SEC-GZB-CNB,2026-03-08T00:00:00,2026-03-08T00:39:00,DOWN
MOV-000777,TRN-12029,SEC-NDLS-GZB,2026-03-09T03:15:00,2026-03-09T04:01:00,DOWN
MOV-000778,TRN-12029,SEC-CNB-PRYJ,2026-03-10T01:00:00,2026-03-10T01:31:00,DOWN
MOV-000779,TRN-12029,SEC-DDU-PNBE,2026-03-11T22:30:00,2026-03-11T23:02:00,DOWN
MOV-000780,TRN-12029,SEC-PRYJ-DDU,2026-03-11T23:21:00,2026-03-11T23:50:00,DOWN
MOV-000781,TRN-12029,SEC-CNB-PRYJ,2026-03-12T00:14:00,2026-03-12T01:04:00,DOWN
MOV-000782,TRN-12029,SEC-ST-BRC,2026-03-12T00:00:00,2026-03-12T00:50:00,DOWN
MOV-000783,TRN-12029,SEC-PRYJ-DDU,2026-03-12T01:10:00,2026-03-12T01:35:00,DOWN
MOV-000784,TRN-12029,SEC-BCT-ST,2026-03-12T01:58:00,2026-03-12T02:46:00,DOWN
MOV-000785,TRN-12029,SEC-DDU-PNBE,2026-03-13T00:00:00,2026-03-13T00:49:00,DOWN
MOV-000786,TRN-12029,SEC-HWH-KGP,2026-03-13T01:09:00,2026-03-13T01:34:00,DOWN
MOV-000787,TRN-12029,SEC-PRYJ-DDU,2026-03-13T01:58:00,2026-03-13T02:27:00,DOWN
MOV-000788,TRN-12029,SEC-CNB-PRYJ,2026-03-14T22:45:00,2026-03-14T23:29:00,DOWN
MOV-000789,TRN-12029,SEC-MAS-RU,2026-03-14T23:41:00,2026-03-15T00:24:00,DOWN
MOV-000790,TRN-12030,SEC-DDU-PNBE,2026-03-01T07:30:00,2026-03-01T08:03:00,UP
MOV-000791,TRN-12030,SEC-BCT-ST,2026-03-01T08:25:00,2026-03-01T08:57:00,UP
MOV-000792,TRN-12030,SEC-NDLS-GZB,2026-03-01T09:18:00,2026-03-01T10:00:00,UP
MOV-000793,TRN-12030,SEC-CNB-PRYJ,2026-03-02T17:45:00,2026-03-02T18:23:00,UP
MOV-000794,TRN-12030,SEC-BRC-ADI,2026-03-02T18:47:00,2026-03-02T19:12:00,UP
MOV-000795,TRN-12030,SEC-ST-BRC,2026-03-02T19:24:00,2026-03-02T20:11:00,UP
MOV-000796,TRN-12030,SEC-DDU-PNBE,2026-03-03T07:15:00,2026-03-03T08:04:00,UP
MOV-000797,TRN-12030,SEC-GZB-CNB,2026-03-03T08:28:00,2026-03-03T09:17:00,UP
MOV-000798,TRN-12030,SEC-GZB-CNB,2026-03-04T18:00:00,2026-03-04T18:54:00,UP
MOV-000799,TRN-12030,SEC-BCT-ST,2026-03-05T07:45:00,2026-03-05T08:17:00,UP
MOV-000800,TRN-12030,SEC-NDLS-GZB,2026-03-06T07:00:00,2026-03-06T07:36:00,UP
MOV-000801,TRN-12030,SEC-CNB-PRYJ,2026-03-06T07:58:00,2026-03-06T08:42:00,UP
MOV-000802,TRN-12030,SEC-MAS-RU,2026-03-07T18:00:00,2026-03-07T18:49:00,UP
MOV-000803,TRN-12030,SEC-BRC-ADI,2026-03-07T19:16:00,2026-03-07T19:42:00,UP
MOV-000804,TRN-12030,SEC-BCT-ST,2026-03-07T20:01:00,2026-03-07T20:33:00,UP
MOV-000805,TRN-12030,SEC-DDU-PNBE,2026-03-08T06:30:00,2026-03-08T07:05:00,UP
MOV-000806,TRN-12030,SEC-BRC-ADI,2026-03-08T07:19:00,2026-03-08T07:57:00,UP
MOV-000807,TRN-12030,SEC-PRYJ-DDU,2026-03-08T08:17:00,2026-03-08T08:55:00,UP
MOV-000808,TRN-12030,SEC-GZB-CNB,2026-03-09T06:30:00,2026-03-09T07:11:00,UP
MOV-000809,TRN-12030,SEC-ST-BRC,2026-03-09T07:22:00,2026-03-09T07:49:00,UP
MOV-000810,TRN-12030,SEC-MAS-RU,2026-03-10T17:15:00,2026-03-10T17:40:00,UP
MOV-000811,TRN-12030,SEC-GZB-CNB,2026-03-11T06:45:00,2026-03-11T07:30:00,UP
MOV-000812,TRN-12030,SEC-PRYJ-DDU,2026-03-11T07:44:00,2026-03-11T08:16:00,UP
MOV-000813,TRN-12030,SEC-PRYJ-DDU,2026-03-12T17:00:00,2026-03-12T17:43:00,UP
MOV-000814,TRN-12030,SEC-PRYJ-DDU,2026-03-13T17:15:00,2026-03-13T17:56:00,UP
MOV-000815,TRN-12030,SEC-NDLS-GZB,2026-03-13T18:15:00,2026-03-13T19:09:00,UP
MOV-000816,TRN-12030,SEC-ST-BRC,2026-03-14T18:30:00,2026-03-14T19:17:00,UP
MOV-000817,TRN-12031,SEC-BCT-ST,2026-03-01T10:00:00,2026-03-01T10:41:00,DOWN
MOV-000818,TRN-12031,SEC-MAS-RU,2026-03-01T10:56:00,2026-03-01T11:45:00,DOWN
MOV-000819,TRN-12031,SEC-PRYJ-DDU,2026-03-02T10:30:00,2026-03-02T11:06:00,DOWN
MOV-000820,TRN-12031,SEC-HWH-KGP,2026-03-02T11:26:00,2026-03-02T12:19:00,DOWN
MOV-000821,TRN-12031,SEC-BCT-ST,2026-03-02T12:48:00,2026-03-02T13:27:00,DOWN
MOV-000822,TRN-12031,SEC-BCT-ST,2026-03-03T06:15:00,2026-03-03T06:57:00,DOWN
MOV-000823,TRN-12031,SEC-MAS-RU,2026-03-03T07:08:00,2026-03-03T07:44:00,DOWN
MOV-000824,TRN-12031,SEC-DDU-PNBE,2026-03-03T08:09:00,2026-03-03T08:51:00,DOWN
MOV-000825,TRN-12031,SEC-BCT-ST,2026-03-04T18:00:00,2026-03-04T18:28:00,DOWN
MOV-000826,TRN-12031,SEC-CNB-PRYJ,2026-03-04T18:49:00,2026-03-04T19:31:00,DOWN
MOV-000827,TRN-12031,SEC-BRC-ADI,2026-03-04T19:52:00,2026-03-04T20:21:00,DOWN
MOV-000828,TRN-12031,SEC-BCT-ST,2026-03-05T06:00:00,2026-03-05T06:50:00,DOWN
MOV-000829,TRN-12031,SEC-ST-BRC,2026-03-05T07:07:00,2026-03-05T07:55:00,DOWN
MOV-000830,TRN-12031,SEC-ST-BRC,2026-03-06T19:15:00,2026-03-06T19:58:00,DOWN
MOV-000831,TRN-12031,SEC-HWH-KGP,2026-03-06T20:18:00,2026-03-06T20:46:00,DOWN
MOV-000832,TRN-12031,SEC-BRC-ADI,2026-03-06T21:10:00,2026-03-06T21:36:00,DOWN
MOV-000833,TRN-12031,SEC-ST-BRC,2026-03-07T07:15:00,2026-03-07T08:09:00,DOWN
MOV-000834,TRN-12031,SEC-DDU-PNBE,2026-03-07T08:29:00,2026-03-07T09:20:00,DOWN
MOV-000835,TRN-12031,SEC-BRC-ADI,2026-03-07T09:44:00,2026-03-07T10:12:00,DOWN
MOV-000836,TRN-12031,SEC-HWH-KGP,2026-03-08T19:00:00,2026-03-08T19:28:00,DOWN
MOV-000837,TRN-12031,SEC-BRC-ADI,2026-03-08T19:49:00,2026-03-08T20:41:00,DOWN
MOV-000838,TRN-12031,SEC-NDLS-GZB,2026-03-08T20:55:00,2026-03-08T21:25:00,DOWN
MOV-000839,TRN-12031,SEC-GZB-CNB,2026-03-09T11:00:00,2026-03-09T11:25:00,DOWN
MOV-000840,TRN-12031,SEC-CNB-PRYJ,2026-03-09T11:53:00,2026-03-09T12:47:00,DOWN
MOV-000841,TRN-12031,SEC-BRC-ADI,2026-03-10T19:15:00,2026-03-10T19:52:00,DOWN
MOV-000842,TRN-12031,SEC-CNB-PRYJ,2026-03-10T20:10:00,2026-03-10T20:48:00,DOWN
MOV-000843,TRN-12031,SEC-GZB-CNB,2026-03-10T21:13:00,2026-03-10T21:38:00,DOWN
MOV-000844,TRN-12031,SEC-ST-BRC,2026-03-11T18:45:00,2026-03-11T19:21:00,DOWN
MOV-000845,TRN-12031,SEC-HWH-KGP,2026-03-11T19:42:00,2026-03-11T20:09:00,DOWN
MOV-000846,TRN-12031,SEC-DDU-PNBE,2026-03-11T20:25:00,2026-03-11T20:57:00,DOWN
MOV-000847,TRN-12031,SEC-BCT-ST,2026-03-12T13:30:00,2026-03-12T14:20:00,DOWN
MOV-000848,TRN-12031,SEC-GZB-CNB,2026-03-12T14:45:00,2026-03-12T15:16:00,DOWN
MOV-000849,TRN-12031,SEC-HWH-KGP,2026-03-13T05:15:00,2026-03-13T05:44:00,DOWN
MOV-000850,TRN-12031,SEC-NDLS-GZB,2026-03-14T14:00:00,2026-03-14T14:37:00,DOWN
MOV-000851,TRN-12031,SEC-HWH-KGP,2026-03-14T14:52:00,2026-03-14T15:21:00,DOWN
MOV-000852,TRN-12031,SEC-BRC-ADI,2026-03-14T15:49:00,2026-03-14T16:26:00,DOWN
MOV-000853,TRN-12032,SEC-CNB-PRYJ,2026-03-01T01:15:00,2026-03-01T01:48:00,UP
MOV-000854,TRN-12032,SEC-BRC-ADI,2026-03-01T02:09:00,2026-03-01T02:38:00,UP
MOV-000855,TRN-12032,SEC-DDU-PNBE,2026-03-02T23:00:00,2026-03-02T23:25:00,UP
MOV-000856,TRN-12032,SEC-NDLS-GZB,2026-03-03T01:00:00,2026-03-03T01:35:00,UP
MOV-000857,TRN-12032,SEC-BRC-ADI,2026-03-03T02:02:00,2026-03-03T02:29:00,UP
MOV-000858,TRN-12032,SEC-DDU-PNBE,2026-03-03T02:41:00,2026-03-03T03:31:00,UP
MOV-000859,TRN-12032,SEC-GZB-CNB,2026-03-04T01:00:00,2026-03-04T01:42:00,UP
MOV-000860,TRN-12032,SEC-ST-BRC,2026-03-05T00:45:00,2026-03-05T01:34:00,UP
MOV-000861,TRN-12032,SEC-MAS-RU,2026-03-06T02:00:00,2026-03-06T02:35:00,UP
MOV-000862,TRN-12032,SEC-NDLS-GZB,2026-03-07T22:30:00,2026-03-07T22:58:00,UP
MOV-000863,TRN-12032,SEC-GZB-CNB,2026-03-08T03:00:00,2026-03-08T03:36:00,UP
MOV-000864,TRN-12032,SEC-HWH-KGP,2026-03-08T03:54:00,2026-03-08T04:20:00,UP
MOV-000865,TRN-12032,SEC-PRYJ-DDU,2026-03-09T03:00:00,2026-03-09T03:41:00,UP
MOV-000866,TRN-12032,SEC-GZB-CNB,2026-03-09T04:05:00,2026-03-09T04:35:00,UP
MOV-000867,TRN-12032,SEC-PRYJ-DDU,2026-03-10T23:15:00,2026-03-11T00:09:00,UP
MOV-000868,TRN-12032,SEC-BCT-ST,2026-03-11T00:19:00,2026-03-11T00:47:00,UP
MOV-000869,TRN-12032,SEC-MAS-RU,2026-03-11T00:57:00,2026-03-11T01:33:00,UP
MOV-000870,TRN-12032,SEC-BCT-ST,2026-03-11T03:30:00,2026-03-11T04:06:00,UP
MOV-000871,TRN-12032,SEC-PRYJ-DDU,2026-03-12T01:00:00,2026-03-12T01:36:00,UP
MOV-000872,TRN-12032,SEC-DDU-PNBE,2026-03-12T01:59:00,2026-03-12T02:27:00,UP
MOV-000873,TRN-12032,SEC-NDLS-GZB,2026-03-12T02:47:00,2026-03-12T03:37:00,UP
MOV-000874,TRN-12032,SEC-BCT-ST,2026-03-13T00:00:00,2026-03-13T00:35:00,UP
MOV-000875,TRN-12032,SEC-NDLS-GZB,2026-03-14T22:00:00,2026-03-14T22:34:00,UP
MOV-000876,TRN-12032,SEC-MAS-RU,2026-03-14T22:54:00,2026-03-14T23:26:00,UP
MOV-000877,TRN-12033,SEC-GZB-CNB,2026-03-01T05:00:00,2026-03-01T05:33:00,DOWN
MOV-000878,TRN-12033,SEC-HWH-KGP,2026-03-02T15:15:00,2026-03-02T15:47:00,DOWN
MOV-000879,TRN-12033,SEC-MAS-RU,2026-03-02T16:02:00,2026-03-02T16:55:00,DOWN
MOV-000880,TRN-12033,SEC-CNB-PRYJ,2026-03-02T17:18:00,2026-03-02T17:48:00,DOWN
MOV-000881,TRN-12033,SEC-ST-BRC,2026-03-03T08:00:00,2026-03-03T08:29:00,DOWN
MOV-000882,TRN-12033,SEC-GZB-CNB,2026-03-03T08:54:00,2026-03-03T09:21:00,DOWN
MOV-000883,TRN-12033,SEC-HWH-KGP,2026-03-04T15:15:00,2026-03-04T16:03:00,DOWN
MOV-000884,TRN-12033,SEC-ST-BRC,2026-03-04T16:27:00,2026-03-04T17:01:00,DOWN
MOV-000885,TRN-12033,SEC-BRC-ADI,2026-03-05T20:45:00,2026-03-05T21:20:00,DOWN
MOV-000886,TRN-12033,SEC-ST-BRC,2026-03-05T21:48:00,2026-03-05T22:21:00,DOWN
MOV-000887,TRN-12033,SEC-CNB-PRYJ,2026-03-05T22:47:00,2026-03-05T23:24:00,DOWN
MOV-000888,TRN-12033,SEC-NDLS-GZB,2026-03-06T06:30:00,2026-03-06T06:55:00,DOWN
MOV-000889,TRN-12033,SEC-DDU-PNBE,2026-03-06T07:11:00,2026-03-06T08:03:00,DOWN
MOV-000890,TRN-12033,SEC-PRYJ-DDU,2026-03-07T16:00:00,2026-03-07T16:42:00,DOWN
MOV-000891,TRN-12033,SEC-MAS-RU,2026-03-07T16:57:00,2026-03-07T17:48:00,DOWN
MOV-000892,TRN-12033,SEC-ST-BRC,2026-03-08T16:30:00,2026-03-08T17:05:00,DOWN
MOV-000893,TRN-12033,SEC-DDU-PNBE,2026-03-08T17:15:00,2026-03-08T18:00:00,DOWN
MOV-000894,TRN-12033,SEC-BCT-ST,2026-03-09T21:15:00,2026-03-09T21:52:00,DOWN
MOV-000895,TRN-12033,SEC-PRYJ-DDU,2026-03-09T22:17:00,2026-03-09T22:54:00,DOWN
MOV-000896,TRN-12033,SEC-DDU-PNBE,2026-03-10T21:30:00,2026-03-10T22:07:00,DOWN
MOV-000897,TRN-12033,SEC-HWH-KGP,2026-03-10T22:17:00,2026-03-10T22:43:00,DOWN
MOV-000898,TRN-12033,SEC-PRYJ-DDU,2026-03-10T23:12:00,2026-03-10T23:52:00,DOWN
MOV-000899,TRN-12033,SEC-GZB-CNB,2026-03-11T18:30:00,2026-03-11T19:16:00,DOWN
MOV-000900,TRN-12033,SEC-ST-BRC,2026-03-11T19:26:00,2026-03-11T20:12:00,DOWN
MOV-000901,TRN-12033,SEC-ST-BRC,2026-03-12T09:30:00,2026-03-12T10:20:00,DOWN
MOV-000902,TRN-12033,SEC-BRC-ADI,2026-03-12T10:34:00,2026-03-12T11:03:00,DOWN
MOV-000903,TRN-12033,SEC-NDLS-GZB,2026-03-13T08:30:00,2026-03-13T09:07:00,DOWN
MOV-000904,TRN-12033,SEC-ST-BRC,2026-03-13T09:26:00,2026-03-13T10:14:00,DOWN
MOV-000905,TRN-12033,SEC-HWH-KGP,2026-03-14T07:45:00,2026-03-14T08:25:00,DOWN
MOV-000906,TRN-12033,SEC-MAS-RU,2026-03-14T08:43:00,2026-03-14T09:22:00,DOWN
MOV-000907,TRN-12034,SEC-MAS-RU,2026-03-01T14:15:00,2026-03-01T15:00:00,UP
MOV-000908,TRN-12034,SEC-HWH-KGP,2026-03-02T11:00:00,2026-03-02T11:25:00,UP
MOV-000909,TRN-12034,SEC-DDU-PNBE,2026-03-03T19:30:00,2026-03-03T20:17:00,UP
MOV-000910,TRN-12034,SEC-CNB-PRYJ,2026-03-04T11:30:00,2026-03-04T11:59:00,UP
MOV-000911,TRN-12034,SEC-MAS-RU,2026-03-04T12:22:00,2026-03-04T13:03:00,UP
MOV-000912,TRN-12034,SEC-BCT-ST,2026-03-05T16:15:00,2026-03-05T16:53:00,UP
MOV-000913,TRN-12034,SEC-CNB-PRYJ,2026-03-06T12:45:00,2026-03-06T13:26:00,UP
MOV-000914,TRN-12034,SEC-BCT-ST,2026-03-07T07:30:00,2026-03-07T08:09:00,UP
MOV-000915,TRN-12034,SEC-GZB-CNB,2026-03-07T08:22:00,2026-03-07T08:56:00,UP
MOV-000916,TRN-12034,SEC-DDU-PNBE,2026-03-08T12:15:00,2026-03-08T12:54:00,UP
MOV-000917,TRN-12034,SEC-HWH-KGP,2026-03-08T13:23:00,2026-03-08T14:12:00,UP
MOV-000918,TRN-12034,SEC-NDLS-GZB,2026-03-09T08:15:00,2026-03-09T08:52:00,UP
MOV-000919,TRN-12034,SEC-HWH-KGP,2026-03-09T09:18:00,2026-03-09T10:03:00,UP
MOV-000920,TRN-12034,SEC-ST-BRC,2026-03-10T19:15:00,2026-03-10T19:45:00,UP
MOV-000921,TRN-12034,SEC-MAS-RU,2026-03-10T20:03:00,2026-03-10T20:29:00,UP
MOV-000922,TRN-12034,SEC-BCT-ST,2026-03-11T18:00:00,2026-03-11T18:27:00,UP
MOV-000923,TRN-12034,SEC-HWH-KGP,2026-03-12T20:30:00,2026-03-12T21:19:00,UP
MOV-000924,TRN-12034,SEC-CNB-PRYJ,2026-03-12T21:32:00,2026-03-12T22:03:00,UP
MOV-000925,TRN-12034,SEC-BCT-ST,2026-03-12T22:22:00,2026-03-12T22:59:00,UP
MOV-000926,TRN-12034,SEC-DDU-PNBE,2026-03-13T11:15:00,2026-03-13T11:43:00,UP
MOV-000927,TRN-12034,SEC-HWH-KGP,2026-03-13T12:11:00,2026-03-13T12:50:00,UP
MOV-000928,TRN-12034,SEC-MAS-RU,2026-03-13T13:14:00,2026-03-13T13:46:00,UP
MOV-000929,TRN-12034,SEC-ST-BRC,2026-03-14T20:15:00,2026-03-14T20:41:00,UP
MOV-000930,TRN-12035,SEC-NDLS-GZB,2026-03-01T16:15:00,2026-03-01T16:41:00,DOWN
MOV-000931,TRN-12035,SEC-GZB-CNB,2026-03-01T16:54:00,2026-03-01T17:19:00,DOWN
MOV-000932,TRN-12035,SEC-HWH-KGP,2026-03-01T17:45:00,2026-03-01T18:23:00,DOWN
MOV-000933,TRN-12035,SEC-NDLS-GZB,2026-03-02T08:30:00,2026-03-02T08:56:00,DOWN
MOV-000934,TRN-12035,SEC-BRC-ADI,2026-03-02T09:13:00,2026-03-02T09:59:00,DOWN
MOV-000935,TRN-12035,SEC-BRC-ADI,2026-03-03T08:30:00,2026-03-03T08:56:00,DOWN
MOV-000936,TRN-12035,SEC-GZB-CNB,2026-03-03T09:13:00,2026-03-03T10:01:00,DOWN
MOV-000937,TRN-12035,SEC-DDU-PNBE,2026-03-04T09:45:00,2026-03-04T10:35:00,DOWN
MOV-000938,TRN-12035,SEC-NDLS-GZB,2026-03-04T10:48:00,2026-03-04T11:29:00,DOWN
MOV-000939,TRN-12035,SEC-CNB-PRYJ,2026-03-05T13:00:00,2026-03-05T13:46:00,DOWN
MOV-000940,TRN-12035,SEC-PRYJ-DDU,2026-03-05T14:14:00,2026-03-05T15:06:00,DOWN
MOV-000941,TRN-12035,SEC-HWH-KGP,2026-03-05T15:33:00,2026-03-05T16:25:00,DOWN
MOV-000942,TRN-12035,SEC-GZB-CNB,2026-03-06T21:30:00,2026-03-06T22:18:00,DOWN
MOV-000943,TRN-12035,SEC-CNB-PRYJ,2026-03-07T18:45:00,2026-03-07T19:38:00,DOWN
MOV-000944,TRN-12035,SEC-ST-BRC,2026-03-07T20:04:00,2026-03-07T20:35:00,DOWN
MOV-000945,TRN-12035,SEC-GZB-CNB,2026-03-08T13:45:00,2026-03-08T14:31:00,DOWN
MOV-000946,TRN-12035,SEC-BCT-ST,2026-03-08T14:57:00,2026-03-08T15:24:00,DOWN
MOV-000947,TRN-12035,SEC-NDLS-GZB,2026-03-09T16:15:00,2026-03-09T16:44:00,DOWN
MOV-000948,TRN-12035,SEC-PRYJ-DDU,2026-03-09T17:00:00,2026-03-09T17:50:00,DOWN
MOV-000949,TRN-12035,SEC-HWH-KGP,2026-03-09T18:00:00,2026-03-09T18:53:00,DOWN
MOV-000950,TRN-12035,SEC-HWH-KGP,2026-03-10T07:00:00,2026-03-10T07:46:00,DOWN
MOV-000951,TRN-12035,SEC-NDLS-GZB,2026-03-10T08:13:00,2026-03-10T08:52:00,DOWN
MOV-000952,TRN-12035,SEC-DDU-PNBE,2026-03-10T09:14:00,2026-03-10T09:57:00,DOWN
MOV-000953,TRN-12035,SEC-MAS-RU,2026-03-11T08:00:00,2026-03-11T08:28:00,DOWN
MOV-000954,TRN-12035,SEC-ST-BRC,2026-03-11T08:50:00,2026-03-11T09:32:00,DOWN
MOV-000955,TRN-12035,SEC-CNB-PRYJ,2026-03-12T08:45:00,2026-03-12T09:17:00,DOWN
MOV-000956,TRN-12035,SEC-BCT-ST,2026-03-12T09:36:00,2026-03-12T10:14:00,DOWN
MOV-000957,TRN-12035,SEC-MAS-RU,2026-03-12T10:25:00,2026-03-12T11:18:00,DOWN
MOV-000958,TRN-12035,SEC-BRC-ADI,2026-03-13T13:15:00,2026-03-13T13:51:00,DOWN
MOV-000959,TRN-12035,SEC-HWH-KGP,2026-03-13T14:06:00,2026-03-13T14:43:00,DOWN
MOV-000960,TRN-12035,SEC-BCT-ST,2026-03-14T10:15:00,2026-03-14T11:01:00,DOWN
MOV-000961,TRN-12036,SEC-HWH-KGP,2026-03-01T23:00:00,2026-03-01T23:44:00,UP
MOV-000962,TRN-12036,SEC-DDU-PNBE,2026-03-02T00:13:00,2026-03-02T01:06:00,UP
MOV-000963,TRN-12036,SEC-CNB-PRYJ,2026-03-02T01:24:00,2026-03-02T02:10:00,UP
MOV-000964,TRN-12036,SEC-ST-BRC,2026-03-02T02:30:00,2026-03-02T03:17:00,UP
MOV-000965,TRN-12036,SEC-BRC-ADI,2026-03-02T03:34:00,2026-03-02T04:11:00,UP
MOV-000966,TRN-12036,SEC-HWH-KGP,2026-03-02T04:36:00,2026-03-02T05:09:00,UP
MOV-000967,TRN-12036,SEC-DDU-PNBE,2026-03-03T02:15:00,2026-03-03T03:08:00,UP
MOV-000968,TRN-12036,SEC-PRYJ-DDU,2026-03-04T03:45:00,2026-03-04T04:29:00,UP
MOV-000969,TRN-12036,SEC-BCT-ST,2026-03-04T04:57:00,2026-03-04T05:37:00,UP
MOV-000970,TRN-12036,SEC-ST-BRC,2026-03-05T00:45:00,2026-03-05T01:16:00,UP
MOV-000971,TRN-12036,SEC-BRC-ADI,2026-03-05T01:33:00,2026-03-05T02:14:00,UP
MOV-000972,TRN-12036,SEC-PRYJ-DDU,2026-03-05T02:26:00,2026-03-05T03:12:00,UP
MOV-000973,TRN-12036,SEC-PRYJ-DDU,2026-03-06T23:15:00,2026-03-07T00:09:00,UP
MOV-000974,TRN-12036,SEC-ST-BRC,2026-03-07T22:45:00,2026-03-07T23:16:00,UP
MOV-000975,TRN-12036,SEC-CNB-PRYJ,2026-03-08T01:30:00,2026-03-08T02:16:00,UP
MOV-000976,TRN-12036,SEC-HWH-KGP,2026-03-08T02:28:00,2026-03-08T03:19:00,UP
MOV-000977,TRN-12036,SEC-MAS-RU,2026-03-08T03:36:00,2026-03-08T04:20:00,UP
MOV-000978,TRN-12036,SEC-GZB-CNB,2026-03-09T22:30:00,2026-03-09T23:21:00,UP
MOV-000979,TRN-12036,SEC-HWH-KGP,2026-03-10T01:00:00,2026-03-10T01:54:00,UP
MOV-000980,TRN-12036,SEC-BCT-ST,2026-03-11T01:15:00,2026-03-11T01:58:00,UP
MOV-000981,TRN-12036,SEC-PRYJ-DDU,2026-03-12T01:00:00,2026-03-12T01:43:00,UP
MOV-000982,TRN-12036,SEC-PRYJ-DDU,2026-03-13T22:15:00,2026-03-13T23:04:00,UP
MOV-000983,TRN-12036,SEC-NDLS-GZB,2026-03-13T23:31:00,2026-03-14T00:00:00,UP
MOV-000984,TRN-12036,SEC-GZB-CNB,2026-03-14T00:16:00,2026-03-14T00:47:00,UP
MOV-000985,TRN-12036,SEC-HWH-KGP,2026-03-14T00:00:00,2026-03-14T00:46:00,UP
MOV-000986,TRN-12036,SEC-GZB-CNB,2026-03-14T01:08:00,2026-03-14T02:01:00,UP
MOV-000987,TRN-12037,SEC-DDU-PNBE,2026-03-01T08:00:00,2026-03-01T08:25:00,DOWN
MOV-000988,TRN-12037,SEC-DDU-PNBE,2026-03-02T17:30:00,2026-03-02T18:11:00,DOWN
MOV-000989,TRN-12037,SEC-HWH-KGP,2026-03-02T18:39:00,2026-03-02T19:08:00,DOWN
MOV-000990,TRN-12037,SEC-GZB-CNB,2026-03-03T12:15:00,2026-03-03T13:06:00,DOWN
MOV-000991,TRN-12037,SEC-BCT-ST,2026-03-04T16:00:00,2026-03-04T16:45:00,DOWN
MOV-000992,TRN-12037,SEC-HWH-KGP,2026-03-04T17:03:00,2026-03-04T17:51:00,DOWN
MOV-000993,TRN-12037,SEC-CNB-PRYJ,2026-03-05T06:45:00,2026-03-05T07:13:00,DOWN
MOV-000994,TRN-12037,SEC-MAS-RU,2026-03-06T11:00:00,2026-03-06T11:37:00,DOWN
MOV-000995,TRN-12037,SEC-GZB-CNB,2026-03-06T11:58:00,2026-03-06T12:36:00,DOWN
MOV-000996,TRN-12037,SEC-ST-BRC,2026-03-07T06:30:00,2026-03-07T07:10:00,DOWN
MOV-000997,TRN-12037,SEC-DDU-PNBE,2026-03-07T07:37:00,2026-03-07T08:11:00,DOWN
MOV-000998,TRN-12037,SEC-BCT-ST,2026-03-07T08:38:00,2026-03-07T09:28:00,DOWN
MOV-000999,TRN-12037,SEC-ST-BRC,2026-03-08T14:30:00,2026-03-08T15:20:00,DOWN
MOV-001000,TRN-12037,SEC-HWH-KGP,2026-03-08T15:46:00,2026-03-08T16:35:00,DOWN
MOV-001001,TRN-12037,SEC-CNB-PRYJ,2026-03-09T08:00:00,2026-03-09T08:45:00,DOWN
MOV-001002,TRN-12037,SEC-ST-BRC,2026-03-10T12:00:00,2026-03-10T12:33:00,DOWN
MOV-001003,TRN-12037,SEC-GZB-CNB,2026-03-10T13:01:00,2026-03-10T13:40:00,DOWN
MOV-001004,TRN-12037,SEC-CNB-PRYJ,2026-03-10T13:58:00,2026-03-10T14:31:00,DOWN
MOV-001005,TRN-12037,SEC-BCT-ST,2026-03-11T16:45:00,2026-03-11T17:25:00,DOWN
MOV-001006,TRN-12037,SEC-DDU-PNBE,2026-03-11T17:36:00,2026-03-11T18:22:00,DOWN
MOV-001007,TRN-12037,SEC-NDLS-GZB,2026-03-11T18:50:00,2026-03-11T19:21:00,DOWN
MOV-001008,TRN-12037,SEC-NDLS-GZB,2026-03-12T17:15:00,2026-03-12T18:05:00,DOWN
MOV-001009,TRN-12037,SEC-BCT-ST,2026-03-12T18:22:00,2026-03-12T18:54:00,DOWN
MOV-001010,TRN-12037,SEC-CNB-PRYJ,2026-03-12T19:21:00,2026-03-12T20:08:00,DOWN
MOV-001011,TRN-12037,SEC-ST-BRC,2026-03-13T21:45:00,2026-03-13T22:39:00,DOWN
MOV-001012,TRN-12037,SEC-NDLS-GZB,2026-03-13T23:02:00,2026-03-13T23:44:00,DOWN
MOV-001013,TRN-12037,SEC-PRYJ-DDU,2026-03-14T00:05:00,2026-03-14T00:33:00,DOWN
MOV-001014,TRN-12037,SEC-PRYJ-DDU,2026-03-14T05:45:00,2026-03-14T06:20:00,DOWN
MOV-001015,TRN-12037,SEC-DDU-PNBE,2026-03-14T06:43:00,2026-03-14T07:30:00,DOWN
MOV-001016,TRN-12037,SEC-CNB-PRYJ,2026-03-14T07:41:00,2026-03-14T08:19:00,DOWN
MOV-001017,TRN-12038,SEC-BRC-ADI,2026-03-01T19:00:00,2026-03-01T19:44:00,UP
MOV-001018,TRN-12038,SEC-HWH-KGP,2026-03-01T20:03:00,2026-03-01T20:28:00,UP
MOV-001019,TRN-12038,SEC-BCT-ST,2026-03-01T20:43:00,2026-03-01T21:37:00,UP
MOV-001020,TRN-12038,SEC-CNB-PRYJ,2026-03-02T09:30:00,2026-03-02T09:59:00,UP
MOV-001021,TRN-12038,SEC-MAS-RU,2026-03-02T10:15:00,2026-03-02T11:05:00,UP
MOV-001022,TRN-12038,SEC-DDU-PNBE,2026-03-03T05:30:00,2026-03-03T06:06:00,UP
MOV-001023,TRN-12038,SEC-CNB-PRYJ,2026-03-03T06:20:00,2026-03-03T07:02:00,UP
MOV-001024,TRN-12038,SEC-CNB-PRYJ,2026-03-04T20:00:00,2026-03-04T20:42:00,UP
MOV-001025,TRN-12038,SEC-NDLS-GZB,2026-03-05T19:45:00,2026-03-05T20:11:00,UP
MOV-001026,TRN-12038,SEC-GZB-CNB,2026-03-05T20:34:00,2026-03-05T21:16:00,UP
MOV-001027,TRN-12038,SEC-MAS-RU,2026-03-05T21:43:00,2026-03-05T22:25:00,UP
MOV-001028,TRN-12038,SEC-BRC-ADI,2026-03-06T18:00:00,2026-03-06T18:30:00,UP
MOV-001029,TRN-12038,SEC-NDLS-GZB,2026-03-07T17:00:00,2026-03-07T17:39:00,UP
MOV-001030,TRN-12038,SEC-CNB-PRYJ,2026-03-08T17:45:00,2026-03-08T18:19:00,UP
MOV-001031,TRN-12038,SEC-ST-BRC,2026-03-08T18:30:00,2026-03-08T19:24:00,UP
MOV-001032,TRN-12038,SEC-HWH-KGP,2026-03-09T12:15:00,2026-03-09T12:46:00,UP
MOV-001033,TRN-12038,SEC-CNB-PRYJ,2026-03-10T10:00:00,2026-03-10T10:40:00,UP
MOV-001034,TRN-12038,SEC-HWH-KGP,2026-03-10T10:54:00,2026-03-10T11:21:00,UP
MOV-001035,TRN-12038,SEC-GZB-CNB,2026-03-10T11:36:00,2026-03-10T12:09:00,UP
MOV-001036,TRN-12038,SEC-ST-BRC,2026-03-11T21:15:00,2026-03-11T21:45:00,UP
MOV-001037,TRN-12038,SEC-BCT-ST,2026-03-11T22:04:00,2026-03-11T22:32:00,UP
MOV-001038,TRN-12038,SEC-NDLS-GZB,2026-03-11T23:00:00,2026-03-11T23:42:00,UP
MOV-001039,TRN-12038,SEC-MAS-RU,2026-03-12T13:45:00,2026-03-12T14:37:00,UP
MOV-001040,TRN-12038,SEC-GZB-CNB,2026-03-12T15:01:00,2026-03-12T15:41:00,UP
MOV-001041,TRN-12038,SEC-CNB-PRYJ,2026-03-12T16:04:00,2026-03-12T16:36:00,UP
MOV-001042,TRN-12038,SEC-NDLS-GZB,2026-03-13T19:45:00,2026-03-13T20:26:00,UP
MOV-001043,TRN-12038,SEC-CNB-PRYJ,2026-03-14T17:45:00,2026-03-14T18:35:00,UP
MOV-001044,TRN-12039,SEC-MAS-RU,2026-03-01T01:45:00,2026-03-01T02:14:00,DOWN
MOV-001045,TRN-12039,SEC-BCT-ST,2026-03-02T02:15:00,2026-03-02T02:46:00,DOWN
MOV-001046,TRN-12039,SEC-GZB-CNB,2026-03-02T02:58:00,2026-03-02T03:36:00,DOWN
MOV-001047,TRN-12039,SEC-HWH-KGP,2026-03-02T03:55:00,2026-03-02T04:30:00,DOWN
MOV-001048,TRN-12039,SEC-DDU-PNBE,2026-03-03T00:30:00,2026-03-03T01:12:00,DOWN
MOV-001049,TRN-12039,SEC-PRYJ-DDU,2026-03-03T01:37:00,2026-03-03T02:17:00,DOWN
MOV-001050,TRN-12039,SEC-HWH-KGP,2026-03-03T02:39:00,2026-03-03T03:22:00,DOWN
MOV-001051,TRN-12039,SEC-MAS-RU,2026-03-04T23:15:00,2026-03-04T23:58:00,DOWN
MOV-001052,TRN-12039,SEC-NDLS-GZB,2026-03-05T00:15:00,2026-03-05T00:52:00,DOWN
MOV-001053,TRN-12039,SEC-DDU-PNBE,2026-03-05T01:06:00,2026-03-05T01:49:00,DOWN
MOV-001054,TRN-12039,SEC-MAS-RU,2026-03-05T02:45:00,2026-03-05T03:34:00,DOWN
MOV-001055,TRN-12039,SEC-PRYJ-DDU,2026-03-05T04:02:00,2026-03-05T04:45:00,DOWN
MOV-001056,TRN-12039,SEC-NDLS-GZB,2026-03-05T05:07:00,2026-03-05T05:54:00,DOWN
MOV-001057,TRN-12039,SEC-ST-BRC,2026-03-06T01:15:00,2026-03-06T01:40:00,DOWN
MOV-001058,TRN-12039,SEC-CNB-PRYJ,2026-03-06T01:50:00,2026-03-06T02:44:00,DOWN
MOV-001059,TRN-12039,SEC-ST-BRC,2026-03-07T23:15:00,2026-03-08T00:00:00,DOWN
MOV-001060,TRN-12039,SEC-CNB-PRYJ,2026-03-08T00:18:00,2026-03-08T00:56:00,DOWN
MOV-001061,TRN-12039,SEC-BRC-ADI,2026-03-08T22:45:00,2026-03-08T23:18:00,DOWN
MOV-001062,TRN-12039,SEC-PRYJ-DDU,2026-03-08T23:36:00,2026-03-09T00:03:00,DOWN
MOV-001063,TRN-12039,SEC-ST-BRC,2026-03-09T00:14:00,2026-03-09T00:50:00,DOWN
MOV-001064,TRN-12039,SEC-HWH-KGP,2026-03-09T00:45:00,2026-03-09T01:18:00,DOWN
MOV-001065,TRN-12039,SEC-MAS-RU,2026-03-10T00:45:00,2026-03-10T01:16:00,DOWN
MOV-001066,TRN-12039,SEC-NDLS-GZB,2026-03-10T01:36:00,2026-03-10T02:04:00,DOWN
MOV-001067,TRN-12039,SEC-ST-BRC,2026-03-10T02:20:00,2026-03-10T02:45:00,DOWN
MOV-001068,TRN-12039,SEC-DDU-PNBE,2026-03-11T22:15:00,2026-03-11T22:55:00,DOWN
MOV-001069,TRN-12039,SEC-PRYJ-DDU,2026-03-12T00:00:00,2026-03-12T00:50:00,DOWN
MOV-001070,TRN-12039,SEC-BCT-ST,2026-03-12T01:18:00,2026-03-12T01:50:00,DOWN
MOV-001071,TRN-12039,SEC-GZB-CNB,2026-03-12T02:00:00,2026-03-12T02:33:00,DOWN
MOV-001072,TRN-12039,SEC-CNB-PRYJ,2026-03-13T22:15:00,2026-03-13T22:40:00,DOWN
MOV-001073,TRN-12039,SEC-CNB-PRYJ,2026-03-14T02:30:00,2026-03-14T03:22:00,DOWN
MOV-001074,TRN-12040,SEC-PRYJ-DDU,2026-03-01T15:15:00,2026-03-01T16:00:00,UP
MOV-001075,TRN-12040,SEC-ST-BRC,2026-03-02T16:30:00,2026-03-02T17:21:00,UP
MOV-001076,TRN-12040,SEC-DDU-PNBE,2026-03-03T14:00:00,2026-03-03T14:46:00,UP
MOV-001077,TRN-12040,SEC-CNB-PRYJ,2026-03-03T15:02:00,2026-03-03T15:50:00,UP
MOV-001078,TRN-12040,SEC-PRYJ-DDU,2026-03-03T16:01:00,2026-03-03T16:37:00,UP
MOV-001079,TRN-12040,SEC-DDU-PNBE,2026-03-04T05:30:00,2026-03-04T06:13:00,UP
MOV-001080,TRN-12040,SEC-BRC-ADI,2026-03-04T06:24:00,2026-03-04T06:51:00,UP
MOV-001081,TRN-12040,SEC-GZB-CNB,2026-03-04T07:01:00,2026-03-04T07:28:00,UP
MOV-001082,TRN-12040,SEC-GZB-CNB,2026-03-05T05:45:00,2026-03-05T06:39:00,UP
MOV-001083,TRN-12040,SEC-BRC-ADI,2026-03-05T07:01:00,2026-03-05T07:46:00,UP
MOV-001084,TRN-12040,SEC-CNB-PRYJ,2026-03-05T08:06:00,2026-03-05T08:46:00,UP
MOV-001085,TRN-12040,SEC-GZB-CNB,2026-03-06T13:45:00,2026-03-06T14:38:00,UP
MOV-001086,TRN-12040,SEC-BCT-ST,2026-03-06T14:58:00,2026-03-06T15:46:00,UP
MOV-001087,TRN-12040,SEC-BRC-ADI,2026-03-07T12:15:00,2026-03-07T13:06:00,UP
MOV-001088,TRN-12040,SEC-BRC-ADI,2026-03-08T07:45:00,2026-03-08T08:34:00,UP
MOV-001089,TRN-12040,SEC-CNB-PRYJ,2026-03-08T09:03:00,2026-03-08T09:42:00,UP
MOV-001090,TRN-12040,SEC-HWH-KGP,2026-03-08T09:53:00,2026-03-08T10:23:00,UP
MOV-001091,TRN-12040,SEC-CNB-PRYJ,2026-03-09T19:00:00,2026-03-09T19:40:00,UP
MOV-001092,TRN-12040,SEC-PRYJ-DDU,2026-03-09T19:59:00,2026-03-09T20:37:00,UP
MOV-001093,TRN-12040,SEC-PRYJ-DDU,2026-03-10T16:00:00,2026-03-10T16:38:00,UP
MOV-001094,TRN-12040,SEC-GZB-CNB,2026-03-11T20:30:00,2026-03-11T21:08:00,UP
MOV-001095,TRN-12040,SEC-PRYJ-DDU,2026-03-12T16:00:00,2026-03-12T16:31:00,UP
MOV-001096,TRN-12040,SEC-BCT-ST,2026-03-12T16:47:00,2026-03-12T17:22:00,UP
MOV-001097,TRN-12040,SEC-NDLS-GZB,2026-03-12T17:32:00,2026-03-12T18:25:00,UP
MOV-001098,TRN-12040,SEC-DDU-PNBE,2026-03-13T20:15:00,2026-03-13T20:53:00,UP
MOV-001099,TRN-12040,SEC-HWH-KGP,2026-03-13T21:18:00,2026-03-13T21:44:00,UP
MOV-001100,TRN-12040,SEC-NDLS-GZB,2026-03-14T20:45:00,2026-03-14T21:20:00,UP
MOV-001101,TRN-12040,SEC-DDU-PNBE,2026-03-14T21:39:00,2026-03-14T22:07:00,UP
MOV-001102,TRN-12040,SEC-CNB-PRYJ,2026-03-14T22:26:00,2026-03-14T23:12:00,UP
MOV-001103,TRN-12041,SEC-HWH-KGP,2026-03-01T14:15:00,2026-03-01T14:43:00,DOWN
MOV-001104,TRN-12041,SEC-DDU-PNBE,2026-03-01T14:59:00,2026-03-01T15:37:00,DOWN
MOV-001105,TRN-12041,SEC-DDU-PNBE,2026-03-02T13:15:00,2026-03-02T13:55:00,DOWN
MOV-001106,TRN-12041,SEC-GZB-CNB,2026-03-03T15:15:00,2026-03-03T15:44:00,DOWN
MOV-001107,TRN-12041,SEC-NDLS-GZB,2026-03-04T19:45:00,2026-03-04T20:28:00,DOWN
MOV-001108,TRN-12041,SEC-BCT-ST,2026-03-05T15:15:00,2026-03-05T15:58:00,DOWN
MOV-001109,TRN-12041,SEC-ST-BRC,2026-03-05T16:15:00,2026-03-05T16:53:00,DOWN
MOV-001110,TRN-12041,SEC-DDU-PNBE,2026-03-05T17:19:00,2026-03-05T17:55:00,DOWN
MOV-001111,TRN-12041,SEC-GZB-CNB,2026-03-06T11:15:00,2026-03-06T11:52:00,DOWN
MOV-001112,TRN-12041,SEC-NDLS-GZB,2026-03-06T12:02:00,2026-03-06T12:38:00,DOWN
MOV-001113,TRN-12041,SEC-GZB-CNB,2026-03-07T05:15:00,2026-03-07T06:02:00,DOWN
MOV-001114,TRN-12041,SEC-MAS-RU,2026-03-08T14:30:00,2026-03-08T15:18:00,DOWN
MOV-001115,TRN-12041,SEC-DDU-PNBE,2026-03-08T15:37:00,2026-03-08T16:04:00,DOWN
MOV-001116,TRN-12041,SEC-BRC-ADI,2026-03-08T16:26:00,2026-03-08T17:20:00,DOWN
MOV-001117,TRN-12041,SEC-BRC-ADI,2026-03-09T05:45:00,2026-03-09T06:19:00,DOWN
MOV-001118,TRN-12041,SEC-GZB-CNB,2026-03-09T06:34:00,2026-03-09T07:16:00,DOWN
MOV-001119,TRN-12041,SEC-BRC-ADI,2026-03-10T11:15:00,2026-03-10T11:40:00,DOWN
MOV-001120,TRN-12041,SEC-PRYJ-DDU,2026-03-11T06:15:00,2026-03-11T06:58:00,DOWN
MOV-001121,TRN-12041,SEC-ST-BRC,2026-03-12T13:45:00,2026-03-12T14:10:00,DOWN
MOV-001122,TRN-12041,SEC-GZB-CNB,2026-03-12T14:28:00,2026-03-12T15:01:00,DOWN
MOV-001123,TRN-12041,SEC-MAS-RU,2026-03-13T18:30:00,2026-03-13T19:18:00,DOWN
MOV-001124,TRN-12041,SEC-HWH-KGP,2026-03-13T19:33:00,2026-03-13T20:24:00,DOWN
MOV-001125,TRN-12041,SEC-PRYJ-DDU,2026-03-13T20:39:00,2026-03-13T21:16:00,DOWN
MOV-001126,TRN-12041,SEC-CNB-PRYJ,2026-03-14T09:45:00,2026-03-14T10:27:00,DOWN
MOV-001127,TRN-12042,SEC-MAS-RU,2026-03-01T20:30:00,2026-03-01T21:14:00,UP
MOV-001128,TRN-12042,SEC-MAS-RU,2026-03-02T19:15:00,2026-03-02T19:51:00,UP
MOV-001129,TRN-12042,SEC-DDU-PNBE,2026-03-02T20:01:00,2026-03-02T20:36:00,UP
MOV-001130,TRN-12042,SEC-HWH-KGP,2026-03-03T14:45:00,2026-03-03T15:25:00,UP
MOV-001131,TRN-12042,SEC-MAS-RU,2026-03-03T15:45:00,2026-03-03T16:21:00,UP
MOV-001132,TRN-12042,SEC-GZB-CNB,2026-03-04T11:00:00,2026-03-04T11:46:00,UP
MOV-001133,TRN-12042,SEC-PRYJ-DDU,2026-03-04T12:01:00,2026-03-04T12:37:00,UP
MOV-001134,TRN-12042,SEC-CNB-PRYJ,2026-03-05T11:30:00,2026-03-05T12:14:00,UP
MOV-001135,TRN-12042,SEC-NDLS-GZB,2026-03-05T12:25:00,2026-03-05T13:05:00,UP
MOV-001136,TRN-12042,SEC-ST-BRC,2026-03-06T12:30:00,2026-03-06T13:06:00,UP
MOV-001137,TRN-12042,SEC-BCT-ST,2026-03-06T13:31:00,2026-03-06T14:05:00,UP
MOV-001138,TRN-12042,SEC-CNB-PRYJ,2026-03-06T14:16:00,2026-03-06T15:02:00,UP
MOV-001139,TRN-12042,SEC-GZB-CNB,2026-03-07T14:00:00,2026-03-07T14:48:00,UP
MOV-001140,TRN-12042,SEC-BCT-ST,2026-03-07T15:17:00,2026-03-07T15:47:00,UP
MOV-001141,TRN-12042,SEC-DDU-PNBE,2026-03-08T14:45:00,2026-03-08T15:22:00,UP
MOV-001142,TRN-12042,SEC-PRYJ-DDU,2026-03-09T16:15:00,2026-03-09T17:06:00,UP
MOV-001143,TRN-12042,SEC-BRC-ADI,2026-03-09T17:21:00,2026-03-09T18:09:00,UP
MOV-001144,TRN-12042,SEC-BCT-ST,2026-03-10T13:00:00,2026-03-10T13:30:00,UP
MOV-001145,TRN-12042,SEC-PRYJ-DDU,2026-03-10T13:52:00,2026-03-10T14:25:00,UP
MOV-001146,TRN-12042,SEC-MAS-RU,2026-03-10T14:36:00,2026-03-10T15:11:00,UP
MOV-001147,TRN-12042,SEC-PRYJ-DDU,2026-03-11T06:30:00,2026-03-11T07:14:00,UP
MOV-001148,TRN-12042,SEC-GZB-CNB,2026-03-11T07:35:00,2026-03-11T08:05:00,UP
MOV-001149,TRN-12042,SEC-BCT-ST,2026-03-12T07:00:00,2026-03-12T07:39:00,UP
MOV-001150,TRN-12042,SEC-CNB-PRYJ,2026-03-12T07:58:00,2026-03-12T08:24:00,UP
MOV-001151,TRN-12042,SEC-HWH-KGP,2026-03-12T08:49:00,2026-03-12T09:31:00,UP
MOV-001152,TRN-12042,SEC-ST-BRC,2026-03-13T14:30:00,2026-03-13T15:20:00,UP
MOV-001153,TRN-12042,SEC-BCT-ST,2026-03-14T15:00:00,2026-03-14T15:32:00,UP
MOV-001154,TRN-12042,SEC-ST-BRC,2026-03-14T15:57:00,2026-03-14T16:51:00,UP
MOV-001155,TRN-12042,SEC-DDU-PNBE,2026-03-14T17:06:00,2026-03-14T17:43:00,UP
MOV-001156,TRN-12043,SEC-PRYJ-DDU,2026-03-01T06:00:00,2026-03-01T06:51:00,DOWN
MOV-001157,TRN-12043,SEC-HWH-KGP,2026-03-01T07:15:00,2026-03-01T08:01:00,DOWN
MOV-001158,TRN-12043,SEC-GZB-CNB,2026-03-02T18:00:00,2026-03-02T18:27:00,DOWN
MOV-001159,TRN-12043,SEC-CNB-PRYJ,2026-03-02T18:49:00,2026-03-02T19:20:00,DOWN
MOV-001160,TRN-12043,SEC-PRYJ-DDU,2026-03-02T19:31:00,2026-03-02T20:08:00,DOWN
MOV-001161,TRN-12043,SEC-CNB-PRYJ,2026-03-03T07:15:00,2026-03-03T08:01:00,DOWN
MOV-001162,TRN-12043,SEC-HWH-KGP,2026-03-03T08:20:00,2026-03-03T08:57:00,DOWN
MOV-001163,TRN-12043,SEC-MAS-RU,2026-03-03T09:13:00,2026-03-03T09:42:00,DOWN
MOV-001164,TRN-12043,SEC-GZB-CNB,2026-03-04T08:45:00,2026-03-04T09:19:00,DOWN
MOV-001165,TRN-12043,SEC-PRYJ-DDU,2026-03-05T07:00:00,2026-03-05T07:31:00,DOWN
MOV-001166,TRN-12043,SEC-NDLS-GZB,2026-03-06T18:15:00,2026-03-06T18:49:00,DOWN
MOV-001167,TRN-12043,SEC-CNB-PRYJ,2026-03-07T16:15:00,2026-03-07T16:41:00,DOWN
MOV-001168,TRN-12043,SEC-BCT-ST,2026-03-07T17:00:00,2026-03-07T17:44:00,DOWN
MOV-001169,TRN-12043,SEC-HWH-KGP,2026-03-08T16:30:00,2026-03-08T17:05:00,DOWN
MOV-001170,TRN-12043,SEC-PRYJ-DDU,2026-03-08T17:17:00,2026-03-08T17:48:00,DOWN
MOV-001171,TRN-12043,SEC-BCT-ST,2026-03-08T18:06:00,2026-03-08T18:46:00,DOWN
MOV-001172,TRN-12043,SEC-BRC-ADI,2026-03-09T06:45:00,2026-03-09T07:30:00,DOWN
MOV-001173,TRN-12043,SEC-MAS-RU,2026-03-10T06:45:00,2026-03-10T07:29:00,DOWN
MOV-001174,TRN-12043,SEC-BCT-ST,2026-03-11T08:00:00,2026-03-11T08:37:00,DOWN
MOV-001175,TRN-12043,SEC-MAS-RU,2026-03-11T09:01:00,2026-03-11T09:33:00,DOWN
MOV-001176,TRN-12043,SEC-BRC-ADI,2026-03-11T09:58:00,2026-03-11T10:41:00,DOWN
MOV-001177,TRN-12043,SEC-DDU-PNBE,2026-03-12T16:15:00,2026-03-12T16:41:00,DOWN
MOV-001178,TRN-12043,SEC-PRYJ-DDU,2026-03-12T17:06:00,2026-03-12T17:37:00,DOWN
MOV-001179,TRN-12043,SEC-MAS-RU,2026-03-13T06:00:00,2026-03-13T06:52:00,DOWN
MOV-001180,TRN-12043,SEC-HWH-KGP,2026-03-14T06:45:00,2026-03-14T07:20:00,DOWN
MOV-001181,TRN-12043,SEC-DDU-PNBE,2026-03-14T07:45:00,2026-03-14T08:25:00,DOWN
MOV-001182,TRN-12044,SEC-MAS-RU,2026-03-01T16:00:00,2026-03-01T16:47:00,UP
MOV-001183,TRN-12044,SEC-BCT-ST,2026-03-01T17:13:00,2026-03-01T18:02:00,UP
MOV-001184,TRN-12044,SEC-BRC-ADI,2026-03-02T21:30:00,2026-03-02T22:13:00,UP
MOV-001185,TRN-12044,SEC-PRYJ-DDU,2026-03-02T22:34:00,2026-03-02T23:18:00,UP
MOV-001186,TRN-12044,SEC-HWH-KGP,2026-03-03T17:00:00,2026-03-03T17:44:00,UP
MOV-001187,TRN-12044,SEC-ST-BRC,2026-03-03T17:55:00,2026-03-03T18:28:00,UP
MOV-001188,TRN-12044,SEC-BRC-ADI,2026-03-03T18:52:00,2026-03-03T19:34:00,UP
MOV-001189,TRN-12044,SEC-DDU-PNBE,2026-03-04T17:00:00,2026-03-04T17:35:00,UP
MOV-001190,TRN-12044,SEC-HWH-KGP,2026-03-04T17:49:00,2026-03-04T18:19:00,UP
MOV-001191,TRN-12044,SEC-PRYJ-DDU,2026-03-04T18:35:00,2026-03-04T19:07:00,UP
MOV-001192,TRN-12044,SEC-NDLS-GZB,2026-03-05T20:00:00,2026-03-05T20:54:00,UP
MOV-001193,TRN-12044,SEC-BRC-ADI,2026-03-06T09:15:00,2026-03-06T09:59:00,UP
MOV-001194,TRN-12044,SEC-BCT-ST,2026-03-06T10:09:00,2026-03-06T10:55:00,UP
MOV-001195,TRN-12044,SEC-CNB-PRYJ,2026-03-06T11:05:00,2026-03-06T11:57:00,UP
MOV-001196,TRN-12044,SEC-MAS-RU,2026-03-07T14:30:00,2026-03-07T15:03:00,UP
MOV-001197,TRN-12044,SEC-BCT-ST,2026-03-08T17:45:00,2026-03-08T18:27:00,UP
MOV-001198,TRN-12044,SEC-DDU-PNBE,2026-03-08T18:56:00,2026-03-08T19:32:00,UP
MOV-001199,TRN-12044,SEC-BRC-ADI,2026-03-09T18:45:00,2026-03-09T19:36:00,UP
MOV-001200,TRN-12044,SEC-ST-BRC,2026-03-09T20:05:00,2026-03-09T20:47:00,UP
MOV-001201,TRN-12044,SEC-HWH-KGP,2026-03-09T21:11:00,2026-03-09T22:05:00,UP
MOV-001202,TRN-12044,SEC-BRC-ADI,2026-03-10T07:45:00,2026-03-10T08:24:00,UP
MOV-001203,TRN-12044,SEC-PRYJ-DDU,2026-03-10T08:39:00,2026-03-10T09:12:00,UP
MOV-001204,TRN-12044,SEC-HWH-KGP,2026-03-11T14:00:00,2026-03-11T14:35:00,UP
MOV-001205,TRN-12044,SEC-CNB-PRYJ,2026-03-11T14:51:00,2026-03-11T15:21:00,UP
MOV-001206,TRN-12044,SEC-ST-BRC,2026-03-12T14:15:00,2026-03-12T14:56:00,UP
MOV-001207,TRN-12044,SEC-NDLS-GZB,2026-03-12T15:10:00,2026-03-12T15:51:00,UP
MOV-001208,TRN-12044,SEC-BRC-ADI,2026-03-13T07:30:00,2026-03-13T08:18:00,UP
MOV-001209,TRN-12044,SEC-BCT-ST,2026-03-13T08:45:00,2026-03-13T09:20:00,UP
MOV-001210,TRN-12044,SEC-MAS-RU,2026-03-14T09:45:00,2026-03-14T10:34:00,UP
MOV-001211,TRN-12044,SEC-BCT-ST,2026-03-14T11:01:00,2026-03-14T11:31:00,UP
MOV-001212,TRN-12044,SEC-CNB-PRYJ,2026-03-14T11:56:00,2026-03-14T12:44:00,UP
MOV-001213,TRN-12045,SEC-DDU-PNBE,2026-03-01T22:00:00,2026-03-01T22:34:00,DOWN
MOV-001214,TRN-12045,SEC-CNB-PRYJ,2026-03-01T23:03:00,2026-03-01T23:46:00,DOWN
MOV-001215,TRN-12045,SEC-PRYJ-DDU,2026-03-01T23:59:00,2026-03-02T00:41:00,DOWN
MOV-001216,TRN-12045,SEC-BCT-ST,2026-03-02T00:00:00,2026-03-02T00:26:00,DOWN
MOV-001217,TRN-12045,SEC-BRC-ADI,2026-03-03T00:00:00,2026-03-03T00:52:00,DOWN
MOV-001218,TRN-12045,SEC-GZB-CNB,2026-03-04T03:45:00,2026-03-04T04:21:00,DOWN
MOV-001219,TRN-12045,SEC-BRC-ADI,2026-03-04T04:48:00,2026-03-04T05:38:00,DOWN
MOV-001220,TRN-12045,SEC-MAS-RU,2026-03-04T05:58:00,2026-03-04T06:45:00,DOWN
MOV-001221,TRN-12045,SEC-GZB-CNB,2026-03-05T22:00:00,2026-03-05T22:51:00,DOWN
MOV-001222,TRN-12045,SEC-DDU-PNBE,2026-03-05T23:15:00,2026-03-05T23:53:00,DOWN
MOV-001223,TRN-12045,SEC-BCT-ST,2026-03-06T00:19:00,2026-03-06T01:08:00,DOWN
MOV-001224,TRN-12045,SEC-BCT-ST,2026-03-06T00:15:00,2026-03-06T00:55:00,DOWN
MOV-001225,TRN-12045,SEC-DDU-PNBE,2026-03-07T00:45:00,2026-03-07T01:17:00,DOWN
MOV-001226,TRN-12045,SEC-NDLS-GZB,2026-03-07T01:43:00,2026-03-07T02:37:00,DOWN
MOV-001227,TRN-12045,SEC-PRYJ-DDU,2026-03-07T02:57:00,2026-03-07T03:33:00,DOWN
MOV-001228,TRN-12045,SEC-NDLS-GZB,2026-03-08T00:30:00,2026-03-08T01:11:00,DOWN
MOV-001229,TRN-12045,SEC-ST-BRC,2026-03-09T23:30:00,2026-03-09T23:58:00,DOWN
MOV-001230,TRN-12045,SEC-HWH-KGP,2026-03-10T00:12:00,2026-03-10T00:52:00,DOWN
MOV-001231,TRN-12045,SEC-PRYJ-DDU,2026-03-10T01:07:00,2026-03-10T01:49:00,DOWN
MOV-001232,TRN-12045,SEC-MAS-RU,2026-03-10T01:30:00,2026-03-10T01:55:00,DOWN
MOV-001233,TRN-12045,SEC-HWH-KGP,2026-03-10T02:17:00,2026-03-10T02:48:00,DOWN
MOV-001234,TRN-12045,SEC-BCT-ST,2026-03-11T01:15:00,2026-03-11T01:44:00,DOWN
MOV-001235,TRN-12045,SEC-MAS-RU,2026-03-12T03:00:00,2026-03-12T03:47:00,DOWN
MOV-001236,TRN-12045,SEC-BCT-ST,2026-03-13T23:00:00,2026-03-13T23:27:00,DOWN
MOV-001237,TRN-12045,SEC-HWH-KGP,2026-03-13T23:46:00,2026-03-14T00:17:00,DOWN
MOV-001238,TRN-12045,SEC-NDLS-GZB,2026-03-14T00:28:00,2026-03-14T01:21:00,DOWN
MOV-001239,TRN-12045,SEC-PRYJ-DDU,2026-03-14T23:00:00,2026-03-14T23:40:00,DOWN
MOV-001240,TRN-12045,SEC-CNB-PRYJ,2026-03-14T23:59:00,2026-03-15T00:32:00,DOWN
MOV-001241,TRN-12046,SEC-DDU-PNBE,2026-03-01T21:30:00,2026-03-01T21:58:00,UP
MOV-001242,TRN-12046,SEC-MAS-RU,2026-03-01T22:09:00,2026-03-01T22:45:00,UP
MOV-001243,TRN-12046,SEC-HWH-KGP,2026-03-02T19:45:00,2026-03-02T20:27:00,UP
MOV-001244,TRN-12046,SEC-MAS-RU,2026-03-03T11:15:00,2026-03-03T11:40:00,UP
MOV-001245,TRN-12046,SEC-PRYJ-DDU,2026-03-04T09:00:00,2026-03-04T09:36:00,UP
MOV-001246,TRN-12046,SEC-PRYJ-DDU,2026-03-05T18:45:00,2026-03-05T19:31:00,UP
MOV-001247,TRN-12046,SEC-DDU-PNBE,2026-03-05T19:42:00,2026-03-05T20:26:00,UP
MOV-001248,TRN-12046,SEC-MAS-RU,2026-03-05T20:51:00,2026-03-05T21:22:00,UP
MOV-001249,TRN-12046,SEC-BRC-ADI,2026-03-06T10:15:00,2026-03-06T10:53:00,UP
MOV-001250,TRN-12046,SEC-CNB-PRYJ,2026-03-06T11:19:00,2026-03-06T11:50:00,UP
MOV-001251,TRN-12046,SEC-CNB-PRYJ,2026-03-07T21:15:00,2026-03-07T22:08:00,UP
MOV-001252,TRN-12046,SEC-MAS-RU,2026-03-08T18:15:00,2026-03-08T18:58:00,UP
MOV-001253,TRN-12046,SEC-BRC-ADI,2026-03-08T19:22:00,2026-03-08T20:09:00,UP
MOV-001254,TRN-12046,SEC-PRYJ-DDU,2026-03-08T20:22:00,2026-03-08T21:09:00,UP
MOV-001255,TRN-12046,SEC-HWH-KGP,2026-03-09T09:00:00,2026-03-09T09:34:00,UP
MOV-001256,TRN-12046,SEC-MAS-RU,2026-03-10T13:30:00,2026-03-10T14:18:00,UP
MOV-001257,TRN-12046,SEC-DDU-PNBE,2026-03-10T14:46:00,2026-03-10T15:31:00,UP
MOV-001258,TRN-12046,SEC-PRYJ-DDU,2026-03-11T09:30:00,2026-03-11T10:02:00,UP
MOV-001259,TRN-12046,SEC-CNB-PRYJ,2026-03-11T10:27:00,2026-03-11T10:52:00,UP
MOV-001260,TRN-12046,SEC-MAS-RU,2026-03-12T10:45:00,2026-03-12T11:27:00,UP
MOV-001261,TRN-12046,SEC-PRYJ-DDU,2026-03-13T06:45:00,2026-03-13T07:11:00,UP
MOV-001262,TRN-12046,SEC-PRYJ-DDU,2026-03-14T15:45:00,2026-03-14T16:14:00,UP
MOV-001263,TRN-12046,SEC-GZB-CNB,2026-03-14T16:42:00,2026-03-14T17:35:00,UP
MOV-001264,TRN-12047,SEC-ST-BRC,2026-03-01T14:00:00,2026-03-01T14:51:00,DOWN
MOV-001265,TRN-12047,SEC-MAS-RU,2026-03-01T15:12:00,2026-03-01T15:48:00,DOWN
MOV-001266,TRN-12047,SEC-CNB-PRYJ,2026-03-02T16:45:00,2026-03-02T17:29:00,DOWN
MOV-001267,TRN-12047,SEC-CNB-PRYJ,2026-03-03T11:30:00,2026-03-03T12:23:00,DOWN
MOV-001268,TRN-12047,SEC-HWH-KGP,2026-03-04T19:00:00,2026-03-04T19:54:00,DOWN
MOV-001269,TRN-12047,SEC-MAS-RU,2026-03-05T10:45:00,2026-03-05T11:19:00,DOWN
MOV-001270,TRN-12047,SEC-BRC-ADI,2026-03-05T11:48:00,2026-03-05T12:26:00,DOWN
MOV-001271,TRN-12047,SEC-HWH-KGP,2026-03-06T16:45:00,2026-03-06T17:22:00,DOWN
MOV-001272,TRN-12047,SEC-GZB-CNB,2026-03-07T10:15:00,2026-03-07T11:01:00,DOWN
MOV-001273,TRN-12047,SEC-HWH-KGP,2026-03-07T11:27:00,2026-03-07T11:56:00,DOWN
MOV-001274,TRN-12047,SEC-DDU-PNBE,2026-03-07T12:18:00,2026-03-07T12:55:00,DOWN
MOV-001275,TRN-12047,SEC-PRYJ-DDU,2026-03-08T17:00:00,2026-03-08T17:46:00,DOWN
MOV-001276,TRN-12047,SEC-NDLS-GZB,2026-03-08T17:58:00,2026-03-08T18:33:00,DOWN
MOV-001277,TRN-12047,SEC-BRC-ADI,2026-03-08T18:49:00,2026-03-08T19:36:00,DOWN
MOV-001278,TRN-12047,SEC-BCT-ST,2026-03-09T17:15:00,2026-03-09T18:02:00,DOWN
MOV-001279,TRN-12047,SEC-GZB-CNB,2026-03-09T18:12:00,2026-03-09T19:06:00,DOWN
MOV-001280,TRN-12047,SEC-GZB-CNB,2026-03-10T14:45:00,2026-03-10T15:38:00,DOWN
MOV-001281,TRN-12047,SEC-ST-BRC,2026-03-10T15:57:00,2026-03-10T16:27:00,DOWN
MOV-001282,TRN-12047,SEC-PRYJ-DDU,2026-03-10T16:39:00,2026-03-10T17:08:00,DOWN
MOV-001283,TRN-12047,SEC-BCT-ST,2026-03-11T14:15:00,2026-03-11T15:03:00,DOWN
MOV-001284,TRN-12047,SEC-GZB-CNB,2026-03-11T15:13:00,2026-03-11T16:05:00,DOWN
MOV-001285,TRN-12047,SEC-DDU-PNBE,2026-03-12T12:15:00,2026-03-12T12:40:00,DOWN
MOV-001286,TRN-12047,SEC-BCT-ST,2026-03-12T12:53:00,2026-03-12T13:33:00,DOWN
MOV-001287,TRN-12047,SEC-GZB-CNB,2026-03-12T13:48:00,2026-03-12T14:29:00,DOWN
MOV-001288,TRN-12047,SEC-PRYJ-DDU,2026-03-13T17:00:00,2026-03-13T17:25:00,DOWN
MOV-001289,TRN-12047,SEC-BRC-ADI,2026-03-13T17:42:00,2026-03-13T18:10:00,DOWN
MOV-001290,TRN-12047,SEC-HWH-KGP,2026-03-14T21:45:00,2026-03-14T22:23:00,DOWN
MOV-001291,TRN-12047,SEC-CNB-PRYJ,2026-03-14T22:40:00,2026-03-14T23:25:00,DOWN
MOV-001292,TRN-12047,SEC-DDU-PNBE,2026-03-14T23:42:00,2026-03-15T00:17:00,DOWN
MOV-001293,TRN-12048,SEC-ST-BRC,2026-03-01T06:45:00,2026-03-01T07:19:00,UP
MOV-001294,TRN-12048,SEC-BCT-ST,2026-03-02T07:30:00,2026-03-02T08:03:00,UP
MOV-001295,TRN-12048,SEC-PRYJ-DDU,2026-03-02T08:26:00,2026-03-02T09:07:00,UP
MOV-001296,TRN-12048,SEC-MAS-RU,2026-03-03T13:15:00,2026-03-03T14:06:00,UP
MOV-001297,TRN-12048,SEC-ST-BRC,2026-03-03T14:21:00,2026-03-03T15:07:00,UP
MOV-001298,TRN-12048,SEC-CNB-PRYJ,2026-03-03T15:32:00,2026-03-03T16:17:00,UP
MOV-001299,TRN-12048,SEC-BRC-ADI,2026-03-04T11:15:00,2026-03-04T12:09:00,UP
MOV-001300,TRN-12048,SEC-NDLS-GZB,2026-03-04T12:36:00,2026-03-04T13:19:00,UP
MOV-001301,TRN-12048,SEC-NDLS-GZB,2026-03-05T11:30:00,2026-03-05T12:00:00,UP
MOV-001302,TRN-12048,SEC-HWH-KGP,2026-03-05T12:17:00,2026-03-05T13:00:00,UP
MOV-001303,TRN-12048,SEC-BRC-ADI,2026-03-06T13:45:00,2026-03-06T14:34:00,UP
MOV-001304,TRN-12048,SEC-HWH-KGP,2026-03-06T15:01:00,2026-03-06T15:28:00,UP
MOV-001305,TRN-12048,SEC-BCT-ST,2026-03-06T15:56:00,2026-03-06T16:41:00,UP
MOV-001306,TRN-12048,SEC-GZB-CNB,2026-03-07T17:45:00,2026-03-07T18:15:00,UP
MOV-001307,TRN-12048,SEC-GZB-CNB,2026-03-08T08:15:00,2026-03-08T08:55:00,UP
MOV-001308,TRN-12048,SEC-ST-BRC,2026-03-09T07:30:00,2026-03-09T07:55:00,UP
MOV-001309,TRN-12048,SEC-GZB-CNB,2026-03-09T08:09:00,2026-03-09T08:43:00,UP
MOV-001310,TRN-12048,SEC-NDLS-GZB,2026-03-10T08:45:00,2026-03-10T09:15:00,UP
MOV-001311,TRN-12048,SEC-CNB-PRYJ,2026-03-10T09:37:00,2026-03-10T10:13:00,UP
MOV-001312,TRN-12048,SEC-BRC-ADI,2026-03-10T10:38:00,2026-03-10T11:21:00,UP
MOV-001313,TRN-12048,SEC-DDU-PNBE,2026-03-11T18:45:00,2026-03-11T19:24:00,UP
MOV-001314,TRN-12048,SEC-ST-BRC,2026-03-11T19:41:00,2026-03-11T20:31:00,UP
MOV-001315,TRN-12048,SEC-DDU-PNBE,2026-03-12T14:00:00,2026-03-12T14:46:00,UP
MOV-001316,TRN-12048,SEC-HWH-KGP,2026-03-13T18:00:00,2026-03-13T18:51:00,UP
MOV-001317,TRN-12048,SEC-ST-BRC,2026-03-13T19:01:00,2026-03-13T19:31:00,UP
MOV-001318,TRN-12048,SEC-BCT-ST,2026-03-14T18:45:00,2026-03-14T19:25:00,UP
MOV-001319,TRN-12048,SEC-HWH-KGP,2026-03-14T19:40:00,2026-03-14T20:30:00,UP
MOV-001320,TRN-12049,SEC-PRYJ-DDU,2026-03-01T15:30:00,2026-03-01T16:08:00,DOWN
MOV-001321,TRN-12049,SEC-NDLS-GZB,2026-03-02T20:45:00,2026-03-02T21:34:00,DOWN
MOV-001322,TRN-12049,SEC-CNB-PRYJ,2026-03-02T22:02:00,2026-03-02T22:43:00,DOWN
MOV-001323,TRN-12049,SEC-BRC-ADI,2026-03-02T22:57:00,2026-03-02T23:22:00,DOWN
MOV-001324,TRN-12049,SEC-HWH-KGP,2026-03-03T14:00:00,2026-03-03T14:34:00,DOWN
MOV-001325,TRN-12049,SEC-BCT-ST,2026-03-04T15:15:00,2026-03-04T16:07:00,DOWN
MOV-001326,TRN-12049,SEC-PRYJ-DDU,2026-03-04T16:23:00,2026-03-04T16:48:00,DOWN
MOV-001327,TRN-12049,SEC-CNB-PRYJ,2026-03-04T17:15:00,2026-03-04T17:47:00,DOWN
MOV-001328,TRN-12049,SEC-NDLS-GZB,2026-03-05T17:00:00,2026-03-05T17:43:00,DOWN
MOV-001329,TRN-12049,SEC-HWH-KGP,2026-03-05T18:02:00,2026-03-05T18:49:00,DOWN
MOV-001330,TRN-12049,SEC-PRYJ-DDU,2026-03-05T19:02:00,2026-03-05T19:48:00,DOWN
MOV-001331,TRN-12049,SEC-BRC-ADI,2026-03-06T06:30:00,2026-03-06T06:58:00,DOWN
MOV-001332,TRN-12049,SEC-BRC-ADI,2026-03-07T20:00:00,2026-03-07T20:42:00,DOWN
MOV-001333,TRN-12049,SEC-HWH-KGP,2026-03-07T21:09:00,2026-03-07T21:39:00,DOWN
MOV-001334,TRN-12049,SEC-CNB-PRYJ,2026-03-07T21:52:00,2026-03-07T22:28:00,DOWN
MOV-001335,TRN-12049,SEC-ST-BRC,2026-03-08T09:00:00,2026-03-08T09:54:00,DOWN
MOV-001336,TRN-12049,SEC-BCT-ST,2026-03-08T10:16:00,2026-03-08T11:01:00,DOWN
MOV-001337,TRN-12049,SEC-GZB-CNB,2026-03-08T11:11:00,2026-03-08T11:38:00,DOWN
MOV-001338,TRN-12049,SEC-GZB-CNB,2026-03-09T20:15:00,2026-03-09T20:59:00,DOWN
MOV-001339,TRN-12049,SEC-DDU-PNBE,2026-03-09T21:11:00,2026-03-09T22:02:00,DOWN
MOV-001340,TRN-12049,SEC-DDU-PNBE,2026-03-10T13:15:00,2026-03-10T13:42:00,DOWN
MOV-001341,TRN-12049,SEC-BRC-ADI,2026-03-10T14:08:00,2026-03-10T14:56:00,DOWN
MOV-001342,TRN-12049,SEC-CNB-PRYJ,2026-03-11T07:00:00,2026-03-11T07:33:00,DOWN
MOV-001343,TRN-12049,SEC-PRYJ-DDU,2026-03-11T07:45:00,2026-03-11T08:22:00,DOWN
MOV-001344,TRN-12049,SEC-BCT-ST,2026-03-12T15:15:00,2026-03-12T15:45:00,DOWN
MOV-001345,TRN-12049,SEC-DDU-PNBE,2026-03-13T19:00:00,2026-03-13T19:26:00,DOWN
MOV-001346,TRN-12049,SEC-ST-BRC,2026-03-13T19:50:00,2026-03-13T20:16:00,DOWN
MOV-001347,TRN-12049,SEC-NDLS-GZB,2026-03-13T20:35:00,2026-03-13T21:11:00,DOWN
MOV-001348,TRN-12049,SEC-PRYJ-DDU,2026-03-14T20:45:00,2026-03-14T21:22:00,DOWN
MOV-001349,TRN-12049,SEC-DDU-PNBE,2026-03-14T21:34:00,2026-03-14T22:07:00,DOWN
MOV-001350,TRN-12049,SEC-GZB-CNB,2026-03-14T22:29:00,2026-03-14T23:06:00,DOWN
MOV-001351,TRN-12050,SEC-CNB-PRYJ,2026-03-01T01:15:00,2026-03-01T01:51:00,UP
MOV-001352,TRN-12050,SEC-ST-BRC,2026-03-01T02:19:00,2026-03-01T03:11:00,UP
MOV-001353,TRN-12050,SEC-NDLS-GZB,2026-03-02T03:45:00,2026-03-02T04:37:00,UP
MOV-001354,TRN-12050,SEC-GZB-CNB,2026-03-02T04:49:00,2026-03-02T05:30:00,UP
MOV-001355,TRN-12050,SEC-PRYJ-DDU,2026-03-03T01:30:00,2026-03-03T02:11:00,UP
MOV-001356,TRN-12050,SEC-NDLS-GZB,2026-03-03T02:21:00,2026-03-03T02:56:00,UP
MOV-001357,TRN-12050,SEC-GZB-CNB,2026-03-03T03:20:00,2026-03-03T03:59:00,UP
MOV-001358,TRN-12050,SEC-NDLS-GZB,2026-03-04T01:15:00,2026-03-04T01:41:00,UP
MOV-001359,TRN-12050,SEC-BCT-ST,2026-03-05T00:30:00,2026-03-05T01:06:00,UP
MOV-001360,TRN-12050,SEC-GZB-CNB,2026-03-05T01:32:00,2026-03-05T02:18:00,UP
MOV-001361,TRN-12050,SEC-MAS-RU,2026-03-05T02:33:00,2026-03-05T03:02:00,UP
MOV-001362,TRN-12050,SEC-BCT-ST,2026-03-06T01:15:00,2026-03-06T02:03:00,UP
MOV-001363,TRN-12050,SEC-DDU-PNBE,2026-03-06T02:27:00,2026-03-06T03:18:00,UP
MOV-001364,TRN-12050,SEC-GZB-CNB,2026-03-07T22:15:00,2026-03-07T22:42:00,UP
MOV-001365,TRN-12050,SEC-MAS-RU,2026-03-08T01:45:00,2026-03-08T02:18:00,UP
MOV-001366,TRN-12050,SEC-PRYJ-DDU,2026-03-08T02:28:00,2026-03-08T03:18:00,UP
MOV-001367,TRN-12050,SEC-HWH-KGP,2026-03-08T03:45:00,2026-03-08T04:26:00,UP
MOV-001368,TRN-12050,SEC-GZB-CNB,2026-03-09T22:15:00,2026-03-09T22:42:00,UP
MOV-001369,TRN-12050,SEC-BCT-ST,2026-03-09T23:11:00,2026-03-10T00:04:00,UP
MOV-001370,TRN-12050,SEC-DDU-PNBE,2026-03-10T02:15:00,2026-03-10T02:51:00,UP
MOV-001371,TRN-12050,SEC-PRYJ-DDU,2026-03-10T03:13:00,2026-03-10T04:06:00,UP
MOV-001372,TRN-12050,SEC-CNB-PRYJ,2026-03-11T00:30:00,2026-03-11T01:18:00,UP
MOV-001373,TRN-12050,SEC-DDU-PNBE,2026-03-12T03:45:00,2026-03-12T04:11:00,UP
MOV-001374,TRN-12050,SEC-CNB-PRYJ,2026-03-13T01:45:00,2026-03-13T02:10:00,UP
MOV-001375,TRN-12050,SEC-MAS-RU,2026-03-14T01:00:00,2026-03-14T01:36:00,UP
MOV-001376,TRN-12050,SEC-BRC-ADI,2026-03-14T01:58:00,2026-03-14T02:32:00,UP
MOV-001377,TRN-12050,SEC-HWH-KGP,2026-03-14T02:54:00,2026-03-14T03:48:00,UP
MOV-001378,TRN-12051,SEC-GZB-CNB,2026-03-01T18:15:00,2026-03-01T18:49:00,DOWN
MOV-001379,TRN-12051,SEC-NDLS-GZB,2026-03-02T13:00:00,2026-03-02T13:53:00,DOWN
MOV-001380,TRN-12051,SEC-BRC-ADI,2026-03-02T14:17:00,2026-03-02T14:59:00,DOWN
MOV-001381,TRN-12051,SEC-MAS-RU,2026-03-03T15:30:00,2026-03-03T16:17:00,DOWN
MOV-001382,TRN-12051,SEC-GZB-CNB,2026-03-04T17:30:00,2026-03-04T18:12:00,DOWN
MOV-001383,TRN-12051,SEC-PRYJ-DDU,2026-03-05T16:15:00,2026-03-05T16:53:00,DOWN
MOV-001384,TRN-12051,SEC-GZB-CNB,2026-03-05T17:07:00,2026-03-05T17:34:00,DOWN
MOV-001385,TRN-12051,SEC-HWH-KGP,2026-03-05T17:47:00,2026-03-05T18:15:00,DOWN
MOV-001386,TRN-12051,SEC-ST-BRC,2026-03-06T08:00:00,2026-03-06T08:39:00,DOWN
MOV-001387,TRN-12051,SEC-ST-BRC,2026-03-07T17:15:00,2026-03-07T18:09:00,DOWN
MOV-001388,TRN-12051,SEC-MAS-RU,2026-03-08T07:15:00,2026-03-08T08:04:00,DOWN
MOV-001389,TRN-12051,SEC-HWH-KGP,2026-03-08T08:25:00,2026-03-08T09:09:00,DOWN
MOV-001390,TRN-12051,SEC-MAS-RU,2026-03-09T17:30:00,2026-03-09T17:55:00,DOWN
MOV-001391,TRN-12051,SEC-DDU-PNBE,2026-03-10T12:45:00,2026-03-10T13:20:00,DOWN
MOV-001392,TRN-12051,SEC-PRYJ-DDU,2026-03-11T08:15:00,2026-03-11T09:01:00,DOWN
MOV-001393,TRN-12051,SEC-BRC-ADI,2026-03-11T09:25:00,2026-03-11T09:54:00,DOWN
MOV-001394,TRN-12051,SEC-HWH-KGP,2026-03-11T10:18:00,2026-03-11T10:44:00,DOWN
MOV-001395,TRN-12051,SEC-PRYJ-DDU,2026-03-12T16:45:00,2026-03-12T17:24:00,DOWN
MOV-001396,TRN-12051,SEC-HWH-KGP,2026-03-12T17:40:00,2026-03-12T18:19:00,DOWN
MOV-001397,TRN-12051,SEC-CNB-PRYJ,2026-03-13T09:30:00,2026-03-13T10:07:00,DOWN
MOV-001398,TRN-12051,SEC-CNB-PRYJ,2026-03-14T15:30:00,2026-03-14T16:19:00,DOWN
MOV-001399,TRN-12051,SEC-DDU-PNBE,2026-03-14T16:46:00,2026-03-14T17:14:00,DOWN
MOV-001400,TRN-12051,SEC-BCT-ST,2026-03-14T17:31:00,2026-03-14T18:15:00,DOWN
MOV-001401,TRN-12052,SEC-BCT-ST,2026-03-01T13:30:00,2026-03-01T14:22:00,UP
MOV-001402,TRN-12052,SEC-ST-BRC,2026-03-02T21:15:00,2026-03-02T21:46:00,UP
MOV-001403,TRN-12052,SEC-PRYJ-DDU,2026-03-03T08:45:00,2026-03-03T09:34:00,UP
MOV-001404,TRN-12052,SEC-BCT-ST,2026-03-03T09:51:00,2026-03-03T10:26:00,UP
MOV-001405,TRN-12052,SEC-CNB-PRYJ,2026-03-03T10:52:00,2026-03-03T11:30:00,UP
MOV-001406,TRN-12052,SEC-DDU-PNBE,2026-03-04T11:15:00,2026-03-04T11:48:00,UP
MOV-001407,TRN-12052,SEC-NDLS-GZB,2026-03-04T12:05:00,2026-03-04T12:42:00,UP
MOV-001408,TRN-12052,SEC-HWH-KGP,2026-03-05T20:30:00,2026-03-05T21:11:00,UP
MOV-001409,TRN-12052,SEC-CNB-PRYJ,2026-03-05T21:24:00,2026-03-05T22:12:00,UP
MOV-001410,TRN-12052,SEC-CNB-PRYJ,2026-03-06T09:00:00,2026-03-06T09:29:00,UP
MOV-001411,TRN-12052,SEC-MAS-RU,2026-03-06T09:41:00,2026-03-06T10:06:00,UP
MOV-001412,TRN-12052,SEC-PRYJ-DDU,2026-03-06T10:19:00,2026-03-06T11:12:00,UP
MOV-001413,TRN-12052,SEC-NDLS-GZB,2026-03-07T21:15:00,2026-03-07T22:02:00,UP
MOV-001414,TRN-12052,SEC-MAS-RU,2026-03-07T22:30:00,2026-03-07T23:04:00,UP
MOV-001415,TRN-12052,SEC-HWH-KGP,2026-03-07T23:28:00,2026-03-08T00:08:00,UP
MOV-001416,TRN-12052,SEC-NDLS-GZB,2026-03-08T16:15:00,2026-03-08T16:55:00,UP
MOV-001417,TRN-12052,SEC-PRYJ-DDU,2026-03-09T17:30:00,2026-03-09T18:08:00,UP
MOV-001418,TRN-12052,SEC-CNB-PRYJ,2026-03-10T14:30:00,2026-03-10T15:13:00,UP
MOV-001419,TRN-12052,SEC-MAS-RU,2026-03-10T15:23:00,2026-03-10T16:05:00,UP
MOV-001420,TRN-12052,SEC-ST-BRC,2026-03-10T16:17:00,2026-03-10T17:00:00,UP
MOV-001421,TRN-12052,SEC-ST-BRC,2026-03-11T14:15:00,2026-03-11T15:00:00,UP
MOV-001422,TRN-12052,SEC-MAS-RU,2026-03-12T17:45:00,2026-03-12T18:30:00,UP
MOV-001423,TRN-12052,SEC-NDLS-GZB,2026-03-12T18:58:00,2026-03-12T19:33:00,UP
MOV-001424,TRN-12052,SEC-BCT-ST,2026-03-13T05:45:00,2026-03-13T06:20:00,UP
MOV-001425,TRN-12052,SEC-CNB-PRYJ,2026-03-14T12:45:00,2026-03-14T13:15:00,UP
MOV-001426,TRN-12053,SEC-HWH-KGP,2026-03-01T08:30:00,2026-03-01T08:58:00,DOWN
MOV-001427,TRN-12053,SEC-PRYJ-DDU,2026-03-01T09:23:00,2026-03-01T09:50:00,DOWN
MOV-001428,TRN-12053,SEC-BCT-ST,2026-03-01T10:04:00,2026-03-01T10:40:00,DOWN
MOV-001429,TRN-12053,SEC-ST-BRC,2026-03-02T05:15:00,2026-03-02T05:55:00,DOWN
MOV-001430,TRN-12053,SEC-HWH-KGP,2026-03-02T06:11:00,2026-03-02T07:00:00,DOWN
MOV-001431,TRN-12053,SEC-DDU-PNBE,2026-03-03T07:00:00,2026-03-03T07:53:00,DOWN
MOV-001432,TRN-12053,SEC-HWH-KGP,2026-03-04T11:00:00,2026-03-04T11:41:00,DOWN
MOV-001433,TRN-12053,SEC-CNB-PRYJ,2026-03-04T12:09:00,2026-03-04T12:43:00,DOWN
MOV-001434,TRN-12053,SEC-CNB-PRYJ,2026-03-05T14:15:00,2026-03-05T14:43:00,DOWN
MOV-001435,TRN-12053,SEC-HWH-KGP,2026-03-06T05:15:00,2026-03-06T05:46:00,DOWN
MOV-001436,TRN-12053,SEC-ST-BRC,2026-03-06T06:08:00,2026-03-06T06:53:00,DOWN
MOV-001437,TRN-12053,SEC-DDU-PNBE,2026-03-06T07:20:00,2026-03-06T08:12:00,DOWN
MOV-001438,TRN-12053,SEC-ST-BRC,2026-03-07T10:30:00,2026-03-07T11:20:00,DOWN
MOV-001439,TRN-12053,SEC-CNB-PRYJ,2026-03-08T20:45:00,2026-03-08T21:23:00,DOWN
MOV-001440,TRN-12053,SEC-GZB-CNB,2026-03-08T21:34:00,2026-03-08T22:07:00,DOWN
MOV-001441,TRN-12053,SEC-NDLS-GZB,2026-03-08T22:36:00,2026-03-08T23:27:00,DOWN
MOV-001442,TRN-12053,SEC-HWH-KGP,2026-03-09T05:30:00,2026-03-09T06:24:00,DOWN
MOV-001443,TRN-12053,SEC-GZB-CNB,2026-03-09T06:36:00,2026-03-09T07:20:00,DOWN
MOV-001444,TRN-12053,SEC-CNB-PRYJ,2026-03-10T21:30:00,2026-03-10T22:05:00,DOWN
MOV-001445,TRN-12053,SEC-ST-BRC,2026-03-11T05:45:00,2026-03-11T06:10:00,DOWN
MOV-001446,TRN-12053,SEC-MAS-RU,2026-03-11T06:36:00,2026-03-11T07:12:00,DOWN
MOV-001447,TRN-12053,SEC-DDU-PNBE,2026-03-11T07:24:00,2026-03-11T07:56:00,DOWN
MOV-001448,TRN-12053,SEC-HWH-KGP,2026-03-12T19:30:00,2026-03-12T20:18:00,DOWN
MOV-001449,TRN-12053,SEC-NDLS-GZB,2026-03-13T14:45:00,2026-03-13T15:39:00,DOWN
MOV-001450,TRN-12053,SEC-GZB-CNB,2026-03-13T16:03:00,2026-03-13T16:46:00,DOWN
MOV-001451,TRN-12053,SEC-BCT-ST,2026-03-14T12:00:00,2026-03-14T12:49:00,DOWN
MOV-001452,TRN-12053,SEC-HWH-KGP,2026-03-14T12:59:00,2026-03-14T13:48:00,DOWN
MOV-001453,TRN-12054,SEC-BCT-ST,2026-03-01T03:30:00,2026-03-01T04:16:00,UP
MOV-001454,TRN-12054,SEC-HWH-KGP,2026-03-02T02:15:00,2026-03-02T03:09:00,UP
MOV-001455,TRN-12054,SEC-NDLS-GZB,2026-03-02T03:19:00,2026-03-02T03:59:00,UP
MOV-001456,TRN-12054,SEC-MAS-RU,2026-03-03T03:15:00,2026-03-03T03:41:00,UP
MOV-001457,TRN-12054,SEC-NDLS-GZB,2026-03-03T03:58:00,2026-03-03T04:32:00,UP
MOV-001458,TRN-12054,SEC-ST-BRC,2026-03-03T04:57:00,2026-03-03T05:48:00,UP
MOV-001459,TRN-12054,SEC-PRYJ-DDU,2026-03-04T22:00:00,2026-03-04T22:37:00,UP
MOV-001460,TRN-12054,SEC-NDLS-GZB,2026-03-04T23:04:00,2026-03-04T23:53:00,UP
MOV-001461,TRN-12054,SEC-ST-BRC,2026-03-05T00:09:00,2026-03-05T00:42:00,UP
MOV-001462,TRN-12054,SEC-MAS-RU,2026-03-05T22:00:00,2026-03-05T22:47:00,UP
MOV-001463,TRN-12054,SEC-BCT-ST,2026-03-05T23:06:00,2026-03-05T23:34:00,UP
MOV-001464,TRN-12054,SEC-BRC-ADI,2026-03-05T23:57:00,2026-03-06T00:26:00,UP
MOV-001465,TRN-12054,SEC-GZB-CNB,2026-03-06T02:15:00,2026-03-06T03:08:00,UP
MOV-001466,TRN-12054,SEC-PRYJ-DDU,2026-03-07T23:45:00,2026-03-08T00:35:00,UP
MOV-001467,TRN-12054,SEC-ST-BRC,2026-03-08T03:30:00,2026-03-08T03:58:00,UP
MOV-001468,TRN-12054,SEC-BRC-ADI,2026-03-08T04:22:00,2026-03-08T04:47:00,UP
MOV-001469,TRN-12054,SEC-MAS-RU,2026-03-08T05:10:00,2026-03-08T05:49:00,UP
MOV-001470,TRN-12054,SEC-PRYJ-DDU,2026-03-09T23:30:00,2026-03-09T23:55:00,UP
MOV-001471,TRN-12054,SEC-DDU-PNBE,2026-03-10T00:19:00,2026-03-10T01:11:00,UP
MOV-001472,TRN-12054,SEC-ST-BRC,2026-03-10T01:30:00,2026-03-10T01:56:00,UP
MOV-001473,TRN-12054,SEC-NDLS-GZB,2026-03-10T02:12:00,2026-03-10T02:48:00,UP
MOV-001474,TRN-12054,SEC-BCT-ST,2026-03-10T03:17:00,2026-03-10T03:51:00,UP
MOV-001475,TRN-12054,SEC-ST-BRC,2026-03-11T22:30:00,2026-03-11T22:56:00,UP
MOV-001476,TRN-12054,SEC-DDU-PNBE,2026-03-11T23:15:00,2026-03-11T23:46:00,UP
MOV-001477,TRN-12054,SEC-CNB-PRYJ,2026-03-12T00:00:00,2026-03-12T00:47:00,UP
MOV-001478,TRN-12054,SEC-GZB-CNB,2026-03-12T22:45:00,2026-03-12T23:22:00,UP
MOV-001479,TRN-12054,SEC-DDU-PNBE,2026-03-12T23:35:00,2026-03-13T00:29:00,UP
MOV-001480,TRN-12054,SEC-MAS-RU,2026-03-13T00:57:00,2026-03-13T01:41:00,UP
MOV-001481,TRN-12054,SEC-ST-BRC,2026-03-13T23:15:00,2026-03-13T23:53:00,UP
MOV-001482,TRN-12054,SEC-PRYJ-DDU,2026-03-14T22:15:00,2026-03-14T22:55:00,UP
MOV-001483,TRN-12054,SEC-ST-BRC,2026-03-14T23:15:00,2026-03-15T00:09:00,UP
MOV-001484,TRN-12055,SEC-DDU-PNBE,2026-03-01T01:30:00,2026-03-01T02:10:00,DOWN
MOV-001485,TRN-12055,SEC-PRYJ-DDU,2026-03-01T02:25:00,2026-03-01T02:57:00,DOWN
MOV-001486,TRN-12055,SEC-DDU-PNBE,2026-03-02T23:00:00,2026-03-02T23:45:00,DOWN
MOV-001487,TRN-12055,SEC-MAS-RU,2026-03-03T00:06:00,2026-03-03T00:44:00,DOWN
MOV-001488,TRN-12055,SEC-PRYJ-DDU,2026-03-03T01:04:00,2026-03-03T01:54:00,DOWN
MOV-001489,TRN-12055,SEC-BCT-ST,2026-03-03T00:30:00,2026-03-03T01:06:00,DOWN
MOV-001490,TRN-12055,SEC-DDU-PNBE,2026-03-03T01:24:00,2026-03-03T02:00:00,DOWN
MOV-001491,TRN-12055,SEC-PRYJ-DDU,2026-03-03T02:10:00,2026-03-03T02:35:00,DOWN
MOV-001492,TRN-12055,SEC-CNB-PRYJ,2026-03-04T02:30:00,2026-03-04T03:02:00,DOWN
MOV-001493,TRN-12055,SEC-MAS-RU,2026-03-04T03:17:00,2026-03-04T03:59:00,DOWN
MOV-001494,TRN-12055,SEC-GZB-CNB,2026-03-05T01:30:00,2026-03-05T01:59:00,DOWN
MOV-001495,TRN-12055,SEC-CNB-PRYJ,2026-03-05T02:09:00,2026-03-05T02:49:00,DOWN
MOV-001496,TRN-12055,SEC-MAS-RU,2026-03-05T03:18:00,2026-03-05T03:59:00,DOWN
MOV-001497,TRN-12055,SEC-BCT-ST,2026-03-06T03:00:00,2026-03-06T03:30:00,DOWN
MOV-001498,TRN-12055,SEC-ST-BRC,2026-03-06T03:53:00,2026-03-06T04:31:00,DOWN
MOV-001499,TRN-12055,SEC-DDU-PNBE,2026-03-07T02:15:00,2026-03-07T03:03:00,DOWN
MOV-001500,TRN-12055,SEC-NDLS-GZB,2026-03-07T03:27:00,2026-03-07T04:04:00,DOWN
MOV-001501,TRN-12055,SEC-BRC-ADI,2026-03-08T01:00:00,2026-03-08T01:26:00,DOWN
MOV-001502,TRN-12055,SEC-DDU-PNBE,2026-03-09T03:00:00,2026-03-09T03:30:00,DOWN
MOV-001503,TRN-12055,SEC-ST-BRC,2026-03-09T03:51:00,2026-03-09T04:41:00,DOWN
MOV-001504,TRN-12055,SEC-MAS-RU,2026-03-09T04:56:00,2026-03-09T05:22:00,DOWN
MOV-001505,TRN-12055,SEC-PRYJ-DDU,2026-03-10T02:45:00,2026-03-10T03:17:00,DOWN
MOV-001506,TRN-12055,SEC-HWH-KGP,2026-03-10T03:45:00,2026-03-10T04:28:00,DOWN
MOV-001507,TRN-12055,SEC-BRC-ADI,2026-03-10T04:45:00,2026-03-10T05:14:00,DOWN
MOV-001508,TRN-12055,SEC-GZB-CNB,2026-03-11T03:45:00,2026-03-11T04:17:00,DOWN
MOV-001509,TRN-12055,SEC-PRYJ-DDU,2026-03-11T04:28:00,2026-03-11T05:17:00,DOWN
MOV-001510,TRN-12055,SEC-PRYJ-DDU,2026-03-12T02:30:00,2026-03-12T03:08:00,DOWN
MOV-001511,TRN-12055,SEC-CNB-PRYJ,2026-03-12T03:28:00,2026-03-12T04:08:00,DOWN
MOV-001512,TRN-12055,SEC-NDLS-GZB,2026-03-12T04:33:00,2026-03-12T05:11:00,DOWN
MOV-001513,TRN-12055,SEC-ST-BRC,2026-03-13T22:30:00,2026-03-13T23:11:00,DOWN
MOV-001514,TRN-12055,SEC-GZB-CNB,2026-03-13T23:38:00,2026-03-14T00:22:00,DOWN
MOV-001515,TRN-12055,SEC-BRC-ADI,2026-03-14T00:32:00,2026-03-14T01:05:00,DOWN
MOV-001516,TRN-12055,SEC-ST-BRC,2026-03-14T22:15:00,2026-03-14T23:05:00,DOWN
MOV-001517,TRN-12055,SEC-CNB-PRYJ,2026-03-14T23:33:00,2026-03-15T00:10:00,DOWN
MOV-001518,TRN-12055,SEC-GZB-CNB,2026-03-15T00:20:00,2026-03-15T01:12:00,DOWN
MOV-001519,TRN-12056,SEC-DDU-PNBE,2026-03-01T06:15:00,2026-03-01T06:50:00,UP
MOV-001520,TRN-12056,SEC-BCT-ST,2026-03-01T07:14:00,2026-03-01T08:07:00,UP
MOV-001521,TRN-12056,SEC-DDU-PNBE,2026-03-02T07:30:00,2026-03-02T08:14:00,UP
MOV-001522,TRN-12056,SEC-NDLS-GZB,2026-03-03T06:45:00,2026-03-03T07:30:00,UP
MOV-001523,TRN-12056,SEC-PRYJ-DDU,2026-03-03T07:48:00,2026-03-03T08:14:00,UP
MOV-001524,TRN-12056,SEC-CNB-PRYJ,2026-03-03T08:28:00,2026-03-03T08:55:00,UP
MOV-001525,TRN-12056,SEC-MAS-RU,2026-03-04T06:30:00,2026-03-04T07:01:00,UP
MOV-001526,TRN-12056,SEC-CNB-PRYJ,2026-03-04T07:19:00,2026-03-04T08:10:00,UP
MOV-001527,TRN-12056,SEC-ST-BRC,2026-03-04T08:33:00,2026-03-04T09:04:00,UP
MOV-001528,TRN-12056,SEC-GZB-CNB,2026-03-05T17:00:00,2026-03-05T17:31:00,UP
MOV-001529,TRN-12056,SEC-DDU-PNBE,2026-03-05T17:46:00,2026-03-05T18:22:00,UP
MOV-001530,TRN-12056,SEC-CNB-PRYJ,2026-03-05T18:49:00,2026-03-05T19:42:00,UP
MOV-001531,TRN-12056,SEC-DDU-PNBE,2026-03-06T17:45:00,2026-03-06T18:31:00,UP
MOV-001532,TRN-12056,SEC-HWH-KGP,2026-03-06T18:41:00,2026-03-06T19:21:00,UP
MOV-001533,TRN-12056,SEC-BCT-ST,2026-03-06T19:48:00,2026-03-06T20:18:00,UP
MOV-001534,TRN-12056,SEC-BRC-ADI,2026-03-07T08:45:00,2026-03-07T09:17:00,UP
MOV-001535,TRN-12056,SEC-GZB-CNB,2026-03-07T09:44:00,2026-03-07T10:35:00,UP
MOV-001536,TRN-12056,SEC-HWH-KGP,2026-03-08T08:00:00,2026-03-08T08:30:00,UP
MOV-001537,TRN-12056,SEC-DDU-PNBE,2026-03-09T17:45:00,2026-03-09T18:16:00,UP
MOV-001538,TRN-12056,SEC-ST-BRC,2026-03-09T18:40:00,2026-03-09T19:25:00,UP
MOV-001539,TRN-12056,SEC-CNB-PRYJ,2026-03-10T17:30:00,2026-03-10T17:55:00,UP
MOV-001540,TRN-12056,SEC-HWH-KGP,2026-03-10T18:20:00,2026-03-10T18:48:00,UP
MOV-001541,TRN-12056,SEC-DDU-PNBE,2026-03-11T16:30:00,2026-03-11T17:04:00,UP
MOV-001542,TRN-12056,SEC-MAS-RU,2026-03-11T17:14:00,2026-03-11T17:55:00,UP
MOV-001543,TRN-12056,SEC-CNB-PRYJ,2026-03-11T18:11:00,2026-03-11T18:55:00,UP
MOV-001544,TRN-12056,SEC-ST-BRC,2026-03-12T18:30:00,2026-03-12T19:12:00,UP
MOV-001545,TRN-12056,SEC-HWH-KGP,2026-03-12T19:40:00,2026-03-12T20:14:00,UP
MOV-001546,TRN-12056,SEC-GZB-CNB,2026-03-13T07:30:00,2026-03-13T07:59:00,UP
MOV-001547,TRN-12056,SEC-DDU-PNBE,2026-03-13T08:17:00,2026-03-13T09:06:00,UP
MOV-001548,TRN-12056,SEC-HWH-KGP,2026-03-13T09:27:00,2026-03-13T09:57:00,UP
MOV-001549,TRN-12056,SEC-NDLS-GZB,2026-03-14T18:15:00,2026-03-14T18:58:00,UP
MOV-001550,TRN-12056,SEC-CNB-PRYJ,2026-03-14T19:16:00,2026-03-14T19:51:00,UP
MOV-001551,TRN-12056,SEC-DDU-PNBE,2026-03-14T20:06:00,2026-03-14T20:38:00,UP
MOV-001552,TRN-12057,SEC-HWH-KGP,2026-03-01T17:15:00,2026-03-01T18:06:00,DOWN
MOV-001553,TRN-12057,SEC-DDU-PNBE,2026-03-02T09:30:00,2026-03-02T10:12:00,DOWN
MOV-001554,TRN-12057,SEC-GZB-CNB,2026-03-03T06:00:00,2026-03-03T06:40:00,DOWN
MOV-001555,TRN-12057,SEC-NDLS-GZB,2026-03-04T09:15:00,2026-03-04T10:01:00,DOWN
MOV-001556,TRN-12057,SEC-HWH-KGP,2026-03-05T14:30:00,2026-03-05T15:02:00,DOWN
MOV-001557,TRN-12057,SEC-GZB-CNB,2026-03-05T15:27:00,2026-03-05T16:15:00,DOWN
MOV-001558,TRN-12057,SEC-BCT-ST,2026-03-05T16:31:00,2026-03-05T17:01:00,DOWN
MOV-001559,TRN-12057,SEC-NDLS-GZB,2026-03-06T09:30:00,2026-03-06T09:56:00,DOWN
MOV-001560,TRN-12057,SEC-BRC-ADI,2026-03-06T10:19:00,2026-03-06T10:47:00,DOWN
MOV-001561,TRN-12057,SEC-ST-BRC,2026-03-06T11:14:00,2026-03-06T11:53:00,DOWN
MOV-001562,TRN-12057,SEC-CNB-PRYJ,2026-03-07T17:30:00,2026-03-07T18:00:00,DOWN
MOV-001563,TRN-12057,SEC-NDLS-GZB,2026-03-07T18:26:00,2026-03-07T19:08:00,DOWN
MOV-001564,TRN-12057,SEC-HWH-KGP,2026-03-08T16:45:00,2026-03-08T17:11:00,DOWN
MOV-001565,TRN-12057,SEC-DDU-PNBE,2026-03-09T09:45:00,2026-03-09T10:26:00,DOWN
MOV-001566,TRN-12057,SEC-BRC-ADI,2026-03-10T07:00:00,2026-03-10T07:54:00,DOWN
MOV-001567,TRN-12057,SEC-NDLS-GZB,2026-03-10T08:14:00,2026-03-10T09:07:00,DOWN
MOV-001568,TRN-12057,SEC-GZB-CNB,2026-03-11T09:15:00,2026-03-11T09:49:00,DOWN
MOV-001569,TRN-12057,SEC-ST-BRC,2026-03-12T17:00:00,2026-03-12T17:35:00,DOWN
MOV-001570,TRN-12057,SEC-CNB-PRYJ,2026-03-13T10:15:00,2026-03-13T11:01:00,DOWN
MOV-001571,TRN-12057,SEC-HWH-KGP,2026-03-14T16:00:00,2026-03-14T16:28:00,DOWN
MOV-001572,TRN-12057,SEC-DDU-PNBE,2026-03-14T16:51:00,2026-03-14T17:20:00,DOWN
MOV-001573,TRN-12058,SEC-GZB-CNB,2026-03-01T11:15:00,2026-03-01T12:08:00,UP
MOV-001574,TRN-12058,SEC-NDLS-GZB,2026-03-01T12:35:00,2026-03-01T13:09:00,UP
MOV-001575,TRN-12058,SEC-HWH-KGP,2026-03-02T11:30:00,2026-03-02T12:14:00,UP
MOV-001576,TRN-12058,SEC-BRC-ADI,2026-03-02T12:34:00,2026-03-02T13:27:00,UP
MOV-001577,TRN-12058,SEC-HWH-KGP,2026-03-03T08:15:00,2026-03-03T08:55:00,UP
MOV-001578,TRN-12058,SEC-MAS-RU,2026-03-03T09:08:00,2026-03-03T09:43:00,UP
MOV-001579,TRN-12058,SEC-ST-BRC,2026-03-04T21:00:00,2026-03-04T21:37:00,UP
MOV-001580,TRN-12058,SEC-ST-BRC,2026-03-05T19:45:00,2026-03-05T20:11:00,UP
MOV-001581,TRN-12058,SEC-MAS-RU,2026-03-05T20:37:00,2026-03-05T21:29:00,UP
MOV-001582,TRN-12058,SEC-BRC-ADI,2026-03-05T21:45:00,2026-03-05T22:22:00,UP
MOV-001583,TRN-12058,SEC-BRC-ADI,2026-03-06T16:30:00,2026-03-06T17:12:00,UP
MOV-001584,TRN-12058,SEC-MAS-RU,2026-03-06T17:23:00,2026-03-06T18:13:00,UP
MOV-001585,TRN-12058,SEC-BRC-ADI,2026-03-07T08:15:00,2026-03-07T08:53:00,UP
MOV-001586,TRN-12058,SEC-ST-BRC,2026-03-08T05:00:00,2026-03-08T05:27:00,UP
MOV-001587,TRN-12058,SEC-NDLS-GZB,2026-03-08T05:52:00,2026-03-08T06:22:00,UP
MOV-001588,TRN-12058,SEC-CNB-PRYJ,2026-03-08T06:37:00,2026-03-08T07:20:00,UP
MOV-001589,TRN-12058,SEC-BRC-ADI,2026-03-09T10:00:00,2026-03-09T10:31:00,UP
MOV-001590,TRN-12058,SEC-MAS-RU,2026-03-10T08:00:00,2026-03-10T08:35:00,UP
MOV-001591,TRN-12058,SEC-GZB-CNB,2026-03-10T08:46:00,2026-03-10T09:31:00,UP
MOV-001592,TRN-12058,SEC-GZB-CNB,2026-03-11T13:30:00,2026-03-11T14:22:00,UP
MOV-001593,TRN-12058,SEC-CNB-PRYJ,2026-03-11T14:32:00,2026-03-11T15:09:00,UP
MOV-001594,TRN-12058,SEC-ST-BRC,2026-03-12T09:15:00,2026-03-12T10:06:00,UP
MOV-001595,TRN-12058,SEC-BRC-ADI,2026-03-12T10:16:00,2026-03-12T10:42:00,UP
MOV-001596,TRN-12058,SEC-BCT-ST,2026-03-12T11:04:00,2026-03-12T11:54:00,UP
MOV-001597,TRN-12058,SEC-CNB-PRYJ,2026-03-13T16:15:00,2026-03-13T16:43:00,UP
MOV-001598,TRN-12058,SEC-PRYJ-DDU,2026-03-13T16:59:00,2026-03-13T17:52:00,UP
MOV-001599,TRN-12058,SEC-CNB-PRYJ,2026-03-14T07:15:00,2026-03-14T08:00:00,UP
MOV-001600,TRN-12059,SEC-BCT-ST,2026-03-01T17:00:00,2026-03-01T17:27:00,DOWN
MOV-001601,TRN-12059,SEC-DDU-PNBE,2026-03-01T17:44:00,2026-03-01T18:10:00,DOWN
MOV-001602,TRN-12059,SEC-HWH-KGP,2026-03-01T18:27:00,2026-03-01T19:11:00,DOWN
MOV-001603,TRN-12059,SEC-NDLS-GZB,2026-03-02T07:15:00,2026-03-02T08:03:00,DOWN
MOV-001604,TRN-12059,SEC-ST-BRC,2026-03-02T08:26:00,2026-03-02T09:17:00,DOWN
MOV-001605,TRN-12059,SEC-PRYJ-DDU,2026-03-03T19:30:00,2026-03-03T20:06:00,DOWN
MOV-001606,TRN-12059,SEC-HWH-KGP,2026-03-03T20:18:00,2026-03-03T21:09:00,DOWN
MOV-001607,TRN-12059,SEC-MAS-RU,2026-03-03T21:28:00,2026-03-03T22:20:00,DOWN
MOV-001608,TRN-12059,SEC-ST-BRC,2026-03-04T21:30:00,2026-03-04T22:23:00,DOWN
MOV-001609,TRN-12059,SEC-GZB-CNB,2026-03-04T22:49:00,2026-03-04T23:33:00,DOWN
MOV-001610,TRN-12059,SEC-MAS-RU,2026-03-04T23:52:00,2026-03-05T00:42:00,DOWN
MOV-001611,TRN-12059,SEC-CNB-PRYJ,2026-03-05T14:45:00,2026-03-05T15:11:00,DOWN
MOV-001612,TRN-12059,SEC-NDLS-GZB,2026-03-05T15:23:00,2026-03-05T15:58:00,DOWN
MOV-001613,TRN-12059,SEC-PRYJ-DDU,2026-03-05T16:14:00,2026-03-05T16:43:00,DOWN
MOV-001614,TRN-12059,SEC-ST-BRC,2026-03-06T13:00:00,2026-03-06T13:53:00,DOWN
MOV-001615,TRN-12059,SEC-DDU-PNBE,2026-03-07T14:00:00,2026-03-07T14:48:00,DOWN
MOV-001616,TRN-12059,SEC-CNB-PRYJ,2026-03-07T14:58:00,2026-03-07T15:44:00,DOWN
MOV-001617,TRN-12059,SEC-BRC-ADI,2026-03-07T16:02:00,2026-03-07T16:43:00,DOWN
MOV-001618,TRN-12059,SEC-GZB-CNB,2026-03-08T18:15:00,2026-03-08T19:01:00,DOWN
MOV-001619,TRN-12059,SEC-BCT-ST,2026-03-08T19:12:00,2026-03-08T19:57:00,DOWN
MOV-001620,TRN-12059,SEC-PRYJ-DDU,2026-03-08T20:09:00,2026-03-08T20:44:00,DOWN
MOV-001621,TRN-12059,SEC-BCT-ST,2026-03-09T05:30:00,2026-03-09T06:17:00,DOWN
MOV-001622,TRN-12059,SEC-BCT-ST,2026-03-10T17:15:00,2026-03-10T17:58:00,DOWN
MOV-001623,TRN-12059,SEC-CNB-PRYJ,2026-03-11T08:30:00,2026-03-11T09:23:00,DOWN
MOV-001624,TRN-12059,SEC-BRC-ADI,2026-03-12T12:15:00,2026-03-12T12:54:00,DOWN
MOV-001625,TRN-12059,SEC-HWH-KGP,2026-03-13T11:45:00,2026-03-13T12:27:00,DOWN
MOV-001626,TRN-12059,SEC-CNB-PRYJ,2026-03-13T12:50:00,2026-03-13T13:25:00,DOWN
MOV-001627,TRN-12059,SEC-MAS-RU,2026-03-13T13:37:00,2026-03-13T14:18:00,DOWN
MOV-001628,TRN-12059,SEC-BRC-ADI,2026-03-14T10:15:00,2026-03-14T11:05:00,DOWN
MOV-001629,TRN-12060,SEC-CNB-PRYJ,2026-03-01T12:45:00,2026-03-01T13:35:00,UP
MOV-001630,TRN-12060,SEC-BCT-ST,2026-03-02T07:00:00,2026-03-02T07:38:00,UP
MOV-001631,TRN-12060,SEC-MAS-RU,2026-03-02T07:56:00,2026-03-02T08:48:00,UP
MOV-001632,TRN-12060,SEC-CNB-PRYJ,2026-03-03T08:30:00,2026-03-03T09:15:00,UP
MOV-001633,TRN-12060,SEC-GZB-CNB,2026-03-03T09:43:00,2026-03-03T10:19:00,UP
MOV-001634,TRN-12060,SEC-MAS-RU,2026-03-03T10:36:00,2026-03-03T11:23:00,UP
MOV-001635,TRN-12060,SEC-NDLS-GZB,2026-03-04T20:45:00,2026-03-04T21:27:00,UP
MOV-001636,TRN-12060,SEC-ST-BRC,2026-03-04T21:44:00,2026-03-04T22:18:00,UP
MOV-001637,TRN-12060,SEC-MAS-RU,2026-03-04T22:45:00,2026-03-04T23:31:00,UP
MOV-001638,TRN-12060,SEC-CNB-PRYJ,2026-03-05T19:00:00,2026-03-05T19:41:00,UP
MOV-001639,TRN-12060,SEC-GZB-CNB,2026-03-05T20:03:00,2026-03-05T20:50:00,UP
MOV-001640,TRN-12060,SEC-NDLS-GZB,2026-03-06T20:15:00,2026-03-06T20:43:00,UP
MOV-001641,TRN-12060,SEC-CNB-PRYJ,2026-03-07T12:45:00,2026-03-07T13:39:00,UP
MOV-001642,TRN-12060,SEC-CNB-PRYJ,2026-03-08T12:00:00,2026-03-08T12:38:00,UP
MOV-001643,TRN-12060,SEC-MAS-RU,2026-03-08T13:03:00,2026-03-08T13:57:00,UP
MOV-001644,TRN-12060,SEC-MAS-RU,2026-03-09T13:45:00,2026-03-09T14:17:00,UP
MOV-001645,TRN-12060,SEC-ST-BRC,2026-03-10T21:30:00,2026-03-10T21:57:00,UP
MOV-001646,TRN-12060,SEC-DDU-PNBE,2026-03-10T22:19:00,2026-03-10T23:01:00,UP
MOV-001647,TRN-12060,SEC-GZB-CNB,2026-03-10T23:26:00,2026-03-10T23:54:00,UP
MOV-001648,TRN-12060,SEC-BCT-ST,2026-03-11T18:45:00,2026-03-11T19:13:00,UP
MOV-001649,TRN-12060,SEC-GZB-CNB,2026-03-11T19:25:00,2026-03-11T20:00:00,UP
MOV-001650,TRN-12060,SEC-MAS-RU,2026-03-11T20:24:00,2026-03-11T20:50:00,UP
MOV-001651,TRN-12060,SEC-NDLS-GZB,2026-03-12T09:45:00,2026-03-12T10:12:00,UP
MOV-001652,TRN-12060,SEC-PRYJ-DDU,2026-03-12T10:38:00,2026-03-12T11:18:00,UP
MOV-001653,TRN-12060,SEC-HWH-KGP,2026-03-12T11:34:00,2026-03-12T12:12:00,UP
MOV-001654,TRN-12060,SEC-BRC-ADI,2026-03-13T20:45:00,2026-03-13T21:15:00,UP
MOV-001655,TRN-12060,SEC-DDU-PNBE,2026-03-14T17:00:00,2026-03-14T17:32:00,UP
MOV-001656,TRN-12060,SEC-ST-BRC,2026-03-14T18:01:00,2026-03-14T18:51:00,UP
MOV-001657,TRN-12060,SEC-GZB-CNB,2026-03-14T19:04:00,2026-03-14T19:47:00,UP
