asset_id,asset_type,department,section_id,location,criticality,condition_score,traffic_load,age_years,installation_date,last_maintenance_date
AST-ENG-0001,TrackSegment,ENGINEERING,SEC-RKMP-BPL,KM-0.0,4,85.5,41.95,20,2006-03-01,2026-01-12
AST-S_A-0002,SignalPost,S_AND_T,SEC-RKMP-BPL,KM-0.0,5,79.3,43.72,13,2013-03-01,2026-01-24
AST-TRA-0003,ContactWireSegment,TRACTION,SEC-RKMP-BPL,KM-0.0,3,85.8,40.88,12,2014-03-01,2025-12-10
AST-ENG-0004,SleeperBay,ENGINEERING,SEC-RKMP-BPL,KM-0.0,4,69.4,39.09,23,2003-03-02,2026-02-04
AST-S_A-0005,InsulatedJoint,S_AND_T,SEC-RKMP-BPL,KM-0.1,4,76.2,35.09,21,2005-03-01,2026-02-03
AST-TRA-0006,ContactWireSegment,TRACTION,SEC-RKMP-BPL,KM-0.1,5,73.7,31.89,10,2016-03-01,2025-11-29
AST-ENG-0007,TurnoutSwitch,ENGINEERING,SEC-RKMP-BPL,KM-0.1,3,82.3,42.9,2,2024-03-01,2025-12-16
AST-S_A-0008,InsulatedJoint,S_AND_T,SEC-RKMP-BPL,KM-0.1,3,69.9,37.39,20,2006-03-01,2026-01-14
AST-TRA-0009,OHE_Mast,TRACTION,SEC-RKMP-BPL,KM-0.1,4,69.8,41.4,4,2022-03-01,2025-09-12
AST-ENG-0010,TurnoutSwitch,ENGINEERING,SEC-RKMP-BPL,KM-0.1,5,66.3,34.25,20,2006-03-01,2025-09-30
AST-S_A-0011,PointMachine,S_AND_T,SEC-RKMP-BPL,KM-0.1,3,80.2,41.65,21,2005-03-01,2025-11-01
AST-TRA-0012,OHE_Mast,TRACTION,SEC-RKMP-BPL,KM-0.1,3,78.7,43.74,20,2006-03-01,2025-10-28
AST-ENG-0013,TurnoutSwitch,ENGINEERING,SEC-RKMP-BPL,KM-0.2,5,73.3,39.37,18,2008-03-01,2026-02-08
AST-S_A-0014,SignalPost,S_AND_T,SEC-RKMP-BPL,KM-0.2,2,69.3,37.42,22,2004-03-01,2025-11-13
AST-TRA-0015,OHE_Mast,TRACTION,SEC-RKMP-BPL,KM-0.2,4,83.9,39.18,20,2006-03-01,2025-10-06
AST-ENG-0016,TrackSegment,ENGINEERING,SEC-RKMP-BPL,KM-0.2,2,73.4,32.29,7,2019-03-02,2025-12-09
AST-S_A-0017,InsulatedJoint,S_AND_T,SEC-RKMP-BPL,KM-0.2,3,68.8,33.63,22,2004-03-01,2025-09-16
AST-TRA-0018,OHE_Mast,TRACTION,SEC-RKMP-BPL,KM-0.2,4,73.7,43.68,25,2001-03-01,2025-10-28
AST-ENG-0019,TurnoutSwitch,ENGINEERING,SEC-RKMP-BPL,KM-0.2,5,71.4,28.45,11,2015-03-02,2026-01-28
AST-S_A-0020,SignalPost,S_AND_T,SEC-RKMP-BPL,KM-0.2,4,82.9,31.23,23,2003-03-02,2025-11-24
AST-TRA-0021,ContactWireSegment,TRACTION,SEC-RKMP-BPL,KM-0.3,4,84.7,35.62,4,2022-03-01,2026-01-06
AST-ENG-0022,TrackSegment,ENGINEERING,SEC-RKMP-BPL,KM-0.3,4,61.1,29.75,9,2017-03-01,2026-01-26
AST-S_A-0023,PointMachine,S_AND_T,SEC-RKMP-BPL,KM-0.3,5,68.9,33.32,25,2001-03-01,2025-10-11
AST-TRA-0024,ContactWireSegment,TRACTION,SEC-RKMP-BPL,KM-0.3,5,85.4,36.99,19,2007-03-02,2026-01-01
AST-ENG-0025,TrackSegment,ENGINEERING,SEC-RKMP-BPL,KM-0.3,5,86.4,32.05,3,2023-03-02,2025-10-18
AST-S_A-0026,PointMachine,S_AND_T,SEC-RKMP-BPL,KM-0.3,4,72.1,45.13,1,2025-03-01,2025-10-12
AST-TRA-0027,OHE_Mast,TRACTION,SEC-RKMP-BPL,KM-0.3,4,78.2,39.68,18,2008-03-01,2026-01-30
AST-ENG-0028,TurnoutSwitch,ENGINEERING,SEC-RKMP-BPL,KM-0.3,2,79.8,28.83,5,2021-03-01,2025-11-25
AST-S_A-0029,SignalPost,S_AND_T,SEC-RKMP-BPL,KM-0.4,2,92.6,39.75,9,2017-03-01,2025-10-07
AST-TRA-0030,OHE_Mast,TRACTION,SEC-RKMP-BPL,KM-0.4,5,74.1,34.94,16,2010-03-01,2025-11-09
AST-ENG-0031,TrackSegment,ENGINEERING,SEC-RKMP-BPL,KM-0.4,5,67.8,43.65,1,2025-03-01,2026-02-04
AST-S_A-0032,SignalPost,S_AND_T,SEC-RKMP-BPL,KM-0.4,4,99.5,46.76,5,2021-03-01,2025-11-12
AST-TRA-0033,ContactWireSegment,TRACTION,SEC-RKMP-BPL,KM-0.4,3,69.9,38.41,12,2014-03-01,2025-09-27
AST-ENG-0034,TurnoutSwitch,ENGINEERING,SEC-RKMP-BPL,KM-0.4,2,88.7,45.92,14,2012-03-01,2026-01-22
AST-S_A-0035,PointMachine,S_AND_T,SEC-RKMP-BPL,KM-0.4,2,73.1,33.62,14,2012-03-01,2026-01-05
AST-TRA-0036,ContactWireSegment,TRACTION,SEC-RKMP-BPL,KM-0.4,4,79.3,30.15,16,2010-03-01,2025-09-16
AST-ENG-0037,SleeperBay,ENGINEERING,SEC-RKMP-BPL,KM-0.5,2,70.7,35.42,6,2020-03-01,2025-12-25
AST-S_A-0038,InsulatedJoint,S_AND_T,SEC-RKMP-BPL,KM-0.5,5,69.0,47.06,16,2010-03-01,2025-12-28
AST-TRA-0039,ContactWireSegment,TRACTION,SEC-RKMP-BPL,KM-0.5,3,71.5,31.29,13,2013-03-01,2025-11-19
AST-ENG-0040,TrackSegment,ENGINEERING,SEC-RKMP-BPL,KM-0.5,4,65.2,45.83,3,2023-03-02,2025-10-14
AST-S_A-0041,InsulatedJoint,S_AND_T,SEC-RKMP-BPL,KM-0.5,5,80.9,34.32,23,2003-03-02,2026-02-11
AST-TRA-0042,ContactWireSegment,TRACTION,SEC-RKMP-BPL,KM-0.5,4,89.1,29.89,19,2007-03-02,2025-10-14
AST-ENG-0043,TurnoutSwitch,ENGINEERING,SEC-RKMP-BPL,KM-0.5,5,64.3,30.46,7,2019-03-02,2026-02-03
AST-S_A-0044,InsulatedJoint,S_AND_T,SEC-RKMP-BPL,KM-0.5,3,74.2,39.99,18,2008-03-01,2025-09-23
AST-TRA-0045,OHE_Mast,TRACTION,SEC-RKMP-BPL,KM-0.6,3,84.4,47.44,5,2021-03-01,2025-11-24
AST-ENG-0046,TurnoutSwitch,ENGINEERING,SEC-RKMP-BPL,KM-0.6,2,81.4,32.59,7,2019-03-02,2026-01-24
AST-S_A-0047,SignalPost,S_AND_T,SEC-RKMP-BPL,KM-0.6,2,77.5,41.89,17,2009-03-01,2025-10-11
AST-TRA-0048,ContactWireSegment,TRACTION,SEC-RKMP-BPL,KM-0.6,3,74.7,42.31,3,2023-03-02,2025-10-16
AST-ENG-0049,SleeperBay,ENGINEERING,SEC-RKMP-BPL,KM-0.6,2,82.9,35.95,4,2022-03-01,2025-09-07
AST-S_A-0050,PointMachine,S_AND_T,SEC-RKMP-BPL,KM-0.6,4,83.4,47.11,14,2012-03-01,2025-12-29
AST-TRA-0051,ContactWireSegment,TRACTION,SEC-RKMP-BPL,KM-0.6,2,80.4,40.68,24,2002-03-01,2025-09-29
AST-ENG-0052,TrackSegment,ENGINEERING,SEC-RKMP-BPL,KM-0.6,2,80.3,47.32,5,2021-03-01,2025-11-08
AST-S_A-0053,SignalPost,S_AND_T,SEC-RKMP-BPL,KM-0.7,5,63.4,43.7,24,2002-03-01,2025-09-28
AST-TRA-0054,OHE_Mast,TRACTION,SEC-RKMP-BPL,KM-0.7,2,70.7,43.94,12,2014-03-01,2026-01-07
AST-ENG-0055,TurnoutSwitch,ENGINEERING,SEC-RKMP-BPL,KM-0.7,4,72.7,35.48,14,2012-03-01,2025-09-15
AST-S_A-0056,PointMachine,S_AND_T,SEC-RKMP-BPL,KM-0.7,4,60.4,37.08,14,2012-03-01,2026-01-05
AST-TRA-0057,OHE_Mast,TRACTION,SEC-RKMP-BPL,KM-0.7,4,96.4,30.11,6,2020-03-01,2025-09-22
AST-ENG-0058,TrackSegment,ENGINEERING,SEC-RKMP-BPL,KM-0.7,4,81.4,44.49,8,2018-03-01,2025-12-25
AST-S_A-0059,InsulatedJoint,S_AND_T,SEC-RKMP-BPL,KM-0.7,5,82.3,33.69,4,2022-03-01,2025-11-11
AST-TRA-0060,OHE_Mast,TRACTION,SEC-RKMP-BPL,KM-0.7,2,75.6,29.11,5,2021-03-01,2026-01-17
AST-ENG-0061,SleeperBay,ENGINEERING,SEC-RKMP-BPL,KM-0.8,4,88.1,35.87,2,2024-03-01,2025-10-01
AST-S_A-0062,PointMachine,S_AND_T,SEC-RKMP-BPL,KM-0.8,4,78.0,45.02,14,2012-03-01,2026-02-07
AST-TRA-0063,OHE_Mast,TRACTION,SEC-RKMP-BPL,KM-0.8,3,98.9,39.42,5,2021-03-01,2025-09-11
AST-ENG-0064,TurnoutSwitch,ENGINEERING,SEC-RKMP-BPL,KM-0.8,2,66.9,44.67,3,2023-03-02,2026-02-06
AST-S_A-0065,PointMachine,S_AND_T,SEC-RKMP-BPL,KM-0.8,2,87.3,46.05,24,2002-03-01,2026-01-06
AST-TRA-0066,ContactWireSegment,TRACTION,SEC-RKMP-BPL,KM-0.8,5,80.6,40.85,16,2010-03-01,2025-10-09
AST-ENG-0067,SleeperBay,ENGINEERING,SEC-RKMP-BPL,KM-0.8,4,79.5,45.15,4,2022-03-01,2025-09-30
AST-S_A-0068,PointMachine,S_AND_T,SEC-RKMP-BPL,KM-0.8,3,79.8,33.33,2,2024-03-01,2026-01-22
AST-TRA-0069,OHE_Mast,TRACTION,SEC-RKMP-BPL,KM-0.9,4,95.3,35.35,12,2014-03-01,2025-11-23
AST-ENG-0070,TurnoutSwitch,ENGINEERING,SEC-RKMP-BPL,KM-0.9,3,77.4,41.71,6,2020-03-01,2025-12-28
AST-S_A-0071,InsulatedJoint,S_AND_T,SEC-RKMP-BPL,KM-0.9,5,95.3,34.57,24,2002-03-01,2025-12-01
AST-TRA-0072,ContactWireSegment,TRACTION,SEC-RKMP-BPL,KM-0.9,5,82.4,44.09,14,2012-03-01,2025-11-19
AST-ENG-0073,SleeperBay,ENGINEERING,SEC-RKMP-BPL,KM-0.9,3,87.9,32.05,16,2010-03-01,2025-11-08
AST-S_A-0074,AxleCounter,S_AND_T,SEC-RKMP-BPL,KM-0.9,5,78.7,40.29,16,2010-03-01,2026-01-30
AST-TRA-0075,ContactWireSegment,TRACTION,SEC-RKMP-BPL,KM-0.9,2,62.3,30.75,19,2007-03-02,2025-09-09
AST-ENG-0076,SleeperBay,ENGINEERING,SEC-RKMP-BPL,KM-0.9,5,93.1,43.65,25,2001-03-01,2025-10-06
AST-S_A-0077,InsulatedJoint,S_AND_T,SEC-RKMP-BPL,KM-1.0,3,65.8,29.9,24,2002-03-01,2025-11-21
AST-TRA-0078,ContactWireSegment,TRACTION,SEC-RKMP-BPL,KM-1.0,3,89.6,39.45,12,2014-03-01,2025-11-30
AST-ENG-0079,SleeperBay,ENGINEERING,SEC-RKMP-BPL,KM-1.0,5,82.1,37.84,14,2012-03-01,2026-01-07
AST-S_A-0080,AxleCounter,S_AND_T,SEC-RKMP-BPL,KM-1.0,5,83.9,30.34,19,2007-03-02,2026-01-31
AST-TRA-0081,OHE_Mast,TRACTION,SEC-RKMP-BPL,KM-1.0,4,72.3,41.42,17,2009-03-01,2025-10-17
AST-ENG-0082,TurnoutSwitch,ENGINEERING,SEC-RKMP-BPL,KM-1.0,5,80.3,33.41,20,2006-03-01,2025-12-16
AST-S_A-0083,AxleCounter,S_AND_T,SEC-RKMP-BPL,KM-1.0,3,81.8,46.72,8,2018-03-01,2025-11-15
AST-TRA-0084,OHE_Mast,TRACTION,SEC-RKMP-BPL,KM-1.0,3,92.8,39.06,24,2002-03-01,2025-09-13
AST-ENG-0085,TurnoutSwitch,ENGINEERING,SEC-RKMP-BPL,KM-1.1,4,78.1,47.73,20,2006-03-01,2026-02-14
AST-S_A-0086,AxleCounter,S_AND_T,SEC-RKMP-BPL,KM-1.1,5,83.5,45.01,22,2004-03-01,2025-11-01
AST-TRA-0087,OHE_Mast,TRACTION,SEC-RKMP-BPL,KM-1.1,4,73.4,28.25,4,2022-03-01,2026-01-30
AST-ENG-0088,TurnoutSwitch,ENGINEERING,SEC-RKMP-BPL,KM-1.1,5,65.5,37.17,8,2018-03-01,2025-12-04
AST-S_A-0089,SignalPost,S_AND_T,SEC-RKMP-BPL,KM-1.1,5,80.8,30.21,8,2018-03-01,2025-12-12
AST-TRA-0090,ContactWireSegment,TRACTION,SEC-RKMP-BPL,KM-1.1,5,73.3,44.74,2,2024-03-01,2026-01-28
AST-ENG-0091,TurnoutSwitch,ENGINEERING,SEC-RKMP-BPL,KM-1.1,4,79.4,29.81,25,2001-03-01,2025-10-25
AST-S_A-0092,InsulatedJoint,S_AND_T,SEC-RKMP-BPL,KM-1.1,2,71.0,30.86,22,2004-03-01,2025-10-09
AST-TRA-0093,ContactWireSegment,TRACTION,SEC-RKMP-BPL,KM-1.2,5,83.2,28.72,5,2021-03-01,2026-02-14
AST-ENG-0094,TrackSegment,ENGINEERING,SEC-RKMP-BPL,KM-1.2,2,58.1,44.03,25,2001-03-01,2026-01-06
AST-S_A-0095,PointMachine,S_AND_T,SEC-RKMP-BPL,KM-1.2,2,85.5,46.56,22,2004-03-01,2026-01-26
AST-TRA-0096,ContactWireSegment,TRACTION,SEC-RKMP-BPL,KM-1.2,4,91.3,28.8,12,2014-03-01,2026-01-12
AST-ENG-0097,TrackSegment,ENGINEERING,SEC-RKMP-BPL,KM-1.2,4,91.5,40.6,4,2022-03-01,2026-01-31
AST-S_A-0098,InsulatedJoint,S_AND_T,SEC-RKMP-BPL,KM-1.2,3,63.2,31.86,1,2025-03-01,2026-01-01
AST-TRA-0099,OHE_Mast,TRACTION,SEC-RKMP-BPL,KM-1.2,5,64.2,29.09,18,2008-03-01,2026-02-03
AST-ENG-0100,TurnoutSwitch,ENGINEERING,SEC-RKMP-BPL,KM-1.2,2,76.7,42.19,11,2015-03-02,2026-01-17
AST-S_A-0101,PointMachine,S_AND_T,SEC-RKMP-BPL,KM-1.3,3,67.3,37.17,3,2023-03-02,2025-11-17
AST-TRA-0102,ContactWireSegment,TRACTION,SEC-RKMP-BPL,KM-1.3,4,81.3,30.9,7,2019-03-02,2025-09-11
AST-ENG-0103,TurnoutSwitch,ENGINEERING,SEC-RKMP-BPL,KM-1.3,4,88.7,40.98,8,2018-03-01,2025-12-03
AST-S_A-0104,InsulatedJoint,S_AND_T,SEC-RKMP-BPL,KM-1.3,2,76.7,36.08,23,2003-03-02,2025-11-28
AST-TRA-0105,OHE_Mast,TRACTION,SEC-RKMP-BPL,KM-1.3,2,79.6,34.09,3,2023-03-02,2025-11-05
AST-ENG-0106,TurnoutSwitch,ENGINEERING,SEC-RKMP-BPL,KM-1.3,4,77.7,36.24,4,2022-03-01,2025-12-09
AST-S_A-0107,InsulatedJoint,S_AND_T,SEC-RKMP-BPL,KM-1.3,4,66.8,28.72,6,2020-03-01,2025-12-27
AST-TRA-0108,OHE_Mast,TRACTION,SEC-RKMP-BPL,KM-1.3,4,89.1,39.45,9,2017-03-01,2025-11-13
AST-ENG-0109,TurnoutSwitch,ENGINEERING,SEC-RKMP-BPL,KM-1.4,4,79.9,34.32,18,2008-03-01,2026-01-05
AST-S_A-0110,InsulatedJoint,S_AND_T,SEC-RKMP-BPL,KM-1.4,4,66.6,40.52,14,2012-03-01,2025-12-17
AST-TRA-0111,ContactWireSegment,TRACTION,SEC-RKMP-BPL,KM-1.4,4,78.9,46.42,13,2013-03-01,2025-09-27
AST-ENG-0112,TurnoutSwitch,ENGINEERING,SEC-RKMP-BPL,KM-1.4,4,70.2,34.29,13,2013-03-01,2025-09-29
AST-S_A-0113,PointMachine,S_AND_T,SEC-RKMP-BPL,KM-1.4,2,84.7,44.84,13,2013-03-01,2025-10-02
AST-TRA-0114,OHE_Mast,TRACTION,SEC-RKMP-BPL,KM-1.4,3,82.5,31.46,19,2007-03-02,2025-12-25
AST-ENG-0115,TrackSegment,ENGINEERING,SEC-RKMP-BPL,KM-1.4,2,58.1,45.13,19,2007-03-02,2025-12-08
AST-S_A-0116,PointMachine,S_AND_T,SEC-RKMP-BPL,KM-1.4,3,70.8,30.39,13,2013-03-01,2025-12-16
AST-TRA-0117,ContactWireSegment,TRACTION,SEC-RKMP-BPL,KM-1.5,5,82.3,34.22,24,2002-03-01,2025-10-10
AST-ENG-0118,SleeperBay,ENGINEERING,SEC-RKMP-BPL,KM-1.5,4,75.0,40.82,9,2017-03-01,2026-02-13
AST-S_A-0119,AxleCounter,S_AND_T,SEC-RKMP-BPL,KM-1.5,4,84.7,31.32,6,2020-03-01,2025-12-08
AST-TRA-0120,ContactWireSegment,TRACTION,SEC-RKMP-BPL,KM-1.5,5,68.3,44.78,21,2005-03-01,2025-09-04
AST-ENG-0121,TurnoutSwitch,ENGINEERING,SEC-RKMP-BPL,KM-1.5,4,73.6,29.6,4,2022-03-01,2025-09-30
AST-S_A-0122,InsulatedJoint,S_AND_T,SEC-RKMP-BPL,KM-1.5,4,93.6,31.01,8,2018-03-01,2026-01-16
AST-TRA-0123,OHE_Mast,TRACTION,SEC-RKMP-BPL,KM-1.5,2,62.3,33.84,23,2003-03-02,2026-01-13
AST-ENG-0124,TurnoutSwitch,ENGINEERING,SEC-RKMP-BPL,KM-1.5,4,54.1,29.68,7,2019-03-02,2026-01-05
AST-S_A-0125,InsulatedJoint,S_AND_T,SEC-RKMP-BPL,KM-1.6,4,76.2,41.4,22,2004-03-01,2025-10-06
AST-TRA-0126,ContactWireSegment,TRACTION,SEC-RKMP-BPL,KM-1.6,2,67.9,38.79,23,2003-03-02,2025-12-21
AST-ENG-0127,SleeperBay,ENGINEERING,SEC-RKMP-BPL,KM-1.6,4,81.0,45.04,22,2004-03-01,2025-12-15
AST-S_A-0128,AxleCounter,S_AND_T,SEC-RKMP-BPL,KM-1.6,5,70.5,45.01,10,2016-03-01,2025-12-20
AST-TRA-0129,ContactWireSegment,TRACTION,SEC-RKMP-BPL,KM-1.6,4,69.1,35.97,13,2013-03-01,2025-09-03
AST-ENG-0130,SleeperBay,ENGINEERING,SEC-RKMP-BPL,KM-1.6,4,70.3,34.78,8,2018-03-01,2026-01-14
AST-S_A-0131,PointMachine,S_AND_T,SEC-RKMP-BPL,KM-1.6,5,83.5,34.15,1,2025-03-01,2026-01-22
AST-TRA-0132,ContactWireSegment,TRACTION,SEC-RKMP-BPL,KM-1.6,2,80.6,42.06,14,2012-03-01,2025-11-02
AST-ENG-0133,SleeperBay,ENGINEERING,SEC-RKMP-BPL,KM-1.6,4,90.5,43.23,25,2001-03-01,2025-10-30
AST-S_A-0134,InsulatedJoint,S_AND_T,SEC-RKMP-BPL,KM-1.7,4,66.4,43.64,12,2014-03-01,2025-09-24
AST-TRA-0135,OHE_Mast,TRACTION,SEC-RKMP-BPL,KM-1.7,4,66.2,39.06,3,2023-03-02,2025-09-09
AST-ENG-0136,TurnoutSwitch,ENGINEERING,SEC-RKMP-BPL,KM-1.7,5,65.8,33.76,21,2005-03-01,2025-10-16
AST-S_A-0137,InsulatedJoint,S_AND_T,SEC-RKMP-BPL,KM-1.7,3,61.5,28.82,19,2007-03-02,2025-11-23
AST-TRA-0138,ContactWireSegment,TRACTION,SEC-RKMP-BPL,KM-1.7,4,86.1,37.3,9,2017-03-01,2025-09-06
AST-ENG-0139,TrackSegment,ENGINEERING,SEC-RKMP-BPL,KM-1.7,5,90.7,39.11,11,2015-03-02,2025-11-17
AST-S_A-0140,InsulatedJoint,S_AND_T,SEC-RKMP-BPL,KM-1.7,5,85.6,28.74,2,2024-03-01,2025-12-15
AST-TRA-0141,ContactWireSegment,TRACTION,SEC-RKMP-BPL,KM-1.7,2,80.4,42.27,2,2024-03-01,2025-10-29
AST-ENG-0142,SleeperBay,ENGINEERING,SEC-RKMP-BPL,KM-1.8,5,65.2,44.02,10,2016-03-01,2026-02-06
AST-S_A-0143,InsulatedJoint,S_AND_T,SEC-RKMP-BPL,KM-1.8,4,73.6,28.09,6,2020-03-01,2025-09-10
AST-TRA-0144,ContactWireSegment,TRACTION,SEC-RKMP-BPL,KM-1.8,4,82.7,36.03,18,2008-03-01,2025-09-20
AST-ENG-0145,TurnoutSwitch,ENGINEERING,SEC-RKMP-BPL,KM-1.8,3,53.9,34.96,17,2009-03-01,2025-10-09
AST-S_A-0146,InsulatedJoint,S_AND_T,SEC-RKMP-BPL,KM-1.8,3,58.6,35.94,3,2023-03-02,2025-12-31
AST-TRA-0147,ContactWireSegment,TRACTION,SEC-RKMP-BPL,KM-1.8,3,83.8,34.84,23,2003-03-02,2025-12-02
AST-ENG-0148,SleeperBay,ENGINEERING,SEC-RKMP-BPL,KM-1.8,5,98.5,33.93,20,2006-03-01,2025-12-09
AST-S_A-0149,AxleCounter,S_AND_T,SEC-RKMP-BPL,KM-1.8,4,60.7,35.85,4,2022-03-01,2025-11-25
AST-TRA-0150,ContactWireSegment,TRACTION,SEC-RKMP-BPL,KM-1.9,4,76.3,35.31,3,2023-03-02,2026-02-03
AST-ENG-0151,TurnoutSwitch,ENGINEERING,SEC-RKMP-BPL,KM-1.9,2,69.3,40.69,6,2020-03-01,2025-09-22
AST-S_A-0152,PointMachine,S_AND_T,SEC-RKMP-BPL,KM-1.9,4,61.1,43.04,13,2013-03-01,2025-11-17
AST-TRA-0153,ContactWireSegment,TRACTION,SEC-RKMP-BPL,KM-1.9,5,60.9,34.51,8,2018-03-01,2025-09-21
AST-ENG-0154,SleeperBay,ENGINEERING,SEC-RKMP-BPL,KM-1.9,4,52.4,39.81,16,2010-03-01,2025-10-30
AST-S_A-0155,SignalPost,S_AND_T,SEC-RKMP-BPL,KM-1.9,3,86.4,31.11,8,2018-03-01,2025-12-19
AST-TRA-0156,ContactWireSegment,TRACTION,SEC-RKMP-BPL,KM-1.9,3,82.2,43.84,15,2011-03-02,2025-10-08
AST-ENG-0157,TurnoutSwitch,ENGINEERING,SEC-RKMP-BPL,KM-1.9,4,90.5,41.49,11,2015-03-02,2026-01-03
AST-S_A-0158,InsulatedJoint,S_AND_T,SEC-RKMP-BPL,KM-2.0,5,73.6,31.7,5,2021-03-01,2025-11-14
AST-TRA-0159,OHE_Mast,TRACTION,SEC-RKMP-BPL,KM-2.0,4,73.8,38.25,3,2023-03-02,2025-09-13
AST-ENG-0160,TurnoutSwitch,ENGINEERING,SEC-RKMP-BPL,KM-2.0,2,55.5,30.06,8,2018-03-01,2026-02-08
AST-S_A-0161,SignalPost,S_AND_T,SEC-RKMP-BPL,KM-2.0,2,68.8,38.32,7,2019-03-02,2025-10-07
AST-TRA-0162,OHE_Mast,TRACTION,SEC-RKMP-BPL,KM-2.0,2,67.7,35.69,20,2006-03-01,2026-02-05
AST-ENG-0163,SleeperBay,ENGINEERING,SEC-RKMP-BPL,KM-2.0,3,83.6,35.88,18,2008-03-01,2026-01-07
AST-S_A-0164,PointMachine,S_AND_T,SEC-RKMP-BPL,KM-2.0,2,85.0,45.26,5,2021-03-01,2026-02-14
AST-TRA-0165,OHE_Mast,TRACTION,SEC-RKMP-BPL,KM-2.0,4,62.4,36.63,13,2013-03-01,2025-11-16
AST-ENG-0166,SleeperBay,ENGINEERING,SEC-RKMP-BPL,KM-2.1,5,77.0,34.45,15,2011-03-02,2026-01-05
AST-S_A-0167,InsulatedJoint,S_AND_T,SEC-RKMP-BPL,KM-2.1,4,92.6,34.61,12,2014-03-01,2026-01-05
AST-TRA-0168,ContactWireSegment,TRACTION,SEC-RKMP-BPL,KM-2.1,2,66.8,42.23,5,2021-03-01,2026-01-21
AST-ENG-0169,TurnoutSwitch,ENGINEERING,SEC-RKMP-BPL,KM-2.1,2,80.8,28.19,2,2024-03-01,2025-09-14
AST-S_A-0170,SignalPost,S_AND_T,SEC-RKMP-BPL,KM-2.1,2,61.8,40.4,12,2014-03-01,2026-01-06
AST-TRA-0171,OHE_Mast,TRACTION,SEC-RKMP-BPL,KM-2.1,4,59.4,28.09,15,2011-03-02,2025-12-30
AST-ENG-0172,SleeperBay,ENGINEERING,SEC-RKMP-BPL,KM-2.1,4,83.2,43.46,25,2001-03-01,2025-09-26
AST-S_A-0173,PointMachine,S_AND_T,SEC-RKMP-BPL,KM-2.1,5,67.8,40.07,7,2019-03-02,2025-09-17
AST-TRA-0174,ContactWireSegment,TRACTION,SEC-RKMP-BPL,KM-2.2,3,68.8,34.37,14,2012-03-01,2025-10-06
AST-ENG-0175,TrackSegment,ENGINEERING,SEC-RKMP-BPL,KM-2.2,3,84.4,34.35,16,2010-03-01,2025-10-02
AST-S_A-0176,SignalPost,S_AND_T,SEC-RKMP-BPL,KM-2.2,2,60.2,28.38,18,2008-03-01,2026-01-18
AST-TRA-0177,ContactWireSegment,TRACTION,SEC-RKMP-BPL,KM-2.2,4,95.3,34.34,19,2007-03-02,2026-01-25
AST-ENG-0178,SleeperBay,ENGINEERING,SEC-RKMP-BPL,KM-2.2,4,78.1,30.87,17,2009-03-01,2025-10-23
AST-S_A-0179,SignalPost,S_AND_T,SEC-RKMP-BPL,KM-2.2,4,65.0,28.08,5,2021-03-01,2025-09-15
AST-TRA-0180,OHE_Mast,TRACTION,SEC-RKMP-BPL,KM-2.2,5,86.9,30.54,15,2011-03-02,2025-09-19
AST-ENG-0181,TrackSegment,ENGINEERING,SEC-RKMP-BPL,KM-2.2,4,67.2,33.46,23,2003-03-02,2025-10-18
AST-S_A-0182,SignalPost,S_AND_T,SEC-RKMP-BPL,KM-2.3,4,83.1,41.27,25,2001-03-01,2025-09-30
AST-TRA-0183,OHE_Mast,TRACTION,SEC-RKMP-BPL,KM-2.3,4,88.6,45.48,1,2025-03-01,2025-09-29
AST-ENG-0184,TrackSegment,ENGINEERING,SEC-RKMP-BPL,KM-2.3,4,67.2,35.92,19,2007-03-02,2025-10-26
AST-S_A-0185,AxleCounter,S_AND_T,SEC-RKMP-BPL,KM-2.3,4,76.7,47.67,19,2007-03-02,2026-01-21
AST-TRA-0186,OHE_Mast,TRACTION,SEC-RKMP-BPL,KM-2.3,4,76.0,43.92,9,2017-03-01,2025-11-21
AST-ENG-0187,TurnoutSwitch,ENGINEERING,SEC-RKMP-BPL,KM-2.3,2,81.1,35.9,11,2015-03-02,2026-01-19
AST-S_A-0188,AxleCounter,S_AND_T,SEC-RKMP-BPL,KM-2.3,2,66.6,31.57,18,2008-03-01,2026-01-13
AST-TRA-0189,ContactWireSegment,TRACTION,SEC-RKMP-BPL,KM-2.3,5,66.4,37.4,22,2004-03-01,2025-09-22
AST-ENG-0190,SleeperBay,ENGINEERING,SEC-RKMP-BPL,KM-2.4,5,78.3,38.34,3,2023-03-02,2025-10-15
AST-S_A-0191,AxleCounter,S_AND_T,SEC-RKMP-BPL,KM-2.4,5,93.6,30.09,19,2007-03-02,2025-10-09
AST-TRA-0192,ContactWireSegment,TRACTION,SEC-RKMP-BPL,KM-2.4,5,69.1,30.0,1,2025-03-01,2026-01-12
AST-ENG-0193,TurnoutSwitch,ENGINEERING,SEC-RKMP-BPL,KM-2.4,2,97.1,35.54,19,2007-03-02,2025-10-05
AST-S_A-0194,AxleCounter,S_AND_T,SEC-RKMP-BPL,KM-2.4,5,79.3,34.38,9,2017-03-01,2025-11-06
AST-TRA-0195,ContactWireSegment,TRACTION,SEC-RKMP-BPL,KM-2.4,4,87.7,46.71,15,2011-03-02,2025-11-23
AST-ENG-0196,TurnoutSwitch,ENGINEERING,SEC-RKMP-BPL,KM-2.4,3,78.3,35.88,20,2006-03-01,2026-01-24
AST-S_A-0197,PointMachine,S_AND_T,SEC-RKMP-BPL,KM-2.4,4,58.6,47.1,5,2021-03-01,2025-10-18
AST-TRA-0198,OHE_Mast,TRACTION,SEC-RKMP-BPL,KM-2.5,2,77.4,45.62,9,2017-03-01,2025-12-31
AST-ENG-0199,TurnoutSwitch,ENGINEERING,SEC-RKMP-BPL,KM-2.5,3,73.9,37.37,6,2020-03-01,2025-12-01
AST-S_A-0200,PointMachine,S_AND_T,SEC-RKMP-BPL,KM-2.5,2,67.9,47.19,7,2019-03-02,2025-10-30
AST-TRA-0201,ContactWireSegment,TRACTION,SEC-RKMP-BPL,KM-2.5,2,77.9,33.9,13,2013-03-01,2025-12-25
AST-ENG-0202,SleeperBay,ENGINEERING,SEC-RKMP-BPL,KM-2.5,5,80.3,47.69,16,2010-03-01,2025-09-05
AST-S_A-0203,PointMachine,S_AND_T,SEC-RKMP-BPL,KM-2.5,2,80.9,34.09,24,2002-03-01,2026-01-09
AST-TRA-0204,ContactWireSegment,TRACTION,SEC-RKMP-BPL,KM-2.5,2,61.0,40.34,11,2015-03-02,2025-11-17
AST-ENG-0205,TurnoutSwitch,ENGINEERING,SEC-RKMP-BPL,KM-2.5,3,74.9,45.04,5,2021-03-01,2025-12-15
AST-S_A-0206,AxleCounter,S_AND_T,SEC-RKMP-BPL,KM-2.6,4,82.8,35.43,21,2005-03-01,2025-12-10
AST-TRA-0207,OHE_Mast,TRACTION,SEC-RKMP-BPL,KM-2.6,5,93.9,46.83,20,2006-03-01,2025-12-09
AST-ENG-0208,TrackSegment,ENGINEERING,SEC-RKMP-BPL,KM-2.6,5,65.2,33.29,5,2021-03-01,2025-09-28
AST-S_A-0209,AxleCounter,S_AND_T,SEC-RKMP-BPL,KM-2.6,4,83.6,32.91,5,2021-03-01,2025-09-22
AST-TRA-0210,ContactWireSegment,TRACTION,SEC-RKMP-BPL,KM-2.6,5,92.4,38.62,18,2008-03-01,2026-01-05
AST-ENG-0211,TrackSegment,ENGINEERING,SEC-RKMP-BPL,KM-2.6,3,69.3,45.76,7,2019-03-02,2026-02-14
AST-S_A-0212,InsulatedJoint,S_AND_T,SEC-RKMP-BPL,KM-2.6,4,96.8,38.59,10,2016-03-01,2025-11-18
AST-TRA-0213,ContactWireSegment,TRACTION,SEC-RKMP-BPL,KM-2.6,2,78.1,47.04,11,2015-03-02,2026-01-31
AST-ENG-0214,TurnoutSwitch,ENGINEERING,SEC-RKMP-BPL,KM-2.7,5,81.1,39.09,24,2002-03-01,2026-01-11
AST-S_A-0215,SignalPost,S_AND_T,SEC-RKMP-BPL,KM-2.7,2,86.7,46.34,7,2019-03-02,2026-02-14
AST-TRA-0216,OHE_Mast,TRACTION,SEC-RKMP-BPL,KM-2.7,4,90.0,36.01,14,2012-03-01,2025-11-19
AST-ENG-0217,TurnoutSwitch,ENGINEERING,SEC-RKMP-BPL,KM-2.7,5,81.8,42.83,5,2021-03-01,2025-12-15
AST-S_A-0218,PointMachine,S_AND_T,SEC-RKMP-BPL,KM-2.7,3,82.8,34.83,14,2012-03-01,2026-02-06
AST-TRA-0219,ContactWireSegment,TRACTION,SEC-RKMP-BPL,KM-2.7,5,99.5,43.02,9,2017-03-01,2025-11-01
AST-ENG-0220,SleeperBay,ENGINEERING,SEC-RKMP-BPL,KM-2.7,3,79.3,36.76,8,2018-03-01,2025-11-01
AST-S_A-0221,InsulatedJoint,S_AND_T,SEC-RKMP-BPL,KM-2.7,5,75.4,29.24,1,2025-03-01,2025-12-11
AST-TRA-0222,OHE_Mast,TRACTION,SEC-RKMP-BPL,KM-2.8,2,75.2,40.65,13,2013-03-01,2025-12-12
AST-ENG-0223,TrackSegment,ENGINEERING,SEC-RKMP-BPL,KM-2.8,3,67.6,37.22,24,2002-03-01,2025-12-27
AST-S_A-0224,AxleCounter,S_AND_T,SEC-RKMP-BPL,KM-2.8,4,82.4,47.0,14,2012-03-01,2025-12-20
AST-TRA-0225,ContactWireSegment,TRACTION,SEC-RKMP-BPL,KM-2.8,4,81.7,28.81,5,2021-03-01,2025-09-04
AST-ENG-0226,TurnoutSwitch,ENGINEERING,SEC-RKMP-BPL,KM-2.8,5,75.0,41.2,5,2021-03-01,2025-12-27
AST-S_A-0227,PointMachine,S_AND_T,SEC-RKMP-BPL,KM-2.8,3,91.1,36.06,24,2002-03-01,2025-09-20
AST-TRA-0228,ContactWireSegment,TRACTION,SEC-RKMP-BPL,KM-2.8,4,79.2,46.14,9,2017-03-01,2025-12-07
AST-ENG-0229,TrackSegment,ENGINEERING,SEC-RKMP-BPL,KM-2.8,3,73.9,36.8,17,2009-03-01,2026-01-03
AST-S_A-0230,SignalPost,S_AND_T,SEC-RKMP-BPL,KM-2.9,2,84.7,41.11,19,2007-03-02,2025-10-28
AST-TRA-0231,OHE_Mast,TRACTION,SEC-RKMP-BPL,KM-2.9,3,92.4,43.56,1,2025-03-01,2025-09-12
AST-ENG-0232,SleeperBay,ENGINEERING,SEC-RKMP-BPL,KM-2.9,3,67.8,30.59,22,2004-03-01,2025-12-31
AST-S_A-0233,InsulatedJoint,S_AND_T,SEC-RKMP-BPL,KM-2.9,3,81.4,46.21,4,2022-03-01,2025-10-15
AST-TRA-0234,OHE_Mast,TRACTION,SEC-RKMP-BPL,KM-2.9,4,56.9,47.06,15,2011-03-02,2025-11-06
AST-ENG-0235,SleeperBay,ENGINEERING,SEC-RKMP-BPL,KM-2.9,4,88.5,47.52,7,2019-03-02,2025-11-21
AST-S_A-0236,PointMachine,S_AND_T,SEC-RKMP-BPL,KM-2.9,4,82.9,36.0,18,2008-03-01,2025-09-23
AST-TRA-0237,ContactWireSegment,TRACTION,SEC-RKMP-BPL,KM-2.9,4,86.1,45.08,16,2010-03-01,2025-12-22
AST-ENG-0238,TrackSegment,ENGINEERING,SEC-RKMP-BPL,KM-3.0,4,85.0,40.64,21,2005-03-01,2025-12-21
AST-S_A-0239,InsulatedJoint,S_AND_T,SEC-RKMP-BPL,KM-3.0,5,83.4,44.87,7,2019-03-02,2025-09-13
AST-TRA-0240,ContactWireSegment,TRACTION,SEC-RKMP-BPL,KM-3.0,4,76.0,43.25,3,2023-03-02,2025-11-27
AST-ENG-0241,TurnoutSwitch,ENGINEERING,SEC-RKMP-BPL,KM-3.0,3,79.5,33.79,12,2014-03-01,2025-12-26
AST-S_A-0242,PointMachine,S_AND_T,SEC-RKMP-BPL,KM-3.0,4,76.5,32.38,17,2009-03-01,2025-10-03
AST-TRA-0243,OHE_Mast,TRACTION,SEC-RKMP-BPL,KM-3.0,3,77.4,34.72,22,2004-03-01,2025-12-02
AST-ENG-0244,SleeperBay,ENGINEERING,SEC-RKMP-BPL,KM-3.0,5,77.2,43.49,16,2010-03-01,2026-01-26
AST-S_A-0245,SignalPost,S_AND_T,SEC-RKMP-BPL,KM-3.0,5,68.9,31.08,10,2016-03-01,2026-02-10
AST-TRA-0246,OHE_Mast,TRACTION,SEC-RKMP-BPL,KM-3.1,4,72.1,47.62,16,2010-03-01,2026-02-03
AST-ENG-0247,SleeperBay,ENGINEERING,SEC-RKMP-BPL,KM-3.1,5,78.6,45.7,4,2022-03-01,2026-01-09
AST-S_A-0248,AxleCounter,S_AND_T,SEC-RKMP-BPL,KM-3.1,2,62.6,31.53,4,2022-03-01,2025-12-07
AST-TRA-0249,ContactWireSegment,TRACTION,SEC-RKMP-BPL,KM-3.1,4,85.9,41.05,14,2012-03-01,2026-02-14
AST-ENG-0250,SleeperBay,ENGINEERING,SEC-RKMP-BPL,KM-3.1,5,77.3,29.9,18,2008-03-01,2025-10-17
AST-S_A-0251,SignalPost,S_AND_T,SEC-RKMP-BPL,KM-3.1,3,89.3,36.5,25,2001-03-01,2026-01-11
AST-TRA-0252,OHE_Mast,TRACTION,SEC-RKMP-BPL,KM-3.1,4,67.0,43.75,18,2008-03-01,2025-09-30
AST-ENG-0253,SleeperBay,ENGINEERING,SEC-RKMP-BPL,KM-3.1,4,86.4,42.98,21,2005-03-01,2025-10-20
AST-S_A-0254,InsulatedJoint,S_AND_T,SEC-RKMP-BPL,KM-3.1,4,75.6,30.88,15,2011-03-02,2025-09-22
AST-TRA-0255,ContactWireSegment,TRACTION,SEC-RKMP-BPL,KM-3.2,3,81.5,29.35,3,2023-03-02,2025-11-22
AST-ENG-0256,TrackSegment,ENGINEERING,SEC-RKMP-BPL,KM-3.2,2,70.5,43.49,3,2023-03-02,2026-02-09
AST-S_A-0257,PointMachine,S_AND_T,SEC-RKMP-BPL,KM-3.2,5,77.0,30.94,17,2009-03-01,2026-02-04
AST-TRA-0258,ContactWireSegment,TRACTION,SEC-RKMP-BPL,KM-3.2,5,75.4,44.38,2,2024-03-01,2026-01-30
AST-ENG-0259,TurnoutSwitch,ENGINEERING,SEC-RKMP-BPL,KM-3.2,4,78.6,43.05,10,2016-03-01,2026-01-12
AST-S_A-0260,AxleCounter,S_AND_T,SEC-RKMP-BPL,KM-3.2,5,95.2,35.36,11,2015-03-02,2026-01-09
AST-TRA-0261,ContactWireSegment,TRACTION,SEC-RKMP-BPL,KM-3.2,5,84.9,29.72,6,2020-03-01,2025-12-21
AST-ENG-0262,TrackSegment,ENGINEERING,SEC-RKMP-BPL,KM-3.2,3,88.3,35.97,18,2008-03-01,2025-09-04
AST-S_A-0263,InsulatedJoint,S_AND_T,SEC-RKMP-BPL,KM-3.3,4,85.0,35.86,4,2022-03-01,2026-01-15
AST-TRA-0264,ContactWireSegment,TRACTION,SEC-RKMP-BPL,KM-3.3,5,53.5,31.85,16,2010-03-01,2026-01-09
AST-ENG-0265,TurnoutSwitch,ENGINEERING,SEC-RKMP-BPL,KM-3.3,3,62.9,39.33,17,2009-03-01,2025-10-14
AST-S_A-0266,AxleCounter,S_AND_T,SEC-RKMP-BPL,KM-3.3,5,96.0,28.53,14,2012-03-01,2026-02-06
AST-TRA-0267,ContactWireSegment,TRACTION,SEC-RKMP-BPL,KM-3.3,4,76.8,36.37,16,2010-03-01,2026-01-03
AST-ENG-0268,SleeperBay,ENGINEERING,SEC-RKMP-BPL,KM-3.3,5,70.4,35.71,19,2007-03-02,2026-01-01
AST-S_A-0269,SignalPost,S_AND_T,SEC-RKMP-BPL,KM-3.3,3,86.5,41.53,14,2012-03-01,2025-09-28
AST-TRA-0270,OHE_Mast,TRACTION,SEC-RKMP-BPL,KM-3.3,2,64.2,45.89,20,2006-03-01,2025-10-31
AST-ENG-0271,SleeperBay,ENGINEERING,SEC-RKMP-BPL,KM-3.4,5,93.3,37.52,5,2021-03-01,2025-09-29
AST-S_A-0272,InsulatedJoint,S_AND_T,SEC-RKMP-BPL,KM-3.4,2,97.3,39.72,12,2014-03-01,2026-01-13
AST-TRA-0273,OHE_Mast,TRACTION,SEC-RKMP-BPL,KM-3.4,3,67.4,32.14,17,2009-03-01,2026-01-28
AST-ENG-0274,TurnoutSwitch,ENGINEERING,SEC-RKMP-BPL,KM-3.4,3,77.0,45.21,5,2021-03-01,2025-12-24
AST-S_A-0275,PointMachine,S_AND_T,SEC-RKMP-BPL,KM-3.4,2,99.5,33.3,10,2016-03-01,2025-09-14
AST-TRA-0276,ContactWireSegment,TRACTION,SEC-RKMP-BPL,KM-3.4,3,76.1,46.59,18,2008-03-01,2026-01-29
AST-ENG-0277,SleeperBay,ENGINEERING,SEC-RKMP-BPL,KM-3.4,2,55.5,30.44,3,2023-03-02,2026-01-13
AST-S_A-0278,InsulatedJoint,S_AND_T,SEC-RKMP-BPL,KM-3.4,5,90.9,38.52,4,2022-03-01,2025-09-03
AST-TRA-0279,OHE_Mast,TRACTION,SEC-RKMP-BPL,KM-3.5,4,85.3,46.97,2,2024-03-01,2026-01-31
AST-ENG-0280,TurnoutSwitch,ENGINEERING,SEC-RKMP-BPL,KM-3.5,5,72.5,47.57,9,2017-03-01,2025-11-24
AST-S_A-0281,AxleCounter,S_AND_T,SEC-RKMP-BPL,KM-3.5,5,78.9,35.95,13,2013-03-01,2025-10-06
AST-TRA-0282,ContactWireSegment,TRACTION,SEC-RKMP-BPL,KM-3.5,2,83.7,31.86,25,2001-03-01,2026-01-28
AST-ENG-0283,SleeperBay,ENGINEERING,SEC-RKMP-BPL,KM-3.5,4,94.8,36.17,22,2004-03-01,2025-12-04
AST-S_A-0284,PointMachine,S_AND_T,SEC-RKMP-BPL,KM-3.5,4,73.9,46.66,19,2007-03-02,2025-12-12
AST-TRA-0285,ContactWireSegment,TRACTION,SEC-RKMP-BPL,KM-3.5,4,93.2,37.24,9,2017-03-01,2025-12-28
AST-ENG-0286,TurnoutSwitch,ENGINEERING,SEC-RKMP-BPL,KM-3.5,4,71.7,34.91,2,2024-03-01,2025-12-14
AST-S_A-0287,AxleCounter,S_AND_T,SEC-RKMP-BPL,KM-3.6,3,88.0,35.78,3,2023-03-02,2025-09-25
AST-TRA-0288,OHE_Mast,TRACTION,SEC-RKMP-BPL,KM-3.6,4,77.5,33.15,14,2012-03-01,2025-10-01
AST-ENG-0289,SleeperBay,ENGINEERING,SEC-RKMP-BPL,KM-3.6,4,83.9,29.05,24,2002-03-01,2025-10-29
AST-S_A-0290,InsulatedJoint,S_AND_T,SEC-RKMP-BPL,KM-3.6,3,81.7,39.58,25,2001-03-01,2026-02-14
AST-TRA-0291,ContactWireSegment,TRACTION,SEC-RKMP-BPL,KM-3.6,4,81.6,28.53,1,2025-03-01,2025-12-21
AST-ENG-0292,SleeperBay,ENGINEERING,SEC-RKMP-BPL,KM-3.6,5,57.9,37.32,12,2014-03-01,2026-02-14
AST-S_A-0293,AxleCounter,S_AND_T,SEC-RKMP-BPL,KM-3.6,3,77.8,35.46,20,2006-03-01,2025-09-27
AST-TRA-0294,ContactWireSegment,TRACTION,SEC-RKMP-BPL,KM-3.6,3,73.6,43.5,4,2022-03-01,2025-11-25
AST-ENG-0295,TrackSegment,ENGINEERING,SEC-RKMP-BPL,KM-3.7,5,62.2,45.11,14,2012-03-01,2025-09-27
AST-S_A-0296,SignalPost,S_AND_T,SEC-RKMP-BPL,KM-3.7,4,78.5,35.49,3,2023-03-02,2026-01-29
AST-TRA-0297,OHE_Mast,TRACTION,SEC-RKMP-BPL,KM-3.7,4,75.5,47.64,21,2005-03-01,2025-10-17
AST-ENG-0298,TurnoutSwitch,ENGINEERING,SEC-RKMP-BPL,KM-3.7,4,50.2,36.35,4,2022-03-01,2026-01-26
AST-S_A-0299,InsulatedJoint,S_AND_T,SEC-RKMP-BPL,KM-3.7,5,82.0,34.08,20,2006-03-01,2025-10-17
AST-TRA-0300,ContactWireSegment,TRACTION,SEC-RKMP-BPL,KM-3.7,2,81.8,37.27,11,2015-03-02,2025-10-24
AST-ENG-0301,TurnoutSwitch,ENGINEERING,SEC-RKMP-BPL,KM-3.7,4,77.8,40.37,5,2021-03-01,2026-01-23
AST-S_A-0302,SignalPost,S_AND_T,SEC-RKMP-BPL,KM-3.7,4,80.9,32.29,12,2014-03-01,2026-01-22
AST-TRA-0303,ContactWireSegment,TRACTION,SEC-RKMP-BPL,KM-3.8,3,67.3,46.95,5,2021-03-01,2026-01-13
AST-ENG-0304,TurnoutSwitch,ENGINEERING,SEC-RKMP-BPL,KM-3.8,5,96.6,29.61,15,2011-03-02,2025-10-30
AST-S_A-0305,InsulatedJoint,S_AND_T,SEC-RKMP-BPL,KM-3.8,4,70.0,36.62,22,2004-03-01,2025-12-16
AST-TRA-0306,OHE_Mast,TRACTION,SEC-RKMP-BPL,KM-3.8,4,67.7,47.17,17,2009-03-01,2026-02-08
AST-ENG-0307,TrackSegment,ENGINEERING,SEC-RKMP-BPL,KM-3.8,3,76.9,28.9,18,2008-03-01,2025-12-25
AST-S_A-0308,InsulatedJoint,S_AND_T,SEC-RKMP-BPL,KM-3.8,5,81.5,44.69,24,2002-03-01,2026-01-20
AST-TRA-0309,ContactWireSegment,TRACTION,SEC-RKMP-BPL,KM-3.8,5,73.9,35.94,14,2012-03-01,2025-10-07
AST-ENG-0310,TurnoutSwitch,ENGINEERING,SEC-RKMP-BPL,KM-3.8,2,60.7,34.21,20,2006-03-01,2026-01-14
AST-S_A-0311,AxleCounter,S_AND_T,SEC-RKMP-BPL,KM-3.9,5,91.3,45.35,8,2018-03-01,2026-01-24
AST-TRA-0312,ContactWireSegment,TRACTION,SEC-RKMP-BPL,KM-3.9,5,86.3,44.84,10,2016-03-01,2025-09-12
AST-ENG-0313,TurnoutSwitch,ENGINEERING,SEC-RKMP-BPL,KM-3.9,5,83.6,38.87,4,2022-03-01,2025-09-08
AST-S_A-0314,InsulatedJoint,S_AND_T,SEC-RKMP-BPL,KM-3.9,5,90.3,37.66,12,2014-03-01,2025-12-01
AST-TRA-0315,ContactWireSegment,TRACTION,SEC-RKMP-BPL,KM-3.9,3,78.9,29.8,10,2016-03-01,2025-10-18
AST-ENG-0316,TrackSegment,ENGINEERING,SEC-RKMP-BPL,KM-3.9,5,68.8,46.61,21,2005-03-01,2025-11-05
AST-S_A-0317,SignalPost,S_AND_T,SEC-RKMP-BPL,KM-3.9,3,59.3,47.51,1,2025-03-01,2025-10-02
AST-TRA-0318,OHE_Mast,TRACTION,SEC-RKMP-BPL,KM-3.9,4,83.8,47.54,2,2024-03-01,2026-01-07
AST-ENG-0319,TurnoutSwitch,ENGINEERING,SEC-RKMP-BPL,KM-4.0,3,73.1,31.9,2,2024-03-01,2026-01-21
AST-S_A-0320,AxleCounter,S_AND_T,SEC-RKMP-BPL,KM-4.0,5,84.5,40.52,20,2006-03-01,2026-01-12
AST-TRA-0321,ContactWireSegment,TRACTION,SEC-RKMP-BPL,KM-4.0,4,62.3,46.98,21,2005-03-01,2026-01-24
AST-ENG-0322,TurnoutSwitch,ENGINEERING,SEC-RKMP-BPL,KM-4.0,2,99.5,36.76,16,2010-03-01,2025-09-11
AST-S_A-0323,InsulatedJoint,S_AND_T,SEC-RKMP-BPL,KM-4.0,5,75.9,31.66,10,2016-03-01,2025-11-05
AST-TRA-0324,OHE_Mast,TRACTION,SEC-RKMP-BPL,KM-4.0,4,68.9,36.7,21,2005-03-01,2026-01-08
AST-ENG-0325,SleeperBay,ENGINEERING,SEC-RKMP-BPL,KM-4.0,3,75.3,31.76,19,2007-03-02,2025-10-02
AST-S_A-0326,SignalPost,S_AND_T,SEC-RKMP-BPL,KM-4.0,4,80.4,38.16,24,2002-03-01,2025-12-04
AST-TRA-0327,OHE_Mast,TRACTION,SEC-RKMP-BPL,KM-4.1,4,89.2,36.44,25,2001-03-01,2025-09-07
AST-ENG-0328,TrackSegment,ENGINEERING,SEC-RKMP-BPL,KM-4.1,4,92.4,40.75,16,2010-03-01,2026-02-06
AST-S_A-0329,AxleCounter,S_AND_T,SEC-RKMP-BPL,KM-4.1,4,74.9,37.51,25,2001-03-01,2025-10-19
AST-TRA-0330,OHE_Mast,TRACTION,SEC-RKMP-BPL,KM-4.1,5,76.9,43.64,23,2003-03-02,2025-12-06
AST-ENG-0331,TurnoutSwitch,ENGINEERING,SEC-RKMP-BPL,KM-4.1,5,78.9,34.95,16,2010-03-01,2025-12-05
AST-S_A-0332,AxleCounter,S_AND_T,SEC-RKMP-BPL,KM-4.1,4,70.8,35.42,15,2011-03-02,2025-12-06
AST-TRA-0333,ContactWireSegment,TRACTION,SEC-RKMP-BPL,KM-4.1,4,65.1,37.19,21,2005-03-01,2025-11-19
AST-ENG-0334,TrackSegment,ENGINEERING,SEC-RKMP-BPL,KM-4.1,4,79.1,31.97,10,2016-03-01,2025-11-03
AST-S_A-0335,SignalPost,S_AND_T,SEC-RKMP-BPL,KM-4.2,5,76.4,30.21,19,2007-03-02,2026-01-29
AST-TRA-0336,ContactWireSegment,TRACTION,SEC-RKMP-BPL,KM-4.2,3,95.1,33.83,9,2017-03-01,2025-11-19
AST-ENG-0337,TrackSegment,ENGINEERING,SEC-RKMP-BPL,KM-4.2,5,85.8,31.5,23,2003-03-02,2025-10-14
AST-S_A-0338,PointMachine,S_AND_T,SEC-RKMP-BPL,KM-4.2,4,81.3,33.47,7,2019-03-02,2025-12-26
AST-TRA-0339,OHE_Mast,TRACTION,SEC-RKMP-BPL,KM-4.2,4,67.3,29.4,4,2022-03-01,2025-12-07
AST-ENG-0340,TurnoutSwitch,ENGINEERING,SEC-RKMP-BPL,KM-4.2,5,66.5,44.3,6,2020-03-01,2025-12-03
AST-S_A-0341,PointMachine,S_AND_T,SEC-RKMP-BPL,KM-4.2,3,91.3,31.53,21,2005-03-01,2026-01-07
AST-TRA-0342,OHE_Mast,TRACTION,SEC-RKMP-BPL,KM-4.2,3,56.9,43.04,5,2021-03-01,2025-12-25
AST-ENG-0343,TrackSegment,ENGINEERING,SEC-RKMP-BPL,KM-4.3,2,83.5,34.06,7,2019-03-02,2025-09-26
AST-S_A-0344,PointMachine,S_AND_T,SEC-RKMP-BPL,KM-4.3,3,80.1,46.6,10,2016-03-01,2025-11-24
AST-TRA-0345,ContactWireSegment,TRACTION,SEC-RKMP-BPL,KM-4.3,5,65.3,40.27,17,2009-03-01,2025-12-04
AST-ENG-0346,SleeperBay,ENGINEERING,SEC-RKMP-BPL,KM-4.3,5,73.8,37.22,20,2006-03-01,2026-02-01
AST-S_A-0347,AxleCounter,S_AND_T,SEC-RKMP-BPL,KM-4.3,4,84.2,36.15,1,2025-03-01,2025-12-02
AST-TRA-0348,ContactWireSegment,TRACTION,SEC-RKMP-BPL,KM-4.3,4,66.4,30.17,18,2008-03-01,2026-01-08
AST-ENG-0349,TrackSegment,ENGINEERING,SEC-RKMP-BPL,KM-4.3,5,68.7,45.46,20,2006-03-01,2026-01-26
AST-S_A-0350,InsulatedJoint,S_AND_T,SEC-RKMP-BPL,KM-4.3,3,80.4,33.36,21,2005-03-01,2025-11-06
AST-TRA-0351,ContactWireSegment,TRACTION,SEC-RKMP-BPL,KM-4.4,3,70.0,33.93,24,2002-03-01,2026-01-10
AST-ENG-0352,TrackSegment,ENGINEERING,SEC-RKMP-BPL,KM-4.4,3,70.8,46.99,20,2006-03-01,2025-12-10
AST-S_A-0353,SignalPost,S_AND_T,SEC-RKMP-BPL,KM-4.4,4,70.7,31.51,21,2005-03-01,2026-01-08
AST-TRA-0354,ContactWireSegment,TRACTION,SEC-RKMP-BPL,KM-4.4,3,74.1,30.8,8,2018-03-01,2025-10-26
AST-ENG-0355,SleeperBay,ENGINEERING,SEC-RKMP-BPL,KM-4.4,3,71.7,47.29,21,2005-03-01,2025-11-14
AST-S_A-0356,PointMachine,S_AND_T,SEC-RKMP-BPL,KM-4.4,4,62.1,33.06,20,2006-03-01,2025-10-09
AST-TRA-0357,ContactWireSegment,TRACTION,SEC-RKMP-BPL,KM-4.4,3,63.5,32.26,20,2006-03-01,2025-10-26
AST-ENG-0358,TrackSegment,ENGINEERING,SEC-RKMP-BPL,KM-4.4,4,55.9,28.77,6,2020-03-01,2026-01-11
AST-S_A-0359,InsulatedJoint,S_AND_T,SEC-RKMP-BPL,KM-4.5,5,71.0,35.9,13,2013-03-01,2025-12-21
AST-TRA-0360,ContactWireSegment,TRACTION,SEC-RKMP-BPL,KM-4.5,3,87.4,31.91,15,2011-03-02,2025-12-09
AST-ENG-0361,TurnoutSwitch,ENGINEERING,SEC-RKMP-BPL,KM-4.5,5,76.3,41.81,12,2014-03-01,2026-01-23
AST-S_A-0362,InsulatedJoint,S_AND_T,SEC-RKMP-BPL,KM-4.5,4,81.2,46.47,2,2024-03-01,2026-01-05
AST-TRA-0363,ContactWireSegment,TRACTION,SEC-RKMP-BPL,KM-4.5,5,89.3,37.36,19,2007-03-02,2026-01-24
AST-ENG-0364,TrackSegment,ENGINEERING,SEC-RKMP-BPL,KM-4.5,3,91.6,33.79,5,2021-03-01,2025-10-06
AST-S_A-0365,SignalPost,S_AND_T,SEC-RKMP-BPL,KM-4.5,5,80.9,33.48,23,2003-03-02,2026-01-26
AST-TRA-0366,OHE_Mast,TRACTION,SEC-RKMP-BPL,KM-4.5,2,71.2,36.04,24,2002-03-01,2026-01-08
AST-ENG-0367,TurnoutSwitch,ENGINEERING,SEC-RKMP-BPL,KM-4.6,3,70.4,31.24,22,2004-03-01,2025-10-08
AST-S_A-0368,AxleCounter,S_AND_T,SEC-RKMP-BPL,KM-4.6,5,89.8,46.35,16,2010-03-01,2025-09-27
AST-TRA-0369,OHE_Mast,TRACTION,SEC-RKMP-BPL,KM-4.6,3,81.8,45.35,22,2004-03-01,2025-11-17
AST-ENG-0370,TrackSegment,ENGINEERING,SEC-RKMP-BPL,KM-4.6,4,79.5,30.57,4,2022-03-01,2025-10-09
AST-S_A-0371,SignalPost,S_AND_T,SEC-RKMP-BPL,KM-4.6,4,87.7,45.53,24,2002-03-01,2026-01-15
AST-TRA-0372,ContactWireSegment,TRACTION,SEC-RKMP-BPL,KM-4.6,4,83.0,42.99,16,2010-03-01,2025-12-29
AST-ENG-0373,TurnoutSwitch,ENGINEERING,SEC-RKMP-BPL,KM-4.6,3,78.5,38.11,3,2023-03-02,2025-11-23
AST-S_A-0374,AxleCounter,S_AND_T,SEC-RKMP-BPL,KM-4.6,3,71.1,46.26,20,2006-03-01,2026-01-05
AST-TRA-0375,ContactWireSegment,TRACTION,SEC-RKMP-BPL,KM-4.7,4,75.6,31.77,19,2007-03-02,2025-12-21
AST-ENG-0376,SleeperBay,ENGINEERING,SEC-RKMP-BPL,KM-4.7,5,85.5,46.36,4,2022-03-01,2025-09-05
AST-S_A-0377,PointMachine,S_AND_T,SEC-RKMP-BPL,KM-4.7,4,96.0,47.73,9,2017-03-01,2026-01-09
AST-TRA-0378,OHE_Mast,TRACTION,SEC-RKMP-BPL,KM-4.7,4,78.0,33.68,13,2013-03-01,2025-10-08
AST-ENG-0379,TurnoutSwitch,ENGINEERING,SEC-RKMP-BPL,KM-4.7,5,79.4,34.03,10,2016-03-01,2026-01-04
AST-S_A-0380,InsulatedJoint,S_AND_T,SEC-RKMP-BPL,KM-4.7,3,87.9,41.17,24,2002-03-01,2025-10-01
AST-TRA-0381,ContactWireSegment,TRACTION,SEC-RKMP-BPL,KM-4.7,3,67.7,39.27,1,2025-03-01,2025-11-07
AST-ENG-0382,TurnoutSwitch,ENGINEERING,SEC-RKMP-BPL,KM-4.7,2,84.4,45.3,19,2007-03-02,2026-02-09
AST-S_A-0383,InsulatedJoint,S_AND_T,SEC-RKMP-BPL,KM-4.7,5,72.7,42.99,10,2016-03-01,2025-11-18
AST-TRA-0384,OHE_Mast,TRACTION,SEC-RKMP-BPL,KM-4.8,5,72.7,32.32,14,2012-03-01,2025-11-19
AST-ENG-0385,TurnoutSwitch,ENGINEERING,SEC-RKMP-BPL,KM-4.8,3,60.6,28.54,20,2006-03-01,2025-12-20
AST-S_A-0386,InsulatedJoint,S_AND_T,SEC-RKMP-BPL,KM-4.8,4,79.4,42.88,24,2002-03-01,2025-11-19
AST-TRA-0387,OHE_Mast,TRACTION,SEC-RKMP-BPL,KM-4.8,4,80.6,32.03,12,2014-03-01,2026-02-12
AST-ENG-0388,SleeperBay,ENGINEERING,SEC-RKMP-BPL,KM-4.8,5,55.2,39.57,4,2022-03-01,2026-01-22
AST-S_A-0389,PointMachine,S_AND_T,SEC-RKMP-BPL,KM-4.8,5,72.2,34.64,25,2001-03-01,2025-10-01
AST-TRA-0390,OHE_Mast,TRACTION,SEC-RKMP-BPL,KM-4.8,3,88.5,30.4,10,2016-03-01,2026-02-03
AST-ENG-0391,TrackSegment,ENGINEERING,SEC-RKMP-BPL,KM-4.8,2,79.0,44.55,25,2001-03-01,2025-10-16
AST-S_A-0392,AxleCounter,S_AND_T,SEC-RKMP-BPL,KM-4.9,5,78.4,45.64,8,2018-03-01,2025-11-01
AST-TRA-0393,OHE_Mast,TRACTION,SEC-RKMP-BPL,KM-4.9,4,72.8,34.92,14,2012-03-01,2026-01-18
AST-ENG-0394,TurnoutSwitch,ENGINEERING,SEC-RKMP-BPL,KM-4.9,3,69.8,33.21,11,2015-03-02,2026-01-20
AST-S_A-0395,InsulatedJoint,S_AND_T,SEC-RKMP-BPL,KM-4.9,5,64.9,41.72,7,2019-03-02,2025-10-31
AST-TRA-0396,ContactWireSegment,TRACTION,SEC-RKMP-BPL,KM-4.9,2,81.1,34.15,19,2007-03-02,2026-01-10
AST-ENG-0397,TurnoutSwitch,ENGINEERING,SEC-RKMP-BPL,KM-4.9,5,71.4,39.38,18,2008-03-01,2026-01-04
AST-S_A-0398,PointMachine,S_AND_T,SEC-RKMP-BPL,KM-4.9,4,95.1,40.21,4,2022-03-01,2025-11-04
AST-TRA-0399,ContactWireSegment,TRACTION,SEC-RKMP-BPL,KM-4.9,4,70.2,41.65,4,2022-03-01,2025-11-06
AST-ENG-0400,TrackSegment,ENGINEERING,SEC-RKMP-BPL,KM-5.0,4,76.6,29.73,25,2001-03-01,2026-01-09
AST-S_A-0401,PointMachine,S_AND_T,SEC-RKMP-BPL,KM-5.0,4,73.5,43.21,12,2014-03-01,2025-09-09
AST-TRA-0402,OHE_Mast,TRACTION,SEC-RKMP-BPL,KM-5.0,4,89.2,46.56,24,2002-03-01,2025-11-25
AST-ENG-0403,SleeperBay,ENGINEERING,SEC-RKMP-BPL,KM-5.0,4,92.6,29.44,14,2012-03-01,2025-12-09
AST-S_A-0404,AxleCounter,S_AND_T,SEC-RKMP-BPL,KM-5.0,4,68.2,37.87,14,2012-03-01,2025-11-29
AST-TRA-0405,ContactWireSegment,TRACTION,SEC-RKMP-BPL,KM-5.0,4,81.0,32.34,25,2001-03-01,2026-01-22
AST-ENG-0406,TrackSegment,ENGINEERING,SEC-RKMP-BPL,KM-5.0,2,80.7,43.38,14,2012-03-01,2025-10-16
AST-S_A-0407,AxleCounter,S_AND_T,SEC-RKMP-BPL,KM-5.0,4,76.5,46.82,1,2025-03-01,2025-09-08
AST-TRA-0408,OHE_Mast,TRACTION,SEC-RKMP-BPL,KM-5.1,4,82.4,40.83,8,2018-03-01,2025-12-08
AST-ENG-0409,TrackSegment,ENGINEERING,SEC-RKMP-BPL,KM-5.1,3,82.8,38.0,19,2007-03-02,2026-01-20
AST-S_A-0410,InsulatedJoint,S_AND_T,SEC-RKMP-BPL,KM-5.1,5,58.5,32.48,19,2007-03-02,2025-12-29
AST-TRA-0411,OHE_Mast,TRACTION,SEC-RKMP-BPL,KM-5.1,3,73.4,47.87,7,2019-03-02,2026-02-13
AST-ENG-0412,SleeperBay,ENGINEERING,SEC-RKMP-BPL,KM-5.1,4,75.4,45.2,11,2015-03-02,2025-09-14
AST-S_A-0413,PointMachine,S_AND_T,SEC-RKMP-BPL,KM-5.1,4,69.2,34.06,6,2020-03-01,2025-09-13
AST-TRA-0414,OHE_Mast,TRACTION,SEC-RKMP-BPL,KM-5.1,5,69.2,46.12,15,2011-03-02,2025-10-06
AST-ENG-0415,SleeperBay,ENGINEERING,SEC-RKMP-BPL,KM-5.1,3,82.1,39.22,7,2019-03-02,2026-01-17
AST-S_A-0416,AxleCounter,S_AND_T,SEC-RKMP-BPL,KM-5.2,4,75.4,42.98,21,2005-03-01,2025-12-21
AST-TRA-0417,OHE_Mast,TRACTION,SEC-RKMP-BPL,KM-5.2,2,86.8,45.01,9,2017-03-01,2025-09-05
AST-ENG-0418,TurnoutSwitch,ENGINEERING,SEC-RKMP-BPL,KM-5.2,3,78.3,39.08,5,2021-03-01,2026-02-11
AST-S_A-0419,InsulatedJoint,S_AND_T,SEC-RKMP-BPL,KM-5.2,3,80.3,33.5,8,2018-03-01,2025-10-24
AST-TRA-0420,OHE_Mast,TRACTION,SEC-RKMP-BPL,KM-5.2,2,71.1,28.43,1,2025-03-01,2025-09-27
AST-ENG-0421,TrackSegment,ENGINEERING,SEC-RKMP-BPL,KM-5.2,4,84.6,36.86,4,2022-03-01,2025-12-13
AST-S_A-0422,SignalPost,S_AND_T,SEC-RKMP-BPL,KM-5.2,5,80.9,28.22,14,2012-03-01,2026-01-16
AST-TRA-0423,ContactWireSegment,TRACTION,SEC-RKMP-BPL,KM-5.2,4,80.4,32.06,23,2003-03-02,2025-10-04
AST-ENG-0424,TurnoutSwitch,ENGINEERING,SEC-RKMP-BPL,KM-5.3,4,66.1,47.06,22,2004-03-01,2025-11-25
AST-S_A-0425,AxleCounter,S_AND_T,SEC-RKMP-BPL,KM-5.3,4,92.3,32.49,8,2018-03-01,2025-10-16
AST-TRA-0426,OHE_Mast,TRACTION,SEC-RKMP-BPL,KM-5.3,3,73.4,28.37,9,2017-03-01,2025-12-04
AST-ENG-0427,TurnoutSwitch,ENGINEERING,SEC-RKMP-BPL,KM-5.3,4,80.0,44.21,17,2009-03-01,2026-01-09
AST-S_A-0428,AxleCounter,S_AND_T,SEC-RKMP-BPL,KM-5.3,2,70.2,40.07,18,2008-03-01,2026-01-05
AST-TRA-0429,OHE_Mast,TRACTION,SEC-RKMP-BPL,KM-5.3,3,62.5,36.28,2,2024-03-01,2026-02-01
AST-ENG-0430,TrackSegment,ENGINEERING,SEC-RKMP-BPL,KM-5.3,5,72.5,32.03,16,2010-03-01,2025-09-14
AST-S_A-0431,AxleCounter,S_AND_T,SEC-RKMP-BPL,KM-5.3,5,66.4,28.24,1,2025-03-01,2025-09-23
AST-TRA-0432,ContactWireSegment,TRACTION,SEC-RKMP-BPL,KM-5.4,5,82.4,47.41,5,2021-03-01,2025-11-16
AST-ENG-0433,SleeperBay,ENGINEERING,SEC-RKMP-BPL,KM-5.4,5,89.9,40.29,2,2024-03-01,2025-11-27
AST-S_A-0434,PointMachine,S_AND_T,SEC-RKMP-BPL,KM-5.4,4,74.8,42.8,18,2008-03-01,2026-02-02
AST-TRA-0435,ContactWireSegment,TRACTION,SEC-RKMP-BPL,KM-5.4,5,89.3,38.2,19,2007-03-02,2025-11-17
AST-ENG-0436,TrackSegment,ENGINEERING,SEC-RKMP-BPL,KM-5.4,5,67.8,35.38,25,2001-03-01,2026-01-17
AST-S_A-0437,PointMachine,S_AND_T,SEC-RKMP-BPL,KM-5.4,4,69.4,42.68,6,2020-03-01,2026-01-29
AST-TRA-0438,OHE_Mast,TRACTION,SEC-RKMP-BPL,KM-5.4,5,77.7,45.03,20,2006-03-01,2026-01-06
AST-ENG-0439,TurnoutSwitch,ENGINEERING,SEC-RKMP-BPL,KM-5.4,5,78.9,41.86,16,2010-03-01,2025-10-31
AST-S_A-0440,InsulatedJoint,S_AND_T,SEC-RKMP-BPL,KM-5.5,3,60.0,41.48,22,2004-03-01,2025-12-20
AST-TRA-0441,OHE_Mast,TRACTION,SEC-RKMP-BPL,KM-5.5,4,78.6,33.7,2,2024-03-01,2025-11-22
AST-ENG-0442,TurnoutSwitch,ENGINEERING,SEC-RKMP-BPL,KM-5.5,5,80.2,44.85,1,2025-03-01,2025-12-03
AST-S_A-0443,InsulatedJoint,S_AND_T,SEC-RKMP-BPL,KM-5.5,4,72.1,45.7,24,2002-03-01,2025-10-24
AST-TRA-0444,OHE_Mast,TRACTION,SEC-RKMP-BPL,KM-5.5,2,75.6,41.75,4,2022-03-01,2026-02-07
AST-ENG-0445,TurnoutSwitch,ENGINEERING,SEC-RKMP-BPL,KM-5.5,2,73.7,36.29,8,2018-03-01,2025-11-17
AST-S_A-0446,AxleCounter,S_AND_T,SEC-RKMP-BPL,KM-5.5,3,79.0,40.29,8,2018-03-01,2025-12-15
AST-TRA-0447,OHE_Mast,TRACTION,SEC-RKMP-BPL,KM-5.5,2,80.2,32.97,17,2009-03-01,2025-12-21
AST-ENG-0448,TurnoutSwitch,ENGINEERING,SEC-RKMP-BPL,KM-5.6,3,72.4,35.56,22,2004-03-01,2025-11-19
AST-S_A-0449,SignalPost,S_AND_T,SEC-RKMP-BPL,KM-5.6,2,80.0,34.9,15,2011-03-02,2025-09-27
AST-TRA-0450,OHE_Mast,TRACTION,SEC-RKMP-BPL,KM-5.6,2,81.9,46.85,9,2017-03-01,2026-02-11
AST-ENG-0451,SleeperBay,ENGINEERING,SEC-RKMP-BPL,KM-5.6,5,81.9,43.75,16,2010-03-01,2025-11-24
AST-S_A-0452,AxleCounter,S_AND_T,SEC-RKMP-BPL,KM-5.6,5,99.5,28.85,10,2016-03-01,2025-12-03
AST-TRA-0453,ContactWireSegment,TRACTION,SEC-RKMP-BPL,KM-5.6,2,64.0,47.75,14,2012-03-01,2026-01-14
AST-ENG-0454,TrackSegment,ENGINEERING,SEC-RKMP-BPL,KM-5.6,4,89.9,34.48,1,2025-03-01,2025-11-27
AST-S_A-0455,SignalPost,S_AND_T,SEC-RKMP-BPL,KM-5.6,4,77.9,46.91,25,2001-03-01,2025-09-05
AST-TRA-0456,OHE_Mast,TRACTION,SEC-RKMP-BPL,KM-5.7,4,71.4,36.47,1,2025-03-01,2025-09-14
AST-ENG-0457,SleeperBay,ENGINEERING,SEC-RKMP-BPL,KM-5.7,5,79.3,38.09,13,2013-03-01,2025-10-18
AST-S_A-0458,InsulatedJoint,S_AND_T,SEC-RKMP-BPL,KM-5.7,4,83.7,45.11,22,2004-03-01,2025-12-12
AST-TRA-0459,OHE_Mast,TRACTION,SEC-RKMP-BPL,KM-5.7,5,73.1,34.03,14,2012-03-01,2026-01-13
AST-ENG-0460,TrackSegment,ENGINEERING,SEC-RKMP-BPL,KM-5.7,3,85.4,41.6,12,2014-03-01,2026-01-16
AST-S_A-0461,AxleCounter,S_AND_T,SEC-RKMP-BPL,KM-5.7,3,87.2,34.98,17,2009-03-01,2025-12-26
AST-TRA-0462,ContactWireSegment,TRACTION,SEC-RKMP-BPL,KM-5.7,4,64.2,45.05,2,2024-03-01,2025-11-12
AST-ENG-0463,TrackSegment,ENGINEERING,SEC-RKMP-BPL,KM-5.7,5,66.8,28.78,6,2020-03-01,2025-11-13
AST-S_A-0464,PointMachine,S_AND_T,SEC-RKMP-BPL,KM-5.8,2,99.5,42.94,9,2017-03-01,2026-01-24
AST-TRA-0465,OHE_Mast,TRACTION,SEC-RKMP-BPL,KM-5.8,5,59.9,42.21,21,2005-03-01,2025-12-08
AST-ENG-0466,SleeperBay,ENGINEERING,SEC-RKMP-BPL,KM-5.8,5,95.2,31.26,3,2023-03-02,2025-11-21
AST-S_A-0467,InsulatedJoint,S_AND_T,SEC-RKMP-BPL,KM-5.8,3,87.6,28.28,14,2012-03-01,2026-02-02
AST-TRA-0468,ContactWireSegment,TRACTION,SEC-RKMP-BPL,KM-5.8,3,74.6,30.16,19,2007-03-02,2026-01-06
AST-ENG-0469,TurnoutSwitch,ENGINEERING,SEC-RKMP-BPL,KM-5.8,2,72.3,31.86,7,2019-03-02,2025-09-17
AST-S_A-0470,PointMachine,S_AND_T,SEC-RKMP-BPL,KM-5.8,3,56.4,34.56,9,2017-03-01,2026-01-31
AST-TRA-0471,ContactWireSegment,TRACTION,SEC-RKMP-BPL,KM-5.8,3,79.6,47.82,1,2025-03-01,2025-12-19
AST-ENG-0472,SleeperBay,ENGINEERING,SEC-RKMP-BPL,KM-5.9,4,73.3,34.29,1,2025-03-01,2025-10-10
AST-S_A-0473,SignalPost,S_AND_T,SEC-RKMP-BPL,KM-5.9,5,79.3,36.69,20,2006-03-01,2026-01-25
AST-TRA-0474,ContactWireSegment,TRACTION,SEC-RKMP-BPL,KM-5.9,5,86.7,46.58,13,2013-03-01,2026-01-30
AST-ENG-0475,SleeperBay,ENGINEERING,SEC-RKMP-BPL,KM-5.9,5,60.9,41.12,25,2001-03-01,2026-01-23
AST-S_A-0476,SignalPost,S_AND_T,SEC-RKMP-BPL,KM-5.9,5,72.9,40.05,13,2013-03-01,2025-09-26
AST-TRA-0477,OHE_Mast,TRACTION,SEC-RKMP-BPL,KM-5.9,3,81.9,28.85,3,2023-03-02,2025-10-29
AST-ENG-0478,TurnoutSwitch,ENGINEERING,SEC-RKMP-BPL,KM-5.9,3,82.9,36.5,2,2024-03-01,2025-09-22
AST-S_A-0479,SignalPost,S_AND_T,SEC-RKMP-BPL,KM-5.9,5,85.7,34.56,7,2019-03-02,2025-10-15
AST-TRA-0480,ContactWireSegment,TRACTION,SEC-RKMP-BPL,KM-6.0,4,78.7,38.05,2,2024-03-01,2026-01-20
AST-ENG-0481,SleeperBay,ENGINEERING,SEC-RKMP-BPL,KM-6.0,4,82.2,44.48,9,2017-03-01,2025-09-08
AST-S_A-0482,PointMachine,S_AND_T,SEC-RKMP-BPL,KM-6.0,5,74.2,47.35,15,2011-03-02,2025-09-29
AST-TRA-0483,OHE_Mast,TRACTION,SEC-RKMP-BPL,KM-6.0,4,86.5,44.36,4,2022-03-01,2025-12-26
AST-ENG-0484,TurnoutSwitch,ENGINEERING,SEC-RKMP-BPL,KM-6.0,3,74.7,30.3,9,2017-03-01,2025-11-13
AST-S_A-0485,PointMachine,S_AND_T,SEC-RKMP-BPL,KM-6.0,2,68.6,44.32,19,2007-03-02,2026-02-12
AST-TRA-0486,OHE_Mast,TRACTION,SEC-RKMP-BPL,KM-6.0,4,77.4,41.26,10,2016-03-01,2026-01-26
AST-ENG-0487,TurnoutSwitch,ENGINEERING,SEC-RKMP-BPL,KM-6.0,5,84.0,34.47,24,2002-03-01,2026-01-26
AST-S_A-0488,AxleCounter,S_AND_T,SEC-RKMP-BPL,KM-6.1,4,70.6,31.13,18,2008-03-01,2026-01-28
AST-TRA-0489,ContactWireSegment,TRACTION,SEC-RKMP-BPL,KM-6.1,4,91.0,37.65,25,2001-03-01,2025-10-10
AST-ENG-0490,SleeperBay,ENGINEERING,SEC-RKMP-BPL,KM-6.1,2,99.5,46.59,17,2009-03-01,2025-09-11
AST-S_A-0491,PointMachine,S_AND_T,SEC-RKMP-BPL,KM-6.1,3,67.2,36.32,8,2018-03-01,2025-12-26
AST-TRA-0492,OHE_Mast,TRACTION,SEC-RKMP-BPL,KM-6.1,5,78.5,42.11,16,2010-03-01,2026-02-03
AST-ENG-0493,TurnoutSwitch,ENGINEERING,SEC-RKMP-BPL,KM-6.1,4,99.2,41.11,1,2025-03-01,2025-12-03
AST-S_A-0494,SignalPost,S_AND_T,SEC-RKMP-BPL,KM-6.1,5,60.6,45.53,13,2013-03-01,2026-01-23
AST-TRA-0495,ContactWireSegment,TRACTION,SEC-RKMP-BPL,KM-6.1,3,83.5,33.94,9,2017-03-01,2025-09-30
AST-ENG-0496,TrackSegment,ENGINEERING,SEC-RKMP-BPL,KM-6.2,3,78.4,35.72,5,2021-03-01,2026-01-13
AST-S_A-0497,AxleCounter,S_AND_T,SEC-RKMP-BPL,KM-6.2,4,75.8,34.91,7,2019-03-02,2025-10-23
AST-TRA-0498,ContactWireSegment,TRACTION,SEC-RKMP-BPL,KM-6.2,5,78.9,39.75,7,2019-03-02,2025-09-08
AST-ENG-0499,TrackSegment,ENGINEERING,SEC-RKMP-BPL,KM-6.2,5,82.4,29.17,14,2012-03-01,2025-10-20
AST-S_A-0500,PointMachine,S_AND_T,SEC-RKMP-BPL,KM-6.2,4,87.8,37.17,1,2025-03-01,2026-01-30
AST-ENG-0321,TrackSegment,ENGINEERING,SEC-RKMP-BPL,KM-RKMP-BPL,4,75.0,35.0,10,2016-01-01,2026-01-01
AST-TRA-0434,OHE_Mast,TRACTION,SEC-RKMP-BPL,KM-RKMP-BPL,4,75.0,35.0,10,2016-01-01,2026-01-01
AST-S_A-0330,SignalPost,S_AND_T,SEC-RKMP-BPL,KM-RKMP-BPL,4,75.0,35.0,10,2016-01-01,2026-01-01
AST-S_A-0109,SignalPost,S_AND_T,SEC-RKMP-BPL,KM-RKMP-BPL,4,75.0,35.0,10,2016-01-01,2026-01-01
AST-TRA-0226,OHE_Mast,TRACTION,SEC-RKMP-BPL,KM-RKMP-BPL,4,75.0,35.0,10,2016-01-01,2026-01-01
AST-ENG-0378,TrackSegment,ENGINEERING,SEC-RKMP-BPL,KM-RKMP-BPL,4,75.0,35.0,10,2016-01-01,2026-01-01
AST-ENG-0056,TrackSegment,ENGINEERING,SEC-RKMP-BPL,KM-RKMP-BPL,4,75.0,35.0,10,2016-01-01,2026-01-01
AST-TRA-0119,OHE_Mast,TRACTION,SEC-RKMP-BPL,KM-RKMP-BPL,4,75.0,35.0,10,2016-01-01,2026-01-01
AST-TRA-0142,OHE_Mast,TRACTION,SEC-RKMP-BPL,KM-RKMP-BPL,4,75.0,35.0,10,2016-01-01,2026-01-01
AST-TRA-0064,OHE_Mast,TRACTION,SEC-RKMP-BPL,KM-RKMP-BPL,4,75.0,35.0,10,2016-01-01,2026-01-01
AST-ENG-0027,TrackSegment,ENGINEERING,SEC-RKMP-BPL,KM-RKMP-BPL,4,75.0,35.0,10,2016-01-01,2026-01-01
AST-TRA-0410,OHE_Mast,TRACTION,SEC-RKMP-BPL,KM-RKMP-BPL,4,75.0,35.0,10,2016-01-01,2026-01-01
AST-TRA-0022,OHE_Mast,TRACTION,SEC-RKMP-BPL,KM-RKMP-BPL,4,75.0,35.0,10,2016-01-01,2026-01-01
AST-ENG-0236,TrackSegment,ENGINEERING,SEC-RKMP-BPL,KM-RKMP-BPL,4,75.0,35.0,10,2016-01-01,2026-01-01
AST-S_A-0198,SignalPost,S_AND_T,SEC-RKMP-BPL,KM-RKMP-BPL,4,75.0,35.0,10,2016-01-01,2026-01-01
AST-ENG-0407,TrackSegment,ENGINEERING,SEC-RKMP-BPL,KM-RKMP-BPL,4,75.0,35.0,10,2016-01-01,2026-01-01
AST-S_A-0277,SignalPost,S_AND_T,SEC-RKMP-BPL,KM-RKMP-BPL,4,75.0,35.0,10,2016-01-01,2026-01-01
AST-S_A-0486,SignalPost,S_AND_T,SEC-RKMP-BPL,KM-RKMP-BPL,4,75.0,35.0,10,2016-01-01,2026-01-01
AST-TRA-0422,OHE_Mast,TRACTION,SEC-RKMP-BPL,KM-RKMP-BPL,4,75.0,35.0,10,2016-01-01,2026-01-01
AST-ENG-0173,TrackSegment,ENGINEERING,SEC-RKMP-BPL,KM-RKMP-BPL,4,75.0,35.0,10,2016-01-01,2026-01-01
AST-ENG-0384,TrackSegment,ENGINEERING,SEC-RKMP-BPL,KM-RKMP-BPL,4,75.0,35.0,10,2016-01-01,2026-01-01
AST-TRA-0259,OHE_Mast,TRACTION,SEC-RKMP-BPL,KM-RKMP-BPL,4,75.0,35.0,10,2016-01-01,2026-01-01
AST-S_A-0462,SignalPost,S_AND_T,SEC-RKMP-BPL,KM-RKMP-BPL,4,75.0,35.0,10,2016-01-01,2026-01-01
AST-TRA-0496,OHE_Mast,TRACTION,SEC-RKMP-BPL,KM-RKMP-BPL,4,75.0,35.0,10,2016-01-01,2026-01-01
AST-TRA-0364,OHE_Mast,TRACTION,SEC-RKMP-BPL,KM-RKMP-BPL,4,75.0,35.0,10,2016-01-01,2026-01-01
AST-TRA-0322,OHE_Mast,TRACTION,SEC-RKMP-BPL,KM-RKMP-BPL,4,75.0,35.0,10,2016-01-01,2026-01-01
AST-TRA-0100,OHE_Mast,TRACTION,SEC-RKMP-BPL,KM-RKMP-BPL,4,75.0,35.0,10,2016-01-01,2026-01-01
AST-ENG-0212,TrackSegment,ENGINEERING,SEC-RKMP-BPL,KM-RKMP-BPL,4,75.0,35.0,10,2016-01-01,2026-01-01
AST-S_A-0192,SignalPost,S_AND_T,SEC-RKMP-BPL,KM-RKMP-BPL,4,75.0,35.0,10,2016-01-01,2026-01-01
AST-S_A-0469,SignalPost,S_AND_T,SEC-RKMP-BPL,KM-RKMP-BPL,4,75.0,35.0,10,2016-01-01,2026-01-01
AST-ENG-0498,TrackSegment,ENGINEERING,SEC-RKMP-BPL,KM-RKMP-BPL,4,75.0,35.0,10,2016-01-01,2026-01-01
AST-ENG-0312,TrackSegment,ENGINEERING,SEC-RKMP-BPL,KM-RKMP-BPL,4,75.0,35.0,10,2016-01-01,2026-01-01
AST-ENG-0309,TrackSegment,ENGINEERING,SEC-RKMP-BPL,KM-RKMP-BPL,4,75.0,35.0,10,2016-01-01,2026-01-01
AST-ENG-0158,TrackSegment,ENGINEERING,SEC-RKMP-BPL,KM-RKMP-BPL,4,75.0,35.0,10,2016-01-01,2026-01-01
AST-ENG-0263,TrackSegment,ENGINEERING,SEC-RKMP-BPL,KM-RKMP-BPL,4,75.0,35.0,10,2016-01-01,2026-01-01
AST-TRA-0169,OHE_Mast,TRACTION,SEC-RKMP-BPL,KM-RKMP-BPL,4,75.0,35.0,10,2016-01-01,2026-01-01
AST-ENG-0305,TrackSegment,ENGINEERING,SEC-RKMP-BPL,KM-RKMP-BPL,4,75.0,35.0,10,2016-01-01,2026-01-01
AST-ENG-0008,TrackSegment,ENGINEERING,SEC-RKMP-BPL,KM-RKMP-BPL,4,75.0,35.0,10,2016-01-01,2026-01-01
AST-TRA-0355,OHE_Mast,TRACTION,SEC-RKMP-BPL,KM-RKMP-BPL,4,75.0,35.0,10,2016-01-01,2026-01-01
AST-TRA-0392,OHE_Mast,TRACTION,SEC-RKMP-BPL,KM-RKMP-BPL,4,75.0,35.0,10,2016-01-01,2026-01-01
AST-S_A-0250,SignalPost,S_AND_T,SEC-RKMP-BPL,KM-RKMP-BPL,4,75.0,35.0,10,2016-01-01,2026-01-01
AST-TRA-0197,OHE_Mast,TRACTION,SEC-RKMP-BPL,KM-RKMP-BPL,4,75.0,35.0,10,2016-01-01,2026-01-01
AST-S_A-0324,SignalPost,S_AND_T,SEC-RKMP-BPL,KM-RKMP-BPL,4,75.0,35.0,10,2016-01-01,2026-01-01
AST-S_A-0423,SignalPost,S_AND_T,SEC-RKMP-BPL,KM-RKMP-BPL,4,75.0,35.0,10,2016-01-01,2026-01-01
AST-S_A-0130,SignalPost,S_AND_T,SEC-RKMP-BPL,KM-RKMP-BPL,4,75.0,35.0,10,2016-01-01,2026-01-01
AST-TRA-0320,OHE_Mast,TRACTION,SEC-RKMP-BPL,KM-RKMP-BPL,4,75.0,35.0,10,2016-01-01,2026-01-01
AST-S_A-0090,SignalPost,S_AND_T,SEC-RKMP-BPL,KM-RKMP-BPL,4,75.0,35.0,10,2016-01-01,2026-01-01
AST-ENG-0213,TrackSegment,ENGINEERING,SEC-RKMP-BPL,KM-RKMP-BPL,4,75.0,35.0,10,2016-01-01,2026-01-01
AST-TRA-0004,OHE_Mast,TRACTION,SEC-RKMP-BPL,KM-RKMP-BPL,4,75.0,35.0,10,2016-01-01,2026-01-01
AST-S_A-0325,SignalPost,S_AND_T,SEC-RKMP-BPL,KM-RKMP-BPL,4,75.0,35.0,10,2016-01-01,2026-01-01
AST-TRA-0031,OHE_Mast,TRACTION,SEC-RKMP-BPL,KM-RKMP-BPL,4,75.0,35.0,10,2016-01-01,2026-01-01
AST-S_A-0480,SignalPost,S_AND_T,SEC-RKMP-BPL,KM-RKMP-BPL,4,75.0,35.0,10,2016-01-01,2026-01-01
AST-S_A-0322,SignalPost,S_AND_T,SEC-RKMP-BPL,KM-RKMP-BPL,4,75.0,35.0,10,2016-01-01,2026-01-01
AST-TRA-0047,OHE_Mast,TRACTION,SEC-RKMP-BPL,KM-RKMP-BPL,4,75.0,35.0,10,2016-01-01,2026-01-01
AST-TRA-0395,OHE_Mast,TRACTION,SEC-RKMP-BPL,KM-RKMP-BPL,4,75.0,35.0,10,2016-01-01,2026-01-01
AST-S_A-0376,SignalPost,S_AND_T,SEC-RKMP-BPL,KM-RKMP-BPL,4,75.0,35.0,10,2016-01-01,2026-01-01
AST-TRA-0070,OHE_Mast,TRACTION,SEC-RKMP-BPL,KM-RKMP-BPL,4,75.0,35.0,10,2016-01-01,2026-01-01
AST-S_A-0484,SignalPost,S_AND_T,SEC-RKMP-BPL,KM-RKMP-BPL,4,75.0,35.0,10,2016-01-01,2026-01-01
AST-S_A-0382,SignalPost,S_AND_T,SEC-RKMP-BPL,KM-RKMP-BPL,4,75.0,35.0,10,2016-01-01,2026-01-01
AST-TRA-0151,OHE_Mast,TRACTION,SEC-RKMP-BPL,KM-RKMP-BPL,4,75.0,35.0,10,2016-01-01,2026-01-01
AST-ENG-0300,TrackSegment,ENGINEERING,SEC-RKMP-BPL,KM-RKMP-BPL,4,75.0,35.0,10,2016-01-01,2026-01-01
AST-TRA-0443,OHE_Mast,TRACTION,SEC-RKMP-BPL,KM-RKMP-BPL,4,75.0,35.0,10,2016-01-01,2026-01-01
AST-S_A-0010,SignalPost,S_AND_T,SEC-RKMP-BPL,KM-RKMP-BPL,4,75.0,35.0,10,2016-01-01,2026-01-01
AST-ENG-0222,TrackSegment,ENGINEERING,SEC-RKMP-BPL,KM-RKMP-BPL,4,75.0,35.0,10,2016-01-01,2026-01-01
AST-TRA-0319,OHE_Mast,TRACTION,SEC-RKMP-BPL,KM-RKMP-BPL,4,75.0,35.0,10,2016-01-01,2026-01-01
AST-S_A-0418,SignalPost,S_AND_T,SEC-RKMP-BPL,KM-RKMP-BPL,4,75.0,35.0,10,2016-01-01,2026-01-01
AST-TRA-0473,OHE_Mast,TRACTION,SEC-RKMP-BPL,KM-RKMP-BPL,4,75.0,35.0,10,2016-01-01,2026-01-01
AST-ENG-0168,TrackSegment,ENGINEERING,SEC-RKMP-BPL,KM-RKMP-BPL,4,75.0,35.0,10,2016-01-01,2026-01-01
AST-TRA-0167,OHE_Mast,TRACTION,SEC-RKMP-BPL,KM-RKMP-BPL,4,75.0,35.0,10,2016-01-01,2026-01-01
AST-TRA-0026,OHE_Mast,TRACTION,SEC-RKMP-BPL,KM-RKMP-BPL,4,75.0,35.0,10,2016-01-01,2026-01-01
AST-TRA-0398,OHE_Mast,TRACTION,SEC-RKMP-BPL,KM-RKMP-BPL,4,75.0,35.0,10,2016-01-01,2026-01-01
AST-S_A-0306,SignalPost,S_AND_T,SEC-RKMP-BPL,KM-RKMP-BPL,4,75.0,35.0,10,2016-01-01,2026-01-01
AST-S_A-0186,SignalPost,S_AND_T,SEC-RKMP-BPL,KM-RKMP-BPL,4,75.0,35.0,10,2016-01-01,2026-01-01
AST-TRA-0415,OHE_Mast,TRACTION,SEC-RKMP-BPL,KM-RKMP-BPL,4,75.0,35.0,10,2016-01-01,2026-01-01
AST-ENG-0153,TrackSegment,ENGINEERING,SEC-RKMP-BPL,KM-RKMP-BPL,4,75.0,35.0,10,2016-01-01,2026-01-01
AST-ENG-0005,TrackSegment,ENGINEERING,SEC-RKMP-BPL,KM-RKMP-BPL,4,75.0,35.0,10,2016-01-01,2026-01-01
AST-ENG-0197,TrackSegment,ENGINEERING,SEC-RKMP-BPL,KM-RKMP-BPL,4,75.0,35.0,10,2016-01-01,2026-01-01
AST-TRA-0014,OHE_Mast,TRACTION,SEC-RKMP-BPL,KM-RKMP-BPL,4,75.0,35.0,10,2016-01-01,2026-01-01
AST-ENG-0164,TrackSegment,ENGINEERING,SEC-RKMP-BPL,KM-RKMP-BPL,4,75.0,35.0,10,2016-01-01,2026-01-01
AST-TRA-0011,OHE_Mast,TRACTION,SEC-RKMP-BPL,KM-RKMP-BPL,4,75.0,35.0,10,2016-01-01,2026-01-01
AST-ENG-0249,TrackSegment,ENGINEERING,SEC-RKMP-BPL,KM-RKMP-BPL,4,75.0,35.0,10,2016-01-01,2026-01-01
AST-S_A-0189,SignalPost,S_AND_T,SEC-RKMP-BPL,KM-RKMP-BPL,4,75.0,35.0,10,2016-01-01,2026-01-01
AST-TRA-0049,OHE_Mast,TRACTION,SEC-RKMP-BPL,KM-RKMP-BPL,4,75.0,35.0,10,2016-01-01,2026-01-01
AST-S_A-0049,SignalPost,S_AND_T,SEC-RKMP-BPL,KM-RKMP-BPL,4,75.0,35.0,10,2016-01-01,2026-01-01
AST-TRA-0457,OHE_Mast,TRACTION,SEC-RKMP-BPL,KM-RKMP-BPL,4,75.0,35.0,10,2016-01-01,2026-01-01
AST-ENG-0260,TrackSegment,ENGINEERING,SEC-RKMP-BPL,KM-RKMP-BPL,4,75.0,35.0,10,2016-01-01,2026-01-01
AST-TRA-0158,OHE_Mast,TRACTION,SEC-RKMP-BPL,KM-RKMP-BPL,4,75.0,35.0,10,2016-01-01,2026-01-01
AST-TRA-0013,OHE_Mast,TRACTION,SEC-RKMP-BPL,KM-RKMP-BPL,4,75.0,35.0,10,2016-01-01,2026-01-01
AST-TRA-0181,OHE_Mast,TRACTION,SEC-RKMP-BPL,KM-RKMP-BPL,4,75.0,35.0,10,2016-01-01,2026-01-01
AST-ENG-0023,TrackSegment,ENGINEERING,SEC-RKMP-BPL,KM-RKMP-BPL,4,75.0,35.0,10,2016-01-01,2026-01-01
AST-ENG-0431,TrackSegment,ENGINEERING,SEC-RKMP-BPL,KM-RKMP-BPL,4,75.0,35.0,10,2016-01-01,2026-01-01
AST-ENG-0500,TrackSegment,ENGINEERING,SEC-RKMP-BPL,KM-RKMP-BPL,4,75.0,35.0,10,2016-01-01,2026-01-01
AST-ENG-0332,TrackSegment,ENGINEERING,SEC-RKMP-BPL,KM-RKMP-BPL,4,75.0,35.0,10,2016-01-01,2026-01-01
AST-TRA-0307,OHE_Mast,TRACTION,SEC-RKMP-BPL,KM-RKMP-BPL,4,75.0,35.0,10,2016-01-01,2026-01-01
AST-TRA-0238,OHE_Mast,TRACTION,SEC-RKMP-BPL,KM-RKMP-BPL,4,75.0,35.0,10,2016-01-01,2026-01-01
AST-S_A-0444,SignalPost,S_AND_T,SEC-RKMP-BPL,KM-RKMP-BPL,4,75.0,35.0,10,2016-01-01,2026-01-01
AST-S_A-0057,SignalPost,S_AND_T,SEC-RKMP-BPL,KM-RKMP-BPL,4,75.0,35.0,10,2016-01-01,2026-01-01
AST-S_A-0159,SignalPost,S_AND_T,SEC-RKMP-BPL,KM-RKMP-BPL,4,75.0,35.0,10,2016-01-01,2026-01-01
AST-S_A-0228,SignalPost,S_AND_T,SEC-RKMP-BPL,KM-RKMP-BPL,4,75.0,35.0,10,2016-01-01,2026-01-01
AST-TRA-0101,OHE_Mast,TRACTION,SEC-RKMP-BPL,KM-RKMP-BPL,4,75.0,35.0,10,2016-01-01,2026-01-01
AST-ENG-0458,TrackSegment,ENGINEERING,SEC-RKMP-BPL,KM-RKMP-BPL,4,75.0,35.0,10,2016-01-01,2026-01-01
AST-TRA-0160,OHE_Mast,TRACTION,SEC-RKMP-BPL,KM-RKMP-BPL,4,75.0,35.0,10,2016-01-01,2026-01-01
AST-S_A-0039,SignalPost,S_AND_T,SEC-RKMP-BPL,KM-RKMP-BPL,4,75.0,35.0,10,2016-01-01,2026-01-01
AST-S_A-0118,SignalPost,S_AND_T,SEC-RKMP-BPL,KM-RKMP-BPL,4,75.0,35.0,10,2016-01-01,2026-01-01
AST-TRA-0248,OHE_Mast,TRACTION,SEC-RKMP-BPL,KM-RKMP-BPL,4,75.0,35.0,10,2016-01-01,2026-01-01
AST-ENG-0288,TrackSegment,ENGINEERING,SEC-RKMP-BPL,KM-RKMP-BPL,4,75.0,35.0,10,2016-01-01,2026-01-01
AST-ENG-0266,TrackSegment,ENGINEERING,SEC-RKMP-BPL,KM-RKMP-BPL,4,75.0,35.0,10,2016-01-01,2026-01-01
AST-S_A-0004,SignalPost,S_AND_T,SEC-RKMP-BPL,KM-RKMP-BPL,4,75.0,35.0,10,2016-01-01,2026-01-01
AST-S_A-0478,SignalPost,S_AND_T,SEC-RKMP-BPL,KM-RKMP-BPL,4,75.0,35.0,10,2016-01-01,2026-01-01
AST-TRA-0254,OHE_Mast,TRACTION,SEC-RKMP-BPL,KM-RKMP-BPL,4,75.0,35.0,10,2016-01-01,2026-01-01
AST-S_A-0453,SignalPost,S_AND_T,SEC-RKMP-BPL,KM-RKMP-BPL,4,75.0,35.0,10,2016-01-01,2026-01-01
AST-S_A-0126,SignalPost,S_AND_T,SEC-RKMP-BPL,KM-RKMP-BPL,4,75.0,35.0,10,2016-01-01,2026-01-01
AST-TRA-0419,OHE_Mast,TRACTION,SEC-RKMP-BPL,KM-RKMP-BPL,4,75.0,35.0,10,2016-01-01,2026-01-01
AST-TRA-0092,OHE_Mast,TRACTION,SEC-RKMP-BPL,KM-RKMP-BPL,4,75.0,35.0,10,2016-01-01,2026-01-01
AST-ENG-0026,TrackSegment,ENGINEERING,SEC-RKMP-BPL,KM-RKMP-BPL,4,75.0,35.0,10,2016-01-01,2026-01-01
AST-S_A-0205,SignalPost,S_AND_T,SEC-RKMP-BPL,KM-RKMP-BPL,4,75.0,35.0,10,2016-01-01,2026-01-01
AST-ENG-0155,TrackSegment,ENGINEERING,SEC-RKMP-BPL,KM-RKMP-BPL,4,75.0,35.0,10,2016-01-01,2026-01-01
AST-TRA-0001,OHE_Mast,TRACTION,SEC-RKMP-BPL,KM-RKMP-BPL,4,75.0,35.0,10,2016-01-01,2026-01-01
AST-TRA-0275,OHE_Mast,TRACTION,SEC-RKMP-BPL,KM-RKMP-BPL,4,75.0,35.0,10,2016-01-01,2026-01-01
AST-S_A-0145,SignalPost,S_AND_T,SEC-RKMP-BPL,KM-RKMP-BPL,4,75.0,35.0,10,2016-01-01,2026-01-01
AST-TRA-0113,OHE_Mast,TRACTION,SEC-RKMP-BPL,KM-RKMP-BPL,4,75.0,35.0,10,2016-01-01,2026-01-01
AST-S_A-0211,SignalPost,S_AND_T,SEC-RKMP-BPL,KM-RKMP-BPL,4,75.0,35.0,10,2016-01-01,2026-01-01
AST-TRA-0463,OHE_Mast,TRACTION,SEC-RKMP-BPL,KM-RKMP-BPL,4,75.0,35.0,10,2016-01-01,2026-01-01
AST-S_A-0348,SignalPost,S_AND_T,SEC-RKMP-BPL,KM-RKMP-BPL,4,75.0,35.0,10,2016-01-01,2026-01-01
AST-TRA-0353,OHE_Mast,TRACTION,SEC-RKMP-BPL,KM-RKMP-BPL,4,75.0,35.0,10,2016-01-01,2026-01-01
AST-TRA-0335,OHE_Mast,TRACTION,SEC-RKMP-BPL,KM-RKMP-BPL,4,75.0,35.0,10,2016-01-01,2026-01-01
AST-S_A-0241,SignalPost,S_AND_T,SEC-RKMP-BPL,KM-RKMP-BPL,4,75.0,35.0,10,2016-01-01,2026-01-01
AST-TRA-0118,OHE_Mast,TRACTION,SEC-RKMP-BPL,KM-RKMP-BPL,4,75.0,35.0,10,2016-01-01,2026-01-01
AST-TRA-0442,OHE_Mast,TRACTION,SEC-RKMP-BPL,KM-RKMP-BPL,4,75.0,35.0,10,2016-01-01,2026-01-01
AST-ENG-0306,TrackSegment,ENGINEERING,SEC-RKMP-BPL,KM-RKMP-BPL,4,75.0,35.0,10,2016-01-01,2026-01-01
AST-S_A-0012,SignalPost,S_AND_T,SEC-RKMP-BPL,KM-RKMP-BPL,4,75.0,35.0,10,2016-01-01,2026-01-01
AST-TRA-0421,OHE_Mast,TRACTION,SEC-RKMP-BPL,KM-RKMP-BPL,4,75.0,35.0,10,2016-01-01,2026-01-01
AST-S_A-0234,SignalPost,S_AND_T,SEC-RKMP-BPL,KM-RKMP-BPL,4,75.0,35.0,10,2016-01-01,2026-01-01
AST-TRA-0034,OHE_Mast,TRACTION,SEC-RKMP-BPL,KM-RKMP-BPL,4,75.0,35.0,10,2016-01-01,2026-01-01
AST-TRA-0239,OHE_Mast,TRACTION,SEC-RKMP-BPL,KM-RKMP-BPL,4,75.0,35.0,10,2016-01-01,2026-01-01
AST-S_A-0112,SignalPost,S_AND_T,SEC-RKMP-BPL,KM-RKMP-BPL,4,75.0,35.0,10,2016-01-01,2026-01-01
AST-ENG-0327,TrackSegment,ENGINEERING,SEC-RKMP-BPL,KM-RKMP-BPL,4,75.0,35.0,10,2016-01-01,2026-01-01
AST-TRA-0379,OHE_Mast,TRACTION,SEC-RKMP-BPL,KM-RKMP-BPL,4,75.0,35.0,10,2016-01-01,2026-01-01
AST-S_A-0201,SignalPost,S_AND_T,SEC-RKMP-BPL,KM-RKMP-BPL,4,75.0,35.0,10,2016-01-01,2026-01-01
AST-S_A-0367,SignalPost,S_AND_T,SEC-RKMP-BPL,KM-RKMP-BPL,4,75.0,35.0,10,2016-01-01,2026-01-01
AST-S_A-0067,SignalPost,S_AND_T,SEC-RKMP-BPL,KM-RKMP-BPL,4,75.0,35.0,10,2016-01-01,2026-01-01
AST-TRA-0449,OHE_Mast,TRACTION,SEC-RKMP-BPL,KM-RKMP-BPL,4,75.0,35.0,10,2016-01-01,2026-01-01
AST-S_A-0018,SignalPost,S_AND_T,SEC-RKMP-BPL,KM-RKMP-BPL,4,75.0,35.0,10,2016-01-01,2026-01-01
AST-ENG-0492,TrackSegment,ENGINEERING,SEC-RKMP-BPL,KM-RKMP-BPL,4,75.0,35.0,10,2016-01-01,2026-01-01
AST-TRA-0184,OHE_Mast,TRACTION,SEC-RKMP-BPL,KM-RKMP-BPL,4,75.0,35.0,10,2016-01-01,2026-01-01
AST-ENG-0128,TrackSegment,ENGINEERING,SEC-RKMP-BPL,KM-RKMP-BPL,4,75.0,35.0,10,2016-01-01,2026-01-01
AST-ENG-0018,TrackSegment,ENGINEERING,SEC-RKMP-BPL,KM-RKMP-BPL,4,75.0,35.0,10,2016-01-01,2026-01-01
AST-ENG-0105,TrackSegment,ENGINEERING,SEC-RKMP-BPL,KM-RKMP-BPL,4,75.0,35.0,10,2016-01-01,2026-01-01
AST-ENG-0411,TrackSegment,ENGINEERING,SEC-RKMP-BPL,KM-RKMP-BPL,4,75.0,35.0,10,2016-01-01,2026-01-01
AST-TRA-0470,OHE_Mast,TRACTION,SEC-RKMP-BPL,KM-RKMP-BPL,4,75.0,35.0,10,2016-01-01,2026-01-01
AST-S_A-0309,SignalPost,S_AND_T,SEC-RKMP-BPL,KM-RKMP-BPL,4,75.0,35.0,10,2016-01-01,2026-01-01
AST-ENG-0428,TrackSegment,ENGINEERING,SEC-RKMP-BPL,KM-RKMP-BPL,4,75.0,35.0,10,2016-01-01,2026-01-01
AST-S_A-0493,SignalPost,S_AND_T,SEC-RKMP-BPL,KM-RKMP-BPL,4,75.0,35.0,10,2016-01-01,2026-01-01
AST-ENG-0294,TrackSegment,ENGINEERING,SEC-RKMP-BPL,KM-RKMP-BPL,4,75.0,35.0,10,2016-01-01,2026-01-01
AST-S_A-0471,SignalPost,S_AND_T,SEC-RKMP-BPL,KM-RKMP-BPL,4,75.0,35.0,10,2016-01-01,2026-01-01
AST-ENG-0410,TrackSegment,ENGINEERING,SEC-RKMP-BPL,KM-RKMP-BPL,4,75.0,35.0,10,2016-01-01,2026-01-01
AST-ENG-0495,TrackSegment,ENGINEERING,SEC-RKMP-BPL,KM-RKMP-BPL,4,75.0,35.0,10,2016-01-01,2026-01-01
AST-ENG-0111,TrackSegment,ENGINEERING,SEC-RKMP-BPL,KM-RKMP-BPL,4,75.0,35.0,10,2016-01-01,2026-01-01
AST-S_A-0411,SignalPost,S_AND_T,SEC-RKMP-BPL,KM-RKMP-BPL,4,75.0,35.0,10,2016-01-01,2026-01-01
AST-TRA-0350,OHE_Mast,TRACTION,SEC-RKMP-BPL,KM-RKMP-BPL,4,75.0,35.0,10,2016-01-01,2026-01-01
AST-S_A-0427,SignalPost,S_AND_T,SEC-RKMP-BPL,KM-RKMP-BPL,4,75.0,35.0,10,2016-01-01,2026-01-01
AST-TRA-0488,OHE_Mast,TRACTION,SEC-RKMP-BPL,KM-RKMP-BPL,4,75.0,35.0,10,2016-01-01,2026-01-01
AST-ENG-0099,TrackSegment,ENGINEERING,SEC-RKMP-BPL,KM-RKMP-BPL,4,75.0,35.0,10,2016-01-01,2026-01-01
AST-S_A-0099,SignalPost,S_AND_T,SEC-RKMP-BPL,KM-RKMP-BPL,4,75.0,35.0,10,2016-01-01,2026-01-01
AST-S_A-0115,SignalPost,S_AND_T,SEC-RKMP-BPL,KM-RKMP-BPL,4,75.0,35.0,10,2016-01-01,2026-01-01
AST-TRA-0220,OHE_Mast,TRACTION,SEC-RKMP-BPL,KM-RKMP-BPL,4,75.0,35.0,10,2016-01-01,2026-01-01
AST-TRA-0367,OHE_Mast,TRACTION,SEC-RKMP-BPL,KM-RKMP-BPL,4,75.0,35.0,10,2016-01-01,2026-01-01
AST-ENG-0390,TrackSegment,ENGINEERING,SEC-RKMP-BPL,KM-RKMP-BPL,4,75.0,35.0,10,2016-01-01,2026-01-01
AST-ENG-0420,TrackSegment,ENGINEERING,SEC-RKMP-BPL,KM-RKMP-BPL,4,75.0,35.0,10,2016-01-01,2026-01-01
AST-TRA-0137,OHE_Mast,TRACTION,SEC-RKMP-BPL,KM-RKMP-BPL,4,75.0,35.0,10,2016-01-01,2026-01-01
AST-ENG-0221,TrackSegment,ENGINEERING,SEC-RKMP-BPL,KM-RKMP-BPL,4,75.0,35.0,10,2016-01-01,2026-01-01
AST-S_A-0048,SignalPost,S_AND_T,SEC-RKMP-BPL,KM-RKMP-BPL,4,75.0,35.0,10,2016-01-01,2026-01-01
AST-TRA-0212,OHE_Mast,TRACTION,SEC-RKMP-BPL,KM-RKMP-BPL,4,75.0,35.0,10,2016-01-01,2026-01-01
AST-TRA-0008,OHE_Mast,TRACTION,SEC-RKMP-BPL,KM-RKMP-BPL,4,75.0,35.0,10,2016-01-01,2026-01-01
AST-TRA-0403,OHE_Mast,TRACTION,SEC-RKMP-BPL,KM-RKMP-BPL,4,75.0,35.0,10,2016-01-01,2026-01-01
AST-TRA-0382,OHE_Mast,TRACTION,SEC-RKMP-BPL,KM-RKMP-BPL,4,75.0,35.0,10,2016-01-01,2026-01-01
AST-ENG-0441,TrackSegment,ENGINEERING,SEC-RKMP-BPL,KM-RKMP-BPL,4,75.0,35.0,10,2016-01-01,2026-01-01
AST-ENG-0423,TrackSegment,ENGINEERING,SEC-RKMP-BPL,KM-RKMP-BPL,4,75.0,35.0,10,2016-01-01,2026-01-01
AST-ENG-0104,TrackSegment,ENGINEERING,SEC-RKMP-BPL,KM-RKMP-BPL,4,75.0,35.0,10,2016-01-01,2026-01-01
AST-ENG-0053,TrackSegment,ENGINEERING,SEC-RKMP-BPL,KM-RKMP-BPL,4,75.0,35.0,10,2016-01-01,2026-01-01
AST-S_A-0294,SignalPost,S_AND_T,SEC-RKMP-BPL,KM-RKMP-BPL,4,75.0,35.0,10,2016-01-01,2026-01-01
AST-TRA-0082,OHE_Mast,TRACTION,SEC-RKMP-BPL,KM-RKMP-BPL,4,75.0,35.0,10,2016-01-01,2026-01-01
AST-S_A-0030,SignalPost,S_AND_T,SEC-RKMP-BPL,KM-RKMP-BPL,4,75.0,35.0,10,2016-01-01,2026-01-01
AST-S_A-0156,SignalPost,S_AND_T,SEC-RKMP-BPL,KM-RKMP-BPL,4,75.0,35.0,10,2016-01-01,2026-01-01
AST-ENG-0459,TrackSegment,ENGINEERING,SEC-RKMP-BPL,KM-RKMP-BPL,4,75.0,35.0,10,2016-01-01,2026-01-01
AST-S_A-0202,SignalPost,S_AND_T,SEC-RKMP-BPL,KM-RKMP-BPL,4,75.0,35.0,10,2016-01-01,2026-01-01
AST-TRA-0475,OHE_Mast,TRACTION,SEC-RKMP-BPL,KM-RKMP-BPL,4,75.0,35.0,10,2016-01-01,2026-01-01
AST-S_A-0076,SignalPost,S_AND_T,SEC-RKMP-BPL,KM-RKMP-BPL,4,75.0,35.0,10,2016-01-01,2026-01-01
AST-ENG-0368,TrackSegment,ENGINEERING,SEC-RKMP-BPL,KM-RKMP-BPL,4,75.0,35.0,10,2016-01-01,2026-01-01
AST-TRA-0490,OHE_Mast,TRACTION,SEC-RKMP-BPL,KM-RKMP-BPL,4,75.0,35.0,10,2016-01-01,2026-01-01
AST-ENG-0068,TrackSegment,ENGINEERING,SEC-RKMP-BPL,KM-RKMP-BPL,4,75.0,35.0,10,2016-01-01,2026-01-01
AST-ENG-0159,TrackSegment,ENGINEERING,SEC-RKMP-BPL,KM-RKMP-BPL,4,75.0,35.0,10,2016-01-01,2026-01-01
AST-S_A-0364,SignalPost,S_AND_T,SEC-RKMP-BPL,KM-RKMP-BPL,4,75.0,35.0,10,2016-01-01,2026-01-01
AST-TRA-0412,OHE_Mast,TRACTION,SEC-RKMP-BPL,KM-RKMP-BPL,4,75.0,35.0,10,2016-01-01,2026-01-01
AST-ENG-0369,TrackSegment,ENGINEERING,SEC-RKMP-BPL,KM-RKMP-BPL,4,75.0,35.0,10,2016-01-01,2026-01-01
AST-ENG-0033,TrackSegment,ENGINEERING,SEC-RKMP-BPL,KM-RKMP-BPL,4,75.0,35.0,10,2016-01-01,2026-01-01
AST-S_A-0237,SignalPost,S_AND_T,SEC-RKMP-BPL,KM-RKMP-BPL,4,75.0,35.0,10,2016-01-01,2026-01-01
AST-ENG-0077,TrackSegment,ENGINEERING,SEC-RKMP-BPL,KM-RKMP-BPL,4,75.0,35.0,10,2016-01-01,2026-01-01
AST-ENG-0468,TrackSegment,ENGINEERING,SEC-RKMP-BPL,KM-RKMP-BPL,4,75.0,35.0,10,2016-01-01,2026-01-01
AST-ENG-0449,TrackSegment,ENGINEERING,SEC-RKMP-BPL,KM-RKMP-BPL,4,75.0,35.0,10,2016-01-01,2026-01-01
AST-ENG-0398,TrackSegment,ENGINEERING,SEC-RKMP-BPL,KM-RKMP-BPL,4,75.0,35.0,10,2016-01-01,2026-01-01
AST-S_A-0388,SignalPost,S_AND_T,SEC-RKMP-BPL,KM-RKMP-BPL,4,75.0,35.0,10,2016-01-01,2026-01-01
AST-ENG-0275,TrackSegment,ENGINEERING,SEC-RKMP-BPL,KM-RKMP-BPL,4,75.0,35.0,10,2016-01-01,2026-01-01
AST-S_A-0208,SignalPost,S_AND_T,SEC-RKMP-BPL,KM-RKMP-BPL,4,75.0,35.0,10,2016-01-01,2026-01-01
AST-ENG-0012,TrackSegment,ENGINEERING,SEC-RKMP-BPL,KM-RKMP-BPL,4,75.0,35.0,10,2016-01-01,2026-01-01
AST-TRA-0370,OHE_Mast,TRACTION,SEC-RKMP-BPL,KM-RKMP-BPL,4,75.0,35.0,10,2016-01-01,2026-01-01
AST-S_A-0342,SignalPost,S_AND_T,SEC-RKMP-BPL,KM-RKMP-BPL,4,75.0,35.0,10,2016-01-01,2026-01-01
AST-S_A-0093,SignalPost,S_AND_T,SEC-RKMP-BPL,KM-RKMP-BPL,4,75.0,35.0,10,2016-01-01,2026-01-01
AST-ENG-0063,TrackSegment,ENGINEERING,SEC-RKMP-BPL,KM-RKMP-BPL,4,75.0,35.0,10,2016-01-01,2026-01-01
AST-ENG-0485,TrackSegment,ENGINEERING,SEC-RKMP-BPL,KM-RKMP-BPL,4,75.0,35.0,10,2016-01-01,2026-01-01
AST-ENG-0387,TrackSegment,ENGINEERING,SEC-RKMP-BPL,KM-RKMP-BPL,4,75.0,35.0,10,2016-01-01,2026-01-01
AST-ENG-0051,TrackSegment,ENGINEERING,SEC-RKMP-BPL,KM-RKMP-BPL,4,75.0,35.0,10,2016-01-01,2026-01-01
AST-S_A-0318,SignalPost,S_AND_T,SEC-RKMP-BPL,KM-RKMP-BPL,4,75.0,35.0,10,2016-01-01,2026-01-01
AST-S_A-0379,SignalPost,S_AND_T,SEC-RKMP-BPL,KM-RKMP-BPL,4,75.0,35.0,10,2016-01-01,2026-01-01
AST-ENG-0270,TrackSegment,ENGINEERING,SEC-RKMP-BPL,KM-RKMP-BPL,4,75.0,35.0,10,2016-01-01,2026-01-01
AST-TRA-0274,OHE_Mast,TRACTION,SEC-RKMP-BPL,KM-RKMP-BPL,4,75.0,35.0,10,2016-01-01,2026-01-01
AST-ENG-0374,TrackSegment,ENGINEERING,SEC-RKMP-BPL,KM-RKMP-BPL,4,75.0,35.0,10,2016-01-01,2026-01-01
AST-S_A-0414,SignalPost,S_AND_T,SEC-RKMP-BPL,KM-RKMP-BPL,4,75.0,35.0,10,2016-01-01,2026-01-01
AST-S_A-0034,SignalPost,S_AND_T,SEC-RKMP-BPL,KM-RKMP-BPL,4,75.0,35.0,10,2016-01-01,2026-01-01
AST-ENG-0122,TrackSegment,ENGINEERING,SEC-RKMP-BPL,KM-RKMP-BPL,4,75.0,35.0,10,2016-01-01,2026-01-01
AST-ENG-0342,TrackSegment,ENGINEERING,SEC-RKMP-BPL,KM-RKMP-BPL,4,75.0,35.0,10,2016-01-01,2026-01-01
AST-S_A-0300,SignalPost,S_AND_T,SEC-RKMP-BPL,KM-RKMP-BPL,4,75.0,35.0,10,2016-01-01,2026-01-01
AST-S_A-0231,SignalPost,S_AND_T,SEC-RKMP-BPL,KM-RKMP-BPL,4,75.0,35.0,10,2016-01-01,2026-01-01
AST-TRA-0340,OHE_Mast,TRACTION,SEC-RKMP-BPL,KM-RKMP-BPL,4,75.0,35.0,10,2016-01-01,2026-01-01
AST-S_A-0238,SignalPost,S_AND_T,SEC-RKMP-BPL,KM-RKMP-BPL,4,75.0,35.0,10,2016-01-01,2026-01-01
AST-ENG-0113,TrackSegment,ENGINEERING,SEC-RKMP-BPL,KM-RKMP-BPL,4,75.0,35.0,10,2016-01-01,2026-01-01
AST-TRA-0281,OHE_Mast,TRACTION,SEC-RKMP-BPL,KM-RKMP-BPL,4,75.0,35.0,10,2016-01-01,2026-01-01
AST-TRA-0308,OHE_Mast,TRACTION,SEC-RKMP-BPL,KM-RKMP-BPL,4,75.0,35.0,10,2016-01-01,2026-01-01
AST-ENG-0392,TrackSegment,ENGINEERING,SEC-RKMP-BPL,KM-RKMP-BPL,4,75.0,35.0,10,2016-01-01,2026-01-01
AST-TRA-0425,OHE_Mast,TRACTION,SEC-RKMP-BPL,KM-RKMP-BPL,4,75.0,35.0,10,2016-01-01,2026-01-01
AST-S_A-0103,SignalPost,S_AND_T,SEC-RKMP-BPL,KM-RKMP-BPL,4,75.0,35.0,10,2016-01-01,2026-01-01
AST-S_A-0252,SignalPost,S_AND_T,SEC-RKMP-BPL,KM-RKMP-BPL,4,75.0,35.0,10,2016-01-01,2026-01-01
AST-S_A-0408,SignalPost,S_AND_T,SEC-RKMP-BPL,KM-RKMP-BPL,4,75.0,35.0,10,2016-01-01,2026-01-01
AST-ENG-0326,TrackSegment,ENGINEERING,SEC-RKMP-BPL,KM-RKMP-BPL,4,75.0,35.0,10,2016-01-01,2026-01-01
AST-S_A-0135,SignalPost,S_AND_T,SEC-RKMP-BPL,KM-RKMP-BPL,4,75.0,35.0,10,2016-01-01,2026-01-01
AST-ENG-0386,TrackSegment,ENGINEERING,SEC-RKMP-BPL,KM-RKMP-BPL,4,75.0,35.0,10,2016-01-01,2026-01-01
AST-S_A-0051,SignalPost,S_AND_T,SEC-RKMP-BPL,KM-RKMP-BPL,4,75.0,35.0,10,2016-01-01,2026-01-01
AST-ENG-0455,TrackSegment,ENGINEERING,SEC-RKMP-BPL,KM-RKMP-BPL,4,75.0,35.0,10,2016-01-01,2026-01-01
AST-TRA-0164,OHE_Mast,TRACTION,SEC-RKMP-BPL,KM-RKMP-BPL,4,75.0,35.0,10,2016-01-01,2026-01-01
AST-S_A-0078,SignalPost,S_AND_T,SEC-RKMP-BPL,KM-RKMP-BPL,4,75.0,35.0,10,2016-01-01,2026-01-01
AST-ENG-0006,TrackSegment,ENGINEERING,SEC-RKMP-BPL,KM-RKMP-BPL,4,75.0,35.0,10,2016-01-01,2026-01-01
AST-TRA-0050,OHE_Mast,TRACTION,SEC-RKMP-BPL,KM-RKMP-BPL,4,75.0,35.0,10,2016-01-01,2026-01-01
AST-ENG-0372,TrackSegment,ENGINEERING,SEC-RKMP-BPL,KM-RKMP-BPL,4,75.0,35.0,10,2016-01-01,2026-01-01
AST-ENG-0339,TrackSegment,ENGINEERING,SEC-RKMP-BPL,KM-RKMP-BPL,4,75.0,35.0,10,2016-01-01,2026-01-01
AST-TRA-0365,OHE_Mast,TRACTION,SEC-RKMP-BPL,KM-RKMP-BPL,4,75.0,35.0,10,2016-01-01,2026-01-01
AST-S_A-0028,SignalPost,S_AND_T,SEC-RKMP-BPL,KM-RKMP-BPL,4,75.0,35.0,10,2016-01-01,2026-01-01
AST-TRA-0077,OHE_Mast,TRACTION,SEC-RKMP-BPL,KM-RKMP-BPL,4,75.0,35.0,10,2016-01-01,2026-01-01
AST-ENG-0453,TrackSegment,ENGINEERING,SEC-RKMP-BPL,KM-RKMP-BPL,4,75.0,35.0,10,2016-01-01,2026-01-01
AST-ENG-0290,TrackSegment,ENGINEERING,SEC-RKMP-BPL,KM-RKMP-BPL,4,75.0,35.0,10,2016-01-01,2026-01-01
AST-TRA-0193,OHE_Mast,TRACTION,SEC-RKMP-BPL,KM-RKMP-BPL,4,75.0,35.0,10,2016-01-01,2026-01-01
AST-S_A-0138,SignalPost,S_AND_T,SEC-RKMP-BPL,KM-RKMP-BPL,4,75.0,35.0,10,2016-01-01,2026-01-01
AST-ENG-0087,TrackSegment,ENGINEERING,SEC-RKMP-BPL,KM-RKMP-BPL,4,75.0,35.0,10,2016-01-01,2026-01-01
AST-ENG-0192,TrackSegment,ENGINEERING,SEC-RKMP-BPL,KM-RKMP-BPL,4,75.0,35.0,10,2016-01-01,2026-01-01
AST-S_A-0307,SignalPost,S_AND_T,SEC-RKMP-BPL,KM-RKMP-BPL,4,75.0,35.0,10,2016-01-01,2026-01-01
AST-ENG-0399,TrackSegment,ENGINEERING,SEC-RKMP-BPL,KM-RKMP-BPL,4,75.0,35.0,10,2016-01-01,2026-01-01
AST-S_A-0310,SignalPost,S_AND_T,SEC-RKMP-BPL,KM-RKMP-BPL,4,75.0,35.0,10,2016-01-01,2026-01-01
AST-TRA-0376,OHE_Mast,TRACTION,SEC-RKMP-BPL,KM-RKMP-BPL,4,75.0,35.0,10,2016-01-01,2026-01-01
AST-ENG-0050,TrackSegment,ENGINEERING,SEC-RKMP-BPL,KM-RKMP-BPL,4,75.0,35.0,10,2016-01-01,2026-01-01
AST-ENG-0102,TrackSegment,ENGINEERING,SEC-RKMP-BPL,KM-RKMP-BPL,4,75.0,35.0,10,2016-01-01,2026-01-01
AST-TRA-0233,OHE_Mast,TRACTION,SEC-RKMP-BPL,KM-RKMP-BPL,4,75.0,35.0,10,2016-01-01,2026-01-01
AST-S_A-0301,SignalPost,S_AND_T,SEC-RKMP-BPL,KM-RKMP-BPL,4,75.0,35.0,10,2016-01-01,2026-01-01
AST-ENG-0125,TrackSegment,ENGINEERING,SEC-RKMP-BPL,KM-RKMP-BPL,4,75.0,35.0,10,2016-01-01,2026-01-01
AST-S_A-0007,SignalPost,S_AND_T,SEC-RKMP-BPL,KM-RKMP-BPL,4,75.0,35.0,10,2016-01-01,2026-01-01
AST-ENG-0062,TrackSegment,ENGINEERING,SEC-RKMP-BPL,KM-RKMP-BPL,4,75.0,35.0,10,2016-01-01,2026-01-01
AST-ENG-0038,TrackSegment,ENGINEERING,SEC-RKMP-BPL,KM-RKMP-BPL,4,75.0,35.0,10,2016-01-01,2026-01-01
AST-TRA-0278,OHE_Mast,TRACTION,SEC-RKMP-BPL,KM-RKMP-BPL,4,75.0,35.0,10,2016-01-01,2026-01-01
AST-TRA-0487,OHE_Mast,TRACTION,SEC-RKMP-BPL,KM-RKMP-BPL,4,75.0,35.0,10,2016-01-01,2026-01-01
AST-TRA-0229,OHE_Mast,TRACTION,SEC-RKMP-BPL,KM-RKMP-BPL,4,75.0,35.0,10,2016-01-01,2026-01-01
AST-TRA-0383,OHE_Mast,TRACTION,SEC-RKMP-BPL,KM-RKMP-BPL,4,75.0,35.0,10,2016-01-01,2026-01-01
AST-ENG-0284,TrackSegment,ENGINEERING,SEC-RKMP-BPL,KM-RKMP-BPL,4,75.0,35.0,10,2016-01-01,2026-01-01
AST-TRA-0131,OHE_Mast,TRACTION,SEC-RKMP-BPL,KM-RKMP-BPL,4,75.0,35.0,10,2016-01-01,2026-01-01
AST-S_A-0339,SignalPost,S_AND_T,SEC-RKMP-BPL,KM-RKMP-BPL,4,75.0,35.0,10,2016-01-01,2026-01-01
AST-ENG-0437,TrackSegment,ENGINEERING,SEC-RKMP-BPL,KM-RKMP-BPL,4,75.0,35.0,10,2016-01-01,2026-01-01
AST-TRA-0380,OHE_Mast,TRACTION,SEC-RKMP-BPL,KM-RKMP-BPL,4,75.0,35.0,10,2016-01-01,2026-01-01
AST-S_A-0063,SignalPost,S_AND_T,SEC-RKMP-BPL,KM-RKMP-BPL,4,75.0,35.0,10,2016-01-01,2026-01-01
AST-TRA-0445,OHE_Mast,TRACTION,SEC-RKMP-BPL,KM-RKMP-BPL,4,75.0,35.0,10,2016-01-01,2026-01-01
AST-ENG-0291,TrackSegment,ENGINEERING,SEC-RKMP-BPL,KM-RKMP-BPL,4,75.0,35.0,10,2016-01-01,2026-01-01
AST-TRA-0247,OHE_Mast,TRACTION,SEC-RKMP-BPL,KM-RKMP-BPL,4,75.0,35.0,10,2016-01-01,2026-01-01
AST-ENG-0375,TrackSegment,ENGINEERING,SEC-RKMP-BPL,KM-RKMP-BPL,4,75.0,35.0,10,2016-01-01,2026-01-01
AST-TRA-0359,OHE_Mast,TRACTION,SEC-RKMP-BPL,KM-RKMP-BPL,4,75.0,35.0,10,2016-01-01,2026-01-01
AST-S_A-0220,SignalPost,S_AND_T,SEC-RKMP-BPL,KM-RKMP-BPL,4,75.0,35.0,10,2016-01-01,2026-01-01
AST-ENG-0261,TrackSegment,ENGINEERING,SEC-RKMP-BPL,KM-RKMP-BPL,4,75.0,35.0,10,2016-01-01,2026-01-01
AST-S_A-0214,SignalPost,S_AND_T,SEC-RKMP-BPL,KM-RKMP-BPL,4,75.0,35.0,10,2016-01-01,2026-01-01
AST-TRA-0374,OHE_Mast,TRACTION,SEC-RKMP-BPL,KM-RKMP-BPL,4,75.0,35.0,10,2016-01-01,2026-01-01
AST-ENG-0065,TrackSegment,ENGINEERING,SEC-RKMP-BPL,KM-RKMP-BPL,4,75.0,35.0,10,2016-01-01,2026-01-01
AST-ENG-0140,TrackSegment,ENGINEERING,SEC-RKMP-BPL,KM-RKMP-BPL,4,75.0,35.0,10,2016-01-01,2026-01-01
AST-ENG-0219,TrackSegment,ENGINEERING,SEC-RKMP-BPL,KM-RKMP-BPL,4,75.0,35.0,10,2016-01-01,2026-01-01
AST-ENG-0462,TrackSegment,ENGINEERING,SEC-RKMP-BPL,KM-RKMP-BPL,4,75.0,35.0,10,2016-01-01,2026-01-01
AST-TRA-0347,OHE_Mast,TRACTION,SEC-RKMP-BPL,KM-RKMP-BPL,4,75.0,35.0,10,2016-01-01,2026-01-01
AST-TRA-0265,OHE_Mast,TRACTION,SEC-RKMP-BPL,KM-RKMP-BPL,4,75.0,35.0,10,2016-01-01,2026-01-01
AST-TRA-0110,OHE_Mast,TRACTION,SEC-RKMP-BPL,KM-RKMP-BPL,4,75.0,35.0,10,2016-01-01,2026-01-01
AST-ENG-0239,TrackSegment,ENGINEERING,SEC-RKMP-BPL,KM-RKMP-BPL,4,75.0,35.0,10,2016-01-01,2026-01-01
AST-S_A-0066,SignalPost,S_AND_T,SEC-RKMP-BPL,KM-RKMP-BPL,4,75.0,35.0,10,2016-01-01,2026-01-01
AST-S_A-0232,SignalPost,S_AND_T,SEC-RKMP-BPL,KM-RKMP-BPL,4,75.0,35.0,10,2016-01-01,2026-01-01
AST-S_A-0375,SignalPost,S_AND_T,SEC-RKMP-BPL,KM-RKMP-BPL,4,75.0,35.0,10,2016-01-01,2026-01-01
AST-TRA-0166,OHE_Mast,TRACTION,SEC-RKMP-BPL,KM-RKMP-BPL,4,75.0,35.0,10,2016-01-01,2026-01-01
AST-ENG-0497,TrackSegment,ENGINEERING,SEC-RKMP-BPL,KM-RKMP-BPL,4,75.0,35.0,10,2016-01-01,2026-01-01
AST-TRA-0472,OHE_Mast,TRACTION,SEC-RKMP-BPL,KM-RKMP-BPL,4,75.0,35.0,10,2016-01-01,2026-01-01
AST-TRA-0241,OHE_Mast,TRACTION,SEC-RKMP-BPL,KM-RKMP-BPL,4,75.0,35.0,10,2016-01-01,2026-01-01
AST-TRA-0205,OHE_Mast,TRACTION,SEC-RKMP-BPL,KM-RKMP-BPL,4,75.0,35.0,10,2016-01-01,2026-01-01
AST-ENG-0162,TrackSegment,ENGINEERING,SEC-RKMP-BPL,KM-RKMP-BPL,4,75.0,35.0,10,2016-01-01,2026-01-01
AST-ENG-0351,TrackSegment,ENGINEERING,SEC-RKMP-BPL,KM-RKMP-BPL,4,75.0,35.0,10,2016-01-01,2026-01-01
AST-S_A-0429,SignalPost,S_AND_T,SEC-RKMP-BPL,KM-RKMP-BPL,4,75.0,35.0,10,2016-01-01,2026-01-01
AST-TRA-0446,OHE_Mast,TRACTION,SEC-RKMP-BPL,KM-RKMP-BPL,4,75.0,35.0,10,2016-01-01,2026-01-01
AST-S_A-0225,SignalPost,S_AND_T,SEC-RKMP-BPL,KM-RKMP-BPL,4,75.0,35.0,10,2016-01-01,2026-01-01
AST-S_A-0175,SignalPost,S_AND_T,SEC-RKMP-BPL,KM-RKMP-BPL,4,75.0,35.0,10,2016-01-01,2026-01-01
AST-ENG-0347,TrackSegment,ENGINEERING,SEC-RKMP-BPL,KM-RKMP-BPL,4,75.0,35.0,10,2016-01-01,2026-01-01
AST-ENG-0269,TrackSegment,ENGINEERING,SEC-RKMP-BPL,KM-RKMP-BPL,4,75.0,35.0,10,2016-01-01,2026-01-01
AST-TRA-0437,OHE_Mast,TRACTION,SEC-RKMP-BPL,KM-RKMP-BPL,4,75.0,35.0,10,2016-01-01,2026-01-01
AST-S_A-0141,SignalPost,S_AND_T,SEC-RKMP-BPL,KM-RKMP-BPL,4,75.0,35.0,10,2016-01-01,2026-01-01
AST-ENG-0152,TrackSegment,ENGINEERING,SEC-RKMP-BPL,KM-RKMP-BPL,4,75.0,35.0,10,2016-01-01,2026-01-01
AST-TRA-0097,OHE_Mast,TRACTION,SEC-RKMP-BPL,KM-RKMP-BPL,4,75.0,35.0,10,2016-01-01,2026-01-01
AST-ENG-0365,TrackSegment,ENGINEERING,SEC-RKMP-BPL,KM-RKMP-BPL,4,75.0,35.0,10,2016-01-01,2026-01-01
AST-ENG-0036,TrackSegment,ENGINEERING,SEC-RKMP-BPL,KM-RKMP-BPL,4,75.0,35.0,10,2016-01-01,2026-01-01
AST-S_A-0001,SignalPost,S_AND_T,SEC-RKMP-BPL,KM-RKMP-BPL,4,75.0,35.0,10,2016-01-01,2026-01-01
AST-ENG-0089,TrackSegment,ENGINEERING,SEC-RKMP-BPL,KM-RKMP-BPL,4,75.0,35.0,10,2016-01-01,2026-01-01
AST-S_A-0346,SignalPost,S_AND_T,SEC-RKMP-BPL,KM-RKMP-BPL,4,75.0,35.0,10,2016-01-01,2026-01-01
AST-ENG-0360,TrackSegment,ENGINEERING,SEC-RKMP-BPL,KM-RKMP-BPL,4,75.0,35.0,10,2016-01-01,2026-01-01
AST-ENG-0227,TrackSegment,ENGINEERING,SEC-RKMP-BPL,KM-RKMP-BPL,4,75.0,35.0,10,2016-01-01,2026-01-01
AST-TRA-0208,OHE_Mast,TRACTION,SEC-RKMP-BPL,KM-RKMP-BPL,4,75.0,35.0,10,2016-01-01,2026-01-01
AST-ENG-0141,TrackSegment,ENGINEERING,SEC-RKMP-BPL,KM-RKMP-BPL,4,75.0,35.0,10,2016-01-01,2026-01-01
AST-ENG-0072,TrackSegment,ENGINEERING,SEC-RKMP-BPL,KM-RKMP-BPL,4,75.0,35.0,10,2016-01-01,2026-01-01
AST-TRA-0292,OHE_Mast,TRACTION,SEC-RKMP-BPL,KM-RKMP-BPL,4,75.0,35.0,10,2016-01-01,2026-01-01
AST-S_A-0249,SignalPost,S_AND_T,SEC-RKMP-BPL,KM-RKMP-BPL,4,75.0,35.0,10,2016-01-01,2026-01-01
AST-ENG-0224,TrackSegment,ENGINEERING,SEC-RKMP-BPL,KM-RKMP-BPL,4,75.0,35.0,10,2016-01-01,2026-01-01
AST-ENG-0356,TrackSegment,ENGINEERING,SEC-RKMP-BPL,KM-RKMP-BPL,4,75.0,35.0,10,2016-01-01,2026-01-01
AST-ENG-0114,TrackSegment,ENGINEERING,SEC-RKMP-BPL,KM-RKMP-BPL,4,75.0,35.0,10,2016-01-01,2026-01-01
AST-TRA-0494,OHE_Mast,TRACTION,SEC-RKMP-BPL,KM-RKMP-BPL,4,75.0,35.0,10,2016-01-01,2026-01-01
AST-TRA-0059,OHE_Mast,TRACTION,SEC-RKMP-BPL,KM-RKMP-BPL,4,75.0,35.0,10,2016-01-01,2026-01-01
AST-ENG-0035,TrackSegment,ENGINEERING,SEC-RKMP-BPL,KM-RKMP-BPL,4,75.0,35.0,10,2016-01-01,2026-01-01
AST-S_A-0409,SignalPost,S_AND_T,SEC-RKMP-BPL,KM-RKMP-BPL,4,75.0,35.0,10,2016-01-01,2026-01-01
AST-TRA-0256,OHE_Mast,TRACTION,SEC-RKMP-BPL,KM-RKMP-BPL,4,75.0,35.0,10,2016-01-01,2026-01-01
AST-S_A-0147,SignalPost,S_AND_T,SEC-RKMP-BPL,KM-RKMP-BPL,4,75.0,35.0,10,2016-01-01,2026-01-01
AST-TRA-0413,OHE_Mast,TRACTION,SEC-RKMP-BPL,KM-RKMP-BPL,4,75.0,35.0,10,2016-01-01,2026-01-01
AST-S_A-0438,SignalPost,S_AND_T,SEC-RKMP-BPL,KM-RKMP-BPL,4,75.0,35.0,10,2016-01-01,2026-01-01
AST-ENG-0252,TrackSegment,ENGINEERING,SEC-RKMP-BPL,KM-RKMP-BPL,4,75.0,35.0,10,2016-01-01,2026-01-01
AST-ENG-0429,TrackSegment,ENGINEERING,SEC-RKMP-BPL,KM-RKMP-BPL,4,75.0,35.0,10,2016-01-01,2026-01-01
AST-TRA-0368,OHE_Mast,TRACTION,SEC-RKMP-BPL,KM-RKMP-BPL,4,75.0,35.0,10,2016-01-01,2026-01-01
AST-S_A-0387,SignalPost,S_AND_T,SEC-RKMP-BPL,KM-RKMP-BPL,4,75.0,35.0,10,2016-01-01,2026-01-01
AST-S_A-0258,SignalPost,S_AND_T,SEC-RKMP-BPL,KM-RKMP-BPL,4,75.0,35.0,10,2016-01-01,2026-01-01
AST-S_A-0246,SignalPost,S_AND_T,SEC-RKMP-BPL,KM-RKMP-BPL,4,75.0,35.0,10,2016-01-01,2026-01-01
AST-TRA-0469,OHE_Mast,TRACTION,SEC-RKMP-BPL,KM-RKMP-BPL,4,75.0,35.0,10,2016-01-01,2026-01-01
AST-S_A-0177,SignalPost,S_AND_T,SEC-RKMP-BPL,KM-RKMP-BPL,4,75.0,35.0,10,2016-01-01,2026-01-01
AST-TRA-0428,OHE_Mast,TRACTION,SEC-RKMP-BPL,KM-RKMP-BPL,4,75.0,35.0,10,2016-01-01,2026-01-01
AST-TRA-0020,OHE_Mast,TRACTION,SEC-RKMP-BPL,KM-RKMP-BPL,4,75.0,35.0,10,2016-01-01,2026-01-01
AST-ENG-0258,TrackSegment,ENGINEERING,SEC-RKMP-BPL,KM-RKMP-BPL,4,75.0,35.0,10,2016-01-01,2026-01-01
AST-ENG-0180,TrackSegment,ENGINEERING,SEC-RKMP-BPL,KM-RKMP-BPL,4,75.0,35.0,10,2016-01-01,2026-01-01
AST-S_A-0282,SignalPost,S_AND_T,SEC-RKMP-BPL,KM-RKMP-BPL,4,75.0,35.0,10,2016-01-01,2026-01-01
AST-S_A-0033,SignalPost,S_AND_T,SEC-RKMP-BPL,KM-RKMP-BPL,4,75.0,35.0,10,2016-01-01,2026-01-01
AST-S_A-0391,SignalPost,S_AND_T,SEC-RKMP-BPL,KM-RKMP-BPL,4,75.0,35.0,10,2016-01-01,2026-01-01
AST-TRA-0358,OHE_Mast,TRACTION,SEC-RKMP-BPL,KM-RKMP-BPL,4,75.0,35.0,10,2016-01-01,2026-01-01
AST-S_A-0370,SignalPost,S_AND_T,SEC-RKMP-BPL,KM-RKMP-BPL,4,75.0,35.0,10,2016-01-01,2026-01-01
AST-S_A-0235,SignalPost,S_AND_T,SEC-RKMP-BPL,KM-RKMP-BPL,4,75.0,35.0,10,2016-01-01,2026-01-01
AST-ENG-0095,TrackSegment,ENGINEERING,SEC-RKMP-BPL,KM-RKMP-BPL,4,75.0,35.0,10,2016-01-01,2026-01-01
AST-ENG-0402,TrackSegment,ENGINEERING,SEC-RKMP-BPL,KM-RKMP-BPL,4,75.0,35.0,10,2016-01-01,2026-01-01
AST-S_A-0447,SignalPost,S_AND_T,SEC-RKMP-BPL,KM-RKMP-BPL,4,75.0,35.0,10,2016-01-01,2026-01-01
AST-TRA-0125,OHE_Mast,TRACTION,SEC-RKMP-BPL,KM-RKMP-BPL,4,75.0,35.0,10,2016-01-01,2026-01-01
AST-TRA-0103,OHE_Mast,TRACTION,SEC-RKMP-BPL,KM-RKMP-BPL,4,75.0,35.0,10,2016-01-01,2026-01-01
AST-S_A-0217,SignalPost,S_AND_T,SEC-RKMP-BPL,KM-RKMP-BPL,4,75.0,35.0,10,2016-01-01,2026-01-01
AST-S_A-0166,SignalPost,S_AND_T,SEC-RKMP-BPL,KM-RKMP-BPL,4,75.0,35.0,10,2016-01-01,2026-01-01
AST-S_A-0091,SignalPost,S_AND_T,SEC-RKMP-BPL,KM-RKMP-BPL,4,75.0,35.0,10,2016-01-01,2026-01-01
AST-ENG-0293,TrackSegment,ENGINEERING,SEC-RKMP-BPL,KM-RKMP-BPL,4,75.0,35.0,10,2016-01-01,2026-01-01
AST-S_A-0475,SignalPost,S_AND_T,SEC-RKMP-BPL,KM-RKMP-BPL,4,75.0,35.0,10,2016-01-01,2026-01-01
AST-S_A-0183,SignalPost,S_AND_T,SEC-RKMP-BPL,KM-RKMP-BPL,4,75.0,35.0,10,2016-01-01,2026-01-01
AST-S_A-0244,SignalPost,S_AND_T,SEC-RKMP-BPL,KM-RKMP-BPL,4,75.0,35.0,10,2016-01-01,2026-01-01
AST-TRA-0148,OHE_Mast,TRACTION,SEC-RKMP-BPL,KM-RKMP-BPL,4,75.0,35.0,10,2016-01-01,2026-01-01
AST-TRA-0010,OHE_Mast,TRACTION,SEC-RKMP-BPL,KM-RKMP-BPL,4,75.0,35.0,10,2016-01-01,2026-01-01
AST-ENG-0255,TrackSegment,ENGINEERING,SEC-RKMP-BPL,KM-RKMP-BPL,4,75.0,35.0,10,2016-01-01,2026-01-01
AST-S_A-0336,SignalPost,S_AND_T,SEC-RKMP-BPL,KM-RKMP-BPL,4,75.0,35.0,10,2016-01-01,2026-01-01
AST-ENG-0354,TrackSegment,ENGINEERING,SEC-RKMP-BPL,KM-RKMP-BPL,4,75.0,35.0,10,2016-01-01,2026-01-01
AST-TRA-0019,OHE_Mast,TRACTION,SEC-RKMP-BPL,KM-RKMP-BPL,4,75.0,35.0,10,2016-01-01,2026-01-01
AST-ENG-0389,TrackSegment,ENGINEERING,SEC-RKMP-BPL,KM-RKMP-BPL,4,75.0,35.0,10,2016-01-01,2026-01-01
AST-S_A-0016,SignalPost,S_AND_T,SEC-RKMP-BPL,KM-RKMP-BPL,4,75.0,35.0,10,2016-01-01,2026-01-01
AST-TRA-0295,OHE_Mast,TRACTION,SEC-RKMP-BPL,KM-RKMP-BPL,4,75.0,35.0,10,2016-01-01,2026-01-01
AST-ENG-0461,TrackSegment,ENGINEERING,SEC-RKMP-BPL,KM-RKMP-BPL,4,75.0,35.0,10,2016-01-01,2026-01-01
AST-S_A-0021,SignalPost,S_AND_T,SEC-RKMP-BPL,KM-RKMP-BPL,4,75.0,35.0,10,2016-01-01,2026-01-01
AST-ENG-0287,TrackSegment,ENGINEERING,SEC-RKMP-BPL,KM-RKMP-BPL,4,75.0,35.0,10,2016-01-01,2026-01-01
AST-S_A-0295,SignalPost,S_AND_T,SEC-RKMP-BPL,KM-RKMP-BPL,4,75.0,35.0,10,2016-01-01,2026-01-01
AST-ENG-0233,TrackSegment,ENGINEERING,SEC-RKMP-BPL,KM-RKMP-BPL,4,75.0,35.0,10,2016-01-01,2026-01-01
AST-TRA-0098,OHE_Mast,TRACTION,SEC-RKMP-BPL,KM-RKMP-BPL,4,75.0,35.0,10,2016-01-01,2026-01-01
AST-ENG-0230,TrackSegment,ENGINEERING,SEC-RKMP-BPL,KM-RKMP-BPL,4,75.0,35.0,10,2016-01-01,2026-01-01
AST-TRA-0149,OHE_Mast,TRACTION,SEC-RKMP-BPL,KM-RKMP-BPL,4,75.0,35.0,10,2016-01-01,2026-01-01
AST-TRA-0427,OHE_Mast,TRACTION,SEC-RKMP-BPL,KM-RKMP-BPL,4,75.0,35.0,10,2016-01-01,2026-01-01
AST-S_A-0178,SignalPost,S_AND_T,SEC-RKMP-BPL,KM-RKMP-BPL,4,75.0,35.0,10,2016-01-01,2026-01-01
AST-ENG-0426,TrackSegment,ENGINEERING,SEC-RKMP-BPL,KM-RKMP-BPL,4,75.0,35.0,10,2016-01-01,2026-01-01
AST-S_A-0127,SignalPost,S_AND_T,SEC-RKMP-BPL,KM-RKMP-BPL,4,75.0,35.0,10,2016-01-01,2026-01-01
AST-TRA-0260,OHE_Mast,TRACTION,SEC-RKMP-BPL,KM-RKMP-BPL,4,75.0,35.0,10,2016-01-01,2026-01-01
AST-S_A-0487,SignalPost,S_AND_T,SEC-RKMP-BPL,KM-RKMP-BPL,4,75.0,35.0,10,2016-01-01,2026-01-01
AST-TRA-0161,OHE_Mast,TRACTION,SEC-RKMP-BPL,KM-RKMP-BPL,4,75.0,35.0,10,2016-01-01,2026-01-01
AST-S_A-0273,SignalPost,S_AND_T,SEC-RKMP-BPL,KM-RKMP-BPL,4,75.0,35.0,10,2016-01-01,2026-01-01
AST-TRA-0230,OHE_Mast,TRACTION,SEC-RKMP-BPL,KM-RKMP-BPL,4,75.0,35.0,10,2016-01-01,2026-01-01
AST-ENG-0137,TrackSegment,ENGINEERING,SEC-RKMP-BPL,KM-RKMP-BPL,4,75.0,35.0,10,2016-01-01,2026-01-01
AST-TRA-0440,OHE_Mast,TRACTION,SEC-RKMP-BPL,KM-RKMP-BPL,4,75.0,35.0,10,2016-01-01,2026-01-01
AST-S_A-0088,SignalPost,S_AND_T,SEC-RKMP-BPL,KM-RKMP-BPL,4,75.0,35.0,10,2016-01-01,2026-01-01
AST-S_A-0207,SignalPost,S_AND_T,SEC-RKMP-BPL,KM-RKMP-BPL,4,75.0,35.0,10,2016-01-01,2026-01-01
AST-S_A-0084,SignalPost,S_AND_T,SEC-RKMP-BPL,KM-RKMP-BPL,4,75.0,35.0,10,2016-01-01,2026-01-01
AST-TRA-0293,OHE_Mast,TRACTION,SEC-RKMP-BPL,KM-RKMP-BPL,4,75.0,35.0,10,2016-01-01,2026-01-01
AST-ENG-0069,TrackSegment,ENGINEERING,SEC-RKMP-BPL,KM-RKMP-BPL,4,75.0,35.0,10,2016-01-01,2026-01-01
AST-ENG-0473,TrackSegment,ENGINEERING,SEC-RKMP-BPL,KM-RKMP-BPL,4,75.0,35.0,10,2016-01-01,2026-01-01
AST-S_A-0199,SignalPost,S_AND_T,SEC-RKMP-BPL,KM-RKMP-BPL,4,75.0,35.0,10,2016-01-01,2026-01-01
AST-S_A-0454,SignalPost,S_AND_T,SEC-RKMP-BPL,KM-RKMP-BPL,4,75.0,35.0,10,2016-01-01,2026-01-01
AST-ENG-0021,TrackSegment,ENGINEERING,SEC-RKMP-BPL,KM-RKMP-BPL,4,75.0,35.0,10,2016-01-01,2026-01-01
AST-TRA-0052,OHE_Mast,TRACTION,SEC-RKMP-BPL,KM-RKMP-BPL,4,75.0,35.0,10,2016-01-01,2026-01-01
AST-S_A-0445,SignalPost,S_AND_T,SEC-RKMP-BPL,KM-RKMP-BPL,4,75.0,35.0,10,2016-01-01,2026-01-01
AST-ENG-0362,TrackSegment,ENGINEERING,SEC-RKMP-BPL,KM-RKMP-BPL,4,75.0,35.0,10,2016-01-01,2026-01-01
AST-TRA-0035,OHE_Mast,TRACTION,SEC-RKMP-BPL,KM-RKMP-BPL,4,75.0,35.0,10,2016-01-01,2026-01-01
AST-S_A-0373,SignalPost,S_AND_T,SEC-RKMP-BPL,KM-RKMP-BPL,4,75.0,35.0,10,2016-01-01,2026-01-01
AST-S_A-0096,SignalPost,S_AND_T,SEC-RKMP-BPL,KM-RKMP-BPL,4,75.0,35.0,10,2016-01-01,2026-01-01
AST-TRA-0464,OHE_Mast,TRACTION,SEC-RKMP-BPL,KM-RKMP-BPL,4,75.0,35.0,10,2016-01-01,2026-01-01
AST-ENG-0165,TrackSegment,ENGINEERING,SEC-RKMP-BPL,KM-RKMP-BPL,4,75.0,35.0,10,2016-01-01,2026-01-01
AST-TRA-0296,OHE_Mast,TRACTION,SEC-RKMP-BPL,KM-RKMP-BPL,4,75.0,35.0,10,2016-01-01,2026-01-01
AST-TRA-0178,OHE_Mast,TRACTION,SEC-RKMP-BPL,KM-RKMP-BPL,4,75.0,35.0,10,2016-01-01,2026-01-01
AST-S_A-0180,SignalPost,S_AND_T,SEC-RKMP-BPL,KM-RKMP-BPL,4,75.0,35.0,10,2016-01-01,2026-01-01
AST-ENG-0405,TrackSegment,ENGINEERING,SEC-RKMP-BPL,KM-RKMP-BPL,4,75.0,35.0,10,2016-01-01,2026-01-01
AST-S_A-0426,SignalPost,S_AND_T,SEC-RKMP-BPL,KM-RKMP-BPL,4,75.0,35.0,10,2016-01-01,2026-01-01
AST-ENG-0054,TrackSegment,ENGINEERING,SEC-RKMP-BPL,KM-RKMP-BPL,4,75.0,35.0,10,2016-01-01,2026-01-01
AST-S_A-0133,SignalPost,S_AND_T,SEC-RKMP-BPL,KM-RKMP-BPL,4,75.0,35.0,10,2016-01-01,2026-01-01
AST-TRA-0055,OHE_Mast,TRACTION,SEC-RKMP-BPL,KM-RKMP-BPL,4,75.0,35.0,10,2016-01-01,2026-01-01
AST-S_A-0162,SignalPost,S_AND_T,SEC-RKMP-BPL,KM-RKMP-BPL,4,75.0,35.0,10,2016-01-01,2026-01-01
AST-TRA-0223,OHE_Mast,TRACTION,SEC-RKMP-BPL,KM-RKMP-BPL,4,75.0,35.0,10,2016-01-01,2026-01-01
AST-TRA-0071,OHE_Mast,TRACTION,SEC-RKMP-BPL,KM-RKMP-BPL,4,75.0,35.0,10,2016-01-01,2026-01-01
AST-S_A-0366,SignalPost,S_AND_T,SEC-RKMP-BPL,KM-RKMP-BPL,4,75.0,35.0,10,2016-01-01,2026-01-01
AST-TRA-0046,OHE_Mast,TRACTION,SEC-RKMP-BPL,KM-RKMP-BPL,4,75.0,35.0,10,2016-01-01,2026-01-01
AST-S_A-0009,SignalPost,S_AND_T,SEC-RKMP-BPL,KM-RKMP-BPL,4,75.0,35.0,10,2016-01-01,2026-01-01
AST-S_A-0424,SignalPost,S_AND_T,SEC-RKMP-BPL,KM-RKMP-BPL,4,75.0,35.0,10,2016-01-01,2026-01-01
AST-S_A-0433,SignalPost,S_AND_T,SEC-RKMP-BPL,KM-RKMP-BPL,4,75.0,35.0,10,2016-01-01,2026-01-01
AST-TRA-0109,OHE_Mast,TRACTION,SEC-RKMP-BPL,KM-RKMP-BPL,4,75.0,35.0,10,2016-01-01,2026-01-01
AST-ENG-0060,TrackSegment,ENGINEERING,SEC-RKMP-BPL,KM-RKMP-BPL,4,75.0,35.0,10,2016-01-01,2026-01-01
AST-S_A-0046,SignalPost,S_AND_T,SEC-RKMP-BPL,KM-RKMP-BPL,4,75.0,35.0,10,2016-01-01,2026-01-01
AST-ENG-0279,TrackSegment,ENGINEERING,SEC-RKMP-BPL,KM-RKMP-BPL,4,75.0,35.0,10,2016-01-01,2026-01-01
AST-S_A-0417,SignalPost,S_AND_T,SEC-RKMP-BPL,KM-RKMP-BPL,4,75.0,35.0,10,2016-01-01,2026-01-01
AST-S_A-0003,SignalPost,S_AND_T,SEC-RKMP-BPL,KM-RKMP-BPL,4,75.0,35.0,10,2016-01-01,2026-01-01
AST-S_A-0255,SignalPost,S_AND_T,SEC-RKMP-BPL,KM-RKMP-BPL,4,75.0,35.0,10,2016-01-01,2026-01-01
AST-S_A-0319,SignalPost,S_AND_T,SEC-RKMP-BPL,KM-RKMP-BPL,4,75.0,35.0,10,2016-01-01,2026-01-01
AST-ENG-0464,TrackSegment,ENGINEERING,SEC-RKMP-BPL,KM-RKMP-BPL,4,75.0,35.0,10,2016-01-01,2026-01-01
AST-S_A-0072,SignalPost,S_AND_T,SEC-RKMP-BPL,KM-RKMP-BPL,4,75.0,35.0,10,2016-01-01,2026-01-01
AST-S_A-0108,SignalPost,S_AND_T,SEC-RKMP-BPL,KM-RKMP-BPL,4,75.0,35.0,10,2016-01-01,2026-01-01
AST-ENG-0107,TrackSegment,ENGINEERING,SEC-RKMP-BPL,KM-RKMP-BPL,4,75.0,35.0,10,2016-01-01,2026-01-01
AST-S_A-0268,SignalPost,S_AND_T,SEC-RKMP-BPL,KM-RKMP-BPL,4,75.0,35.0,10,2016-01-01,2026-01-01
AST-S_A-0144,SignalPost,S_AND_T,SEC-RKMP-BPL,KM-RKMP-BPL,4,75.0,35.0,10,2016-01-01,2026-01-01
AST-S_A-0474,SignalPost,S_AND_T,SEC-RKMP-BPL,KM-RKMP-BPL,4,75.0,35.0,10,2016-01-01,2026-01-01
AST-ENG-0425,TrackSegment,ENGINEERING,SEC-RKMP-BPL,KM-RKMP-BPL,4,75.0,35.0,10,2016-01-01,2026-01-01
AST-S_A-0406,SignalPost,S_AND_T,SEC-RKMP-BPL,KM-RKMP-BPL,4,75.0,35.0,10,2016-01-01,2026-01-01
AST-TRA-0199,OHE_Mast,TRACTION,SEC-RKMP-BPL,KM-RKMP-BPL,4,75.0,35.0,10,2016-01-01,2026-01-01
AST-S_A-0291,SignalPost,S_AND_T,SEC-RKMP-BPL,KM-RKMP-BPL,4,75.0,35.0,10,2016-01-01,2026-01-01
AST-ENG-0210,TrackSegment,ENGINEERING,SEC-RKMP-BPL,KM-RKMP-BPL,4,75.0,35.0,10,2016-01-01,2026-01-01
AST-ENG-0396,TrackSegment,ENGINEERING,SEC-RKMP-BPL,KM-RKMP-BPL,4,75.0,35.0,10,2016-01-01,2026-01-01
AST-TRA-0326,OHE_Mast,TRACTION,SEC-RKMP-BPL,KM-RKMP-BPL,4,75.0,35.0,10,2016-01-01,2026-01-01
AST-ENG-0383,TrackSegment,ENGINEERING,SEC-RKMP-BPL,KM-RKMP-BPL,4,75.0,35.0,10,2016-01-01,2026-01-01
AST-S_A-0019,SignalPost,S_AND_T,SEC-RKMP-BPL,KM-RKMP-BPL,4,75.0,35.0,10,2016-01-01,2026-01-01
AST-TRA-0134,OHE_Mast,TRACTION,SEC-RKMP-BPL,KM-RKMP-BPL,4,75.0,35.0,10,2016-01-01,2026-01-01
AST-TRA-0107,OHE_Mast,TRACTION,SEC-RKMP-BPL,KM-RKMP-BPL,4,75.0,35.0,10,2016-01-01,2026-01-01
AST-ENG-0320,TrackSegment,ENGINEERING,SEC-RKMP-BPL,KM-RKMP-BPL,4,75.0,35.0,10,2016-01-01,2026-01-01
AST-S_A-0271,SignalPost,S_AND_T,SEC-RKMP-BPL,KM-RKMP-BPL,4,75.0,35.0,10,2016-01-01,2026-01-01
AST-TRA-0304,OHE_Mast,TRACTION,SEC-RKMP-BPL,KM-RKMP-BPL,4,75.0,35.0,10,2016-01-01,2026-01-01
AST-TRA-0211,OHE_Mast,TRACTION,SEC-RKMP-BPL,KM-RKMP-BPL,4,75.0,35.0,10,2016-01-01,2026-01-01
AST-S_A-0136,SignalPost,S_AND_T,SEC-RKMP-BPL,KM-RKMP-BPL,4,75.0,35.0,10,2016-01-01,2026-01-01
AST-S_A-0216,SignalPost,S_AND_T,SEC-RKMP-BPL,KM-RKMP-BPL,4,75.0,35.0,10,2016-01-01,2026-01-01
AST-ENG-0477,TrackSegment,ENGINEERING,SEC-RKMP-BPL,KM-RKMP-BPL,4,75.0,35.0,10,2016-01-01,2026-01-01
AST-S_A-0496,SignalPost,S_AND_T,SEC-RKMP-BPL,KM-RKMP-BPL,4,75.0,35.0,10,2016-01-01,2026-01-01
AST-ENG-0357,TrackSegment,ENGINEERING,SEC-RKMP-BPL,KM-RKMP-BPL,4,75.0,35.0,10,2016-01-01,2026-01-01
AST-TRA-0088,OHE_Mast,TRACTION,SEC-RKMP-BPL,KM-RKMP-BPL,4,75.0,35.0,10,2016-01-01,2026-01-01
AST-S_A-0459,SignalPost,S_AND_T,SEC-RKMP-BPL,KM-RKMP-BPL,4,75.0,35.0,10,2016-01-01,2026-01-01
AST-ENG-0494,TrackSegment,ENGINEERING,SEC-RKMP-BPL,KM-RKMP-BPL,4,75.0,35.0,10,2016-01-01,2026-01-01
AST-S_A-0142,SignalPost,S_AND_T,SEC-RKMP-BPL,KM-RKMP-BPL,4,75.0,35.0,10,2016-01-01,2026-01-01
AST-TRA-0185,OHE_Mast,TRACTION,SEC-RKMP-BPL,KM-RKMP-BPL,4,75.0,35.0,10,2016-01-01,2026-01-01
AST-S_A-0477,SignalPost,S_AND_T,SEC-RKMP-BPL,KM-RKMP-BPL,4,75.0,35.0,10,2016-01-01,2026-01-01
AST-TRA-0089,OHE_Mast,TRACTION,SEC-RKMP-BPL,KM-RKMP-BPL,4,75.0,35.0,10,2016-01-01,2026-01-01
AST-TRA-0106,OHE_Mast,TRACTION,SEC-RKMP-BPL,KM-RKMP-BPL,4,75.0,35.0,10,2016-01-01,2026-01-01
AST-TRA-0331,OHE_Mast,TRACTION,SEC-RKMP-BPL,KM-RKMP-BPL,4,75.0,35.0,10,2016-01-01,2026-01-01
AST-S_A-0120,SignalPost,S_AND_T,SEC-RKMP-BPL,KM-RKMP-BPL,4,75.0,35.0,10,2016-01-01,2026-01-01
AST-ENG-0161,TrackSegment,ENGINEERING,SEC-RKMP-BPL,KM-RKMP-BPL,4,75.0,35.0,10,2016-01-01,2026-01-01
AST-S_A-0121,SignalPost,S_AND_T,SEC-RKMP-BPL,KM-RKMP-BPL,4,75.0,35.0,10,2016-01-01,2026-01-01
AST-S_A-0174,SignalPost,S_AND_T,SEC-RKMP-BPL,KM-RKMP-BPL,4,75.0,35.0,10,2016-01-01,2026-01-01
AST-TRA-0058,OHE_Mast,TRACTION,SEC-RKMP-BPL,KM-RKMP-BPL,4,75.0,35.0,10,2016-01-01,2026-01-01
AST-ENG-0201,TrackSegment,ENGINEERING,SEC-RKMP-BPL,KM-RKMP-BPL,4,75.0,35.0,10,2016-01-01,2026-01-01
AST-TRA-0277,OHE_Mast,TRACTION,SEC-RKMP-BPL,KM-RKMP-BPL,4,75.0,35.0,10,2016-01-01,2026-01-01
AST-S_A-0384,SignalPost,S_AND_T,SEC-RKMP-BPL,KM-RKMP-BPL,4,75.0,35.0,10,2016-01-01,2026-01-01
AST-TRA-0091,OHE_Mast,TRACTION,SEC-RKMP-BPL,KM-RKMP-BPL,4,75.0,35.0,10,2016-01-01,2026-01-01
AST-ENG-0240,TrackSegment,ENGINEERING,SEC-RKMP-BPL,KM-RKMP-BPL,4,75.0,35.0,10,2016-01-01,2026-01-01
AST-ENG-0231,TrackSegment,ENGINEERING,SEC-RKMP-BPL,KM-RKMP-BPL,4,75.0,35.0,10,2016-01-01,2026-01-01
AST-ENG-0078,TrackSegment,ENGINEERING,SEC-RKMP-BPL,KM-RKMP-BPL,4,75.0,35.0,10,2016-01-01,2026-01-01
AST-S_A-0253,SignalPost,S_AND_T,SEC-RKMP-BPL,KM-RKMP-BPL,4,75.0,35.0,10,2016-01-01,2026-01-01
AST-ENG-0318,TrackSegment,ENGINEERING,SEC-RKMP-BPL,KM-RKMP-BPL,4,75.0,35.0,10,2016-01-01,2026-01-01
AST-ENG-0434,TrackSegment,ENGINEERING,SEC-RKMP-BPL,KM-RKMP-BPL,4,75.0,35.0,10,2016-01-01,2026-01-01
AST-ENG-0086,TrackSegment,ENGINEERING,SEC-RKMP-BPL,KM-RKMP-BPL,4,75.0,35.0,10,2016-01-01,2026-01-01
AST-S_A-0015,SignalPost,S_AND_T,SEC-RKMP-BPL,KM-RKMP-BPL,4,75.0,35.0,10,2016-01-01,2026-01-01
AST-S_A-0042,SignalPost,S_AND_T,SEC-RKMP-BPL,KM-RKMP-BPL,4,75.0,35.0,10,2016-01-01,2026-01-01
AST-TRA-0286,OHE_Mast,TRACTION,SEC-RKMP-BPL,KM-RKMP-BPL,4,75.0,35.0,10,2016-01-01,2026-01-01
AST-S_A-0333,SignalPost,S_AND_T,SEC-RKMP-BPL,KM-RKMP-BPL,4,75.0,35.0,10,2016-01-01,2026-01-01
AST-ENG-0467,TrackSegment,ENGINEERING,SEC-RKMP-BPL,KM-RKMP-BPL,4,75.0,35.0,10,2016-01-01,2026-01-01
AST-TRA-0499,OHE_Mast,TRACTION,SEC-RKMP-BPL,KM-RKMP-BPL,4,75.0,35.0,10,2016-01-01,2026-01-01
AST-S_A-0265,SignalPost,S_AND_T,SEC-RKMP-BPL,KM-RKMP-BPL,4,75.0,35.0,10,2016-01-01,2026-01-01
AST-ENG-0123,TrackSegment,ENGINEERING,SEC-RKMP-BPL,KM-RKMP-BPL,4,75.0,35.0,10,2016-01-01,2026-01-01
AST-S_A-0355,SignalPost,S_AND_T,SEC-RKMP-BPL,KM-RKMP-BPL,4,75.0,35.0,10,2016-01-01,2026-01-01
AST-TRA-0394,OHE_Mast,TRACTION,SEC-RKMP-BPL,KM-RKMP-BPL,4,75.0,35.0,10,2016-01-01,2026-01-01
AST-S_A-0489,SignalPost,S_AND_T,SEC-RKMP-BPL,KM-RKMP-BPL,4,75.0,35.0,10,2016-01-01,2026-01-01
AST-ENG-0350,TrackSegment,ENGINEERING,SEC-RKMP-BPL,KM-RKMP-BPL,4,75.0,35.0,10,2016-01-01,2026-01-01
AST-TRA-0029,OHE_Mast,TRACTION,SEC-RKMP-BPL,KM-RKMP-BPL,4,75.0,35.0,10,2016-01-01,2026-01-01
AST-S_A-0372,SignalPost,S_AND_T,SEC-RKMP-BPL,KM-RKMP-BPL,4,75.0,35.0,10,2016-01-01,2026-01-01
AST-TRA-0157,OHE_Mast,TRACTION,SEC-RKMP-BPL,KM-RKMP-BPL,4,75.0,35.0,10,2016-01-01,2026-01-01
AST-S_A-0490,SignalPost,S_AND_T,SEC-RKMP-BPL,KM-RKMP-BPL,4,75.0,35.0,10,2016-01-01,2026-01-01
AST-ENG-0471,TrackSegment,ENGINEERING,SEC-RKMP-BPL,KM-RKMP-BPL,4,75.0,35.0,10,2016-01-01,2026-01-01
AST-TRA-0418,OHE_Mast,TRACTION,SEC-RKMP-BPL,KM-RKMP-BPL,4,75.0,35.0,10,2016-01-01,2026-01-01
AST-TRA-0404,OHE_Mast,TRACTION,SEC-RKMP-BPL,KM-RKMP-BPL,4,75.0,35.0,10,2016-01-01,2026-01-01
AST-ENG-0450,TrackSegment,ENGINEERING,SEC-RKMP-BPL,KM-RKMP-BPL,4,75.0,35.0,10,2016-01-01,2026-01-01
AST-ENG-0002,TrackSegment,ENGINEERING,SEC-RKMP-BPL,KM-4.7,4,88.6,41.95,9,2020-01-01,2026-01-01
AST-ENG-0011,TrackSegment,ENGINEERING,SEC-RKMP-BPL,KM-0.7,4,84.3,43.72,19,2020-01-01,2026-01-01
AST-ENG-0020,TrackSegment,ENGINEERING,SEC-RKMP-BPL,KM-0.9,5,66.7,46.54,10,2020-01-01,2026-01-01
AST-ENG-0029,TrackSegment,ENGINEERING,SEC-RKMP-BPL,KM-4.0,4,70.0,32.54,16,2020-01-01,2026-01-01
AST-ENG-0047,TrackSegment,ENGINEERING,SEC-RKMP-BPL,KM-3.4,5,87.2,40.63,3,2020-01-01,2026-01-01
AST-ENG-0074,TrackSegment,ENGINEERING,SEC-RKMP-BPL,KM-4.6,5,93.7,45.86,8,2020-01-01,2026-01-01
AST-ENG-0083,TrackSegment,ENGINEERING,SEC-RKMP-BPL,KM-4.8,5,71.0,28.88,5,2020-01-01,2026-01-01
AST-ENG-0092,TrackSegment,ENGINEERING,SEC-RKMP-BPL,KM-1.0,5,83.5,47.35,14,2020-01-01,2026-01-01
AST-ENG-0101,TrackSegment,ENGINEERING,SEC-RKMP-BPL,KM-2.1,5,71.1,31.79,8,2020-01-01,2026-01-01
AST-ENG-0110,TrackSegment,ENGINEERING,SEC-RKMP-BPL,KM-0.9,5,60.2,41.4,10,2020-01-01,2026-01-01
AST-ENG-0119,TrackSegment,ENGINEERING,SEC-RKMP-BPL,KM-2.7,3,81.5,34.25,16,2020-01-01,2026-01-01
AST-ENG-0146,TrackSegment,ENGINEERING,SEC-RKMP-BPL,KM-5.1,4,67.4,33.77,16,2020-01-01,2026-01-01
AST-ENG-0182,TrackSegment,ENGINEERING,SEC-RKMP-BPL,KM-4.2,4,59.0,28.15,4,2020-01-01,2026-01-01
AST-ENG-0191,TrackSegment,ENGINEERING,SEC-RKMP-BPL,KM-4.8,5,81.7,43.61,13,2020-01-01,2026-01-01
AST-ENG-0200,TrackSegment,ENGINEERING,SEC-RKMP-BPL,KM-2.9,4,56.3,30.29,12,2020-01-01,2026-01-01
AST-ENG-0209,TrackSegment,ENGINEERING,SEC-RKMP-BPL,KM-4.1,4,75.4,43.3,10,2020-01-01,2026-01-01
AST-ENG-0218,TrackSegment,ENGINEERING,SEC-RKMP-BPL,KM-3.9,4,75.2,34.08,11,2020-01-01,2026-01-01
AST-ENG-0245,TrackSegment,ENGINEERING,SEC-RKMP-BPL,KM-0.3,4,59.7,36.17,9,2020-01-01,2026-01-01
AST-ENG-0254,TrackSegment,ENGINEERING,SEC-RKMP-BPL,KM-5.2,3,52.6,33.63,6,2020-01-01,2026-01-01
AST-ENG-0272,TrackSegment,ENGINEERING,SEC-RKMP-BPL,KM-1.9,4,75.1,43.68,13,2020-01-01,2026-01-01
AST-ENG-0281,TrackSegment,ENGINEERING,SEC-RKMP-BPL,KM-4.1,4,86.6,31.34,9,2020-01-01,2026-01-01
AST-ENG-0299,TrackSegment,ENGINEERING,SEC-RKMP-BPL,KM-0.2,3,82.5,37.24,3,2020-01-01,2026-01-01
AST-ENG-0308,TrackSegment,ENGINEERING,SEC-RKMP-BPL,KM-1.1,5,56.9,41.93,11,2020-01-01,2026-01-01
AST-ENG-0317,TrackSegment,ENGINEERING,SEC-RKMP-BPL,KM-2.8,3,63.6,40.61,8,2020-01-01,2026-01-01
AST-ENG-0335,TrackSegment,ENGINEERING,SEC-RKMP-BPL,KM-2.3,5,55.3,47.24,3,2020-01-01,2026-01-01
AST-ENG-0344,TrackSegment,ENGINEERING,SEC-RKMP-BPL,KM-5.6,4,62.0,47.38,14,2020-01-01,2026-01-01
AST-ENG-0353,TrackSegment,ENGINEERING,SEC-RKMP-BPL,KM-4.8,3,70.2,33.44,14,2020-01-01,2026-01-01
AST-ENG-0371,TrackSegment,ENGINEERING,SEC-RKMP-BPL,KM-0.7,4,70.5,32.05,18,2020-01-01,2026-01-01
AST-ENG-0380,TrackSegment,ENGINEERING,SEC-RKMP-BPL,KM-1.9,5,58.0,45.13,12,2020-01-01,2026-01-01
AST-ENG-0416,TrackSegment,ENGINEERING,SEC-RKMP-BPL,KM-4.7,4,69.4,40.55,14,2020-01-01,2026-01-01
AST-ENG-0443,TrackSegment,ENGINEERING,SEC-RKMP-BPL,KM-3.6,3,53.8,36.32,13,2020-01-01,2026-01-01
AST-ENG-0452,TrackSegment,ENGINEERING,SEC-RKMP-BPL,KM-0.3,3,64.8,30.89,10,2020-01-01,2026-01-01
AST-ENG-0470,TrackSegment,ENGINEERING,SEC-RKMP-BPL,KM-0.7,3,57.7,46.5,12,2020-01-01,2026-01-01
AST-ENG-0479,TrackSegment,ENGINEERING,SEC-RKMP-BPL,KM-3.6,4,76.6,28.46,8,2020-01-01,2026-01-01
AST-ENG-0488,TrackSegment,ENGINEERING,SEC-RKMP-BPL,KM-5.9,4,85.2,29.65,10,2020-01-01,2026-01-01
AST-S_A-0013,PointMachine,S_AND_T,SEC-RKMP-BPL,KM-3.0,5,92.2,39.43,10,2020-01-01,2026-01-01
AST-S_A-0022,PointMachine,S_AND_T,SEC-RKMP-BPL,KM-2.9,5,64.9,38.41,6,2020-01-01,2026-01-01
AST-S_A-0027,PointMachine,S_AND_T,SEC-RKMP-BPL,KM-2.7,3,87.2,45.92,2,2020-01-01,2026-01-01
AST-S_A-0031,PointMachine,S_AND_T,SEC-RKMP-BPL,KM-0.9,3,54.9,41.44,11,2020-01-01,2026-01-01
AST-S_A-0036,PointMachine,S_AND_T,SEC-RKMP-BPL,KM-1.8,3,82.7,43.37,13,2020-01-01,2026-01-01
AST-S_A-0040,PointMachine,S_AND_T,SEC-RKMP-BPL,KM-0.7,4,60.4,28.75,18,2020-01-01,2026-01-01
AST-S_A-0045,PointMachine,S_AND_T,SEC-RKMP-BPL,KM-3.4,4,87.3,44.17,8,2020-01-01,2026-01-01
AST-S_A-0054,PointMachine,S_AND_T,SEC-RKMP-BPL,KM-2.0,3,63.1,38.3,19,2020-01-01,2026-01-01
AST-S_A-0058,PointMachine,S_AND_T,SEC-RKMP-BPL,KM-1.6,5,57.4,28.9,18,2020-01-01,2026-01-01
AST-S_A-0075,PointMachine,S_AND_T,SEC-RKMP-BPL,KM-2.7,5,90.1,42.97,19,2020-01-01,2026-01-01
AST-S_A-0081,PointMachine,S_AND_T,SEC-RKMP-BPL,KM-5.4,3,73.3,34.32,18,2020-01-01,2026-01-01
AST-S_A-0085,PointMachine,S_AND_T,SEC-RKMP-BPL,KM-4.7,4,66.8,29.89,13,2020-01-01,2026-01-01
AST-S_A-0094,PointMachine,S_AND_T,SEC-RKMP-BPL,KM-4.6,4,92.2,32.82,6,2020-01-01,2026-01-01
AST-S_A-0102,PointMachine,S_AND_T,SEC-RKMP-BPL,KM-0.8,3,56.9,31.59,16,2020-01-01,2026-01-01
AST-S_A-0111,PointMachine,S_AND_T,SEC-RKMP-BPL,KM-3.7,5,58.8,34.21,17,2020-01-01,2026-01-01
AST-S_A-0117,PointMachine,S_AND_T,SEC-RKMP-BPL,KM-4.8,3,72.5,30.88,19,2020-01-01,2026-01-01
AST-S_A-0129,PointMachine,S_AND_T,SEC-RKMP-BPL,KM-0.2,3,55.9,41.55,6,2020-01-01,2026-01-01
AST-S_A-0139,PointMachine,S_AND_T,SEC-RKMP-BPL,KM-0.8,3,81.2,39.62,11,2020-01-01,2026-01-01
AST-S_A-0148,PointMachine,S_AND_T,SEC-RKMP-BPL,KM-1.3,5,82.2,42.78,16,2020-01-01,2026-01-01
AST-S_A-0153,PointMachine,S_AND_T,SEC-RKMP-BPL,KM-0.9,4,91.7,35.95,4,2020-01-01,2026-01-01
AST-S_A-0157,PointMachine,S_AND_T,SEC-RKMP-BPL,KM-1.9,3,79.8,47.11,10,2020-01-01,2026-01-01
AST-S_A-0165,PointMachine,S_AND_T,SEC-RKMP-BPL,KM-1.8,5,51.1,39.1,18,2020-01-01,2026-01-01
AST-S_A-0171,PointMachine,S_AND_T,SEC-RKMP-BPL,KM-3.9,5,56.3,36.38,3,2020-01-01,2026-01-01
AST-S_A-0184,PointMachine,S_AND_T,SEC-RKMP-BPL,KM-5.9,3,92.0,44.09,12,2020-01-01,2026-01-01
AST-S_A-0193,PointMachine,S_AND_T,SEC-RKMP-BPL,KM-2.9,4,50.8,30.18,16,2020-01-01,2026-01-01
AST-S_A-0210,PointMachine,S_AND_T,SEC-RKMP-BPL,KM-5.1,3,60.5,38.62,16,2020-01-01,2026-01-01
AST-S_A-0219,PointMachine,S_AND_T,SEC-RKMP-BPL,KM-3.7,5,77.1,36.25,17,2020-01-01,2026-01-01
AST-S_A-0229,PointMachine,S_AND_T,SEC-RKMP-BPL,KM-2.3,5,79.3,45.35,9,2020-01-01,2026-01-01
AST-S_A-0243,PointMachine,S_AND_T,SEC-RKMP-BPL,KM-2.8,4,60.6,42.92,6,2020-01-01,2026-01-01
AST-S_A-0247,PointMachine,S_AND_T,SEC-RKMP-BPL,KM-5.0,5,53.0,39.89,3,2020-01-01,2026-01-01
AST-S_A-0256,PointMachine,S_AND_T,SEC-RKMP-BPL,KM-1.0,3,64.0,30.88,16,2020-01-01,2026-01-01
AST-S_A-0261,PointMachine,S_AND_T,SEC-RKMP-BPL,KM-5.6,4,62.8,31.07,4,2020-01-01,2026-01-01
AST-S_A-0264,PointMachine,S_AND_T,SEC-RKMP-BPL,KM-0.8,4,52.5,31.49,2,2020-01-01,2026-01-01
AST-S_A-0270,PointMachine,S_AND_T,SEC-RKMP-BPL,KM-0.4,4,80.6,35.87,12,2020-01-01,2026-01-01
AST-S_A-0274,PointMachine,S_AND_T,SEC-RKMP-BPL,KM-2.0,5,89.4,45.02,11,2020-01-01,2026-01-01
AST-S_A-0279,PointMachine,S_AND_T,SEC-RKMP-BPL,KM-0.4,4,60.7,32.99,5,2020-01-01,2026-01-01
AST-S_A-0283,PointMachine,S_AND_T,SEC-RKMP-BPL,KM-3.5,5,52.2,35.47,9,2020-01-01,2026-01-01
AST-S_A-0288,PointMachine,S_AND_T,SEC-RKMP-BPL,KM-3.2,5,87.5,29.04,3,2020-01-01,2026-01-01
AST-S_A-0292,PointMachine,S_AND_T,SEC-RKMP-BPL,KM-5.6,5,88.0,46.05,3,2020-01-01,2026-01-01
AST-S_A-0297,PointMachine,S_AND_T,SEC-RKMP-BPL,KM-6.0,3,85.1,40.85,16,2020-01-01,2026-01-01
AST-S_A-0315,PointMachine,S_AND_T,SEC-RKMP-BPL,KM-4.8,5,74.1,38.28,4,2020-01-01,2026-01-01
AST-S_A-0327,PointMachine,S_AND_T,SEC-RKMP-BPL,KM-5.2,5,67.3,40.79,10,2020-01-01,2026-01-01
AST-S_A-0328,PointMachine,S_AND_T,SEC-RKMP-BPL,KM-1.7,3,71.5,36.34,4,2020-01-01,2026-01-01
AST-S_A-0337,PointMachine,S_AND_T,SEC-RKMP-BPL,KM-1.5,4,66.5,34.55,8,2020-01-01,2026-01-01
AST-S_A-0345,PointMachine,S_AND_T,SEC-RKMP-BPL,KM-2.4,3,63.4,46.98,14,2020-01-01,2026-01-01
AST-S_A-0351,PointMachine,S_AND_T,SEC-RKMP-BPL,KM-5.6,5,64.8,38.71,10,2020-01-01,2026-01-01
AST-S_A-0354,PointMachine,S_AND_T,SEC-RKMP-BPL,KM-5.2,4,86.2,38.65,13,2020-01-01,2026-01-01
AST-S_A-0360,PointMachine,S_AND_T,SEC-RKMP-BPL,KM-3.9,3,83.1,32.05,7,2020-01-01,2026-01-01
AST-S_A-0363,PointMachine,S_AND_T,SEC-RKMP-BPL,KM-4.3,4,55.9,40.29,17,2020-01-01,2026-01-01
AST-S_A-0369,PointMachine,S_AND_T,SEC-RKMP-BPL,KM-0.7,4,53.8,46.72,15,2020-01-01,2026-01-01
AST-S_A-0378,PointMachine,S_AND_T,SEC-RKMP-BPL,KM-0.9,5,86.0,39.87,19,2020-01-01,2026-01-01
AST-S_A-0381,PointMachine,S_AND_T,SEC-RKMP-BPL,KM-4.8,5,92.6,33.07,16,2020-01-01,2026-01-01
AST-S_A-0390,PointMachine,S_AND_T,SEC-RKMP-BPL,KM-3.6,3,77.7,31.43,3,2020-01-01,2026-01-01
AST-S_A-0396,PointMachine,S_AND_T,SEC-RKMP-BPL,KM-3.5,3,71.0,38.45,12,2020-01-01,2026-01-01
AST-S_A-0399,PointMachine,S_AND_T,SEC-RKMP-BPL,KM-4.7,5,72.1,39.99,16,2020-01-01,2026-01-01
AST-S_A-0400,PointMachine,S_AND_T,SEC-RKMP-BPL,KM-5.7,5,55.3,29.75,4,2020-01-01,2026-01-01
AST-S_A-0405,PointMachine,S_AND_T,SEC-RKMP-BPL,KM-4.0,5,84.8,41.42,9,2020-01-01,2026-01-01
AST-S_A-0432,PointMachine,S_AND_T,SEC-RKMP-BPL,KM-2.1,5,84.3,33.41,18,2020-01-01,2026-01-01
AST-S_A-0435,PointMachine,S_AND_T,SEC-RKMP-BPL,KM-2.3,4,57.1,30.96,7,2020-01-01,2026-01-01
AST-S_A-0436,PointMachine,S_AND_T,SEC-RKMP-BPL,KM-5.7,4,67.2,42.59,9,2020-01-01,2026-01-01
AST-S_A-0441,PointMachine,S_AND_T,SEC-RKMP-BPL,KM-3.4,5,85.1,37.59,18,2020-01-01,2026-01-01
AST-S_A-0450,PointMachine,S_AND_T,SEC-RKMP-BPL,KM-2.4,4,82.3,47.02,19,2020-01-01,2026-01-01
AST-S_A-0463,PointMachine,S_AND_T,SEC-RKMP-BPL,KM-0.8,3,78.7,30.44,17,2020-01-01,2026-01-01
AST-S_A-0468,PointMachine,S_AND_T,SEC-RKMP-BPL,KM-3.6,3,50.6,37.09,14,2020-01-01,2026-01-01
AST-S_A-0472,PointMachine,S_AND_T,SEC-RKMP-BPL,KM-5.1,4,70.6,36.85,7,2020-01-01,2026-01-01
AST-S_A-0481,PointMachine,S_AND_T,SEC-RKMP-BPL,KM-1.9,4,85.2,30.21,18,2020-01-01,2026-01-01
AST-S_A-0495,PointMachine,S_AND_T,SEC-RKMP-BPL,KM-6.1,3,62.8,44.74,17,2020-01-01,2026-01-01
AST-S_A-0498,PointMachine,S_AND_T,SEC-RKMP-BPL,KM-0.7,4,80.0,41.0,19,2020-01-01,2026-01-01
AST-S_A-0499,PointMachine,S_AND_T,SEC-RKMP-BPL,KM-0.6,5,51.3,32.82,18,2020-01-01,2026-01-01
AST-TRA-0005,OHE_Mast,TRACTION,SEC-RKMP-BPL,KM-1.0,5,58.9,46.21,15,2020-01-01,2026-01-01
AST-TRA-0023,OHE_Mast,TRACTION,SEC-RKMP-BPL,KM-4.0,5,50.2,29.03,2,2020-01-01,2026-01-01
AST-TRA-0032,OHE_Mast,TRACTION,SEC-RKMP-BPL,KM-3.7,5,60.7,44.99,16,2020-01-01,2026-01-01
AST-TRA-0041,OHE_Mast,TRACTION,SEC-RKMP-BPL,KM-0.4,5,91.8,43.44,16,2020-01-01,2026-01-01
AST-TRA-0068,OHE_Mast,TRACTION,SEC-RKMP-BPL,KM-4.3,5,51.8,32.04,17,2020-01-01,2026-01-01
AST-TRA-0086,OHE_Mast,TRACTION,SEC-RKMP-BPL,KM-0.8,5,83.5,40.6,11,2020-01-01,2026-01-01
AST-TRA-0095,OHE_Mast,TRACTION,SEC-RKMP-BPL,KM-5.2,4,83.1,31.86,4,2020-01-01,2026-01-01
AST-TRA-0104,OHE_Mast,TRACTION,SEC-RKMP-BPL,KM-1.7,3,94.1,40.23,14,2020-01-01,2026-01-01
AST-TRA-0122,OHE_Mast,TRACTION,SEC-RKMP-BPL,KM-0.4,3,51.9,45.68,13,2020-01-01,2026-01-01
AST-TRA-0140,OHE_Mast,TRACTION,SEC-RKMP-BPL,KM-4.4,4,54.1,31.67,5,2020-01-01,2026-01-01
AST-TRA-0176,OHE_Mast,TRACTION,SEC-RKMP-BPL,KM-6.0,4,85.3,40.73,10,2020-01-01,2026-01-01
AST-TRA-0194,OHE_Mast,TRACTION,SEC-RKMP-BPL,KM-3.5,4,92.6,34.03,4,2020-01-01,2026-01-01
AST-TRA-0203,OHE_Mast,TRACTION,SEC-RKMP-BPL,KM-3.6,4,79.2,46.81,14,2020-01-01,2026-01-01
AST-TRA-0221,OHE_Mast,TRACTION,SEC-RKMP-BPL,KM-1.0,4,68.2,37.48,11,2020-01-01,2026-01-01
AST-TRA-0257,OHE_Mast,TRACTION,SEC-RKMP-BPL,KM-0.8,5,62.5,34.09,4,2020-01-01,2026-01-01
AST-TRA-0266,OHE_Mast,TRACTION,SEC-RKMP-BPL,KM-2.7,5,78.6,36.24,12,2020-01-01,2026-01-01
AST-TRA-0284,OHE_Mast,TRACTION,SEC-RKMP-BPL,KM-2.6,5,76.5,34.34,5,2020-01-01,2026-01-01
AST-TRA-0302,OHE_Mast,TRACTION,SEC-RKMP-BPL,KM-0.3,3,71.3,32.51,9,2020-01-01,2026-01-01
AST-TRA-0311,OHE_Mast,TRACTION,SEC-RKMP-BPL,KM-3.5,4,81.6,40.96,12,2020-01-01,2026-01-01
AST-TRA-0329,OHE_Mast,TRACTION,SEC-RKMP-BPL,KM-4.0,4,85.4,38.98,7,2020-01-01,2026-01-01
AST-TRA-0338,OHE_Mast,TRACTION,SEC-RKMP-BPL,KM-2.7,4,66.2,38.25,13,2020-01-01,2026-01-01
AST-TRA-0356,OHE_Mast,TRACTION,SEC-RKMP-BPL,KM-4.5,4,91.4,38.07,17,2020-01-01,2026-01-01
AST-TRA-0401,OHE_Mast,TRACTION,SEC-RKMP-BPL,KM-3.2,3,64.2,44.75,16,2020-01-01,2026-01-01
AST-TRA-0455,OHE_Mast,TRACTION,SEC-RKMP-BPL,KM-3.1,3,53.2,44.84,4,2020-01-01,2026-01-01
AST-TRA-0482,OHE_Mast,TRACTION,SEC-RKMP-BPL,KM-0.4,3,65.0,31.46,7,2020-01-01,2026-01-01
AST-TRA-0491,OHE_Mast,TRACTION,SEC-RKMP-BPL,KM-2.0,3,50.7,44.54,15,2020-01-01,2026-01-01
AST-TRA-0500,OHE_Mast,TRACTION,SEC-RKMP-BPL,KM-5.2,4,56.9,40.02,8,2020-01-01,2026-01-01
