history_id,asset_id,section_id,department,maintenance_type,completed_date,duration_hours,cost,failure_occurred_after_days
HIS-000001,AST-ENG-0055,SEC-RKMP-BPL,ENGINEERING,JointWelding,2025-08-25T00:00:00,5.1,60076.0,10
HIS-000002,AST-TRA-0428,SEC-RKMP-BPL,TRACTION,DropperReplacement,2021-09-23T00:00:00,5.0,221428.0,146
HIS-000003,AST-ENG-0070,SEC-RKMP-BPL,ENGINEERING,TrackTamping,2025-02-24T00:00:00,4.5,645979.0,375
HIS-000004,AST-ENG-0128,SEC-RKMP-BPL,ENGINEERING,TrackTamping,2025-11-09T00:00:00,3.8,390713.0,124
HIS-000005,AST-S_A-0309,SEC-RKMP-BPL,S_AND_T,AxleCounterCalibration,2021-09-15T00:00:00,1.8,161007.0,430
HIS-000006,AST-TRA-0078,SEC-RKMP-BPL,TRACTION,OHEInspection,2023-11-22T00:00:00,7.4,106413.0,428
HIS-000007,AST-S_A-0305,SEC-RKMP-BPL,S_AND_T,AxleCounterCalibration,2024-01-19T00:00:00,2.9,197276.0,10
HIS-000008,AST-S_A-0180,SEC-RKMP-BPL,S_AND_T,PointMachineOverhaul,2026-02-14T00:00:00,6.4,60940.0,525
HIS-000009,AST-TRA-0357,SEC-RKMP-BPL,TRACTION,ContactWireReplacement,2023-02-28T00:00:00,1.4,137349.0,102
HIS-000010,AST-S_A-0372,SEC-RKMP-BPL,S_AND_T,TurnoutAdjustment,2024-12-28T00:00:00,7.2,33183.0,174
HIS-000011,AST-ENG-0208,SEC-RKMP-BPL,ENGINEERING,RailGrinding,2021-11-20T00:00:00,1.5,504869.0,10
HIS-000012,AST-S_A-0120,SEC-RKMP-BPL,S_AND_T,SignalCableRenewal,2024-12-30T00:00:00,2.3,110775.0,336
HIS-000013,AST-TRA-0186,SEC-RKMP-BPL,TRACTION,InsulatorReplacement,2022-07-23T00:00:00,1.3,576054.0,29
HIS-000014,AST-ENG-0317,SEC-RKMP-BPL,ENGINEERING,TrackTamping,2024-04-21T00:00:00,3.6,344525.0,339
HIS-000015,AST-TRA-0419,SEC-RKMP-BPL,TRACTION,DropperReplacement,2021-11-27T00:00:00,6.5,164453.0,544
HIS-000016,AST-S_A-0462,SEC-RKMP-BPL,S_AND_T,SignalCableRenewal,2023-09-19T00:00:00,7.7,543130.0,326
HIS-000017,AST-TRA-0105,SEC-RKMP-BPL,TRACTION,DropperReplacement,2022-02-26T00:00:00,1.3,44324.0,212
HIS-000018,AST-S_A-0054,SEC-RKMP-BPL,S_AND_T,PointMachineOverhaul,2025-04-22T00:00:00,4.1,308733.0,182
HIS-000019,AST-TRA-0150,SEC-RKMP-BPL,TRACTION,ContactWireReplacement,2023-12-31T00:00:00,7.1,476420.0,295
HIS-000020,AST-ENG-0173,SEC-RKMP-BPL,ENGINEERING,JointWelding,2021-09-26T00:00:00,5.5,463684.0,388
HIS-000021,AST-ENG-0298,SEC-RKMP-BPL,ENGINEERING,SleeperRenewal,2025-02-21T00:00:00,1.0,331432.0,16
HIS-000022,AST-TRA-0473,SEC-RKMP-BPL,TRACTION,InsulatorReplacement,2023-09-28T00:00:00,3.3,450008.0,142
HIS-000023,AST-ENG-0475,SEC-RKMP-BPL,ENGINEERING,JointWelding,2022-07-02T00:00:00,3.9,448410.0,221
HIS-000024,AST-ENG-0073,SEC-RKMP-BPL,ENGINEERING,SleeperRenewal,2022-10-24T00:00:00,2.9,37632.0,503
HIS-000025,AST-S_A-0306,SEC-RKMP-BPL,S_AND_T,AxleCounterCalibration,2024-07-02T00:00:00,5.3,406793.0,259
HIS-000026,AST-ENG-0191,SEC-RKMP-BPL,ENGINEERING,BallastCleaning,2023-05-23T00:00:00,7.2,242910.0,352
HIS-000027,AST-S_A-0342,SEC-RKMP-BPL,S_AND_T,TurnoutAdjustment,2021-12-29T00:00:00,3.5,377642.0,417
HIS-000028,AST-S_A-0183,SEC-RKMP-BPL,S_AND_T,SignalCableRenewal,2023-07-26T00:00:00,5.3,267672.0,504
HIS-000029,AST-TRA-0032,SEC-RKMP-BPL,TRACTION,ContactWireReplacement,2022-06-17T00:00:00,4.6,645729.0,303
HIS-000030,AST-S_A-0359,SEC-RKMP-BPL,S_AND_T,TurnoutAdjustment,2022-06-28T00:00:00,2.2,510027.0,143
HIS-000031,AST-ENG-0475,SEC-RKMP-BPL,ENGINEERING,JointWelding,2023-12-27T00:00:00,2.5,240030.0,138
HIS-000032,AST-TRA-0365,SEC-RKMP-BPL,TRACTION,OHEInspection,2023-08-24T00:00:00,5.7,30309.0,274
HIS-000033,AST-TRA-0312,SEC-RKMP-BPL,TRACTION,InsulatorReplacement,2021-12-06T00:00:00,2.7,460663.0,197
HIS-000034,AST-S_A-0062,SEC-RKMP-BPL,S_AND_T,SignalCableRenewal,2026-05-31T00:00:00,1.7,302654.0,355
HIS-000035,AST-S_A-0332,SEC-RKMP-BPL,S_AND_T,PointMachineOverhaul,2026-04-30T00:00:00,7.4,173718.0,297
HIS-000036,AST-ENG-0271,SEC-RKMP-BPL,ENGINEERING,SleeperRenewal,2022-02-05T00:00:00,1.6,106823.0,175
HIS-000037,AST-S_A-0440,SEC-RKMP-BPL,S_AND_T,TurnoutAdjustment,2024-02-02T00:00:00,5.0,620313.0,122
HIS-000038,AST-S_A-0165,SEC-RKMP-BPL,S_AND_T,AxleCounterCalibration,2025-07-10T00:00:00,2.9,638381.0,317
HIS-000039,AST-S_A-0386,SEC-RKMP-BPL,S_AND_T,AxleCounterCalibration,2024-11-21T00:00:00,3.1,582433.0,635
HIS-000040,AST-S_A-0211,SEC-RKMP-BPL,S_AND_T,TurnoutAdjustment,2021-11-29T00:00:00,5.9,401967.0,304
HIS-000041,AST-S_A-0395,SEC-RKMP-BPL,S_AND_T,AxleCounterCalibration,2026-06-17T00:00:00,6.5,246751.0,97
HIS-000042,AST-ENG-0109,SEC-RKMP-BPL,ENGINEERING,SleeperRenewal,2022-07-02T00:00:00,6.0,309799.0,237
HIS-000043,AST-S_A-0472,SEC-RKMP-BPL,S_AND_T,AxleCounterCalibration,2022-03-07T00:00:00,3.3,489430.0,121
HIS-000044,AST-TRA-0492,SEC-RKMP-BPL,TRACTION,DropperReplacement,2022-03-17T00:00:00,3.6,478533.0,200
HIS-000045,AST-S_A-0458,SEC-RKMP-BPL,S_AND_T,SignalCableRenewal,2024-05-18T00:00:00,7.1,214271.0,247
HIS-000046,AST-S_A-0377,SEC-RKMP-BPL,S_AND_T,AxleCounterCalibration,2025-08-22T00:00:00,2.8,181243.0,370
HIS-000047,AST-TRA-0042,SEC-RKMP-BPL,TRACTION,OHEInspection,2022-01-24T00:00:00,2.0,546322.0,469
HIS-000048,AST-S_A-0103,SEC-RKMP-BPL,S_AND_T,SignalCableRenewal,2026-04-03T00:00:00,3.0,150836.0,281
HIS-000049,AST-ENG-0088,SEC-RKMP-BPL,ENGINEERING,TrackTamping,2026-03-19T00:00:00,7.2,322332.0,426
HIS-000050,AST-S_A-0486,SEC-RKMP-BPL,S_AND_T,SignalCableRenewal,2022-09-27T00:00:00,4.7,310146.0,198
HIS-000051,AST-S_A-0030,SEC-RKMP-BPL,S_AND_T,AxleCounterCalibration,2023-01-12T00:00:00,5.1,98431.0,222
HIS-000052,AST-S_A-0057,SEC-RKMP-BPL,S_AND_T,SignalCableRenewal,2023-08-15T00:00:00,2.1,213870.0,97
HIS-000053,AST-S_A-0315,SEC-RKMP-BPL,S_AND_T,PointMachineOverhaul,2026-03-05T00:00:00,1.4,276236.0,304
HIS-000054,AST-ENG-0119,SEC-RKMP-BPL,ENGINEERING,TrackTamping,2026-07-07T00:00:00,5.8,296126.0,272
HIS-000055,AST-ENG-0262,SEC-RKMP-BPL,ENGINEERING,TrackTamping,2023-11-23T00:00:00,1.0,522482.0,551
HIS-000056,AST-S_A-0193,SEC-RKMP-BPL,S_AND_T,TurnoutAdjustment,2025-06-19T00:00:00,6.2,509279.0,400
HIS-000057,AST-ENG-0236,SEC-RKMP-BPL,ENGINEERING,TrackTamping,2024-04-01T00:00:00,6.9,28781.0,68
HIS-000058,AST-S_A-0441,SEC-RKMP-BPL,S_AND_T,TurnoutAdjustment,2023-02-18T00:00:00,1.5,310338.0,265
HIS-000059,AST-TRA-0330,SEC-RKMP-BPL,TRACTION,ContactWireReplacement,2026-09-08T00:00:00,3.5,326017.0,213
HIS-000060,AST-S_A-0012,SEC-RKMP-BPL,S_AND_T,PointMachineOverhaul,2023-02-07T00:00:00,5.2,398463.0,254
HIS-000061,AST-ENG-0271,SEC-RKMP-BPL,ENGINEERING,SleeperRenewal,2025-07-23T00:00:00,4.6,391841.0,203
HIS-000062,AST-S_A-0490,SEC-RKMP-BPL,S_AND_T,AxleCounterCalibration,2024-04-23T00:00:00,3.7,571557.0,561
HIS-000063,AST-S_A-0350,SEC-RKMP-BPL,S_AND_T,PointMachineOverhaul,2024-04-12T00:00:00,5.8,197137.0,203
HIS-000064,AST-S_A-0449,SEC-RKMP-BPL,S_AND_T,AxleCounterCalibration,2025-07-10T00:00:00,7.2,498374.0,434
HIS-000065,AST-ENG-0047,SEC-RKMP-BPL,ENGINEERING,RailGrinding,2026-07-26T00:00:00,1.0,581830.0,13
HIS-000066,AST-ENG-0442,SEC-RKMP-BPL,ENGINEERING,JointWelding,2024-07-30T00:00:00,3.0,623832.0,375
HIS-000067,AST-TRA-0122,SEC-RKMP-BPL,TRACTION,InsulatorReplacement,2022-09-07T00:00:00,7.0,191894.0,459
HIS-000068,AST-TRA-0347,SEC-RKMP-BPL,TRACTION,InsulatorReplacement,2023-03-01T00:00:00,5.2,450589.0,399
HIS-000069,AST-S_A-0251,SEC-RKMP-BPL,S_AND_T,PointMachineOverhaul,2025-08-24T00:00:00,7.2,422402.0,434
HIS-000070,AST-S_A-0071,SEC-RKMP-BPL,S_AND_T,AxleCounterCalibration,2026-08-06T00:00:00,7.8,414249.0,322
HIS-000071,AST-ENG-0316,SEC-RKMP-BPL,ENGINEERING,TrackTamping,2025-03-01T00:00:00,1.4,314847.0,403
HIS-000072,AST-TRA-0159,SEC-RKMP-BPL,TRACTION,OHEInspection,2025-08-13T00:00:00,3.6,536924.0,238
HIS-000073,AST-S_A-0261,SEC-RKMP-BPL,S_AND_T,PointMachineOverhaul,2022-05-05T00:00:00,1.1,259354.0,425
HIS-000074,AST-ENG-0002,SEC-RKMP-BPL,ENGINEERING,BallastCleaning,2023-01-14T00:00:00,2.2,68262.0,399
HIS-000075,AST-ENG-0371,SEC-RKMP-BPL,ENGINEERING,RailGrinding,2022-06-21T00:00:00,6.3,566230.0,432
HIS-000076,AST-S_A-0336,SEC-RKMP-BPL,S_AND_T,SignalCableRenewal,2022-12-30T00:00:00,4.3,547442.0,381
HIS-000077,AST-ENG-0065,SEC-RKMP-BPL,ENGINEERING,JointWelding,2025-03-09T00:00:00,4.5,59905.0,238
HIS-000078,AST-ENG-0007,SEC-RKMP-BPL,ENGINEERING,RailGrinding,2024-10-19T00:00:00,4.2,234952.0,296
HIS-000079,AST-TRA-0222,SEC-RKMP-BPL,TRACTION,ContactWireReplacement,2023-11-12T00:00:00,2.4,77360.0,332
HIS-000080,AST-ENG-0299,SEC-RKMP-BPL,ENGINEERING,RailGrinding,2026-04-05T00:00:00,5.4,276699.0,369
HIS-000081,AST-ENG-0172,SEC-RKMP-BPL,ENGINEERING,BallastCleaning,2026-07-15T00:00:00,4.7,215759.0,558
HIS-000082,AST-S_A-0409,SEC-RKMP-BPL,S_AND_T,TurnoutAdjustment,2021-11-20T00:00:00,4.1,357492.0,328
HIS-000083,AST-S_A-0135,SEC-RKMP-BPL,S_AND_T,TurnoutAdjustment,2024-06-30T00:00:00,7.6,214313.0,303
HIS-000084,AST-S_A-0327,SEC-RKMP-BPL,S_AND_T,TurnoutAdjustment,2023-11-21T00:00:00,5.2,207449.0,465
HIS-000085,AST-S_A-0090,SEC-RKMP-BPL,S_AND_T,PointMachineOverhaul,2024-08-10T00:00:00,3.0,453641.0,390
HIS-000086,AST-S_A-0336,SEC-RKMP-BPL,S_AND_T,SignalCableRenewal,2024-07-26T00:00:00,2.6,605393.0,463
HIS-000087,AST-TRA-0446,SEC-RKMP-BPL,TRACTION,OHEInspection,2022-06-18T00:00:00,7.0,505616.0,341
HIS-000088,AST-ENG-0371,SEC-RKMP-BPL,ENGINEERING,RailGrinding,2022-12-15T00:00:00,5.2,573670.0,562
HIS-000089,AST-ENG-0127,SEC-RKMP-BPL,ENGINEERING,SleeperRenewal,2025-08-30T00:00:00,2.1,331293.0,328
HIS-000090,AST-S_A-0139,SEC-RKMP-BPL,S_AND_T,PointMachineOverhaul,2024-01-21T00:00:00,7.2,285390.0,493
HIS-000091,AST-TRA-0401,SEC-RKMP-BPL,TRACTION,InsulatorReplacement,2026-04-15T00:00:00,3.3,550882.0,156
HIS-000092,AST-S_A-0084,SEC-RKMP-BPL,S_AND_T,AxleCounterCalibration,2024-08-05T00:00:00,8.0,473495.0,222
HIS-000093,AST-S_A-0045,SEC-RKMP-BPL,S_AND_T,AxleCounterCalibration,2025-05-11T00:00:00,6.4,488141.0,443
HIS-000094,AST-ENG-0137,SEC-RKMP-BPL,ENGINEERING,JointWelding,2021-12-15T00:00:00,7.0,389680.0,190
HIS-000095,AST-S_A-0197,SEC-RKMP-BPL,S_AND_T,SignalCableRenewal,2021-10-16T00:00:00,7.7,634716.0,169
HIS-000096,AST-S_A-0012,SEC-RKMP-BPL,S_AND_T,PointMachineOverhaul,2025-05-07T00:00:00,7.8,183851.0,164
HIS-000097,AST-S_A-0075,SEC-RKMP-BPL,S_AND_T,SignalCableRenewal,2025-05-16T00:00:00,1.1,465244.0,164
HIS-000098,AST-S_A-0291,SEC-RKMP-BPL,S_AND_T,TurnoutAdjustment,2023-09-26T00:00:00,5.6,413695.0,87
HIS-000099,AST-S_A-0013,SEC-RKMP-BPL,S_AND_T,PointMachineOverhaul,2023-02-12T00:00:00,3.9,491426.0,482
HIS-000100,AST-S_A-0237,SEC-RKMP-BPL,S_AND_T,SignalCableRenewal,2024-10-19T00:00:00,6.2,634602.0,421
HIS-000101,AST-S_A-0387,SEC-RKMP-BPL,S_AND_T,SignalCableRenewal,2024-07-12T00:00:00,1.2,441458.0,463
HIS-000102,AST-S_A-0270,SEC-RKMP-BPL,S_AND_T,AxleCounterCalibration,2026-09-04T00:00:00,5.3,465118.0,158
HIS-000103,AST-TRA-0312,SEC-RKMP-BPL,TRACTION,DropperReplacement,2025-08-01T00:00:00,1.6,113594.0,219
HIS-000104,AST-ENG-0352,SEC-RKMP-BPL,ENGINEERING,SleeperRenewal,2026-07-14T00:00:00,5.7,353139.0,404
HIS-000105,AST-S_A-0354,SEC-RKMP-BPL,S_AND_T,TurnoutAdjustment,2025-11-18T00:00:00,2.3,157403.0,444
HIS-000106,AST-TRA-0105,SEC-RKMP-BPL,TRACTION,ContactWireReplacement,2023-11-23T00:00:00,4.8,34737.0,123
HIS-000107,AST-S_A-0215,SEC-RKMP-BPL,S_AND_T,AxleCounterCalibration,2023-05-24T00:00:00,2.5,391615.0,244
HIS-000108,AST-S_A-0481,SEC-RKMP-BPL,S_AND_T,TurnoutAdjustment,2024-01-08T00:00:00,5.1,603704.0,298
HIS-000109,AST-ENG-0223,SEC-RKMP-BPL,ENGINEERING,SleeperRenewal,2023-01-08T00:00:00,4.9,552433.0,164
HIS-000110,AST-ENG-0070,SEC-RKMP-BPL,ENGINEERING,RailGrinding,2023-10-04T00:00:00,5.0,387183.0,270
HIS-000111,AST-ENG-0127,SEC-RKMP-BPL,ENGINEERING,TrackTamping,2023-06-04T00:00:00,3.6,527440.0,348
HIS-000112,AST-ENG-0160,SEC-RKMP-BPL,ENGINEERING,BallastCleaning,2025-09-08T00:00:00,3.1,384465.0,329
HIS-000113,AST-S_A-0246,SEC-RKMP-BPL,S_AND_T,AxleCounterCalibration,2022-10-11T00:00:00,2.5,546831.0,439
HIS-000114,AST-ENG-0083,SEC-RKMP-BPL,ENGINEERING,TrackTamping,2022-08-26T00:00:00,6.4,463830.0,418
HIS-000115,AST-TRA-0267,SEC-RKMP-BPL,TRACTION,DropperReplacement,2023-08-09T00:00:00,7.5,566851.0,373
HIS-000116,AST-ENG-0142,SEC-RKMP-BPL,ENGINEERING,TrackTamping,2024-08-28T00:00:00,7.3,131798.0,133
HIS-000117,AST-S_A-0346,SEC-RKMP-BPL,S_AND_T,AxleCounterCalibration,2024-03-26T00:00:00,4.7,128324.0,250
HIS-000118,AST-S_A-0481,SEC-RKMP-BPL,S_AND_T,SignalCableRenewal,2025-07-31T00:00:00,7.7,350869.0,295
HIS-000119,AST-ENG-0011,SEC-RKMP-BPL,ENGINEERING,SleeperRenewal,2023-09-13T00:00:00,1.4,647598.0,108
HIS-000120,AST-TRA-0132,SEC-RKMP-BPL,TRACTION,DropperReplacement,2022-03-26T00:00:00,2.4,231345.0,427
HIS-000121,AST-S_A-0035,SEC-RKMP-BPL,S_AND_T,PointMachineOverhaul,2024-05-16T00:00:00,3.8,541924.0,303
HIS-000122,AST-TRA-0347,SEC-RKMP-BPL,TRACTION,ContactWireReplacement,2026-03-14T00:00:00,1.5,213464.0,200
HIS-000123,AST-ENG-0475,SEC-RKMP-BPL,ENGINEERING,SleeperRenewal,2022-05-28T00:00:00,6.9,239914.0,244
HIS-000124,AST-S_A-0238,SEC-RKMP-BPL,S_AND_T,TurnoutAdjustment,2025-12-16T00:00:00,5.7,354055.0,138
HIS-000125,AST-S_A-0058,SEC-RKMP-BPL,S_AND_T,AxleCounterCalibration,2026-04-11T00:00:00,3.3,46190.0,393
HIS-000126,AST-S_A-0346,SEC-RKMP-BPL,S_AND_T,SignalCableRenewal,2026-02-06T00:00:00,7.4,143806.0,149
HIS-000127,AST-S_A-0463,SEC-RKMP-BPL,S_AND_T,PointMachineOverhaul,2023-05-17T00:00:00,7.0,648929.0,364
HIS-000128,AST-S_A-0279,SEC-RKMP-BPL,S_AND_T,PointMachineOverhaul,2023-01-15T00:00:00,6.6,191111.0,456
HIS-000129,AST-TRA-0392,SEC-RKMP-BPL,TRACTION,InsulatorReplacement,2025-01-16T00:00:00,5.1,379757.0,309
HIS-000130,AST-S_A-0135,SEC-RKMP-BPL,S_AND_T,AxleCounterCalibration,2023-08-06T00:00:00,3.8,542745.0,239
HIS-000131,AST-TRA-0014,SEC-RKMP-BPL,TRACTION,OHEInspection,2024-08-23T00:00:00,7.4,529529.0,176
HIS-000132,AST-ENG-0091,SEC-RKMP-BPL,ENGINEERING,TrackTamping,2022-02-19T00:00:00,1.4,246103.0,535
HIS-000133,AST-S_A-0278,SEC-RKMP-BPL,S_AND_T,TurnoutAdjustment,2026-08-19T00:00:00,2.0,468169.0,391
HIS-000134,AST-TRA-0321,SEC-RKMP-BPL,TRACTION,InsulatorReplacement,2025-05-11T00:00:00,5.9,261118.0,104
HIS-000135,AST-S_A-0174,SEC-RKMP-BPL,S_AND_T,PointMachineOverhaul,2025-08-23T00:00:00,8.0,147322.0,159
HIS-000136,AST-ENG-0299,SEC-RKMP-BPL,ENGINEERING,BallastCleaning,2023-12-16T00:00:00,7.8,347530.0,419
HIS-000137,AST-S_A-0048,SEC-RKMP-BPL,S_AND_T,PointMachineOverhaul,2026-05-09T00:00:00,6.7,121627.0,253
HIS-000138,AST-S_A-0003,SEC-RKMP-BPL,S_AND_T,TurnoutAdjustment,2023-11-15T00:00:00,3.4,25882.0,295
HIS-000139,AST-S_A-0408,SEC-RKMP-BPL,S_AND_T,SignalCableRenewal,2023-12-15T00:00:00,4.9,265545.0,170
HIS-000140,AST-ENG-0079,SEC-RKMP-BPL,ENGINEERING,JointWelding,2025-05-14T00:00:00,1.2,468768.0,287
HIS-000141,AST-TRA-0420,SEC-RKMP-BPL,TRACTION,InsulatorReplacement,2024-02-08T00:00:00,3.4,261566.0,414
HIS-000142,AST-TRA-0168,SEC-RKMP-BPL,TRACTION,InsulatorReplacement,2023-02-23T00:00:00,1.6,263748.0,207
HIS-000143,AST-ENG-0028,SEC-RKMP-BPL,ENGINEERING,SleeperRenewal,2026-01-14T00:00:00,6.6,160212.0,350
HIS-000144,AST-ENG-0007,SEC-RKMP-BPL,ENGINEERING,SleeperRenewal,2024-09-17T00:00:00,1.2,346987.0,183
HIS-000145,AST-TRA-0330,SEC-RKMP-BPL,TRACTION,DropperReplacement,2025-05-21T00:00:00,4.8,523095.0,191
HIS-000146,AST-ENG-0397,SEC-RKMP-BPL,ENGINEERING,BallastCleaning,2023-09-22T00:00:00,3.4,309758.0,190
HIS-000147,AST-S_A-0224,SEC-RKMP-BPL,S_AND_T,TurnoutAdjustment,2022-02-15T00:00:00,5.1,127561.0,364
HIS-000148,AST-ENG-0316,SEC-RKMP-BPL,ENGINEERING,RailGrinding,2022-08-25T00:00:00,1.3,257945.0,348
HIS-000149,AST-TRA-0122,SEC-RKMP-BPL,TRACTION,DropperReplacement,2024-07-24T00:00:00,2.7,248090.0,536
HIS-000150,AST-TRA-0023,SEC-RKMP-BPL,TRACTION,ContactWireReplacement,2026-06-18T00:00:00,3.9,315071.0,267
HIS-000151,AST-ENG-0029,SEC-RKMP-BPL,ENGINEERING,BallastCleaning,2023-09-10T00:00:00,1.0,590273.0,246
HIS-000152,AST-S_A-0381,SEC-RKMP-BPL,S_AND_T,AxleCounterCalibration,2023-04-15T00:00:00,7.2,348008.0,319
HIS-000153,AST-S_A-0216,SEC-RKMP-BPL,S_AND_T,TurnoutAdjustment,2023-09-11T00:00:00,3.0,605114.0,253
HIS-000154,AST-ENG-0019,SEC-RKMP-BPL,ENGINEERING,JointWelding,2023-03-20T00:00:00,1.0,202258.0,141
HIS-000155,AST-TRA-0258,SEC-RKMP-BPL,TRACTION,DropperReplacement,2025-02-18T00:00:00,4.0,219423.0,426
HIS-000156,AST-TRA-0006,SEC-RKMP-BPL,TRACTION,InsulatorReplacement,2023-01-30T00:00:00,4.3,319002.0,255
HIS-000157,AST-TRA-0338,SEC-RKMP-BPL,TRACTION,ContactWireReplacement,2021-09-25T00:00:00,1.2,390806.0,331
HIS-000158,AST-ENG-0199,SEC-RKMP-BPL,ENGINEERING,SleeperRenewal,2023-07-11T00:00:00,7.9,416060.0,10
HIS-000159,AST-ENG-0376,SEC-RKMP-BPL,ENGINEERING,JointWelding,2023-01-26T00:00:00,1.5,276509.0,475
HIS-000160,AST-S_A-0138,SEC-RKMP-BPL,S_AND_T,PointMachineOverhaul,2024-02-10T00:00:00,6.3,351495.0,636
HIS-000161,AST-S_A-0381,SEC-RKMP-BPL,S_AND_T,TurnoutAdjustment,2025-08-27T00:00:00,4.0,260421.0,339
HIS-000162,AST-ENG-0434,SEC-RKMP-BPL,ENGINEERING,SleeperRenewal,2023-07-04T00:00:00,5.3,535745.0,249
HIS-000163,AST-S_A-0129,SEC-RKMP-BPL,S_AND_T,PointMachineOverhaul,2026-02-08T00:00:00,1.9,579956.0,212
HIS-000164,AST-ENG-0218,SEC-RKMP-BPL,ENGINEERING,JointWelding,2021-11-19T00:00:00,5.3,308028.0,315
HIS-000165,AST-ENG-0052,SEC-RKMP-BPL,ENGINEERING,BallastCleaning,2023-02-12T00:00:00,2.1,27250.0,352
HIS-000166,AST-S_A-0261,SEC-RKMP-BPL,S_AND_T,AxleCounterCalibration,2025-02-22T00:00:00,4.0,317870.0,335
HIS-000167,AST-S_A-0197,SEC-RKMP-BPL,S_AND_T,SignalCableRenewal,2024-02-22T00:00:00,7.8,213692.0,231
HIS-000168,AST-ENG-0451,SEC-RKMP-BPL,ENGINEERING,TrackTamping,2024-04-03T00:00:00,1.5,100735.0,344
HIS-000169,AST-ENG-0065,SEC-RKMP-BPL,ENGINEERING,JointWelding,2025-07-30T00:00:00,7.2,609981.0,157
HIS-000170,AST-S_A-0463,SEC-RKMP-BPL,S_AND_T,TurnoutAdjustment,2022-11-24T00:00:00,6.9,499206.0,408
HIS-000171,AST-ENG-0295,SEC-RKMP-BPL,ENGINEERING,BallastCleaning,2022-05-02T00:00:00,7.9,214511.0,464
HIS-000172,AST-ENG-0484,SEC-RKMP-BPL,ENGINEERING,SleeperRenewal,2024-01-24T00:00:00,2.6,257289.0,219
HIS-000173,AST-TRA-0293,SEC-RKMP-BPL,TRACTION,ContactWireReplacement,2025-04-22T00:00:00,4.1,600716.0,249
HIS-000174,AST-ENG-0133,SEC-RKMP-BPL,ENGINEERING,BallastCleaning,2022-04-06T00:00:00,6.7,93988.0,210
HIS-000175,AST-S_A-0148,SEC-RKMP-BPL,S_AND_T,AxleCounterCalibration,2024-08-04T00:00:00,3.5,151150.0,427
HIS-000176,AST-ENG-0290,SEC-RKMP-BPL,ENGINEERING,RailGrinding,2026-07-04T00:00:00,6.9,589100.0,494
HIS-000177,AST-TRA-0168,SEC-RKMP-BPL,TRACTION,InsulatorReplacement,2022-07-09T00:00:00,4.7,187402.0,350
HIS-000178,AST-TRA-0320,SEC-RKMP-BPL,TRACTION,OHEInspection,2026-06-20T00:00:00,4.4,274801.0,359
HIS-000179,AST-TRA-0267,SEC-RKMP-BPL,TRACTION,DropperReplacement,2025-02-24T00:00:00,6.2,416935.0,368
HIS-000180,AST-ENG-0178,SEC-RKMP-BPL,ENGINEERING,BallastCleaning,2022-09-28T00:00:00,1.2,548514.0,437
HIS-000181,AST-TRA-0006,SEC-RKMP-BPL,TRACTION,InsulatorReplacement,2023-11-19T00:00:00,1.7,158983.0,405
HIS-000182,AST-S_A-0103,SEC-RKMP-BPL,S_AND_T,TurnoutAdjustment,2023-04-13T00:00:00,5.3,41139.0,325
HIS-000183,AST-TRA-0168,SEC-RKMP-BPL,TRACTION,ContactWireReplacement,2026-02-09T00:00:00,3.7,133743.0,285
HIS-000184,AST-TRA-0483,SEC-RKMP-BPL,TRACTION,ContactWireReplacement,2022-11-11T00:00:00,3.9,220140.0,96
HIS-000185,AST-ENG-0290,SEC-RKMP-BPL,ENGINEERING,TrackTamping,2023-08-05T00:00:00,2.9,466907.0,339
HIS-000186,AST-S_A-0099,SEC-RKMP-BPL,S_AND_T,TurnoutAdjustment,2024-01-25T00:00:00,6.7,428032.0,127
HIS-000187,AST-TRA-0374,SEC-RKMP-BPL,TRACTION,OHEInspection,2023-03-25T00:00:00,4.4,170536.0,252
HIS-000188,AST-TRA-0284,SEC-RKMP-BPL,TRACTION,DropperReplacement,2024-08-07T00:00:00,7.5,172707.0,176
HIS-000189,AST-ENG-0226,SEC-RKMP-BPL,ENGINEERING,RailGrinding,2023-09-01T00:00:00,4.9,46039.0,511
HIS-000190,AST-S_A-0427,SEC-RKMP-BPL,S_AND_T,PointMachineOverhaul,2024-05-11T00:00:00,2.0,577644.0,401
HIS-000191,AST-TRA-0185,SEC-RKMP-BPL,TRACTION,OHEInspection,2022-05-19T00:00:00,2.8,228324.0,269
HIS-000192,AST-S_A-0306,SEC-RKMP-BPL,S_AND_T,PointMachineOverhaul,2024-08-01T00:00:00,6.5,608916.0,200
HIS-000193,AST-S_A-0390,SEC-RKMP-BPL,S_AND_T,SignalCableRenewal,2022-08-16T00:00:00,2.6,126014.0,389
HIS-000194,AST-ENG-0308,SEC-RKMP-BPL,ENGINEERING,BallastCleaning,2024-10-01T00:00:00,5.6,464474.0,349
HIS-000195,AST-ENG-0484,SEC-RKMP-BPL,ENGINEERING,RailGrinding,2023-11-28T00:00:00,7.5,239592.0,288
HIS-000196,AST-ENG-0073,SEC-RKMP-BPL,ENGINEERING,TrackTamping,2023-07-08T00:00:00,3.2,514370.0,415
HIS-000197,AST-S_A-0093,SEC-RKMP-BPL,S_AND_T,AxleCounterCalibration,2022-10-29T00:00:00,4.8,592891.0,516
HIS-000198,AST-S_A-0094,SEC-RKMP-BPL,S_AND_T,AxleCounterCalibration,2024-07-03T00:00:00,3.1,213270.0,382
HIS-000199,AST-S_A-0229,SEC-RKMP-BPL,S_AND_T,SignalCableRenewal,2022-07-08T00:00:00,3.0,632413.0,397
HIS-000200,AST-TRA-0402,SEC-RKMP-BPL,TRACTION,DropperReplacement,2025-10-02T00:00:00,7.8,232475.0,165
HIS-000201,AST-ENG-0110,SEC-RKMP-BPL,ENGINEERING,BallastCleaning,2023-06-15T00:00:00,7.9,613389.0,439
HIS-000202,AST-S_A-0405,SEC-RKMP-BPL,S_AND_T,PointMachineOverhaul,2022-04-14T00:00:00,2.8,185832.0,231
HIS-000203,AST-S_A-0306,SEC-RKMP-BPL,S_AND_T,AxleCounterCalibration,2025-06-18T00:00:00,4.6,348715.0,444
HIS-000204,AST-S_A-0175,SEC-RKMP-BPL,S_AND_T,TurnoutAdjustment,2022-03-29T00:00:00,3.4,280136.0,501
HIS-000205,AST-TRA-0321,SEC-RKMP-BPL,TRACTION,OHEInspection,2024-07-24T00:00:00,4.1,27066.0,134
HIS-000206,AST-ENG-0253,SEC-RKMP-BPL,ENGINEERING,RailGrinding,2023-05-20T00:00:00,4.5,496599.0,157
HIS-000207,AST-S_A-0202,SEC-RKMP-BPL,S_AND_T,TurnoutAdjustment,2025-08-22T00:00:00,1.2,57591.0,418
HIS-000208,AST-S_A-0405,SEC-RKMP-BPL,S_AND_T,TurnoutAdjustment,2022-03-17T00:00:00,3.5,175779.0,364
HIS-000209,AST-ENG-0172,SEC-RKMP-BPL,ENGINEERING,SleeperRenewal,2023-04-09T00:00:00,2.3,261765.0,415
HIS-000210,AST-S_A-0490,SEC-RKMP-BPL,S_AND_T,PointMachineOverhaul,2023-10-24T00:00:00,1.5,633604.0,443
HIS-000211,AST-S_A-0468,SEC-RKMP-BPL,S_AND_T,SignalCableRenewal,2025-06-08T00:00:00,2.8,269715.0,517
HIS-000212,AST-S_A-0498,SEC-RKMP-BPL,S_AND_T,TurnoutAdjustment,2023-08-15T00:00:00,7.9,99694.0,422
HIS-000213,AST-S_A-0175,SEC-RKMP-BPL,S_AND_T,AxleCounterCalibration,2026-04-29T00:00:00,1.2,359285.0,439
HIS-000214,AST-ENG-0232,SEC-RKMP-BPL,ENGINEERING,JointWelding,2025-02-28T00:00:00,6.1,35600.0,134
HIS-000215,AST-ENG-0124,SEC-RKMP-BPL,ENGINEERING,BallastCleaning,2025-08-05T00:00:00,5.9,423819.0,343
HIS-000216,AST-TRA-0374,SEC-RKMP-BPL,TRACTION,ContactWireReplacement,2022-11-13T00:00:00,1.0,151409.0,396
HIS-000217,AST-TRA-0312,SEC-RKMP-BPL,TRACTION,OHEInspection,2023-09-10T00:00:00,4.0,629311.0,170
HIS-000218,AST-S_A-0107,SEC-RKMP-BPL,S_AND_T,TurnoutAdjustment,2022-07-03T00:00:00,5.5,69309.0,17
HIS-000219,AST-S_A-0318,SEC-RKMP-BPL,S_AND_T,TurnoutAdjustment,2025-07-28T00:00:00,4.4,631684.0,10
HIS-000220,AST-S_A-0261,SEC-RKMP-BPL,S_AND_T,TurnoutAdjustment,2022-05-03T00:00:00,4.8,588242.0,208
HIS-000221,AST-S_A-0369,SEC-RKMP-BPL,S_AND_T,PointMachineOverhaul,2024-12-18T00:00:00,5.4,163660.0,468
HIS-000222,AST-TRA-0167,SEC-RKMP-BPL,TRACTION,OHEInspection,2024-02-23T00:00:00,2.0,143690.0,185
HIS-000223,AST-ENG-0136,SEC-RKMP-BPL,ENGINEERING,BallastCleaning,2022-04-24T00:00:00,5.8,401152.0,249
HIS-000224,AST-S_A-0261,SEC-RKMP-BPL,S_AND_T,PointMachineOverhaul,2021-11-17T00:00:00,7.2,599119.0,239
HIS-000225,AST-ENG-0358,SEC-RKMP-BPL,ENGINEERING,SleeperRenewal,2022-12-05T00:00:00,7.4,333147.0,271
HIS-000226,AST-S_A-0157,SEC-RKMP-BPL,S_AND_T,TurnoutAdjustment,2025-01-10T00:00:00,3.9,366128.0,213
HIS-000227,AST-S_A-0148,SEC-RKMP-BPL,S_AND_T,TurnoutAdjustment,2024-01-03T00:00:00,2.5,182497.0,376
HIS-000228,AST-S_A-0179,SEC-RKMP-BPL,S_AND_T,AxleCounterCalibration,2023-03-19T00:00:00,3.4,58396.0,116
HIS-000229,AST-TRA-0384,SEC-RKMP-BPL,TRACTION,ContactWireReplacement,2022-08-02T00:00:00,1.8,120916.0,190
HIS-000230,AST-S_A-0039,SEC-RKMP-BPL,S_AND_T,TurnoutAdjustment,2023-04-30T00:00:00,5.8,80941.0,107
HIS-000231,AST-S_A-0099,SEC-RKMP-BPL,S_AND_T,PointMachineOverhaul,2022-08-01T00:00:00,2.3,121040.0,261
HIS-000232,AST-ENG-0043,SEC-RKMP-BPL,ENGINEERING,TrackTamping,2021-11-10T00:00:00,6.8,607584.0,401
HIS-000233,AST-TRA-0330,SEC-RKMP-BPL,TRACTION,InsulatorReplacement,2025-08-28T00:00:00,2.1,436641.0,341
HIS-000234,AST-S_A-0111,SEC-RKMP-BPL,S_AND_T,AxleCounterCalibration,2022-04-13T00:00:00,1.1,580117.0,168
HIS-000235,AST-ENG-0277,SEC-RKMP-BPL,ENGINEERING,RailGrinding,2026-06-25T00:00:00,6.8,574370.0,331
HIS-000236,AST-TRA-0213,SEC-RKMP-BPL,TRACTION,DropperReplacement,2025-07-24T00:00:00,2.8,524378.0,332
HIS-000237,AST-S_A-0494,SEC-RKMP-BPL,S_AND_T,TurnoutAdjustment,2022-12-06T00:00:00,7.9,455443.0,297
HIS-000238,AST-ENG-0416,SEC-RKMP-BPL,ENGINEERING,JointWelding,2023-10-28T00:00:00,5.9,280759.0,217
HIS-000239,AST-S_A-0121,SEC-RKMP-BPL,S_AND_T,SignalCableRenewal,2023-12-16T00:00:00,2.7,163814.0,116
HIS-000240,AST-S_A-0332,SEC-RKMP-BPL,S_AND_T,AxleCounterCalibration,2026-02-10T00:00:00,7.8,59486.0,247
HIS-000241,AST-S_A-0301,SEC-RKMP-BPL,S_AND_T,AxleCounterCalibration,2025-03-03T00:00:00,1.9,236095.0,328
HIS-000242,AST-S_A-0368,SEC-RKMP-BPL,S_AND_T,PointMachineOverhaul,2022-02-19T00:00:00,6.5,403408.0,420
HIS-000243,AST-S_A-0053,SEC-RKMP-BPL,S_AND_T,AxleCounterCalibration,2025-04-07T00:00:00,1.4,205736.0,105
HIS-000244,AST-ENG-0160,SEC-RKMP-BPL,ENGINEERING,TrackTamping,2022-08-29T00:00:00,7.7,122373.0,278
HIS-000245,AST-S_A-0225,SEC-RKMP-BPL,S_AND_T,SignalCableRenewal,2025-09-01T00:00:00,4.7,307505.0,449
HIS-000246,AST-ENG-0196,SEC-RKMP-BPL,ENGINEERING,TrackTamping,2022-09-13T00:00:00,1.8,374992.0,112
HIS-000247,AST-ENG-0199,SEC-RKMP-BPL,ENGINEERING,SleeperRenewal,2025-12-09T00:00:00,2.2,102598.0,10
HIS-000248,AST-S_A-0328,SEC-RKMP-BPL,S_AND_T,SignalCableRenewal,2024-09-01T00:00:00,7.9,431941.0,334
HIS-000249,AST-S_A-0408,SEC-RKMP-BPL,S_AND_T,SignalCableRenewal,2025-04-09T00:00:00,7.1,264900.0,10
HIS-000250,AST-ENG-0034,SEC-RKMP-BPL,ENGINEERING,SleeperRenewal,2026-08-08T00:00:00,5.6,617265.0,267
HIS-000251,AST-ENG-0479,SEC-RKMP-BPL,ENGINEERING,BallastCleaning,2026-01-09T00:00:00,6.4,42987.0,112
HIS-000252,AST-ENG-0118,SEC-RKMP-BPL,ENGINEERING,JointWelding,2025-10-28T00:00:00,3.9,586869.0,369
HIS-000253,AST-S_A-0247,SEC-RKMP-BPL,S_AND_T,SignalCableRenewal,2022-04-03T00:00:00,7.1,567696.0,252
HIS-000254,AST-TRA-0005,SEC-RKMP-BPL,TRACTION,ContactWireReplacement,2024-04-05T00:00:00,4.9,599138.0,376
HIS-000255,AST-ENG-0259,SEC-RKMP-BPL,ENGINEERING,JointWelding,2026-07-25T00:00:00,7.7,358077.0,297
HIS-000256,AST-S_A-0237,SEC-RKMP-BPL,S_AND_T,PointMachineOverhaul,2024-02-20T00:00:00,2.7,162500.0,277
HIS-000257,AST-TRA-0140,SEC-RKMP-BPL,TRACTION,ContactWireReplacement,2022-04-24T00:00:00,3.0,122864.0,248
HIS-000258,AST-S_A-0165,SEC-RKMP-BPL,S_AND_T,PointMachineOverhaul,2024-09-08T00:00:00,3.7,50003.0,255
HIS-000259,AST-S_A-0418,SEC-RKMP-BPL,S_AND_T,SignalCableRenewal,2026-08-31T00:00:00,5.5,366745.0,114
HIS-000260,AST-S_A-0026,SEC-RKMP-BPL,S_AND_T,TurnoutAdjustment,2023-11-21T00:00:00,6.9,526049.0,328
HIS-000261,AST-ENG-0029,SEC-RKMP-BPL,ENGINEERING,SleeperRenewal,2023-11-19T00:00:00,3.2,447919.0,202
HIS-000262,AST-TRA-0213,SEC-RKMP-BPL,TRACTION,InsulatorReplacement,2021-10-31T00:00:00,1.2,466938.0,377
HIS-000263,AST-S_A-0287,SEC-RKMP-BPL,S_AND_T,SignalCableRenewal,2024-02-28T00:00:00,5.6,408920.0,359
HIS-000264,AST-ENG-0172,SEC-RKMP-BPL,ENGINEERING,RailGrinding,2022-12-22T00:00:00,7.5,392110.0,538
HIS-000265,AST-S_A-0009,SEC-RKMP-BPL,S_AND_T,PointMachineOverhaul,2025-06-01T00:00:00,6.9,376721.0,190
HIS-000266,AST-ENG-0028,SEC-RKMP-BPL,ENGINEERING,BallastCleaning,2024-11-12T00:00:00,4.1,92594.0,249
HIS-000267,AST-S_A-0098,SEC-RKMP-BPL,S_AND_T,TurnoutAdjustment,2024-01-13T00:00:00,6.7,459252.0,288
HIS-000268,AST-TRA-0284,SEC-RKMP-BPL,TRACTION,DropperReplacement,2023-10-20T00:00:00,6.1,360263.0,294
HIS-000269,AST-TRA-0068,SEC-RKMP-BPL,TRACTION,InsulatorReplacement,2024-06-24T00:00:00,4.7,393584.0,114
HIS-000270,AST-TRA-0275,SEC-RKMP-BPL,TRACTION,DropperReplacement,2025-10-21T00:00:00,2.5,558891.0,452
HIS-000271,AST-S_A-0174,SEC-RKMP-BPL,S_AND_T,SignalCableRenewal,2022-12-25T00:00:00,6.9,249312.0,184
HIS-000272,AST-ENG-0322,SEC-RKMP-BPL,ENGINEERING,SleeperRenewal,2024-03-14T00:00:00,3.6,634503.0,252
HIS-000273,AST-S_A-0369,SEC-RKMP-BPL,S_AND_T,PointMachineOverhaul,2023-09-26T00:00:00,4.0,274026.0,504
HIS-000274,AST-S_A-0278,SEC-RKMP-BPL,S_AND_T,PointMachineOverhaul,2026-05-20T00:00:00,2.0,173436.0,541
HIS-000275,AST-TRA-0096,SEC-RKMP-BPL,TRACTION,ContactWireReplacement,2024-03-03T00:00:00,6.0,541191.0,52
HIS-000276,AST-ENG-0478,SEC-RKMP-BPL,ENGINEERING,RailGrinding,2022-10-03T00:00:00,2.7,641984.0,556
HIS-000277,AST-S_A-0099,SEC-RKMP-BPL,S_AND_T,TurnoutAdjustment,2025-02-26T00:00:00,6.5,206979.0,275
HIS-000278,AST-S_A-0094,SEC-RKMP-BPL,S_AND_T,SignalCableRenewal,2024-07-11T00:00:00,3.2,282334.0,369
HIS-000279,AST-TRA-0023,SEC-RKMP-BPL,TRACTION,DropperReplacement,2022-03-29T00:00:00,2.0,134185.0,234
HIS-000280,AST-S_A-0274,SEC-RKMP-BPL,S_AND_T,SignalCableRenewal,2024-03-11T00:00:00,3.2,163433.0,415
HIS-000281,AST-TRA-0483,SEC-RKMP-BPL,TRACTION,DropperReplacement,2023-12-01T00:00:00,5.5,323541.0,185
HIS-000282,AST-TRA-0410,SEC-RKMP-BPL,TRACTION,OHEInspection,2026-02-13T00:00:00,5.7,489614.0,161
HIS-000283,AST-TRA-0356,SEC-RKMP-BPL,TRACTION,DropperReplacement,2024-12-18T00:00:00,1.2,142548.0,67
HIS-000284,AST-ENG-0046,SEC-RKMP-BPL,ENGINEERING,JointWelding,2024-10-25T00:00:00,7.3,176947.0,111
HIS-000285,AST-S_A-0207,SEC-RKMP-BPL,S_AND_T,AxleCounterCalibration,2023-10-20T00:00:00,6.1,614891.0,538
HIS-000286,AST-TRA-0500,SEC-RKMP-BPL,TRACTION,ContactWireReplacement,2023-12-30T00:00:00,5.6,351515.0,437
HIS-000287,AST-TRA-0366,SEC-RKMP-BPL,TRACTION,ContactWireReplacement,2022-09-15T00:00:00,1.5,631620.0,349
HIS-000288,AST-TRA-0357,SEC-RKMP-BPL,TRACTION,OHEInspection,2024-12-25T00:00:00,4.8,184313.0,128
HIS-000289,AST-S_A-0144,SEC-RKMP-BPL,S_AND_T,PointMachineOverhaul,2025-11-22T00:00:00,3.2,170418.0,499
HIS-000290,AST-S_A-0359,SEC-RKMP-BPL,S_AND_T,PointMachineOverhaul,2026-05-30T00:00:00,4.2,556067.0,303
HIS-000291,AST-S_A-0337,SEC-RKMP-BPL,S_AND_T,TurnoutAdjustment,2026-04-15T00:00:00,7.7,129352.0,290
HIS-000292,AST-S_A-0454,SEC-RKMP-BPL,S_AND_T,TurnoutAdjustment,2023-09-19T00:00:00,6.6,439438.0,205
HIS-000293,AST-TRA-0311,SEC-RKMP-BPL,TRACTION,InsulatorReplacement,2023-10-21T00:00:00,7.0,606267.0,513
HIS-000294,AST-ENG-0254,SEC-RKMP-BPL,ENGINEERING,TrackTamping,2021-11-20T00:00:00,7.4,54876.0,133
HIS-000295,AST-TRA-0375,SEC-RKMP-BPL,TRACTION,ContactWireReplacement,2025-11-28T00:00:00,4.0,233998.0,334
HIS-000296,AST-TRA-0311,SEC-RKMP-BPL,TRACTION,DropperReplacement,2024-08-08T00:00:00,3.3,124703.0,476
HIS-000297,AST-S_A-0030,SEC-RKMP-BPL,S_AND_T,SignalCableRenewal,2024-08-21T00:00:00,5.2,521831.0,317
HIS-000298,AST-ENG-0281,SEC-RKMP-BPL,ENGINEERING,BallastCleaning,2026-04-05T00:00:00,7.6,113457.0,287
HIS-000299,AST-S_A-0477,SEC-RKMP-BPL,S_AND_T,TurnoutAdjustment,2022-03-03T00:00:00,1.8,587219.0,245
HIS-000300,AST-TRA-0321,SEC-RKMP-BPL,TRACTION,OHEInspection,2024-09-11T00:00:00,1.1,516800.0,10
HIS-000301,AST-S_A-0432,SEC-RKMP-BPL,S_AND_T,PointMachineOverhaul,2026-02-10T00:00:00,2.1,609055.0,510
HIS-000302,AST-S_A-0354,SEC-RKMP-BPL,S_AND_T,TurnoutAdjustment,2024-11-22T00:00:00,1.7,421310.0,360
HIS-000303,AST-S_A-0305,SEC-RKMP-BPL,S_AND_T,TurnoutAdjustment,2026-01-23T00:00:00,6.9,547316.0,96
HIS-000304,AST-S_A-0098,SEC-RKMP-BPL,S_AND_T,AxleCounterCalibration,2026-02-25T00:00:00,1.9,478552.0,215
HIS-000305,AST-ENG-0362,SEC-RKMP-BPL,ENGINEERING,RailGrinding,2024-02-11T00:00:00,1.6,635565.0,143
HIS-000306,AST-S_A-0278,SEC-RKMP-BPL,S_AND_T,SignalCableRenewal,2025-06-16T00:00:00,2.5,442760.0,385
HIS-000307,AST-ENG-0448,SEC-RKMP-BPL,ENGINEERING,RailGrinding,2023-05-24T00:00:00,1.2,238152.0,373
HIS-000308,AST-S_A-0058,SEC-RKMP-BPL,S_AND_T,SignalCableRenewal,2023-06-06T00:00:00,1.3,91472.0,553
HIS-000309,AST-TRA-0150,SEC-RKMP-BPL,TRACTION,DropperReplacement,2024-05-30T00:00:00,4.7,369487.0,328
HIS-000310,AST-ENG-0128,SEC-RKMP-BPL,ENGINEERING,BallastCleaning,2023-06-20T00:00:00,6.1,494202.0,54
HIS-000311,AST-S_A-0404,SEC-RKMP-BPL,S_AND_T,PointMachineOverhaul,2026-08-01T00:00:00,2.0,388574.0,467
HIS-000312,AST-TRA-0357,SEC-RKMP-BPL,TRACTION,InsulatorReplacement,2025-09-07T00:00:00,3.1,64858.0,262
HIS-000313,AST-ENG-0146,SEC-RKMP-BPL,ENGINEERING,TrackTamping,2022-07-03T00:00:00,7.1,79047.0,278
HIS-000314,AST-S_A-0319,SEC-RKMP-BPL,S_AND_T,AxleCounterCalibration,2021-12-03T00:00:00,5.4,505493.0,308
HIS-000315,AST-S_A-0297,SEC-RKMP-BPL,S_AND_T,AxleCounterCalibration,2024-02-19T00:00:00,7.7,378839.0,425
HIS-000316,AST-ENG-0146,SEC-RKMP-BPL,ENGINEERING,RailGrinding,2022-10-12T00:00:00,7.3,530032.0,311
HIS-000317,AST-ENG-0038,SEC-RKMP-BPL,ENGINEERING,RailGrinding,2024-09-18T00:00:00,5.9,211972.0,272
HIS-000318,AST-ENG-0146,SEC-RKMP-BPL,ENGINEERING,TrackTamping,2023-07-08T00:00:00,4.0,140141.0,232
HIS-000319,AST-TRA-0140,SEC-RKMP-BPL,TRACTION,OHEInspection,2022-08-21T00:00:00,4.5,618789.0,285
HIS-000320,AST-ENG-0074,SEC-RKMP-BPL,ENGINEERING,RailGrinding,2023-04-13T00:00:00,1.5,111674.0,401
HIS-000321,AST-ENG-0317,SEC-RKMP-BPL,ENGINEERING,SleeperRenewal,2024-03-26T00:00:00,1.6,94458.0,244
HIS-000322,AST-S_A-0359,SEC-RKMP-BPL,S_AND_T,TurnoutAdjustment,2024-07-01T00:00:00,2.6,272603.0,205
HIS-000323,AST-TRA-0095,SEC-RKMP-BPL,TRACTION,DropperReplacement,2024-01-09T00:00:00,6.0,535946.0,323
HIS-000324,AST-ENG-0244,SEC-RKMP-BPL,ENGINEERING,TrackTamping,2021-11-10T00:00:00,6.7,598366.0,318
HIS-000325,AST-S_A-0170,SEC-RKMP-BPL,S_AND_T,PointMachineOverhaul,2022-01-17T00:00:00,6.8,233785.0,455
HIS-000326,AST-S_A-0147,SEC-RKMP-BPL,S_AND_T,TurnoutAdjustment,2021-09-21T00:00:00,6.9,479382.0,96
HIS-000327,AST-ENG-0407,SEC-RKMP-BPL,ENGINEERING,BallastCleaning,2023-06-22T00:00:00,6.8,556530.0,404
HIS-000328,AST-S_A-0354,SEC-RKMP-BPL,S_AND_T,AxleCounterCalibration,2025-09-06T00:00:00,4.2,54110.0,348
HIS-000329,AST-ENG-0038,SEC-RKMP-BPL,ENGINEERING,RailGrinding,2026-03-24T00:00:00,4.8,538361.0,314
HIS-000330,AST-TRA-0024,SEC-RKMP-BPL,TRACTION,ContactWireReplacement,2026-04-17T00:00:00,5.9,306463.0,414
HIS-000331,AST-ENG-0223,SEC-RKMP-BPL,ENGINEERING,JointWelding,2022-06-15T00:00:00,4.3,355982.0,199
HIS-000332,AST-ENG-0280,SEC-RKMP-BPL,ENGINEERING,BallastCleaning,2025-04-27T00:00:00,4.9,362436.0,183
HIS-000333,AST-S_A-0368,SEC-RKMP-BPL,S_AND_T,AxleCounterCalibration,2022-08-29T00:00:00,3.1,359859.0,557
HIS-000334,AST-S_A-0462,SEC-RKMP-BPL,S_AND_T,AxleCounterCalibration,2024-04-10T00:00:00,3.2,195203.0,247
HIS-000335,AST-S_A-0027,SEC-RKMP-BPL,S_AND_T,AxleCounterCalibration,2025-02-07T00:00:00,6.9,579668.0,428
HIS-000336,AST-ENG-0281,SEC-RKMP-BPL,ENGINEERING,RailGrinding,2023-11-30T00:00:00,5.3,77472.0,285
HIS-000337,AST-ENG-0235,SEC-RKMP-BPL,ENGINEERING,SleeperRenewal,2024-05-24T00:00:00,3.7,239422.0,512
HIS-000338,AST-S_A-0341,SEC-RKMP-BPL,S_AND_T,TurnoutAdjustment,2026-08-26T00:00:00,2.4,173808.0,411
HIS-000339,AST-S_A-0354,SEC-RKMP-BPL,S_AND_T,TurnoutAdjustment,2025-06-24T00:00:00,5.7,617264.0,306
HIS-000340,AST-ENG-0259,SEC-RKMP-BPL,ENGINEERING,TrackTamping,2026-05-11T00:00:00,3.6,638295.0,271
HIS-000341,AST-ENG-0469,SEC-RKMP-BPL,ENGINEERING,JointWelding,2022-10-21T00:00:00,2.0,143939.0,81
HIS-000342,AST-S_A-0418,SEC-RKMP-BPL,S_AND_T,TurnoutAdjustment,2024-08-25T00:00:00,5.9,468225.0,139
HIS-000343,AST-S_A-0094,SEC-RKMP-BPL,S_AND_T,PointMachineOverhaul,2022-11-19T00:00:00,6.8,331402.0,461
HIS-000344,AST-S_A-0161,SEC-RKMP-BPL,S_AND_T,AxleCounterCalibration,2025-09-18T00:00:00,6.4,438495.0,339
HIS-000345,AST-ENG-0082,SEC-RKMP-BPL,ENGINEERING,RailGrinding,2026-01-26T00:00:00,3.4,78028.0,250
HIS-000346,AST-S_A-0418,SEC-RKMP-BPL,S_AND_T,SignalCableRenewal,2024-07-01T00:00:00,4.4,497558.0,158
HIS-000347,AST-S_A-0369,SEC-RKMP-BPL,S_AND_T,SignalCableRenewal,2024-01-24T00:00:00,3.8,278727.0,522
HIS-000348,AST-ENG-0443,SEC-RKMP-BPL,ENGINEERING,JointWelding,2026-04-10T00:00:00,4.5,270041.0,379
HIS-000349,AST-S_A-0144,SEC-RKMP-BPL,S_AND_T,SignalCableRenewal,2023-08-16T00:00:00,2.6,298904.0,546
HIS-000350,AST-S_A-0251,SEC-RKMP-BPL,S_AND_T,SignalCableRenewal,2026-01-30T00:00:00,6.2,219002.0,358
HIS-000351,AST-S_A-0021,SEC-RKMP-BPL,S_AND_T,PointMachineOverhaul,2024-03-24T00:00:00,4.1,364978.0,393
HIS-000352,AST-S_A-0234,SEC-RKMP-BPL,S_AND_T,TurnoutAdjustment,2025-11-14T00:00:00,2.0,452060.0,76
HIS-000353,AST-ENG-0199,SEC-RKMP-BPL,ENGINEERING,JointWelding,2022-10-29T00:00:00,7.4,380680.0,148
HIS-000354,AST-TRA-0023,SEC-RKMP-BPL,TRACTION,ContactWireReplacement,2024-12-23T00:00:00,2.0,608643.0,102
HIS-000355,AST-S_A-0440,SEC-RKMP-BPL,S_AND_T,TurnoutAdjustment,2022-07-20T00:00:00,1.8,408575.0,84
HIS-000356,AST-ENG-0052,SEC-RKMP-BPL,ENGINEERING,SleeperRenewal,2022-02-20T00:00:00,4.8,184264.0,185
HIS-000357,AST-S_A-0219,SEC-RKMP-BPL,S_AND_T,PointMachineOverhaul,2023-09-08T00:00:00,6.9,37763.0,449
HIS-000358,AST-TRA-0329,SEC-RKMP-BPL,TRACTION,OHEInspection,2022-07-08T00:00:00,5.6,396993.0,467
HIS-000359,AST-S_A-0189,SEC-RKMP-BPL,S_AND_T,SignalCableRenewal,2022-11-18T00:00:00,5.4,106490.0,23
HIS-000360,AST-TRA-0005,SEC-RKMP-BPL,TRACTION,OHEInspection,2024-11-23T00:00:00,2.6,303487.0,471
HIS-000361,AST-TRA-0132,SEC-RKMP-BPL,TRACTION,DropperReplacement,2024-10-25T00:00:00,3.2,312840.0,341
HIS-000362,AST-TRA-0149,SEC-RKMP-BPL,TRACTION,ContactWireReplacement,2023-04-29T00:00:00,1.9,428700.0,298
HIS-000363,AST-TRA-0248,SEC-RKMP-BPL,TRACTION,OHEInspection,2023-01-27T00:00:00,4.6,262961.0,62
HIS-000364,AST-S_A-0498,SEC-RKMP-BPL,S_AND_T,TurnoutAdjustment,2023-04-15T00:00:00,1.2,61534.0,274
HIS-000365,AST-TRA-0095,SEC-RKMP-BPL,TRACTION,ContactWireReplacement,2024-03-14T00:00:00,1.5,357915.0,372
HIS-000366,AST-S_A-0283,SEC-RKMP-BPL,S_AND_T,PointMachineOverhaul,2023-03-06T00:00:00,5.7,523039.0,508
HIS-000367,AST-S_A-0252,SEC-RKMP-BPL,S_AND_T,SignalCableRenewal,2023-01-15T00:00:00,4.5,166251.0,305
HIS-000368,AST-S_A-0201,SEC-RKMP-BPL,S_AND_T,SignalCableRenewal,2022-04-04T00:00:00,4.9,87261.0,10
HIS-000369,AST-S_A-0440,SEC-RKMP-BPL,S_AND_T,SignalCableRenewal,2026-02-04T00:00:00,2.9,363202.0,148
HIS-000370,AST-ENG-0394,SEC-RKMP-BPL,ENGINEERING,TrackTamping,2023-05-16T00:00:00,2.1,291074.0,302
HIS-000371,AST-ENG-0020,SEC-RKMP-BPL,ENGINEERING,RailGrinding,2022-11-28T00:00:00,1.5,450534.0,677
HIS-000372,AST-S_A-0143,SEC-RKMP-BPL,S_AND_T,SignalCableRenewal,2023-12-09T00:00:00,5.2,322433.0,409
HIS-000373,AST-TRA-0050,SEC-RKMP-BPL,TRACTION,OHEInspection,2025-09-16T00:00:00,3.6,324615.0,382
HIS-000374,AST-S_A-0201,SEC-RKMP-BPL,S_AND_T,AxleCounterCalibration,2026-04-27T00:00:00,5.3,171239.0,282
HIS-000375,AST-S_A-0071,SEC-RKMP-BPL,S_AND_T,SignalCableRenewal,2026-01-16T00:00:00,5.0,124564.0,214
HIS-000376,AST-S_A-0225,SEC-RKMP-BPL,S_AND_T,SignalCableRenewal,2023-11-03T00:00:00,5.9,41849.0,397
HIS-000377,AST-TRA-0284,SEC-RKMP-BPL,TRACTION,ContactWireReplacement,2024-01-26T00:00:00,6.9,591561.0,342
HIS-000378,AST-ENG-0200,SEC-RKMP-BPL,ENGINEERING,TrackTamping,2025-10-24T00:00:00,4.1,260965.0,209
HIS-000379,AST-S_A-0238,SEC-RKMP-BPL,S_AND_T,SignalCableRenewal,2025-01-06T00:00:00,3.2,267650.0,178
HIS-000380,AST-S_A-0445,SEC-RKMP-BPL,S_AND_T,TurnoutAdjustment,2022-07-08T00:00:00,3.3,426529.0,379
HIS-000381,AST-ENG-0082,SEC-RKMP-BPL,ENGINEERING,SleeperRenewal,2025-09-27T00:00:00,6.1,25292.0,165
HIS-000382,AST-TRA-0276,SEC-RKMP-BPL,TRACTION,OHEInspection,2023-01-22T00:00:00,6.6,646285.0,299
HIS-000383,AST-ENG-0241,SEC-RKMP-BPL,ENGINEERING,SleeperRenewal,2024-05-06T00:00:00,7.0,199655.0,213
HIS-000384,AST-TRA-0320,SEC-RKMP-BPL,TRACTION,ContactWireReplacement,2024-05-26T00:00:00,3.2,524603.0,465
HIS-000385,AST-ENG-0281,SEC-RKMP-BPL,ENGINEERING,RailGrinding,2025-01-28T00:00:00,5.9,513707.0,323
HIS-000386,AST-ENG-0241,SEC-RKMP-BPL,ENGINEERING,RailGrinding,2025-07-09T00:00:00,1.3,489048.0,176
HIS-000387,AST-S_A-0152,SEC-RKMP-BPL,S_AND_T,PointMachineOverhaul,2024-05-18T00:00:00,4.5,127599.0,267
HIS-000388,AST-ENG-0070,SEC-RKMP-BPL,ENGINEERING,BallastCleaning,2024-11-18T00:00:00,5.9,555857.0,287
HIS-000389,AST-S_A-0418,SEC-RKMP-BPL,S_AND_T,SignalCableRenewal,2025-05-27T00:00:00,2.1,339174.0,105
HIS-000390,AST-ENG-0034,SEC-RKMP-BPL,ENGINEERING,RailGrinding,2024-10-30T00:00:00,7.6,126317.0,461
HIS-000391,AST-S_A-0147,SEC-RKMP-BPL,S_AND_T,TurnoutAdjustment,2022-09-02T00:00:00,4.0,606813.0,193
HIS-000392,AST-S_A-0368,SEC-RKMP-BPL,S_AND_T,AxleCounterCalibration,2022-07-17T00:00:00,6.4,361727.0,483
HIS-000393,AST-S_A-0408,SEC-RKMP-BPL,S_AND_T,TurnoutAdjustment,2022-04-08T00:00:00,6.0,175681.0,245
HIS-000394,AST-TRA-0374,SEC-RKMP-BPL,TRACTION,DropperReplacement,2021-12-23T00:00:00,1.5,81329.0,246
HIS-000395,AST-S_A-0436,SEC-RKMP-BPL,S_AND_T,SignalCableRenewal,2025-12-09T00:00:00,8.0,66620.0,251
HIS-000396,AST-S_A-0481,SEC-RKMP-BPL,S_AND_T,TurnoutAdjustment,2026-05-16T00:00:00,2.8,478160.0,357
HIS-000397,AST-ENG-0488,SEC-RKMP-BPL,ENGINEERING,RailGrinding,2025-06-27T00:00:00,6.8,549886.0,332
HIS-000398,AST-TRA-0447,SEC-RKMP-BPL,TRACTION,InsulatorReplacement,2022-11-05T00:00:00,4.1,193773.0,222
HIS-000399,AST-S_A-0112,SEC-RKMP-BPL,S_AND_T,TurnoutAdjustment,2026-04-02T00:00:00,6.8,468997.0,122
HIS-000400,AST-S_A-0467,SEC-RKMP-BPL,S_AND_T,AxleCounterCalibration,2023-08-19T00:00:00,5.7,560771.0,143
HIS-000401,AST-ENG-0388,SEC-RKMP-BPL,ENGINEERING,JointWelding,2022-08-06T00:00:00,4.3,576193.0,252
HIS-000402,AST-S_A-0274,SEC-RKMP-BPL,S_AND_T,AxleCounterCalibration,2023-02-18T00:00:00,2.1,470115.0,477
HIS-000403,AST-TRA-0006,SEC-RKMP-BPL,TRACTION,DropperReplacement,2024-04-16T00:00:00,3.7,609365.0,271
HIS-000404,AST-S_A-0120,SEC-RKMP-BPL,S_AND_T,TurnoutAdjustment,2023-08-19T00:00:00,5.1,563060.0,356
HIS-000405,AST-TRA-0213,SEC-RKMP-BPL,TRACTION,InsulatorReplacement,2022-06-18T00:00:00,6.8,619768.0,267
HIS-000406,AST-ENG-0056,SEC-RKMP-BPL,ENGINEERING,TrackTamping,2023-09-08T00:00:00,4.8,216008.0,160
HIS-000407,AST-ENG-0334,SEC-RKMP-BPL,ENGINEERING,BallastCleaning,2026-08-24T00:00:00,4.6,488848.0,340
HIS-000408,AST-ENG-0146,SEC-RKMP-BPL,ENGINEERING,JointWelding,2023-12-30T00:00:00,6.7,93651.0,243
HIS-000409,AST-S_A-0004,SEC-RKMP-BPL,S_AND_T,AxleCounterCalibration,2025-08-19T00:00:00,6.4,647299.0,85
HIS-000410,AST-ENG-0019,SEC-RKMP-BPL,ENGINEERING,JointWelding,2023-03-07T00:00:00,1.3,338601.0,149
HIS-000411,AST-S_A-0062,SEC-RKMP-BPL,S_AND_T,TurnoutAdjustment,2023-01-11T00:00:00,5.9,254161.0,194
HIS-000412,AST-S_A-0045,SEC-RKMP-BPL,S_AND_T,TurnoutAdjustment,2024-04-18T00:00:00,2.4,575176.0,402
HIS-000413,AST-ENG-0187,SEC-RKMP-BPL,ENGINEERING,RailGrinding,2023-04-09T00:00:00,1.4,552039.0,126
HIS-000414,AST-TRA-0474,SEC-RKMP-BPL,TRACTION,InsulatorReplacement,2024-01-16T00:00:00,3.5,555714.0,370
HIS-000415,AST-ENG-0070,SEC-RKMP-BPL,ENGINEERING,JointWelding,2024-10-20T00:00:00,7.8,75073.0,270
HIS-000416,AST-S_A-0265,SEC-RKMP-BPL,S_AND_T,SignalCableRenewal,2024-06-26T00:00:00,2.0,613463.0,23
HIS-000417,AST-ENG-0443,SEC-RKMP-BPL,ENGINEERING,TrackTamping,2026-06-18T00:00:00,6.8,647056.0,308
HIS-000418,AST-TRA-0077,SEC-RKMP-BPL,TRACTION,DropperReplacement,2025-09-22T00:00:00,5.3,615072.0,359
HIS-000419,AST-ENG-0181,SEC-RKMP-BPL,ENGINEERING,JointWelding,2023-10-04T00:00:00,2.7,428175.0,305
HIS-000420,AST-TRA-0248,SEC-RKMP-BPL,TRACTION,OHEInspection,2024-07-27T00:00:00,6.3,414141.0,159
HIS-000421,AST-ENG-0088,SEC-RKMP-BPL,ENGINEERING,BallastCleaning,2025-12-20T00:00:00,3.5,160990.0,417
HIS-000422,AST-ENG-0380,SEC-RKMP-BPL,ENGINEERING,RailGrinding,2022-04-07T00:00:00,7.8,515969.0,361
HIS-000423,AST-TRA-0087,SEC-RKMP-BPL,TRACTION,OHEInspection,2021-11-06T00:00:00,5.4,246204.0,495
HIS-000424,AST-ENG-0115,SEC-RKMP-BPL,ENGINEERING,TrackTamping,2026-02-17T00:00:00,1.6,148646.0,38
HIS-000425,AST-ENG-0160,SEC-RKMP-BPL,ENGINEERING,JointWelding,2024-11-15T00:00:00,6.0,527856.0,203
HIS-000426,AST-ENG-0182,SEC-RKMP-BPL,ENGINEERING,TrackTamping,2023-01-25T00:00:00,5.1,598088.0,217
HIS-000427,AST-ENG-0415,SEC-RKMP-BPL,ENGINEERING,BallastCleaning,2025-06-05T00:00:00,1.9,590019.0,352
HIS-000428,AST-S_A-0454,SEC-RKMP-BPL,S_AND_T,TurnoutAdjustment,2025-10-01T00:00:00,2.9,612904.0,181
HIS-000429,AST-TRA-0402,SEC-RKMP-BPL,TRACTION,InsulatorReplacement,2026-08-20T00:00:00,4.4,315042.0,178
HIS-000430,AST-TRA-0185,SEC-RKMP-BPL,TRACTION,InsulatorReplacement,2022-02-02T00:00:00,6.0,645097.0,166
HIS-000431,AST-S_A-0093,SEC-RKMP-BPL,S_AND_T,PointMachineOverhaul,2022-12-05T00:00:00,1.9,630716.0,449
HIS-000432,AST-S_A-0463,SEC-RKMP-BPL,S_AND_T,TurnoutAdjustment,2024-08-02T00:00:00,2.9,144164.0,368
HIS-000433,AST-S_A-0018,SEC-RKMP-BPL,S_AND_T,PointMachineOverhaul,2022-01-14T00:00:00,3.1,409057.0,404
HIS-000434,AST-S_A-0072,SEC-RKMP-BPL,S_AND_T,PointMachineOverhaul,2025-10-22T00:00:00,1.7,158286.0,368
HIS-000435,AST-S_A-0364,SEC-RKMP-BPL,S_AND_T,AxleCounterCalibration,2026-08-26T00:00:00,6.8,569128.0,261
HIS-000436,AST-S_A-0282,SEC-RKMP-BPL,S_AND_T,AxleCounterCalibration,2022-05-08T00:00:00,2.8,320996.0,382
HIS-000437,AST-ENG-0262,SEC-RKMP-BPL,ENGINEERING,TrackTamping,2023-10-31T00:00:00,6.4,213619.0,421
HIS-000438,AST-S_A-0234,SEC-RKMP-BPL,S_AND_T,PointMachineOverhaul,2026-01-04T00:00:00,7.4,68277.0,10
HIS-000439,AST-S_A-0093,SEC-RKMP-BPL,S_AND_T,PointMachineOverhaul,2022-07-05T00:00:00,4.5,604619.0,568
HIS-000440,AST-S_A-0053,SEC-RKMP-BPL,S_AND_T,PointMachineOverhaul,2025-07-09T00:00:00,6.8,598956.0,284
HIS-000441,AST-S_A-0180,SEC-RKMP-BPL,S_AND_T,TurnoutAdjustment,2024-10-15T00:00:00,5.1,560782.0,516
HIS-000442,AST-S_A-0117,SEC-RKMP-BPL,S_AND_T,TurnoutAdjustment,2023-07-16T00:00:00,6.8,188087.0,540
HIS-000443,AST-TRA-0266,SEC-RKMP-BPL,TRACTION,ContactWireReplacement,2024-10-04T00:00:00,5.6,544686.0,302
HIS-000444,AST-ENG-0163,SEC-RKMP-BPL,ENGINEERING,SleeperRenewal,2023-10-18T00:00:00,2.9,171989.0,449
HIS-000445,AST-S_A-0228,SEC-RKMP-BPL,S_AND_T,TurnoutAdjustment,2023-04-20T00:00:00,6.2,342077.0,239
HIS-000446,AST-S_A-0229,SEC-RKMP-BPL,S_AND_T,PointMachineOverhaul,2023-01-09T00:00:00,1.6,581887.0,172
HIS-000447,AST-TRA-0158,SEC-RKMP-BPL,TRACTION,ContactWireReplacement,2022-02-24T00:00:00,2.5,398692.0,137
HIS-000448,AST-ENG-0190,SEC-RKMP-BPL,ENGINEERING,TrackTamping,2021-12-18T00:00:00,6.8,510038.0,298
HIS-000449,AST-ENG-0443,SEC-RKMP-BPL,ENGINEERING,RailGrinding,2025-10-31T00:00:00,5.9,171312.0,454
HIS-000450,AST-TRA-0402,SEC-RKMP-BPL,TRACTION,DropperReplacement,2022-10-24T00:00:00,2.2,52099.0,336
HIS-000451,AST-TRA-0077,SEC-RKMP-BPL,TRACTION,ContactWireReplacement,2023-03-21T00:00:00,7.2,636134.0,273
HIS-000452,AST-TRA-0159,SEC-RKMP-BPL,TRACTION,OHEInspection,2023-09-28T00:00:00,7.5,41745.0,342
HIS-000453,AST-S_A-0085,SEC-RKMP-BPL,S_AND_T,TurnoutAdjustment,2022-12-13T00:00:00,3.0,216946.0,281
HIS-000454,AST-TRA-0041,SEC-RKMP-BPL,TRACTION,InsulatorReplacement,2023-11-15T00:00:00,2.1,534162.0,471
HIS-000455,AST-TRA-0041,SEC-RKMP-BPL,TRACTION,InsulatorReplacement,2025-05-12T00:00:00,4.8,347961.0,428
HIS-000456,AST-TRA-0131,SEC-RKMP-BPL,TRACTION,OHEInspection,2022-04-30T00:00:00,3.6,363924.0,241
HIS-000457,AST-ENG-0097,SEC-RKMP-BPL,ENGINEERING,SleeperRenewal,2023-09-07T00:00:00,3.2,569271.0,261
HIS-000458,AST-S_A-0282,SEC-RKMP-BPL,S_AND_T,SignalCableRenewal,2022-10-10T00:00:00,3.5,80965.0,419
HIS-000459,AST-TRA-0095,SEC-RKMP-BPL,TRACTION,InsulatorReplacement,2026-08-27T00:00:00,1.4,540318.0,340
HIS-000460,AST-S_A-0297,SEC-RKMP-BPL,S_AND_T,TurnoutAdjustment,2026-04-16T00:00:00,6.3,567813.0,278
HIS-000461,AST-TRA-0249,SEC-RKMP-BPL,TRACTION,OHEInspection,2023-10-28T00:00:00,1.1,157541.0,267
HIS-000462,AST-ENG-0055,SEC-RKMP-BPL,ENGINEERING,TrackTamping,2026-08-11T00:00:00,1.2,310639.0,235
HIS-000463,AST-S_A-0306,SEC-RKMP-BPL,S_AND_T,SignalCableRenewal,2022-02-07T00:00:00,4.8,617411.0,305
HIS-000464,AST-ENG-0353,SEC-RKMP-BPL,ENGINEERING,RailGrinding,2026-07-13T00:00:00,4.5,484169.0,367
HIS-000465,AST-S_A-0071,SEC-RKMP-BPL,S_AND_T,PointMachineOverhaul,2024-01-20T00:00:00,2.8,189837.0,211
HIS-000466,AST-S_A-0003,SEC-RKMP-BPL,S_AND_T,PointMachineOverhaul,2021-12-05T00:00:00,1.4,76616.0,373
HIS-000467,AST-TRA-0213,SEC-RKMP-BPL,TRACTION,ContactWireReplacement,2021-12-21T00:00:00,1.7,191372.0,256
HIS-000468,AST-ENG-0137,SEC-RKMP-BPL,ENGINEERING,TrackTamping,2023-07-03T00:00:00,6.3,276143.0,193
HIS-000469,AST-TRA-0356,SEC-RKMP-BPL,TRACTION,DropperReplacement,2023-09-02T00:00:00,2.1,206796.0,10
HIS-000470,AST-TRA-0177,SEC-RKMP-BPL,TRACTION,ContactWireReplacement,2022-07-06T00:00:00,2.3,41730.0,229
HIS-000471,AST-S_A-0432,SEC-RKMP-BPL,S_AND_T,AxleCounterCalibration,2023-04-26T00:00:00,4.6,466812.0,527
HIS-000472,AST-S_A-0360,SEC-RKMP-BPL,S_AND_T,TurnoutAdjustment,2022-09-29T00:00:00,7.3,44409.0,449
HIS-000473,AST-TRA-0275,SEC-RKMP-BPL,TRACTION,ContactWireReplacement,2025-05-02T00:00:00,4.4,103000.0,419
HIS-000474,AST-ENG-0155,SEC-RKMP-BPL,ENGINEERING,JointWelding,2021-12-09T00:00:00,3.8,264261.0,134
HIS-000475,AST-ENG-0223,SEC-RKMP-BPL,ENGINEERING,TrackTamping,2023-09-08T00:00:00,2.0,179237.0,130
HIS-000476,AST-S_A-0314,SEC-RKMP-BPL,S_AND_T,TurnoutAdjustment,2025-05-10T00:00:00,4.7,236150.0,314
HIS-000477,AST-TRA-0258,SEC-RKMP-BPL,TRACTION,InsulatorReplacement,2024-02-20T00:00:00,8.0,40200.0,394
HIS-000478,AST-ENG-0254,SEC-RKMP-BPL,ENGINEERING,BallastCleaning,2024-04-08T00:00:00,2.0,520993.0,223
HIS-000479,AST-ENG-0352,SEC-RKMP-BPL,ENGINEERING,JointWelding,2021-10-29T00:00:00,6.1,639037.0,318
HIS-000480,AST-S_A-0197,SEC-RKMP-BPL,S_AND_T,SignalCableRenewal,2023-04-21T00:00:00,1.1,128999.0,301
HIS-000481,AST-ENG-0119,SEC-RKMP-BPL,ENGINEERING,SleeperRenewal,2023-12-01T00:00:00,2.1,218776.0,157
HIS-000482,AST-TRA-0320,SEC-RKMP-BPL,TRACTION,OHEInspection,2024-01-27T00:00:00,6.8,644031.0,380
HIS-000483,AST-S_A-0174,SEC-RKMP-BPL,S_AND_T,AxleCounterCalibration,2023-12-14T00:00:00,4.5,549996.0,145
HIS-000484,AST-TRA-0078,SEC-RKMP-BPL,TRACTION,ContactWireReplacement,2026-07-07T00:00:00,5.5,447369.0,612
HIS-000485,AST-S_A-0144,SEC-RKMP-BPL,S_AND_T,AxleCounterCalibration,2025-12-03T00:00:00,7.1,511648.0,426
HIS-000486,AST-S_A-0090,SEC-RKMP-BPL,S_AND_T,TurnoutAdjustment,2026-05-23T00:00:00,5.9,416003.0,548
HIS-000487,AST-ENG-0358,SEC-RKMP-BPL,ENGINEERING,TrackTamping,2025-08-27T00:00:00,6.5,465871.0,350
HIS-000488,AST-TRA-0465,SEC-RKMP-BPL,TRACTION,OHEInspection,2023-05-04T00:00:00,3.2,520003.0,108
HIS-000489,AST-ENG-0439,SEC-RKMP-BPL,ENGINEERING,TrackTamping,2023-11-27T00:00:00,6.9,407260.0,264
HIS-000490,AST-ENG-0388,SEC-RKMP-BPL,ENGINEERING,SleeperRenewal,2025-09-21T00:00:00,6.7,118409.0,331
HIS-000491,AST-ENG-0001,SEC-RKMP-BPL,ENGINEERING,SleeperRenewal,2023-04-18T00:00:00,4.3,74193.0,190
HIS-000492,AST-ENG-0038,SEC-RKMP-BPL,ENGINEERING,TrackTamping,2022-04-05T00:00:00,7.0,326796.0,342
HIS-000493,AST-S_A-0413,SEC-RKMP-BPL,S_AND_T,SignalCableRenewal,2026-09-04T00:00:00,1.9,427178.0,285
HIS-000494,AST-S_A-0135,SEC-RKMP-BPL,S_AND_T,PointMachineOverhaul,2025-03-17T00:00:00,1.8,251652.0,331
HIS-000495,AST-TRA-0357,SEC-RKMP-BPL,TRACTION,DropperReplacement,2026-02-23T00:00:00,3.5,128973.0,176
HIS-000496,AST-ENG-0439,SEC-RKMP-BPL,ENGINEERING,TrackTamping,2023-03-27T00:00:00,7.8,224873.0,302
HIS-000497,AST-TRA-0267,SEC-RKMP-BPL,TRACTION,ContactWireReplacement,2026-08-25T00:00:00,1.0,528708.0,355
HIS-000498,AST-S_A-0471,SEC-RKMP-BPL,S_AND_T,TurnoutAdjustment,2024-12-05T00:00:00,1.3,532540.0,389
HIS-000499,AST-S_A-0323,SEC-RKMP-BPL,S_AND_T,TurnoutAdjustment,2022-05-29T00:00:00,8.0,439474.0,358
HIS-000500,AST-S_A-0026,SEC-RKMP-BPL,S_AND_T,AxleCounterCalibration,2022-04-10T00:00:00,4.7,476819.0,405
HIS-000501,AST-TRA-0320,SEC-RKMP-BPL,TRACTION,DropperReplacement,2025-09-19T00:00:00,7.6,633769.0,403
HIS-000502,AST-TRA-0087,SEC-RKMP-BPL,TRACTION,OHEInspection,2023-07-08T00:00:00,2.0,227686.0,272
HIS-000503,AST-TRA-0276,SEC-RKMP-BPL,TRACTION,InsulatorReplacement,2024-12-25T00:00:00,5.3,135328.0,196
HIS-000504,AST-S_A-0184,SEC-RKMP-BPL,S_AND_T,TurnoutAdjustment,2024-12-05T00:00:00,4.6,570373.0,175
HIS-000505,AST-S_A-0414,SEC-RKMP-BPL,S_AND_T,SignalCableRenewal,2026-08-10T00:00:00,5.2,174403.0,345
HIS-000506,AST-TRA-0392,SEC-RKMP-BPL,TRACTION,DropperReplacement,2023-07-11T00:00:00,2.1,517324.0,279
HIS-000507,AST-TRA-0393,SEC-RKMP-BPL,TRACTION,DropperReplacement,2025-08-19T00:00:00,2.9,512419.0,104
HIS-000508,AST-TRA-0257,SEC-RKMP-BPL,TRACTION,ContactWireReplacement,2023-07-10T00:00:00,2.4,301530.0,299
HIS-000509,AST-S_A-0247,SEC-RKMP-BPL,S_AND_T,SignalCableRenewal,2022-11-26T00:00:00,5.3,155277.0,242
HIS-000510,AST-S_A-0211,SEC-RKMP-BPL,S_AND_T,AxleCounterCalibration,2023-05-23T00:00:00,4.5,542163.0,423
HIS-000511,AST-S_A-0021,SEC-RKMP-BPL,S_AND_T,SignalCableRenewal,2026-02-13T00:00:00,2.5,242127.0,375
HIS-000512,AST-ENG-0181,SEC-RKMP-BPL,ENGINEERING,SleeperRenewal,2024-06-16T00:00:00,8.0,553294.0,301
HIS-000513,AST-TRA-0383,SEC-RKMP-BPL,TRACTION,ContactWireReplacement,2024-06-03T00:00:00,6.4,236502.0,310
HIS-000514,AST-S_A-0161,SEC-RKMP-BPL,S_AND_T,PointMachineOverhaul,2023-03-21T00:00:00,2.7,448135.0,262
HIS-000515,AST-S_A-0435,SEC-RKMP-BPL,S_AND_T,TurnoutAdjustment,2024-11-27T00:00:00,5.0,87059.0,382
HIS-000516,AST-ENG-0136,SEC-RKMP-BPL,ENGINEERING,JointWelding,2025-07-20T00:00:00,6.7,118442.0,198
HIS-000517,AST-ENG-0442,SEC-RKMP-BPL,ENGINEERING,SleeperRenewal,2022-03-02T00:00:00,6.8,421700.0,266
HIS-000518,AST-TRA-0069,SEC-RKMP-BPL,TRACTION,OHEInspection,2024-12-16T00:00:00,4.6,336977.0,552
HIS-000519,AST-S_A-0431,SEC-RKMP-BPL,S_AND_T,AxleCounterCalibration,2025-07-29T00:00:00,7.5,631566.0,392
HIS-000520,AST-ENG-0155,SEC-RKMP-BPL,ENGINEERING,BallastCleaning,2023-07-08T00:00:00,4.7,565133.0,197
HIS-000521,AST-ENG-0299,SEC-RKMP-BPL,ENGINEERING,BallastCleaning,2022-12-12T00:00:00,6.5,558837.0,406
HIS-000522,AST-ENG-0406,SEC-RKMP-BPL,ENGINEERING,TrackTamping,2025-01-03T00:00:00,6.6,252222.0,436
HIS-000523,AST-S_A-0207,SEC-RKMP-BPL,S_AND_T,PointMachineOverhaul,2023-08-26T00:00:00,3.9,273069.0,501
HIS-000524,AST-ENG-0101,SEC-RKMP-BPL,ENGINEERING,RailGrinding,2025-11-20T00:00:00,3.0,631029.0,130
HIS-000525,AST-S_A-0210,SEC-RKMP-BPL,S_AND_T,AxleCounterCalibration,2026-01-13T00:00:00,4.4,192086.0,403
HIS-000526,AST-ENG-0145,SEC-RKMP-BPL,ENGINEERING,SleeperRenewal,2025-12-03T00:00:00,2.7,109452.0,189
HIS-000527,AST-S_A-0125,SEC-RKMP-BPL,S_AND_T,TurnoutAdjustment,2026-06-25T00:00:00,6.7,355685.0,147
HIS-000528,AST-S_A-0453,SEC-RKMP-BPL,S_AND_T,PointMachineOverhaul,2025-02-13T00:00:00,1.6,565727.0,232
HIS-000529,AST-S_A-0138,SEC-RKMP-BPL,S_AND_T,SignalCableRenewal,2024-05-11T00:00:00,6.4,41917.0,431
HIS-000530,AST-ENG-0308,SEC-RKMP-BPL,ENGINEERING,JointWelding,2023-12-23T00:00:00,1.8,190499.0,469
HIS-000531,AST-TRA-0321,SEC-RKMP-BPL,TRACTION,OHEInspection,2024-03-21T00:00:00,7.9,202592.0,183
HIS-000532,AST-ENG-0019,SEC-RKMP-BPL,ENGINEERING,BallastCleaning,2022-12-07T00:00:00,1.2,353121.0,398
HIS-000533,AST-S_A-0193,SEC-RKMP-BPL,S_AND_T,SignalCableRenewal,2024-07-29T00:00:00,4.5,263241.0,416
HIS-000534,AST-S_A-0117,SEC-RKMP-BPL,S_AND_T,SignalCableRenewal,2022-04-02T00:00:00,6.9,208651.0,390
HIS-000535,AST-ENG-0106,SEC-RKMP-BPL,ENGINEERING,BallastCleaning,2025-10-14T00:00:00,5.5,455735.0,378
HIS-000536,AST-S_A-0462,SEC-RKMP-BPL,S_AND_T,AxleCounterCalibration,2021-11-18T00:00:00,1.2,105422.0,308
HIS-000537,AST-ENG-0128,SEC-RKMP-BPL,ENGINEERING,BallastCleaning,2022-08-15T00:00:00,6.7,584293.0,202
HIS-000538,AST-ENG-0271,SEC-RKMP-BPL,ENGINEERING,BallastCleaning,2023-05-11T00:00:00,2.4,529237.0,239
HIS-000539,AST-S_A-0246,SEC-RKMP-BPL,S_AND_T,SignalCableRenewal,2026-03-30T00:00:00,7.0,535636.0,508
HIS-000540,AST-ENG-0358,SEC-RKMP-BPL,ENGINEERING,JointWelding,2023-04-14T00:00:00,3.7,114674.0,257
HIS-000541,AST-S_A-0162,SEC-RKMP-BPL,S_AND_T,TurnoutAdjustment,2022-02-08T00:00:00,4.6,43038.0,194
HIS-000542,AST-S_A-0062,SEC-RKMP-BPL,S_AND_T,AxleCounterCalibration,2025-05-22T00:00:00,3.2,271892.0,456
HIS-000543,AST-S_A-0067,SEC-RKMP-BPL,S_AND_T,AxleCounterCalibration,2026-08-16T00:00:00,5.2,81748.0,114
HIS-000544,AST-ENG-0307,SEC-RKMP-BPL,ENGINEERING,RailGrinding,2026-07-03T00:00:00,4.7,126241.0,219
HIS-000545,AST-ENG-0317,SEC-RKMP-BPL,ENGINEERING,BallastCleaning,2025-03-03T00:00:00,2.5,324513.0,375
HIS-000546,AST-ENG-0430,SEC-RKMP-BPL,ENGINEERING,RailGrinding,2023-07-01T00:00:00,5.9,247238.0,440
HIS-000547,AST-ENG-0331,SEC-RKMP-BPL,ENGINEERING,RailGrinding,2026-07-21T00:00:00,7.4,154434.0,338
HIS-000548,AST-ENG-0250,SEC-RKMP-BPL,ENGINEERING,BallastCleaning,2022-05-07T00:00:00,2.7,362420.0,207
HIS-000549,AST-S_A-0324,SEC-RKMP-BPL,S_AND_T,TurnoutAdjustment,2023-01-11T00:00:00,1.7,617797.0,282
HIS-000550,AST-S_A-0282,SEC-RKMP-BPL,S_AND_T,AxleCounterCalibration,2025-10-10T00:00:00,5.4,569473.0,397
HIS-000551,AST-S_A-0440,SEC-RKMP-BPL,S_AND_T,PointMachineOverhaul,2024-12-14T00:00:00,2.1,625933.0,176
HIS-000552,AST-TRA-0411,SEC-RKMP-BPL,TRACTION,InsulatorReplacement,2023-06-13T00:00:00,1.4,593973.0,234
HIS-000553,AST-S_A-0291,SEC-RKMP-BPL,S_AND_T,TurnoutAdjustment,2021-11-10T00:00:00,5.7,343174.0,53
HIS-000554,AST-S_A-0441,SEC-RKMP-BPL,S_AND_T,PointMachineOverhaul,2025-06-19T00:00:00,2.1,220877.0,341
HIS-000555,AST-ENG-0236,SEC-RKMP-BPL,ENGINEERING,JointWelding,2026-06-24T00:00:00,5.8,43024.0,78
HIS-000556,AST-ENG-0169,SEC-RKMP-BPL,ENGINEERING,SleeperRenewal,2025-08-25T00:00:00,5.7,95126.0,446
HIS-000557,AST-ENG-0244,SEC-RKMP-BPL,ENGINEERING,TrackTamping,2024-08-25T00:00:00,6.4,287786.0,437
HIS-000558,AST-ENG-0487,SEC-RKMP-BPL,ENGINEERING,JointWelding,2021-11-04T00:00:00,5.3,476879.0,538
HIS-000559,AST-S_A-0351,SEC-RKMP-BPL,S_AND_T,PointMachineOverhaul,2025-03-10T00:00:00,6.5,330093.0,289
HIS-000560,AST-ENG-0208,SEC-RKMP-BPL,ENGINEERING,SleeperRenewal,2026-07-02T00:00:00,6.8,487107.0,10
HIS-000561,AST-ENG-0343,SEC-RKMP-BPL,ENGINEERING,RailGrinding,2022-01-30T00:00:00,6.2,82553.0,386
HIS-000562,AST-S_A-0264,SEC-RKMP-BPL,S_AND_T,AxleCounterCalibration,2024-07-05T00:00:00,1.5,155978.0,295
HIS-000563,AST-ENG-0316,SEC-RKMP-BPL,ENGINEERING,JointWelding,2023-10-12T00:00:00,5.8,61040.0,399
HIS-000564,AST-S_A-0408,SEC-RKMP-BPL,S_AND_T,PointMachineOverhaul,2024-02-07T00:00:00,5.2,526278.0,102
HIS-000565,AST-ENG-0011,SEC-RKMP-BPL,ENGINEERING,TrackTamping,2024-12-13T00:00:00,5.3,519012.0,133
HIS-000566,AST-TRA-0384,SEC-RKMP-BPL,TRACTION,DropperReplacement,2022-08-02T00:00:00,1.3,122442.0,267
HIS-000567,AST-S_A-0413,SEC-RKMP-BPL,S_AND_T,SignalCableRenewal,2024-03-19T00:00:00,5.5,249725.0,241
HIS-000568,AST-ENG-0286,SEC-RKMP-BPL,ENGINEERING,JointWelding,2022-05-02T00:00:00,2.0,49371.0,292
HIS-000569,AST-ENG-0412,SEC-RKMP-BPL,ENGINEERING,SleeperRenewal,2022-10-14T00:00:00,5.9,199960.0,55
HIS-000570,AST-S_A-0373,SEC-RKMP-BPL,S_AND_T,AxleCounterCalibration,2026-06-24T00:00:00,5.5,615136.0,208
HIS-000571,AST-S_A-0432,SEC-RKMP-BPL,S_AND_T,TurnoutAdjustment,2026-08-14T00:00:00,5.4,527624.0,449
HIS-000572,AST-S_A-0216,SEC-RKMP-BPL,S_AND_T,AxleCounterCalibration,2022-03-29T00:00:00,7.6,159536.0,105
HIS-000573,AST-ENG-0407,SEC-RKMP-BPL,ENGINEERING,JointWelding,2022-10-02T00:00:00,7.3,509863.0,483
HIS-000574,AST-S_A-0345,SEC-RKMP-BPL,S_AND_T,TurnoutAdjustment,2023-01-23T00:00:00,5.6,553658.0,381
HIS-000575,AST-TRA-0059,SEC-RKMP-BPL,TRACTION,OHEInspection,2023-07-17T00:00:00,2.0,69504.0,186
HIS-000576,AST-S_A-0354,SEC-RKMP-BPL,S_AND_T,PointMachineOverhaul,2024-04-30T00:00:00,7.7,351050.0,468
HIS-000577,AST-S_A-0315,SEC-RKMP-BPL,S_AND_T,TurnoutAdjustment,2022-05-27T00:00:00,6.4,90973.0,425
HIS-000578,AST-S_A-0045,SEC-RKMP-BPL,S_AND_T,PointMachineOverhaul,2023-07-28T00:00:00,3.5,594017.0,358
HIS-000579,AST-ENG-0335,SEC-RKMP-BPL,ENGINEERING,JointWelding,2025-07-26T00:00:00,1.2,506431.0,322
HIS-000580,AST-TRA-0104,SEC-RKMP-BPL,TRACTION,InsulatorReplacement,2025-07-08T00:00:00,2.1,61104.0,266
HIS-000581,AST-S_A-0444,SEC-RKMP-BPL,S_AND_T,PointMachineOverhaul,2024-03-21T00:00:00,6.8,404083.0,225
HIS-000582,AST-TRA-0104,SEC-RKMP-BPL,TRACTION,InsulatorReplacement,2024-01-29T00:00:00,3.4,512842.0,167
HIS-000583,AST-S_A-0373,SEC-RKMP-BPL,S_AND_T,SignalCableRenewal,2021-09-24T00:00:00,3.2,94501.0,124
HIS-000584,AST-S_A-0237,SEC-RKMP-BPL,S_AND_T,PointMachineOverhaul,2025-01-29T00:00:00,6.0,80667.0,441
HIS-000585,AST-TRA-0167,SEC-RKMP-BPL,TRACTION,ContactWireReplacement,2025-10-24T00:00:00,4.0,504507.0,216
HIS-000586,AST-TRA-0231,SEC-RKMP-BPL,TRACTION,ContactWireReplacement,2024-11-28T00:00:00,6.4,610708.0,202
HIS-000587,AST-ENG-0118,SEC-RKMP-BPL,ENGINEERING,BallastCleaning,2021-11-04T00:00:00,6.5,616277.0,297
HIS-000588,AST-TRA-0014,SEC-RKMP-BPL,TRACTION,OHEInspection,2025-12-17T00:00:00,1.6,161256.0,322
HIS-000589,AST-ENG-0187,SEC-RKMP-BPL,ENGINEERING,TrackTamping,2024-12-26T00:00:00,7.8,232789.0,220
HIS-000590,AST-S_A-0237,SEC-RKMP-BPL,S_AND_T,TurnoutAdjustment,2025-07-08T00:00:00,4.6,631706.0,322
HIS-000591,AST-TRA-0176,SEC-RKMP-BPL,TRACTION,DropperReplacement,2026-04-14T00:00:00,5.7,380264.0,168
HIS-000592,AST-TRA-0248,SEC-RKMP-BPL,TRACTION,OHEInspection,2022-03-03T00:00:00,5.8,556037.0,242
HIS-000593,AST-S_A-0237,SEC-RKMP-BPL,S_AND_T,PointMachineOverhaul,2022-12-23T00:00:00,5.7,609307.0,468
HIS-000594,AST-TRA-0068,SEC-RKMP-BPL,TRACTION,OHEInspection,2025-12-23T00:00:00,4.8,295682.0,146
HIS-000595,AST-ENG-0223,SEC-RKMP-BPL,ENGINEERING,TrackTamping,2023-08-03T00:00:00,3.7,35525.0,183
HIS-000596,AST-S_A-0279,SEC-RKMP-BPL,S_AND_T,PointMachineOverhaul,2026-01-28T00:00:00,3.6,588604.0,347
HIS-000597,AST-ENG-0073,SEC-RKMP-BPL,ENGINEERING,RailGrinding,2023-08-15T00:00:00,3.7,159805.0,438
HIS-000598,AST-S_A-0404,SEC-RKMP-BPL,S_AND_T,AxleCounterCalibration,2022-07-20T00:00:00,7.6,500302.0,481
HIS-000599,AST-S_A-0174,SEC-RKMP-BPL,S_AND_T,TurnoutAdjustment,2022-02-14T00:00:00,7.1,167884.0,111
HIS-000600,AST-S_A-0382,SEC-RKMP-BPL,S_AND_T,TurnoutAdjustment,2022-07-07T00:00:00,4.6,481333.0,328
HIS-000601,AST-ENG-0020,SEC-RKMP-BPL,ENGINEERING,BallastCleaning,2024-08-07T00:00:00,5.7,120269.0,579
HIS-000602,AST-ENG-0163,SEC-RKMP-BPL,ENGINEERING,JointWelding,2025-01-03T00:00:00,3.5,340697.0,306
HIS-000603,AST-ENG-0214,SEC-RKMP-BPL,ENGINEERING,RailGrinding,2025-05-30T00:00:00,5.5,529406.0,192
HIS-000604,AST-TRA-0185,SEC-RKMP-BPL,TRACTION,DropperReplacement,2022-05-22T00:00:00,3.6,231086.0,112
HIS-000605,AST-S_A-0391,SEC-RKMP-BPL,S_AND_T,AxleCounterCalibration,2025-04-04T00:00:00,5.9,348744.0,257
HIS-000606,AST-TRA-0374,SEC-RKMP-BPL,TRACTION,InsulatorReplacement,2025-07-03T00:00:00,3.2,98805.0,326
HIS-000607,AST-TRA-0312,SEC-RKMP-BPL,TRACTION,DropperReplacement,2023-08-16T00:00:00,1.1,85156.0,96
HIS-000608,AST-S_A-0103,SEC-RKMP-BPL,S_AND_T,AxleCounterCalibration,2025-09-05T00:00:00,4.8,249211.0,359
HIS-000609,AST-S_A-0378,SEC-RKMP-BPL,S_AND_T,PointMachineOverhaul,2022-06-30T00:00:00,3.8,230110.0,156
HIS-000610,AST-TRA-0140,SEC-RKMP-BPL,TRACTION,DropperReplacement,2023-09-02T00:00:00,1.3,68550.0,360
HIS-000611,AST-ENG-0173,SEC-RKMP-BPL,ENGINEERING,TrackTamping,2025-08-07T00:00:00,1.1,489610.0,397
HIS-000612,AST-ENG-0340,SEC-RKMP-BPL,ENGINEERING,JointWelding,2022-04-03T00:00:00,4.9,117424.0,263
HIS-000613,AST-ENG-0406,SEC-RKMP-BPL,ENGINEERING,TrackTamping,2025-05-06T00:00:00,6.1,304426.0,427
HIS-000614,AST-ENG-0082,SEC-RKMP-BPL,ENGINEERING,TrackTamping,2025-09-22T00:00:00,3.1,25270.0,158
HIS-000615,AST-TRA-0482,SEC-RKMP-BPL,TRACTION,OHEInspection,2023-05-03T00:00:00,2.5,76016.0,175
HIS-000616,AST-S_A-0396,SEC-RKMP-BPL,S_AND_T,TurnoutAdjustment,2023-09-09T00:00:00,2.1,329544.0,225
HIS-000617,AST-ENG-0091,SEC-RKMP-BPL,ENGINEERING,TrackTamping,2021-12-22T00:00:00,2.1,92094.0,433
HIS-000618,AST-S_A-0156,SEC-RKMP-BPL,S_AND_T,AxleCounterCalibration,2022-12-25T00:00:00,4.7,91003.0,453
HIS-000619,AST-S_A-0134,SEC-RKMP-BPL,S_AND_T,AxleCounterCalibration,2026-06-16T00:00:00,2.0,492810.0,111
HIS-000620,AST-ENG-0019,SEC-RKMP-BPL,ENGINEERING,BallastCleaning,2025-08-11T00:00:00,6.2,136543.0,280
HIS-000621,AST-ENG-0073,SEC-RKMP-BPL,ENGINEERING,RailGrinding,2025-03-02T00:00:00,5.0,244298.0,499
HIS-000622,AST-S_A-0372,SEC-RKMP-BPL,S_AND_T,SignalCableRenewal,2026-03-09T00:00:00,2.9,642765.0,171
HIS-000623,AST-ENG-0488,SEC-RKMP-BPL,ENGINEERING,RailGrinding,2026-07-01T00:00:00,1.7,209330.0,242
HIS-000624,AST-ENG-0488,SEC-RKMP-BPL,ENGINEERING,RailGrinding,2023-06-09T00:00:00,7.9,524605.0,371
HIS-000625,AST-ENG-0160,SEC-RKMP-BPL,ENGINEERING,SleeperRenewal,2024-08-26T00:00:00,7.1,28176.0,306
HIS-000626,AST-ENG-0217,SEC-RKMP-BPL,ENGINEERING,JointWelding,2024-12-04T00:00:00,7.4,367582.0,163
HIS-000627,AST-ENG-0214,SEC-RKMP-BPL,ENGINEERING,BallastCleaning,2024-09-05T00:00:00,7.0,347410.0,204
HIS-000628,AST-S_A-0233,SEC-RKMP-BPL,S_AND_T,TurnoutAdjustment,2021-10-17T00:00:00,2.4,233209.0,421
HIS-000629,AST-S_A-0405,SEC-RKMP-BPL,S_AND_T,SignalCableRenewal,2022-04-25T00:00:00,7.9,419518.0,343
HIS-000630,AST-TRA-0132,SEC-RKMP-BPL,TRACTION,ContactWireReplacement,2024-05-02T00:00:00,6.3,69426.0,350
HIS-000631,AST-ENG-0163,SEC-RKMP-BPL,ENGINEERING,RailGrinding,2023-11-29T00:00:00,1.3,380127.0,297
HIS-000632,AST-TRA-0041,SEC-RKMP-BPL,TRACTION,InsulatorReplacement,2023-05-09T00:00:00,2.5,385456.0,340
HIS-000633,AST-ENG-0001,SEC-RKMP-BPL,ENGINEERING,JointWelding,2025-06-26T00:00:00,1.4,199212.0,215
HIS-000634,AST-ENG-0025,SEC-RKMP-BPL,ENGINEERING,JointWelding,2025-12-05T00:00:00,3.7,189848.0,370
HIS-000635,AST-ENG-0101,SEC-RKMP-BPL,ENGINEERING,BallastCleaning,2025-02-01T00:00:00,4.4,312458.0,71
HIS-000636,AST-ENG-0433,SEC-RKMP-BPL,ENGINEERING,RailGrinding,2023-03-03T00:00:00,2.8,519537.0,547
HIS-000637,AST-ENG-0223,SEC-RKMP-BPL,ENGINEERING,TrackTamping,2026-04-29T00:00:00,5.8,304248.0,189
HIS-000638,AST-S_A-0206,SEC-RKMP-BPL,S_AND_T,TurnoutAdjustment,2022-02-20T00:00:00,5.2,107919.0,162
HIS-000639,AST-ENG-0011,SEC-RKMP-BPL,ENGINEERING,BallastCleaning,2025-07-09T00:00:00,5.3,184530.0,157
HIS-000640,AST-ENG-0029,SEC-RKMP-BPL,ENGINEERING,JointWelding,2024-09-20T00:00:00,6.1,376039.0,261
HIS-000641,AST-ENG-0259,SEC-RKMP-BPL,ENGINEERING,RailGrinding,2025-12-12T00:00:00,1.5,471897.0,175
HIS-000642,AST-S_A-0189,SEC-RKMP-BPL,S_AND_T,PointMachineOverhaul,2024-08-26T00:00:00,3.4,216057.0,66
HIS-000643,AST-S_A-0062,SEC-RKMP-BPL,S_AND_T,AxleCounterCalibration,2024-02-05T00:00:00,1.1,299412.0,313
HIS-000644,AST-TRA-0150,SEC-RKMP-BPL,TRACTION,InsulatorReplacement,2024-09-10T00:00:00,6.5,172639.0,323
HIS-000645,AST-S_A-0094,SEC-RKMP-BPL,S_AND_T,SignalCableRenewal,2025-12-07T00:00:00,7.0,311766.0,340
HIS-000646,AST-S_A-0192,SEC-RKMP-BPL,S_AND_T,AxleCounterCalibration,2023-11-30T00:00:00,5.6,494504.0,487
HIS-000647,AST-ENG-0412,SEC-RKMP-BPL,ENGINEERING,BallastCleaning,2022-04-21T00:00:00,5.9,69280.0,222
HIS-000648,AST-S_A-0081,SEC-RKMP-BPL,S_AND_T,TurnoutAdjustment,2023-10-01T00:00:00,4.8,99242.0,154
HIS-000649,AST-TRA-0293,SEC-RKMP-BPL,TRACTION,ContactWireReplacement,2026-09-02T00:00:00,7.1,77211.0,90
HIS-000650,AST-S_A-0270,SEC-RKMP-BPL,S_AND_T,SignalCableRenewal,2025-04-23T00:00:00,4.8,559916.0,103
HIS-000651,AST-TRA-0446,SEC-RKMP-BPL,TRACTION,InsulatorReplacement,2024-03-11T00:00:00,2.0,580079.0,366
HIS-000652,AST-S_A-0057,SEC-RKMP-BPL,S_AND_T,TurnoutAdjustment,2023-11-22T00:00:00,5.9,575257.0,131
HIS-000653,AST-S_A-0117,SEC-RKMP-BPL,S_AND_T,SignalCableRenewal,2022-06-20T00:00:00,1.2,599016.0,472
HIS-000654,AST-S_A-0386,SEC-RKMP-BPL,S_AND_T,PointMachineOverhaul,2024-12-17T00:00:00,3.9,243735.0,404
HIS-000655,AST-S_A-0377,SEC-RKMP-BPL,S_AND_T,PointMachineOverhaul,2021-10-04T00:00:00,7.9,156177.0,439
HIS-000656,AST-S_A-0237,SEC-RKMP-BPL,S_AND_T,PointMachineOverhaul,2022-10-28T00:00:00,7.1,316288.0,329
HIS-000657,AST-S_A-0067,SEC-RKMP-BPL,S_AND_T,SignalCableRenewal,2022-01-03T00:00:00,8.0,472129.0,310
HIS-000658,AST-S_A-0166,SEC-RKMP-BPL,S_AND_T,SignalCableRenewal,2023-09-21T00:00:00,2.7,457820.0,300
HIS-000659,AST-TRA-0203,SEC-RKMP-BPL,TRACTION,ContactWireReplacement,2023-04-09T00:00:00,2.6,267941.0,203
HIS-000660,AST-S_A-0116,SEC-RKMP-BPL,S_AND_T,TurnoutAdjustment,2025-04-29T00:00:00,3.9,44328.0,74
HIS-000661,AST-ENG-0083,SEC-RKMP-BPL,ENGINEERING,SleeperRenewal,2026-07-21T00:00:00,5.4,444927.0,290
HIS-000662,AST-S_A-0080,SEC-RKMP-BPL,S_AND_T,TurnoutAdjustment,2023-09-01T00:00:00,6.7,269179.0,350
HIS-000663,AST-S_A-0135,SEC-RKMP-BPL,S_AND_T,PointMachineOverhaul,2022-04-20T00:00:00,4.6,275324.0,275
HIS-000664,AST-ENG-0244,SEC-RKMP-BPL,ENGINEERING,TrackTamping,2022-05-27T00:00:00,4.7,358633.0,251
HIS-000665,AST-S_A-0210,SEC-RKMP-BPL,S_AND_T,TurnoutAdjustment,2026-01-12T00:00:00,4.8,141299.0,328
HIS-000666,AST-S_A-0228,SEC-RKMP-BPL,S_AND_T,PointMachineOverhaul,2025-11-05T00:00:00,3.5,437843.0,321
HIS-000667,AST-S_A-0309,SEC-RKMP-BPL,S_AND_T,SignalCableRenewal,2024-09-17T00:00:00,6.4,386271.0,389
HIS-000668,AST-S_A-0399,SEC-RKMP-BPL,S_AND_T,TurnoutAdjustment,2023-11-30T00:00:00,5.7,187216.0,337
HIS-000669,AST-TRA-0492,SEC-RKMP-BPL,TRACTION,OHEInspection,2026-08-20T00:00:00,4.0,496895.0,307
HIS-000670,AST-ENG-0154,SEC-RKMP-BPL,ENGINEERING,TrackTamping,2022-03-28T00:00:00,6.4,114712.0,190
HIS-000671,AST-S_A-0490,SEC-RKMP-BPL,S_AND_T,TurnoutAdjustment,2022-06-23T00:00:00,7.9,248164.0,300
HIS-000672,AST-TRA-0239,SEC-RKMP-BPL,TRACTION,DropperReplacement,2026-01-22T00:00:00,6.9,468725.0,356
HIS-000673,AST-ENG-0115,SEC-RKMP-BPL,ENGINEERING,TrackTamping,2026-02-24T00:00:00,7.9,110164.0,112
HIS-000674,AST-ENG-0029,SEC-RKMP-BPL,ENGINEERING,RailGrinding,2026-04-10T00:00:00,4.4,184598.0,266
HIS-000675,AST-S_A-0180,SEC-RKMP-BPL,S_AND_T,PointMachineOverhaul,2023-04-23T00:00:00,5.1,590284.0,527
HIS-000676,AST-ENG-0163,SEC-RKMP-BPL,ENGINEERING,RailGrinding,2025-02-07T00:00:00,5.1,45486.0,282
HIS-000677,AST-S_A-0179,SEC-RKMP-BPL,S_AND_T,AxleCounterCalibration,2025-07-26T00:00:00,3.7,216224.0,194
HIS-000678,AST-S_A-0471,SEC-RKMP-BPL,S_AND_T,PointMachineOverhaul,2024-09-29T00:00:00,7.9,294004.0,325
HIS-000679,AST-ENG-0299,SEC-RKMP-BPL,ENGINEERING,TrackTamping,2024-12-10T00:00:00,3.7,87138.0,411
HIS-000680,AST-TRA-0438,SEC-RKMP-BPL,TRACTION,DropperReplacement,2025-06-03T00:00:00,7.7,163814.0,130
HIS-000681,AST-ENG-0367,SEC-RKMP-BPL,ENGINEERING,TrackTamping,2022-11-15T00:00:00,6.2,500908.0,169
HIS-000682,AST-S_A-0342,SEC-RKMP-BPL,S_AND_T,SignalCableRenewal,2024-02-24T00:00:00,2.7,496049.0,314
HIS-000683,AST-S_A-0360,SEC-RKMP-BPL,S_AND_T,PointMachineOverhaul,2021-10-11T00:00:00,1.2,194661.0,313
HIS-000684,AST-ENG-0016,SEC-RKMP-BPL,ENGINEERING,SleeperRenewal,2022-10-28T00:00:00,7.8,552626.0,127
HIS-000685,AST-TRA-0455,SEC-RKMP-BPL,TRACTION,DropperReplacement,2024-09-17T00:00:00,6.1,612303.0,264
HIS-000686,AST-S_A-0323,SEC-RKMP-BPL,S_AND_T,AxleCounterCalibration,2025-04-17T00:00:00,5.2,230753.0,329
HIS-000687,AST-S_A-0310,SEC-RKMP-BPL,S_AND_T,TurnoutAdjustment,2022-11-25T00:00:00,2.9,295251.0,241
HIS-000688,AST-ENG-0415,SEC-RKMP-BPL,ENGINEERING,SleeperRenewal,2024-04-05T00:00:00,6.4,428384.0,559
HIS-000689,AST-ENG-0173,SEC-RKMP-BPL,ENGINEERING,BallastCleaning,2025-05-22T00:00:00,4.7,599002.0,466
HIS-000690,AST-ENG-0389,SEC-RKMP-BPL,ENGINEERING,SleeperRenewal,2022-11-02T00:00:00,6.6,263814.0,509
HIS-000691,AST-ENG-0236,SEC-RKMP-BPL,ENGINEERING,JointWelding,2026-04-11T00:00:00,2.7,58124.0,84
HIS-000692,AST-ENG-0452,SEC-RKMP-BPL,ENGINEERING,TrackTamping,2022-08-10T00:00:00,6.2,325843.0,268
HIS-000693,AST-TRA-0410,SEC-RKMP-BPL,TRACTION,DropperReplacement,2026-02-05T00:00:00,1.7,65940.0,158
HIS-000694,AST-ENG-0061,SEC-RKMP-BPL,ENGINEERING,BallastCleaning,2023-09-07T00:00:00,6.5,200426.0,260
HIS-000695,AST-TRA-0033,SEC-RKMP-BPL,TRACTION,ContactWireReplacement,2022-01-24T00:00:00,2.4,149227.0,104
HIS-000696,AST-S_A-0252,SEC-RKMP-BPL,S_AND_T,TurnoutAdjustment,2024-03-17T00:00:00,5.3,174942.0,219
HIS-000697,AST-TRA-0419,SEC-RKMP-BPL,TRACTION,ContactWireReplacement,2023-03-28T00:00:00,6.9,413623.0,526
HIS-000698,AST-S_A-0030,SEC-RKMP-BPL,S_AND_T,AxleCounterCalibration,2022-05-17T00:00:00,7.9,51502.0,245
HIS-000699,AST-S_A-0378,SEC-RKMP-BPL,S_AND_T,AxleCounterCalibration,2026-06-21T00:00:00,3.8,212097.0,166
HIS-000700,AST-S_A-0130,SEC-RKMP-BPL,S_AND_T,PointMachineOverhaul,2022-08-01T00:00:00,6.8,165909.0,353
HIS-000701,AST-S_A-0008,SEC-RKMP-BPL,S_AND_T,SignalCableRenewal,2021-09-29T00:00:00,2.9,583909.0,109
HIS-000702,AST-ENG-0343,SEC-RKMP-BPL,ENGINEERING,JointWelding,2021-11-30T00:00:00,1.5,160287.0,299
HIS-000703,AST-S_A-0283,SEC-RKMP-BPL,S_AND_T,TurnoutAdjustment,2023-04-22T00:00:00,6.7,349986.0,588
HIS-000704,AST-ENG-0137,SEC-RKMP-BPL,ENGINEERING,BallastCleaning,2022-08-11T00:00:00,6.5,597354.0,164
HIS-000705,AST-S_A-0372,SEC-RKMP-BPL,S_AND_T,PointMachineOverhaul,2026-04-02T00:00:00,8.0,41007.0,172
HIS-000706,AST-ENG-0367,SEC-RKMP-BPL,ENGINEERING,TrackTamping,2023-03-29T00:00:00,1.3,588351.0,197
HIS-000707,AST-ENG-0115,SEC-RKMP-BPL,ENGINEERING,JointWelding,2023-06-02T00:00:00,6.9,569319.0,10
HIS-000708,AST-ENG-0389,SEC-RKMP-BPL,ENGINEERING,JointWelding,2025-07-10T00:00:00,7.4,69355.0,358
HIS-000709,AST-S_A-0252,SEC-RKMP-BPL,S_AND_T,TurnoutAdjustment,2024-11-27T00:00:00,7.9,204328.0,494
HIS-000710,AST-S_A-0156,SEC-RKMP-BPL,S_AND_T,TurnoutAdjustment,2022-03-04T00:00:00,5.7,634172.0,444
HIS-000711,AST-S_A-0058,SEC-RKMP-BPL,S_AND_T,SignalCableRenewal,2022-04-02T00:00:00,4.8,154930.0,420
HIS-000712,AST-S_A-0134,SEC-RKMP-BPL,S_AND_T,AxleCounterCalibration,2022-03-15T00:00:00,5.0,338679.0,166
HIS-000713,AST-TRA-0446,SEC-RKMP-BPL,TRACTION,OHEInspection,2026-08-22T00:00:00,1.3,407339.0,349
HIS-000714,AST-S_A-0309,SEC-RKMP-BPL,S_AND_T,SignalCableRenewal,2021-12-07T00:00:00,2.3,310649.0,443
HIS-000715,AST-TRA-0221,SEC-RKMP-BPL,TRACTION,DropperReplacement,2022-11-06T00:00:00,1.8,120335.0,220
HIS-000716,AST-ENG-0281,SEC-RKMP-BPL,ENGINEERING,SleeperRenewal,2025-01-28T00:00:00,5.2,284895.0,364
HIS-000717,AST-S_A-0170,SEC-RKMP-BPL,S_AND_T,AxleCounterCalibration,2025-08-16T00:00:00,1.9,393846.0,336
HIS-000718,AST-S_A-0031,SEC-RKMP-BPL,S_AND_T,PointMachineOverhaul,2024-10-30T00:00:00,5.8,587831.0,409
HIS-000719,AST-ENG-0308,SEC-RKMP-BPL,ENGINEERING,BallastCleaning,2023-02-24T00:00:00,3.0,297918.0,424
HIS-000720,AST-ENG-0128,SEC-RKMP-BPL,ENGINEERING,JointWelding,2023-02-09T00:00:00,4.7,447382.0,69
HIS-000721,AST-ENG-0353,SEC-RKMP-BPL,ENGINEERING,JointWelding,2024-08-09T00:00:00,3.4,475845.0,500
HIS-000722,AST-S_A-0318,SEC-RKMP-BPL,S_AND_T,PointMachineOverhaul,2025-08-06T00:00:00,3.2,533378.0,83
HIS-000723,AST-S_A-0084,SEC-RKMP-BPL,S_AND_T,TurnoutAdjustment,2025-03-05T00:00:00,3.1,152902.0,302
HIS-000724,AST-S_A-0404,SEC-RKMP-BPL,S_AND_T,AxleCounterCalibration,2024-11-24T00:00:00,1.8,607641.0,365
HIS-000725,AST-S_A-0459,SEC-RKMP-BPL,S_AND_T,PointMachineOverhaul,2022-11-22T00:00:00,6.6,478271.0,135
HIS-000726,AST-ENG-0253,SEC-RKMP-BPL,ENGINEERING,TrackTamping,2021-10-24T00:00:00,1.2,338654.0,115
HIS-000727,AST-S_A-0183,SEC-RKMP-BPL,S_AND_T,TurnoutAdjustment,2023-05-29T00:00:00,1.9,649795.0,346
HIS-000728,AST-TRA-0357,SEC-RKMP-BPL,TRACTION,DropperReplacement,2025-12-06T00:00:00,3.6,293558.0,132
HIS-000729,AST-S_A-0004,SEC-RKMP-BPL,S_AND_T,PointMachineOverhaul,2023-12-04T00:00:00,7.2,585972.0,344
HIS-000730,AST-S_A-0207,SEC-RKMP-BPL,S_AND_T,AxleCounterCalibration,2022-07-03T00:00:00,1.9,621630.0,477
HIS-000731,AST-ENG-0151,SEC-RKMP-BPL,ENGINEERING,TrackTamping,2022-02-09T00:00:00,4.0,248540.0,184
HIS-000732,AST-ENG-0137,SEC-RKMP-BPL,ENGINEERING,BallastCleaning,2023-07-23T00:00:00,5.3,88880.0,156
HIS-000733,AST-TRA-0402,SEC-RKMP-BPL,TRACTION,DropperReplacement,2022-10-04T00:00:00,4.1,154348.0,412
HIS-000734,AST-S_A-0022,SEC-RKMP-BPL,S_AND_T,TurnoutAdjustment,2025-09-06T00:00:00,2.7,526710.0,159
HIS-000735,AST-ENG-0160,SEC-RKMP-BPL,ENGINEERING,SleeperRenewal,2024-02-16T00:00:00,1.8,118745.0,174
HIS-000736,AST-TRA-0411,SEC-RKMP-BPL,TRACTION,OHEInspection,2026-01-13T00:00:00,7.5,217621.0,257
HIS-000737,AST-ENG-0097,SEC-RKMP-BPL,ENGINEERING,TrackTamping,2023-01-19T00:00:00,7.8,68697.0,247
HIS-000738,AST-ENG-0163,SEC-RKMP-BPL,ENGINEERING,SleeperRenewal,2023-12-30T00:00:00,4.3,86502.0,287
HIS-000739,AST-S_A-0449,SEC-RKMP-BPL,S_AND_T,SignalCableRenewal,2026-01-27T00:00:00,6.2,278697.0,321
HIS-000740,AST-S_A-0238,SEC-RKMP-BPL,S_AND_T,SignalCableRenewal,2024-09-22T00:00:00,1.9,388399.0,283
HIS-000741,AST-S_A-0049,SEC-RKMP-BPL,S_AND_T,PointMachineOverhaul,2025-10-14T00:00:00,7.7,207408.0,353
HIS-000742,AST-S_A-0387,SEC-RKMP-BPL,S_AND_T,PointMachineOverhaul,2024-07-23T00:00:00,5.5,437159.0,439
HIS-000743,AST-ENG-0061,SEC-RKMP-BPL,ENGINEERING,JointWelding,2026-04-03T00:00:00,4.9,62771.0,422
HIS-000744,AST-TRA-0132,SEC-RKMP-BPL,TRACTION,InsulatorReplacement,2026-03-06T00:00:00,3.9,383038.0,548
HIS-000745,AST-S_A-0450,SEC-RKMP-BPL,S_AND_T,SignalCableRenewal,2021-12-08T00:00:00,3.9,56209.0,401
HIS-000746,AST-TRA-0023,SEC-RKMP-BPL,TRACTION,InsulatorReplacement,2022-04-05T00:00:00,1.7,105740.0,304
HIS-000747,AST-ENG-0241,SEC-RKMP-BPL,ENGINEERING,SleeperRenewal,2026-03-05T00:00:00,1.9,43809.0,177
HIS-000748,AST-S_A-0220,SEC-RKMP-BPL,S_AND_T,AxleCounterCalibration,2022-05-02T00:00:00,2.9,596071.0,221
HIS-000749,AST-ENG-0218,SEC-RKMP-BPL,ENGINEERING,JointWelding,2023-02-25T00:00:00,6.8,190493.0,223
HIS-000750,AST-S_A-0175,SEC-RKMP-BPL,S_AND_T,PointMachineOverhaul,2023-03-19T00:00:00,3.1,415116.0,538
HIS-000751,AST-S_A-0156,SEC-RKMP-BPL,S_AND_T,AxleCounterCalibration,2023-04-12T00:00:00,2.9,238273.0,409
HIS-000752,AST-ENG-0160,SEC-RKMP-BPL,ENGINEERING,TrackTamping,2026-02-04T00:00:00,2.7,125505.0,263
HIS-000753,AST-TRA-0374,SEC-RKMP-BPL,TRACTION,DropperReplacement,2022-04-19T00:00:00,6.4,434372.0,313
HIS-000754,AST-TRA-0159,SEC-RKMP-BPL,TRACTION,DropperReplacement,2025-02-22T00:00:00,5.6,642090.0,251
HIS-000755,AST-S_A-0377,SEC-RKMP-BPL,S_AND_T,AxleCounterCalibration,2026-05-31T00:00:00,1.7,355730.0,465
HIS-000756,AST-S_A-0148,SEC-RKMP-BPL,S_AND_T,AxleCounterCalibration,2025-09-01T00:00:00,2.3,594168.0,334
HIS-000757,AST-ENG-0452,SEC-RKMP-BPL,ENGINEERING,RailGrinding,2022-04-27T00:00:00,7.2,165946.0,270
HIS-000758,AST-TRA-0230,SEC-RKMP-BPL,TRACTION,OHEInspection,2025-02-02T00:00:00,2.9,622677.0,340
HIS-000759,AST-S_A-0270,SEC-RKMP-BPL,S_AND_T,AxleCounterCalibration,2025-08-29T00:00:00,4.7,497756.0,73
HIS-000760,AST-S_A-0054,SEC-RKMP-BPL,S_AND_T,SignalCableRenewal,2022-02-08T00:00:00,4.5,614805.0,112
HIS-000761,AST-TRA-0311,SEC-RKMP-BPL,TRACTION,DropperReplacement,2022-03-01T00:00:00,6.5,287643.0,458
HIS-000762,AST-S_A-0305,SEC-RKMP-BPL,S_AND_T,SignalCableRenewal,2025-07-23T00:00:00,2.5,371864.0,135
HIS-000763,AST-S_A-0009,SEC-RKMP-BPL,S_AND_T,PointMachineOverhaul,2024-03-06T00:00:00,7.4,202131.0,299
HIS-000764,AST-S_A-0197,SEC-RKMP-BPL,S_AND_T,AxleCounterCalibration,2021-09-14T00:00:00,5.4,503744.0,325
HIS-000765,AST-S_A-0148,SEC-RKMP-BPL,S_AND_T,AxleCounterCalibration,2022-04-19T00:00:00,4.6,32377.0,387
HIS-000766,AST-ENG-0007,SEC-RKMP-BPL,ENGINEERING,SleeperRenewal,2025-10-23T00:00:00,4.4,64472.0,332
HIS-000767,AST-S_A-0108,SEC-RKMP-BPL,S_AND_T,PointMachineOverhaul,2025-06-24T00:00:00,7.9,597370.0,485
HIS-000768,AST-S_A-0057,SEC-RKMP-BPL,S_AND_T,PointMachineOverhaul,2026-06-26T00:00:00,2.4,423403.0,243
HIS-000769,AST-S_A-0300,SEC-RKMP-BPL,S_AND_T,TurnoutAdjustment,2025-09-06T00:00:00,4.6,588931.0,400
HIS-000770,AST-S_A-0396,SEC-RKMP-BPL,S_AND_T,PointMachineOverhaul,2023-03-22T00:00:00,6.9,224817.0,165
HIS-000771,AST-S_A-0341,SEC-RKMP-BPL,S_AND_T,TurnoutAdjustment,2024-04-26T00:00:00,5.6,638447.0,330
HIS-000772,AST-S_A-0183,SEC-RKMP-BPL,S_AND_T,PointMachineOverhaul,2026-02-24T00:00:00,2.4,318572.0,539
HIS-000773,AST-S_A-0121,SEC-RKMP-BPL,S_AND_T,SignalCableRenewal,2025-11-10T00:00:00,1.0,119408.0,229
HIS-000774,AST-S_A-0220,SEC-RKMP-BPL,S_AND_T,AxleCounterCalibration,2024-01-18T00:00:00,4.6,376524.0,219
HIS-000775,AST-ENG-0478,SEC-RKMP-BPL,ENGINEERING,JointWelding,2025-06-17T00:00:00,1.2,395944.0,520
HIS-000776,AST-S_A-0297,SEC-RKMP-BPL,S_AND_T,AxleCounterCalibration,2022-11-09T00:00:00,5.4,470615.0,385
HIS-000777,AST-ENG-0088,SEC-RKMP-BPL,ENGINEERING,TrackTamping,2026-07-31T00:00:00,3.2,528843.0,469
HIS-000778,AST-ENG-0163,SEC-RKMP-BPL,ENGINEERING,JointWelding,2023-08-27T00:00:00,2.2,620902.0,341
HIS-000779,AST-ENG-0110,SEC-RKMP-BPL,ENGINEERING,BallastCleaning,2022-07-12T00:00:00,7.5,549407.0,268
HIS-000780,AST-ENG-0235,SEC-RKMP-BPL,ENGINEERING,BallastCleaning,2023-01-04T00:00:00,6.7,58036.0,258
HIS-000781,AST-S_A-0229,SEC-RKMP-BPL,S_AND_T,PointMachineOverhaul,2024-04-17T00:00:00,3.1,510567.0,161
HIS-000782,AST-TRA-0222,SEC-RKMP-BPL,TRACTION,DropperReplacement,2025-01-02T00:00:00,4.5,75483.0,416
HIS-000783,AST-S_A-0238,SEC-RKMP-BPL,S_AND_T,AxleCounterCalibration,2022-10-30T00:00:00,2.5,293968.0,40
HIS-000784,AST-ENG-0452,SEC-RKMP-BPL,ENGINEERING,BallastCleaning,2023-04-17T00:00:00,3.5,310789.0,282
HIS-000785,AST-S_A-0373,SEC-RKMP-BPL,S_AND_T,AxleCounterCalibration,2024-12-31T00:00:00,3.5,170291.0,164
HIS-000786,AST-S_A-0098,SEC-RKMP-BPL,S_AND_T,PointMachineOverhaul,2025-05-04T00:00:00,2.7,532321.0,283
HIS-000787,AST-S_A-0139,SEC-RKMP-BPL,S_AND_T,PointMachineOverhaul,2022-05-21T00:00:00,5.7,358728.0,451
HIS-000788,AST-ENG-0016,SEC-RKMP-BPL,ENGINEERING,JointWelding,2025-10-28T00:00:00,3.6,545718.0,306
HIS-000789,AST-S_A-0004,SEC-RKMP-BPL,S_AND_T,PointMachineOverhaul,2025-01-30T00:00:00,4.0,470241.0,87
HIS-000790,AST-S_A-0036,SEC-RKMP-BPL,S_AND_T,AxleCounterCalibration,2026-05-15T00:00:00,4.3,429334.0,452
HIS-000791,AST-S_A-0098,SEC-RKMP-BPL,S_AND_T,AxleCounterCalibration,2022-01-14T00:00:00,3.1,474767.0,276
HIS-000792,AST-ENG-0065,SEC-RKMP-BPL,ENGINEERING,JointWelding,2022-03-26T00:00:00,4.7,210365.0,361
HIS-000793,AST-TRA-0132,SEC-RKMP-BPL,TRACTION,InsulatorReplacement,2022-06-01T00:00:00,7.1,374660.0,386
HIS-000794,AST-ENG-0160,SEC-RKMP-BPL,ENGINEERING,SleeperRenewal,2025-07-02T00:00:00,6.9,399807.0,239
HIS-000795,AST-TRA-0311,SEC-RKMP-BPL,TRACTION,ContactWireReplacement,2023-08-22T00:00:00,1.5,362444.0,620
HIS-000796,AST-TRA-0005,SEC-RKMP-BPL,TRACTION,DropperReplacement,2022-12-16T00:00:00,2.6,303381.0,358
HIS-000797,AST-TRA-0095,SEC-RKMP-BPL,TRACTION,DropperReplacement,2024-10-07T00:00:00,2.3,273252.0,525
HIS-000798,AST-ENG-0304,SEC-RKMP-BPL,ENGINEERING,RailGrinding,2022-08-09T00:00:00,5.7,187931.0,235
HIS-000799,AST-S_A-0080,SEC-RKMP-BPL,S_AND_T,AxleCounterCalibration,2022-12-01T00:00:00,1.9,572872.0,344
HIS-000800,AST-S_A-0157,SEC-RKMP-BPL,S_AND_T,TurnoutAdjustment,2024-01-26T00:00:00,6.2,196967.0,338
HIS-000801,AST-TRA-0374,SEC-RKMP-BPL,TRACTION,InsulatorReplacement,2022-04-08T00:00:00,3.5,149181.0,309
HIS-000802,AST-S_A-0468,SEC-RKMP-BPL,S_AND_T,PointMachineOverhaul,2022-03-07T00:00:00,2.4,478897.0,485
HIS-000803,AST-S_A-0058,SEC-RKMP-BPL,S_AND_T,SignalCableRenewal,2025-02-20T00:00:00,1.1,643375.0,512
HIS-000804,AST-S_A-0219,SEC-RKMP-BPL,S_AND_T,AxleCounterCalibration,2024-05-21T00:00:00,6.7,624115.0,421
HIS-000805,AST-S_A-0183,SEC-RKMP-BPL,S_AND_T,PointMachineOverhaul,2024-06-03T00:00:00,2.8,65318.0,552
HIS-000806,AST-ENG-0163,SEC-RKMP-BPL,ENGINEERING,RailGrinding,2024-04-18T00:00:00,6.7,369930.0,265
HIS-000807,AST-ENG-0019,SEC-RKMP-BPL,ENGINEERING,JointWelding,2026-08-31T00:00:00,1.9,35894.0,253
HIS-000808,AST-TRA-0231,SEC-RKMP-BPL,TRACTION,InsulatorReplacement,2023-09-12T00:00:00,1.8,277042.0,315
HIS-000809,AST-ENG-0101,SEC-RKMP-BPL,ENGINEERING,JointWelding,2023-02-16T00:00:00,8.0,50270.0,71
HIS-000810,AST-S_A-0098,SEC-RKMP-BPL,S_AND_T,TurnoutAdjustment,2024-10-13T00:00:00,6.5,210261.0,181
HIS-000811,AST-ENG-0244,SEC-RKMP-BPL,ENGINEERING,SleeperRenewal,2023-11-02T00:00:00,4.8,197873.0,305
HIS-000812,AST-ENG-0469,SEC-RKMP-BPL,ENGINEERING,RailGrinding,2021-11-15T00:00:00,3.7,123697.0,52
HIS-000813,AST-ENG-0367,SEC-RKMP-BPL,ENGINEERING,TrackTamping,2026-02-13T00:00:00,7.3,206407.0,173
HIS-000814,AST-TRA-0339,SEC-RKMP-BPL,TRACTION,InsulatorReplacement,2023-06-14T00:00:00,4.6,613000.0,296
HIS-000815,AST-S_A-0144,SEC-RKMP-BPL,S_AND_T,PointMachineOverhaul,2023-01-03T00:00:00,3.5,509174.0,546
HIS-000816,AST-TRA-0329,SEC-RKMP-BPL,TRACTION,DropperReplacement,2025-04-25T00:00:00,6.0,502505.0,558
HIS-000817,AST-S_A-0098,SEC-RKMP-BPL,S_AND_T,AxleCounterCalibration,2022-07-15T00:00:00,3.7,250853.0,100
HIS-000818,AST-ENG-0313,SEC-RKMP-BPL,ENGINEERING,BallastCleaning,2026-03-08T00:00:00,2.2,347025.0,223
HIS-000819,AST-TRA-0438,SEC-RKMP-BPL,TRACTION,OHEInspection,2025-06-14T00:00:00,2.9,216970.0,68
HIS-000820,AST-ENG-0064,SEC-RKMP-BPL,ENGINEERING,TrackTamping,2024-08-26T00:00:00,3.4,98378.0,212
HIS-000821,AST-S_A-0202,SEC-RKMP-BPL,S_AND_T,TurnoutAdjustment,2024-06-04T00:00:00,7.3,486374.0,403
HIS-000822,AST-S_A-0247,SEC-RKMP-BPL,S_AND_T,PointMachineOverhaul,2026-01-26T00:00:00,3.5,499322.0,184
HIS-000823,AST-TRA-0311,SEC-RKMP-BPL,TRACTION,InsulatorReplacement,2025-05-18T00:00:00,6.8,341826.0,402
HIS-000824,AST-S_A-0247,SEC-RKMP-BPL,S_AND_T,SignalCableRenewal,2024-08-20T00:00:00,5.4,139397.0,361
HIS-000825,AST-S_A-0472,SEC-RKMP-BPL,S_AND_T,SignalCableRenewal,2022-08-30T00:00:00,2.6,153982.0,57
HIS-000826,AST-ENG-0214,SEC-RKMP-BPL,ENGINEERING,JointWelding,2022-12-06T00:00:00,6.5,323884.0,68
HIS-000827,AST-S_A-0117,SEC-RKMP-BPL,S_AND_T,PointMachineOverhaul,2026-01-14T00:00:00,6.4,555858.0,395
HIS-000828,AST-TRA-0212,SEC-RKMP-BPL,TRACTION,OHEInspection,2023-06-29T00:00:00,4.0,160358.0,289
HIS-000829,AST-S_A-0243,SEC-RKMP-BPL,S_AND_T,PointMachineOverhaul,2022-01-22T00:00:00,7.6,438536.0,198
HIS-000830,AST-S_A-0351,SEC-RKMP-BPL,S_AND_T,SignalCableRenewal,2025-07-13T00:00:00,2.4,301645.0,337
HIS-000831,AST-ENG-0334,SEC-RKMP-BPL,ENGINEERING,BallastCleaning,2025-11-18T00:00:00,7.8,649887.0,341
HIS-000832,AST-S_A-0098,SEC-RKMP-BPL,S_AND_T,PointMachineOverhaul,2026-08-17T00:00:00,2.4,552216.0,195
HIS-000833,AST-S_A-0408,SEC-RKMP-BPL,S_AND_T,SignalCableRenewal,2023-12-13T00:00:00,7.8,110003.0,102
HIS-000834,AST-S_A-0134,SEC-RKMP-BPL,S_AND_T,AxleCounterCalibration,2023-03-10T00:00:00,4.9,173229.0,93
HIS-000835,AST-TRA-0149,SEC-RKMP-BPL,TRACTION,InsulatorReplacement,2023-09-25T00:00:00,4.3,130951.0,411
HIS-000836,AST-TRA-0465,SEC-RKMP-BPL,TRACTION,OHEInspection,2025-04-23T00:00:00,4.4,451621.0,79
HIS-000837,AST-ENG-0325,SEC-RKMP-BPL,ENGINEERING,SleeperRenewal,2025-02-13T00:00:00,4.5,638176.0,131
HIS-000838,AST-TRA-0096,SEC-RKMP-BPL,TRACTION,OHEInspection,2023-12-10T00:00:00,1.9,257728.0,245
HIS-000839,AST-ENG-0461,SEC-RKMP-BPL,ENGINEERING,TrackTamping,2024-01-06T00:00:00,6.5,203481.0,308
HIS-000840,AST-TRA-0113,SEC-RKMP-BPL,TRACTION,ContactWireReplacement,2022-06-29T00:00:00,8.0,34713.0,484
HIS-000841,AST-S_A-0189,SEC-RKMP-BPL,S_AND_T,AxleCounterCalibration,2024-04-23T00:00:00,5.6,321679.0,104
HIS-000842,AST-S_A-0238,SEC-RKMP-BPL,S_AND_T,SignalCableRenewal,2026-01-27T00:00:00,7.8,256864.0,312
HIS-000843,AST-TRA-0392,SEC-RKMP-BPL,TRACTION,DropperReplacement,2024-03-06T00:00:00,6.9,164314.0,145
HIS-000844,AST-S_A-0075,SEC-RKMP-BPL,S_AND_T,TurnoutAdjustment,2022-10-05T00:00:00,3.3,306357.0,175
HIS-000845,AST-TRA-0086,SEC-RKMP-BPL,TRACTION,OHEInspection,2022-07-12T00:00:00,7.3,227012.0,124
HIS-000846,AST-S_A-0318,SEC-RKMP-BPL,S_AND_T,SignalCableRenewal,2023-12-09T00:00:00,1.8,498007.0,40
HIS-000847,AST-S_A-0278,SEC-RKMP-BPL,S_AND_T,AxleCounterCalibration,2026-07-18T00:00:00,6.7,289595.0,422
HIS-000848,AST-ENG-0352,SEC-RKMP-BPL,ENGINEERING,BallastCleaning,2024-05-31T00:00:00,4.2,116873.0,427
HIS-000849,AST-ENG-0073,SEC-RKMP-BPL,ENGINEERING,BallastCleaning,2022-05-10T00:00:00,2.3,458923.0,498
HIS-000850,AST-ENG-0209,SEC-RKMP-BPL,ENGINEERING,RailGrinding,2022-12-10T00:00:00,2.8,104488.0,343
HIS-000851,AST-ENG-0394,SEC-RKMP-BPL,ENGINEERING,JointWelding,2023-02-11T00:00:00,7.4,126140.0,475
HIS-000852,AST-TRA-0203,SEC-RKMP-BPL,TRACTION,InsulatorReplacement,2025-08-09T00:00:00,4.5,41448.0,241
HIS-000853,AST-S_A-0103,SEC-RKMP-BPL,S_AND_T,SignalCableRenewal,2026-09-01T00:00:00,5.2,30452.0,396
HIS-000854,AST-ENG-0083,SEC-RKMP-BPL,ENGINEERING,RailGrinding,2022-03-18T00:00:00,6.1,383451.0,384
HIS-000855,AST-ENG-0056,SEC-RKMP-BPL,ENGINEERING,BallastCleaning,2023-03-02T00:00:00,3.6,247191.0,185
HIS-000856,AST-S_A-0049,SEC-RKMP-BPL,S_AND_T,PointMachineOverhaul,2026-08-21T00:00:00,4.2,29729.0,478
HIS-000857,AST-S_A-0265,SEC-RKMP-BPL,S_AND_T,TurnoutAdjustment,2022-10-07T00:00:00,2.6,362223.0,17
HIS-000858,AST-S_A-0053,SEC-RKMP-BPL,S_AND_T,PointMachineOverhaul,2022-02-11T00:00:00,3.2,639820.0,165
HIS-000859,AST-TRA-0240,SEC-RKMP-BPL,TRACTION,OHEInspection,2026-04-23T00:00:00,6.5,57939.0,51
HIS-000860,AST-S_A-0225,SEC-RKMP-BPL,S_AND_T,SignalCableRenewal,2022-01-23T00:00:00,6.0,320588.0,376
HIS-000861,AST-TRA-0042,SEC-RKMP-BPL,TRACTION,DropperReplacement,2021-11-06T00:00:00,7.1,296281.0,327
HIS-000862,AST-TRA-0258,SEC-RKMP-BPL,TRACTION,ContactWireReplacement,2025-12-08T00:00:00,3.6,532117.0,422
HIS-000863,AST-S_A-0071,SEC-RKMP-BPL,S_AND_T,TurnoutAdjustment,2024-02-28T00:00:00,4.8,304911.0,346
HIS-000864,AST-S_A-0261,SEC-RKMP-BPL,S_AND_T,AxleCounterCalibration,2022-08-02T00:00:00,3.2,599109.0,269
HIS-000865,AST-S_A-0189,SEC-RKMP-BPL,S_AND_T,TurnoutAdjustment,2023-07-20T00:00:00,7.2,373820.0,99
HIS-000866,AST-S_A-0224,SEC-RKMP-BPL,S_AND_T,AxleCounterCalibration,2022-11-02T00:00:00,1.4,151928.0,396
HIS-000867,AST-S_A-0026,SEC-RKMP-BPL,S_AND_T,SignalCableRenewal,2025-03-08T00:00:00,1.7,447563.0,252
HIS-000868,AST-S_A-0436,SEC-RKMP-BPL,S_AND_T,PointMachineOverhaul,2026-06-04T00:00:00,6.3,255292.0,288
HIS-000869,AST-S_A-0301,SEC-RKMP-BPL,S_AND_T,AxleCounterCalibration,2023-02-11T00:00:00,6.8,526128.0,186
HIS-000870,AST-ENG-0181,SEC-RKMP-BPL,ENGINEERING,SleeperRenewal,2023-05-07T00:00:00,4.0,226393.0,363
HIS-000871,AST-S_A-0480,SEC-RKMP-BPL,S_AND_T,PointMachineOverhaul,2024-12-09T00:00:00,4.2,128614.0,373
HIS-000872,AST-TRA-0249,SEC-RKMP-BPL,TRACTION,InsulatorReplacement,2024-04-17T00:00:00,4.8,127280.0,406
HIS-000873,AST-ENG-0286,SEC-RKMP-BPL,ENGINEERING,JointWelding,2023-03-03T00:00:00,7.3,147661.0,339
HIS-000874,AST-S_A-0378,SEC-RKMP-BPL,S_AND_T,AxleCounterCalibration,2025-04-01T00:00:00,5.6,306150.0,50
HIS-000875,AST-TRA-0258,SEC-RKMP-BPL,TRACTION,ContactWireReplacement,2021-10-21T00:00:00,4.5,360175.0,457
HIS-000876,AST-S_A-0125,SEC-RKMP-BPL,S_AND_T,PointMachineOverhaul,2022-11-15T00:00:00,5.4,601526.0,195
HIS-000877,AST-TRA-0491,SEC-RKMP-BPL,TRACTION,OHEInspection,2023-01-26T00:00:00,7.8,134935.0,228
HIS-000878,AST-S_A-0251,SEC-RKMP-BPL,S_AND_T,TurnoutAdjustment,2022-12-21T00:00:00,6.9,578681.0,457
HIS-000879,AST-ENG-0115,SEC-RKMP-BPL,ENGINEERING,BallastCleaning,2024-01-23T00:00:00,6.2,157632.0,64
HIS-000880,AST-S_A-0278,SEC-RKMP-BPL,S_AND_T,TurnoutAdjustment,2025-01-31T00:00:00,6.3,502345.0,478
HIS-000881,AST-ENG-0217,SEC-RKMP-BPL,ENGINEERING,RailGrinding,2022-09-16T00:00:00,7.1,369014.0,138
HIS-000882,AST-S_A-0319,SEC-RKMP-BPL,S_AND_T,AxleCounterCalibration,2025-06-16T00:00:00,6.4,558280.0,177
HIS-000883,AST-ENG-0335,SEC-RKMP-BPL,ENGINEERING,JointWelding,2023-10-16T00:00:00,5.8,183162.0,333
HIS-000884,AST-S_A-0345,SEC-RKMP-BPL,S_AND_T,SignalCableRenewal,2025-02-26T00:00:00,7.2,207932.0,480
HIS-000885,AST-S_A-0381,SEC-RKMP-BPL,S_AND_T,TurnoutAdjustment,2024-09-05T00:00:00,7.4,567817.0,243
HIS-000886,AST-ENG-0236,SEC-RKMP-BPL,ENGINEERING,JointWelding,2022-07-22T00:00:00,1.3,483050.0,327
HIS-000887,AST-S_A-0291,SEC-RKMP-BPL,S_AND_T,PointMachineOverhaul,2021-12-26T00:00:00,4.6,550119.0,277
HIS-000888,AST-S_A-0134,SEC-RKMP-BPL,S_AND_T,SignalCableRenewal,2022-09-19T00:00:00,5.5,386361.0,182
HIS-000889,AST-ENG-0439,SEC-RKMP-BPL,ENGINEERING,SleeperRenewal,2024-10-01T00:00:00,4.8,608683.0,281
HIS-000890,AST-S_A-0314,SEC-RKMP-BPL,S_AND_T,PointMachineOverhaul,2025-05-04T00:00:00,7.1,270172.0,369
HIS-000891,AST-S_A-0216,SEC-RKMP-BPL,S_AND_T,SignalCableRenewal,2024-12-29T00:00:00,1.2,373371.0,208
HIS-000892,AST-TRA-0303,SEC-RKMP-BPL,TRACTION,DropperReplacement,2023-12-21T00:00:00,2.4,58368.0,227
HIS-000893,AST-ENG-0406,SEC-RKMP-BPL,ENGINEERING,RailGrinding,2022-08-23T00:00:00,1.6,253066.0,538
HIS-000894,AST-ENG-0182,SEC-RKMP-BPL,ENGINEERING,TrackTamping,2025-07-09T00:00:00,5.8,628047.0,307
HIS-000895,AST-S_A-0342,SEC-RKMP-BPL,S_AND_T,AxleCounterCalibration,2022-05-19T00:00:00,4.8,595075.0,287
HIS-000896,AST-TRA-0456,SEC-RKMP-BPL,TRACTION,InsulatorReplacement,2025-09-01T00:00:00,4.0,42086.0,177
HIS-000897,AST-TRA-0267,SEC-RKMP-BPL,TRACTION,InsulatorReplacement,2022-07-06T00:00:00,4.7,141530.0,306
HIS-000898,AST-ENG-0145,SEC-RKMP-BPL,ENGINEERING,BallastCleaning,2022-05-08T00:00:00,4.5,354303.0,321
HIS-000899,AST-ENG-0424,SEC-RKMP-BPL,ENGINEERING,SleeperRenewal,2021-09-18T00:00:00,5.6,280748.0,352
HIS-000900,AST-TRA-0428,SEC-RKMP-BPL,TRACTION,DropperReplacement,2024-09-05T00:00:00,1.1,339333.0,180
HIS-000901,AST-S_A-0301,SEC-RKMP-BPL,S_AND_T,AxleCounterCalibration,2026-03-09T00:00:00,7.7,534152.0,413
HIS-000902,AST-S_A-0125,SEC-RKMP-BPL,S_AND_T,SignalCableRenewal,2026-07-29T00:00:00,4.5,369724.0,99
HIS-000903,AST-ENG-0209,SEC-RKMP-BPL,ENGINEERING,TrackTamping,2022-10-10T00:00:00,6.3,607968.0,181
HIS-000904,AST-TRA-0455,SEC-RKMP-BPL,TRACTION,OHEInspection,2024-09-13T00:00:00,7.1,358857.0,314
HIS-000905,AST-S_A-0189,SEC-RKMP-BPL,S_AND_T,AxleCounterCalibration,2025-06-17T00:00:00,1.1,508675.0,114
HIS-000906,AST-ENG-0370,SEC-RKMP-BPL,ENGINEERING,BallastCleaning,2025-11-11T00:00:00,1.9,197950.0,205
HIS-000907,AST-TRA-0203,SEC-RKMP-BPL,TRACTION,DropperReplacement,2024-04-01T00:00:00,2.4,319628.0,372
HIS-000908,AST-ENG-0397,SEC-RKMP-BPL,ENGINEERING,JointWelding,2024-07-16T00:00:00,7.0,510537.0,146
HIS-000909,AST-S_A-0351,SEC-RKMP-BPL,S_AND_T,TurnoutAdjustment,2022-12-27T00:00:00,5.0,486286.0,327
HIS-000910,AST-ENG-0406,SEC-RKMP-BPL,ENGINEERING,RailGrinding,2025-10-27T00:00:00,1.2,295321.0,392
HIS-000911,AST-ENG-0092,SEC-RKMP-BPL,ENGINEERING,BallastCleaning,2022-03-16T00:00:00,5.9,608086.0,288
HIS-000912,AST-TRA-0203,SEC-RKMP-BPL,TRACTION,InsulatorReplacement,2022-04-01T00:00:00,6.3,533097.0,103
HIS-000913,AST-ENG-0178,SEC-RKMP-BPL,ENGINEERING,SleeperRenewal,2024-11-17T00:00:00,3.8,548006.0,336
HIS-000914,AST-S_A-0454,SEC-RKMP-BPL,S_AND_T,AxleCounterCalibration,2023-03-14T00:00:00,2.4,564362.0,54
HIS-000915,AST-ENG-0259,SEC-RKMP-BPL,ENGINEERING,SleeperRenewal,2024-06-12T00:00:00,6.1,238106.0,307
HIS-000916,AST-TRA-0365,SEC-RKMP-BPL,TRACTION,ContactWireReplacement,2022-01-18T00:00:00,1.3,518372.0,287
HIS-000917,AST-S_A-0432,SEC-RKMP-BPL,S_AND_T,PointMachineOverhaul,2025-07-16T00:00:00,5.9,102469.0,508
HIS-000918,AST-S_A-0342,SEC-RKMP-BPL,S_AND_T,PointMachineOverhaul,2021-09-20T00:00:00,3.2,520963.0,180
HIS-000919,AST-TRA-0302,SEC-RKMP-BPL,TRACTION,ContactWireReplacement,2024-09-11T00:00:00,6.2,221964.0,233
HIS-000920,AST-TRA-0006,SEC-RKMP-BPL,TRACTION,ContactWireReplacement,2021-11-23T00:00:00,5.1,457534.0,403
HIS-000921,AST-ENG-0190,SEC-RKMP-BPL,ENGINEERING,RailGrinding,2022-10-06T00:00:00,7.1,152381.0,318
HIS-000922,AST-S_A-0251,SEC-RKMP-BPL,S_AND_T,AxleCounterCalibration,2024-07-06T00:00:00,3.9,262845.0,458
HIS-000923,AST-ENG-0307,SEC-RKMP-BPL,ENGINEERING,TrackTamping,2023-02-17T00:00:00,3.4,44290.0,299
HIS-000924,AST-TRA-0411,SEC-RKMP-BPL,TRACTION,InsulatorReplacement,2021-12-19T00:00:00,7.6,418100.0,320
HIS-000925,AST-ENG-0371,SEC-RKMP-BPL,ENGINEERING,RailGrinding,2025-11-02T00:00:00,4.8,150839.0,517
HIS-000926,AST-TRA-0249,SEC-RKMP-BPL,TRACTION,ContactWireReplacement,2022-03-27T00:00:00,6.0,562624.0,480
HIS-000927,AST-S_A-0089,SEC-RKMP-BPL,S_AND_T,AxleCounterCalibration,2025-05-05T00:00:00,2.7,412147.0,365
HIS-000928,AST-ENG-0146,SEC-RKMP-BPL,ENGINEERING,RailGrinding,2022-09-19T00:00:00,1.6,170338.0,391
HIS-000929,AST-ENG-0028,SEC-RKMP-BPL,ENGINEERING,RailGrinding,2025-02-11T00:00:00,2.6,71250.0,303
HIS-000930,AST-S_A-0180,SEC-RKMP-BPL,S_AND_T,PointMachineOverhaul,2023-02-05T00:00:00,3.1,47354.0,593
HIS-000931,AST-S_A-0237,SEC-RKMP-BPL,S_AND_T,SignalCableRenewal,2022-08-20T00:00:00,4.0,376345.0,264
HIS-000932,AST-S_A-0369,SEC-RKMP-BPL,S_AND_T,AxleCounterCalibration,2022-09-17T00:00:00,7.4,518120.0,572
HIS-000933,AST-TRA-0402,SEC-RKMP-BPL,TRACTION,OHEInspection,2026-03-03T00:00:00,1.3,516579.0,292
HIS-000934,AST-S_A-0094,SEC-RKMP-BPL,S_AND_T,TurnoutAdjustment,2022-08-15T00:00:00,2.0,383968.0,398
HIS-000935,AST-S_A-0360,SEC-RKMP-BPL,S_AND_T,AxleCounterCalibration,2022-03-27T00:00:00,4.6,107528.0,363
HIS-000936,AST-TRA-0086,SEC-RKMP-BPL,TRACTION,InsulatorReplacement,2021-10-01T00:00:00,4.3,475454.0,183
HIS-000937,AST-TRA-0050,SEC-RKMP-BPL,TRACTION,ContactWireReplacement,2023-04-30T00:00:00,3.4,26881.0,322
HIS-000938,AST-TRA-0500,SEC-RKMP-BPL,TRACTION,OHEInspection,2024-02-03T00:00:00,5.8,425599.0,435
HIS-000939,AST-ENG-0214,SEC-RKMP-BPL,ENGINEERING,BallastCleaning,2026-08-20T00:00:00,1.2,320187.0,25
HIS-000940,AST-TRA-0393,SEC-RKMP-BPL,TRACTION,ContactWireReplacement,2025-06-27T00:00:00,4.5,453229.0,153
HIS-000941,AST-S_A-0468,SEC-RKMP-BPL,S_AND_T,SignalCableRenewal,2025-07-13T00:00:00,6.4,29199.0,421
HIS-000942,AST-TRA-0086,SEC-RKMP-BPL,TRACTION,InsulatorReplacement,2022-06-06T00:00:00,1.8,301207.0,133
HIS-000943,AST-TRA-0402,SEC-RKMP-BPL,TRACTION,InsulatorReplacement,2021-09-24T00:00:00,6.2,61223.0,212
HIS-000944,AST-TRA-0302,SEC-RKMP-BPL,TRACTION,InsulatorReplacement,2021-09-11T00:00:00,7.2,642493.0,293
HIS-000945,AST-S_A-0036,SEC-RKMP-BPL,S_AND_T,PointMachineOverhaul,2025-07-16T00:00:00,1.9,533100.0,373
HIS-000946,AST-S_A-0089,SEC-RKMP-BPL,S_AND_T,SignalCableRenewal,2023-12-26T00:00:00,7.2,76061.0,345
HIS-000947,AST-ENG-0146,SEC-RKMP-BPL,ENGINEERING,JointWelding,2025-07-22T00:00:00,7.2,574509.0,368
HIS-000948,AST-S_A-0480,SEC-RKMP-BPL,S_AND_T,SignalCableRenewal,2024-09-12T00:00:00,6.6,208865.0,259
HIS-000949,AST-ENG-0421,SEC-RKMP-BPL,ENGINEERING,SleeperRenewal,2023-06-11T00:00:00,4.1,321807.0,285
HIS-000950,AST-TRA-0338,SEC-RKMP-BPL,TRACTION,DropperReplacement,2026-07-30T00:00:00,4.0,95409.0,281
HIS-000951,AST-ENG-0061,SEC-RKMP-BPL,ENGINEERING,SleeperRenewal,2023-03-01T00:00:00,2.1,177679.0,342
HIS-000952,AST-S_A-0378,SEC-RKMP-BPL,S_AND_T,AxleCounterCalibration,2024-10-13T00:00:00,3.4,190405.0,181
HIS-000953,AST-S_A-0260,SEC-RKMP-BPL,S_AND_T,TurnoutAdjustment,2021-09-22T00:00:00,2.3,407274.0,233
HIS-000954,AST-ENG-0415,SEC-RKMP-BPL,ENGINEERING,TrackTamping,2023-05-07T00:00:00,7.9,575326.0,436
HIS-000955,AST-ENG-0250,SEC-RKMP-BPL,ENGINEERING,BallastCleaning,2022-06-02T00:00:00,3.9,574725.0,242
HIS-000956,AST-ENG-0136,SEC-RKMP-BPL,ENGINEERING,TrackTamping,2023-09-29T00:00:00,3.4,433211.0,172
HIS-000957,AST-S_A-0197,SEC-RKMP-BPL,S_AND_T,PointMachineOverhaul,2026-04-16T00:00:00,6.4,90380.0,327
HIS-000958,AST-ENG-0056,SEC-RKMP-BPL,ENGINEERING,TrackTamping,2025-11-15T00:00:00,4.7,394021.0,274
HIS-000959,AST-ENG-0448,SEC-RKMP-BPL,ENGINEERING,JointWelding,2023-05-25T00:00:00,6.5,498508.0,352
HIS-000960,AST-S_A-0152,SEC-RKMP-BPL,S_AND_T,SignalCableRenewal,2025-04-22T00:00:00,2.1,489581.0,110
HIS-000961,AST-ENG-0043,SEC-RKMP-BPL,ENGINEERING,RailGrinding,2021-12-22T00:00:00,3.0,45297.0,366
HIS-000962,AST-S_A-0381,SEC-RKMP-BPL,S_AND_T,SignalCableRenewal,2023-12-16T00:00:00,4.0,211873.0,292
HIS-000963,AST-TRA-0338,SEC-RKMP-BPL,TRACTION,DropperReplacement,2021-10-01T00:00:00,3.1,479951.0,486
HIS-000964,AST-ENG-0353,SEC-RKMP-BPL,ENGINEERING,JointWelding,2022-01-15T00:00:00,5.4,182121.0,413
HIS-000965,AST-S_A-0422,SEC-RKMP-BPL,S_AND_T,AxleCounterCalibration,2023-02-07T00:00:00,7.6,80355.0,278
HIS-000966,AST-S_A-0054,SEC-RKMP-BPL,S_AND_T,TurnoutAdjustment,2023-02-20T00:00:00,6.7,206777.0,69
HIS-000967,AST-S_A-0351,SEC-RKMP-BPL,S_AND_T,AxleCounterCalibration,2025-10-23T00:00:00,6.4,143206.0,325
HIS-000968,AST-ENG-0178,SEC-RKMP-BPL,ENGINEERING,JointWelding,2023-08-04T00:00:00,4.2,649066.0,344
HIS-000969,AST-ENG-0182,SEC-RKMP-BPL,ENGINEERING,RailGrinding,2021-10-25T00:00:00,6.2,281246.0,461
HIS-000970,AST-S_A-0099,SEC-RKMP-BPL,S_AND_T,AxleCounterCalibration,2024-01-31T00:00:00,6.5,347411.0,154
HIS-000971,AST-TRA-0176,SEC-RKMP-BPL,TRACTION,ContactWireReplacement,2025-07-21T00:00:00,6.7,84372.0,313
HIS-000972,AST-ENG-0002,SEC-RKMP-BPL,ENGINEERING,RailGrinding,2023-03-07T00:00:00,7.8,536630.0,182
HIS-000973,AST-TRA-0239,SEC-RKMP-BPL,TRACTION,InsulatorReplacement,2024-07-02T00:00:00,2.2,225749.0,362
HIS-000974,AST-ENG-0187,SEC-RKMP-BPL,ENGINEERING,JointWelding,2023-10-11T00:00:00,7.8,298393.0,171
HIS-000975,AST-S_A-0363,SEC-RKMP-BPL,S_AND_T,AxleCounterCalibration,2024-08-05T00:00:00,5.9,82937.0,322
HIS-000976,AST-S_A-0139,SEC-RKMP-BPL,S_AND_T,TurnoutAdjustment,2021-09-26T00:00:00,6.0,467945.0,400
HIS-000977,AST-TRA-0374,SEC-RKMP-BPL,TRACTION,InsulatorReplacement,2022-08-09T00:00:00,8.0,427753.0,189
HIS-000978,AST-ENG-0028,SEC-RKMP-BPL,ENGINEERING,SleeperRenewal,2024-07-06T00:00:00,1.0,533175.0,311
HIS-000979,AST-TRA-0491,SEC-RKMP-BPL,TRACTION,OHEInspection,2023-05-23T00:00:00,2.3,222487.0,263
HIS-000980,AST-S_A-0201,SEC-RKMP-BPL,S_AND_T,AxleCounterCalibration,2026-05-08T00:00:00,1.9,66676.0,83
HIS-000981,AST-S_A-0472,SEC-RKMP-BPL,S_AND_T,TurnoutAdjustment,2022-08-24T00:00:00,5.1,218390.0,139
HIS-000982,AST-ENG-0209,SEC-RKMP-BPL,ENGINEERING,TrackTamping,2022-07-25T00:00:00,2.7,532148.0,303
HIS-000983,AST-S_A-0220,SEC-RKMP-BPL,S_AND_T,TurnoutAdjustment,2022-10-24T00:00:00,1.6,441810.0,230
HIS-000984,AST-S_A-0318,SEC-RKMP-BPL,S_AND_T,PointMachineOverhaul,2023-10-02T00:00:00,5.3,574480.0,178
HIS-000985,AST-S_A-0270,SEC-RKMP-BPL,S_AND_T,AxleCounterCalibration,2023-04-16T00:00:00,5.7,490739.0,164
HIS-000986,AST-ENG-0295,SEC-RKMP-BPL,ENGINEERING,SleeperRenewal,2023-05-22T00:00:00,4.5,587685.0,346
HIS-000987,AST-S_A-0404,SEC-RKMP-BPL,S_AND_T,TurnoutAdjustment,2025-05-31T00:00:00,3.0,57894.0,518
HIS-000988,AST-TRA-0231,SEC-RKMP-BPL,TRACTION,DropperReplacement,2022-11-28T00:00:00,2.3,348384.0,234
HIS-000989,AST-S_A-0198,SEC-RKMP-BPL,S_AND_T,TurnoutAdjustment,2026-02-02T00:00:00,3.5,465559.0,166
HIS-000990,AST-TRA-0203,SEC-RKMP-BPL,TRACTION,ContactWireReplacement,2022-03-19T00:00:00,4.4,478054.0,289
HIS-000991,AST-S_A-0354,SEC-RKMP-BPL,S_AND_T,PointMachineOverhaul,2026-07-10T00:00:00,4.1,360613.0,338
HIS-000992,AST-S_A-0045,SEC-RKMP-BPL,S_AND_T,PointMachineOverhaul,2024-06-15T00:00:00,6.6,409499.0,439
HIS-000993,AST-TRA-0474,SEC-RKMP-BPL,TRACTION,InsulatorReplacement,2024-10-16T00:00:00,2.9,432753.0,416
HIS-000994,AST-ENG-0479,SEC-RKMP-BPL,ENGINEERING,TrackTamping,2021-12-17T00:00:00,1.9,51510.0,34
HIS-000995,AST-ENG-0043,SEC-RKMP-BPL,ENGINEERING,RailGrinding,2022-02-28T00:00:00,3.2,564292.0,425
HIS-000996,AST-ENG-0002,SEC-RKMP-BPL,ENGINEERING,JointWelding,2024-11-13T00:00:00,1.2,212835.0,254
HIS-000997,AST-TRA-0266,SEC-RKMP-BPL,TRACTION,ContactWireReplacement,2024-07-26T00:00:00,3.5,518986.0,368
HIS-000998,AST-S_A-0327,SEC-RKMP-BPL,S_AND_T,PointMachineOverhaul,2026-01-18T00:00:00,1.1,374489.0,447
HIS-000999,AST-TRA-0086,SEC-RKMP-BPL,TRACTION,InsulatorReplacement,2022-04-13T00:00:00,2.3,303823.0,305
HIS-001000,AST-ENG-0200,SEC-RKMP-BPL,ENGINEERING,TrackTamping,2022-06-27T00:00:00,4.4,168313.0,182
HIS-001001,AST-ENG-0172,SEC-RKMP-BPL,ENGINEERING,JointWelding,2023-05-25T00:00:00,3.6,107042.0,550
HIS-001002,AST-S_A-0395,SEC-RKMP-BPL,S_AND_T,AxleCounterCalibration,2022-04-30T00:00:00,6.7,183728.0,104
HIS-001003,AST-ENG-0173,SEC-RKMP-BPL,ENGINEERING,SleeperRenewal,2026-02-01T00:00:00,5.7,429782.0,304
HIS-001004,AST-ENG-0316,SEC-RKMP-BPL,ENGINEERING,JointWelding,2024-04-08T00:00:00,1.2,44491.0,331
HIS-001005,AST-TRA-0392,SEC-RKMP-BPL,TRACTION,OHEInspection,2026-04-15T00:00:00,3.6,284229.0,260
HIS-001006,AST-TRA-0437,SEC-RKMP-BPL,TRACTION,OHEInspection,2024-08-23T00:00:00,2.9,270528.0,138
HIS-001007,AST-TRA-0042,SEC-RKMP-BPL,TRACTION,DropperReplacement,2022-09-14T00:00:00,6.8,528045.0,428
HIS-001008,AST-S_A-0211,SEC-RKMP-BPL,S_AND_T,TurnoutAdjustment,2022-06-02T00:00:00,7.8,146915.0,306
HIS-001009,AST-ENG-0335,SEC-RKMP-BPL,ENGINEERING,RailGrinding,2024-12-22T00:00:00,4.0,514994.0,473
HIS-001010,AST-TRA-0041,SEC-RKMP-BPL,TRACTION,OHEInspection,2024-07-29T00:00:00,1.5,606615.0,320
HIS-001011,AST-S_A-0238,SEC-RKMP-BPL,S_AND_T,AxleCounterCalibration,2025-08-07T00:00:00,2.6,315849.0,135
HIS-001012,AST-ENG-0478,SEC-RKMP-BPL,ENGINEERING,SleeperRenewal,2022-10-30T00:00:00,7.0,599869.0,467
HIS-001013,AST-ENG-0109,SEC-RKMP-BPL,ENGINEERING,TrackTamping,2023-03-30T00:00:00,5.9,369328.0,196
HIS-001014,AST-S_A-0300,SEC-RKMP-BPL,S_AND_T,SignalCableRenewal,2025-07-21T00:00:00,2.1,447102.0,442
HIS-001015,AST-S_A-0261,SEC-RKMP-BPL,S_AND_T,PointMachineOverhaul,2024-02-04T00:00:00,4.7,364755.0,259
HIS-001016,AST-S_A-0256,SEC-RKMP-BPL,S_AND_T,TurnoutAdjustment,2023-08-15T00:00:00,3.3,498433.0,360
HIS-001017,AST-ENG-0227,SEC-RKMP-BPL,ENGINEERING,TrackTamping,2026-08-09T00:00:00,1.8,289691.0,243
HIS-001018,AST-TRA-0132,SEC-RKMP-BPL,TRACTION,ContactWireReplacement,2023-04-11T00:00:00,2.7,523680.0,344
HIS-001019,AST-S_A-0153,SEC-RKMP-BPL,S_AND_T,PointMachineOverhaul,2024-10-23T00:00:00,6.6,117039.0,401
HIS-001020,AST-S_A-0234,SEC-RKMP-BPL,S_AND_T,AxleCounterCalibration,2025-06-24T00:00:00,1.5,247695.0,55
HIS-001021,AST-S_A-0246,SEC-RKMP-BPL,S_AND_T,PointMachineOverhaul,2023-03-16T00:00:00,7.4,103812.0,411
HIS-001022,AST-S_A-0315,SEC-RKMP-BPL,S_AND_T,PointMachineOverhaul,2024-09-29T00:00:00,6.3,33827.0,292
HIS-001023,AST-S_A-0206,SEC-RKMP-BPL,S_AND_T,TurnoutAdjustment,2024-08-16T00:00:00,4.5,646553.0,204
HIS-001024,AST-S_A-0027,SEC-RKMP-BPL,S_AND_T,SignalCableRenewal,2026-01-26T00:00:00,6.1,60298.0,196
HIS-001025,AST-ENG-0073,SEC-RKMP-BPL,ENGINEERING,SleeperRenewal,2026-02-22T00:00:00,7.5,462525.0,586
HIS-001026,AST-TRA-0420,SEC-RKMP-BPL,TRACTION,OHEInspection,2024-04-23T00:00:00,7.2,636430.0,416
HIS-001027,AST-S_A-0315,SEC-RKMP-BPL,S_AND_T,PointMachineOverhaul,2021-12-02T00:00:00,4.1,40529.0,423
HIS-001028,AST-TRA-0078,SEC-RKMP-BPL,TRACTION,ContactWireReplacement,2023-03-07T00:00:00,7.9,452621.0,563
HIS-001029,AST-S_A-0264,SEC-RKMP-BPL,S_AND_T,AxleCounterCalibration,2023-10-29T00:00:00,3.1,455056.0,281
HIS-001030,AST-S_A-0423,SEC-RKMP-BPL,S_AND_T,SignalCableRenewal,2022-06-07T00:00:00,5.1,388904.0,345
HIS-001031,AST-ENG-0181,SEC-RKMP-BPL,ENGINEERING,JointWelding,2021-12-27T00:00:00,7.8,200900.0,335
HIS-001032,AST-S_A-0234,SEC-RKMP-BPL,S_AND_T,AxleCounterCalibration,2025-06-29T00:00:00,1.8,555444.0,119
HIS-001033,AST-S_A-0165,SEC-RKMP-BPL,S_AND_T,PointMachineOverhaul,2023-03-31T00:00:00,4.9,81698.0,342
HIS-001034,AST-ENG-0340,SEC-RKMP-BPL,ENGINEERING,BallastCleaning,2022-09-26T00:00:00,2.1,478994.0,340
HIS-001035,AST-TRA-0248,SEC-RKMP-BPL,TRACTION,ContactWireReplacement,2025-07-03T00:00:00,3.9,368946.0,185
HIS-001036,AST-ENG-0380,SEC-RKMP-BPL,ENGINEERING,BallastCleaning,2022-08-15T00:00:00,5.2,275810.0,439
HIS-001037,AST-ENG-0016,SEC-RKMP-BPL,ENGINEERING,TrackTamping,2024-04-23T00:00:00,7.6,532824.0,253
HIS-001038,AST-S_A-0135,SEC-RKMP-BPL,S_AND_T,AxleCounterCalibration,2024-04-02T00:00:00,3.4,51371.0,206
HIS-001039,AST-TRA-0393,SEC-RKMP-BPL,TRACTION,ContactWireReplacement,2022-10-23T00:00:00,5.1,316146.0,151
HIS-001040,AST-S_A-0435,SEC-RKMP-BPL,S_AND_T,TurnoutAdjustment,2024-12-15T00:00:00,3.4,410940.0,585
HIS-001041,AST-ENG-0304,SEC-RKMP-BPL,ENGINEERING,BallastCleaning,2023-08-13T00:00:00,5.6,56964.0,218
HIS-001042,AST-S_A-0198,SEC-RKMP-BPL,S_AND_T,AxleCounterCalibration,2024-10-11T00:00:00,1.0,135487.0,79
HIS-001043,AST-ENG-0352,SEC-RKMP-BPL,ENGINEERING,SleeperRenewal,2022-07-15T00:00:00,6.4,196162.0,301
HIS-001044,AST-ENG-0497,SEC-RKMP-BPL,ENGINEERING,BallastCleaning,2025-12-15T00:00:00,5.7,171195.0,436
HIS-001045,AST-TRA-0140,SEC-RKMP-BPL,TRACTION,OHEInspection,2023-06-27T00:00:00,4.4,278033.0,327
HIS-001046,AST-S_A-0310,SEC-RKMP-BPL,S_AND_T,TurnoutAdjustment,2026-07-13T00:00:00,2.1,190695.0,310
HIS-001047,AST-S_A-0152,SEC-RKMP-BPL,S_AND_T,SignalCableRenewal,2022-03-24T00:00:00,2.3,262993.0,156
HIS-001048,AST-S_A-0036,SEC-RKMP-BPL,S_AND_T,PointMachineOverhaul,2024-12-02T00:00:00,4.7,567439.0,364
HIS-001049,AST-TRA-0474,SEC-RKMP-BPL,TRACTION,OHEInspection,2024-07-15T00:00:00,5.6,169263.0,279
HIS-001050,AST-ENG-0416,SEC-RKMP-BPL,ENGINEERING,RailGrinding,2022-10-16T00:00:00,5.6,588911.0,89
HIS-001051,AST-S_A-0453,SEC-RKMP-BPL,S_AND_T,PointMachineOverhaul,2026-04-03T00:00:00,7.4,365361.0,282
HIS-001052,AST-S_A-0265,SEC-RKMP-BPL,S_AND_T,PointMachineOverhaul,2025-06-19T00:00:00,3.1,274335.0,10
HIS-001053,AST-ENG-0367,SEC-RKMP-BPL,ENGINEERING,SleeperRenewal,2026-07-07T00:00:00,2.9,463982.0,261
HIS-001054,AST-TRA-0249,SEC-RKMP-BPL,TRACTION,DropperReplacement,2023-11-25T00:00:00,5.2,483341.0,556
HIS-001055,AST-S_A-0274,SEC-RKMP-BPL,S_AND_T,AxleCounterCalibration,2024-07-13T00:00:00,5.7,141849.0,327
HIS-001056,AST-S_A-0372,SEC-RKMP-BPL,S_AND_T,PointMachineOverhaul,2022-01-18T00:00:00,6.6,605275.0,260
HIS-001057,AST-TRA-0195,SEC-RKMP-BPL,TRACTION,OHEInspection,2023-05-11T00:00:00,3.9,424691.0,384
HIS-001058,AST-S_A-0468,SEC-RKMP-BPL,S_AND_T,SignalCableRenewal,2024-11-06T00:00:00,7.2,542797.0,423
HIS-001059,AST-ENG-0214,SEC-RKMP-BPL,ENGINEERING,TrackTamping,2022-12-16T00:00:00,2.4,180845.0,252
HIS-001060,AST-S_A-0270,SEC-RKMP-BPL,S_AND_T,TurnoutAdjustment,2022-08-28T00:00:00,4.5,508358.0,176
HIS-001061,AST-ENG-0268,SEC-RKMP-BPL,ENGINEERING,RailGrinding,2021-09-18T00:00:00,4.2,344683.0,182
HIS-001062,AST-S_A-0066,SEC-RKMP-BPL,S_AND_T,PointMachineOverhaul,2025-03-09T00:00:00,2.7,251588.0,136
HIS-001063,AST-ENG-0133,SEC-RKMP-BPL,ENGINEERING,RailGrinding,2021-12-02T00:00:00,3.2,307097.0,366
HIS-001064,AST-ENG-0187,SEC-RKMP-BPL,ENGINEERING,TrackTamping,2026-07-03T00:00:00,3.8,454996.0,181
HIS-001065,AST-ENG-0133,SEC-RKMP-BPL,ENGINEERING,RailGrinding,2023-03-09T00:00:00,7.9,452098.0,151
HIS-001066,AST-TRA-0159,SEC-RKMP-BPL,TRACTION,OHEInspection,2023-10-04T00:00:00,2.5,521502.0,357
HIS-001067,AST-TRA-0455,SEC-RKMP-BPL,TRACTION,OHEInspection,2024-11-30T00:00:00,1.8,365264.0,337
HIS-001068,AST-S_A-0013,SEC-RKMP-BPL,S_AND_T,SignalCableRenewal,2024-07-27T00:00:00,5.7,523526.0,319
HIS-001069,AST-ENG-0214,SEC-RKMP-BPL,ENGINEERING,TrackTamping,2022-12-04T00:00:00,3.7,169980.0,126
HIS-001070,AST-S_A-0467,SEC-RKMP-BPL,S_AND_T,TurnoutAdjustment,2024-10-18T00:00:00,6.4,242719.0,135
HIS-001071,AST-ENG-0146,SEC-RKMP-BPL,ENGINEERING,TrackTamping,2024-03-31T00:00:00,1.8,25102.0,332
HIS-001072,AST-TRA-0168,SEC-RKMP-BPL,TRACTION,DropperReplacement,2022-04-28T00:00:00,6.4,472459.0,363
HIS-001073,AST-ENG-0460,SEC-RKMP-BPL,ENGINEERING,JointWelding,2025-09-03T00:00:00,7.8,28567.0,587
HIS-001074,AST-S_A-0260,SEC-RKMP-BPL,S_AND_T,TurnoutAdjustment,2021-11-25T00:00:00,3.3,223881.0,321
HIS-001075,AST-ENG-0322,SEC-RKMP-BPL,ENGINEERING,TrackTamping,2024-12-12T00:00:00,1.4,239134.0,252
HIS-001076,AST-ENG-0155,SEC-RKMP-BPL,ENGINEERING,JointWelding,2023-01-20T00:00:00,1.3,588733.0,169
HIS-001077,AST-S_A-0207,SEC-RKMP-BPL,S_AND_T,SignalCableRenewal,2023-09-23T00:00:00,5.9,522519.0,437
HIS-001078,AST-S_A-0305,SEC-RKMP-BPL,S_AND_T,SignalCableRenewal,2023-06-06T00:00:00,4.4,168042.0,113
HIS-001079,AST-ENG-0398,SEC-RKMP-BPL,ENGINEERING,BallastCleaning,2023-08-09T00:00:00,5.0,239440.0,200
HIS-001080,AST-S_A-0467,SEC-RKMP-BPL,S_AND_T,TurnoutAdjustment,2023-04-08T00:00:00,1.9,123234.0,273
HIS-001081,AST-S_A-0219,SEC-RKMP-BPL,S_AND_T,PointMachineOverhaul,2022-05-29T00:00:00,2.6,157115.0,394
HIS-001082,AST-S_A-0229,SEC-RKMP-BPL,S_AND_T,SignalCableRenewal,2024-05-23T00:00:00,6.9,111896.0,289
HIS-001083,AST-ENG-0037,SEC-RKMP-BPL,ENGINEERING,RailGrinding,2022-05-17T00:00:00,6.3,53262.0,406
HIS-001084,AST-S_A-0148,SEC-RKMP-BPL,S_AND_T,SignalCableRenewal,2023-04-14T00:00:00,3.2,487940.0,415
HIS-001085,AST-ENG-0083,SEC-RKMP-BPL,ENGINEERING,BallastCleaning,2022-07-29T00:00:00,5.7,578701.0,307
HIS-001086,AST-ENG-0370,SEC-RKMP-BPL,ENGINEERING,BallastCleaning,2026-01-19T00:00:00,6.0,476371.0,107
HIS-001087,AST-S_A-0220,SEC-RKMP-BPL,S_AND_T,AxleCounterCalibration,2025-05-03T00:00:00,4.0,172952.0,334
HIS-001088,AST-ENG-0370,SEC-RKMP-BPL,ENGINEERING,RailGrinding,2026-08-28T00:00:00,2.8,571414.0,226
HIS-001089,AST-S_A-0291,SEC-RKMP-BPL,S_AND_T,AxleCounterCalibration,2025-11-28T00:00:00,6.2,302080.0,119
HIS-001090,AST-ENG-0281,SEC-RKMP-BPL,ENGINEERING,JointWelding,2024-02-10T00:00:00,1.4,633835.0,337
HIS-001091,AST-ENG-0250,SEC-RKMP-BPL,ENGINEERING,SleeperRenewal,2026-04-17T00:00:00,4.6,587266.0,250
HIS-001092,AST-TRA-0402,SEC-RKMP-BPL,TRACTION,OHEInspection,2022-12-30T00:00:00,4.0,512129.0,332
HIS-001093,AST-S_A-0144,SEC-RKMP-BPL,S_AND_T,TurnoutAdjustment,2024-10-10T00:00:00,7.9,250738.0,629
HIS-001094,AST-S_A-0279,SEC-RKMP-BPL,S_AND_T,SignalCableRenewal,2021-12-05T00:00:00,3.4,419928.0,379
HIS-001095,AST-ENG-0376,SEC-RKMP-BPL,ENGINEERING,BallastCleaning,2024-04-03T00:00:00,3.2,422464.0,498
HIS-001096,AST-TRA-0240,SEC-RKMP-BPL,TRACTION,ContactWireReplacement,2022-08-04T00:00:00,2.2,482692.0,296
HIS-001097,AST-ENG-0271,SEC-RKMP-BPL,ENGINEERING,RailGrinding,2024-07-13T00:00:00,1.6,128181.0,291
HIS-001098,AST-ENG-0074,SEC-RKMP-BPL,ENGINEERING,RailGrinding,2026-06-19T00:00:00,2.8,447867.0,462
HIS-001099,AST-ENG-0205,SEC-RKMP-BPL,ENGINEERING,SleeperRenewal,2024-11-10T00:00:00,7.1,74044.0,311
HIS-001100,AST-S_A-0315,SEC-RKMP-BPL,S_AND_T,TurnoutAdjustment,2025-09-06T00:00:00,1.5,483246.0,388
HIS-001101,AST-S_A-0012,SEC-RKMP-BPL,S_AND_T,TurnoutAdjustment,2025-10-19T00:00:00,1.1,358933.0,270
HIS-001102,AST-ENG-0182,SEC-RKMP-BPL,ENGINEERING,BallastCleaning,2025-10-21T00:00:00,6.2,129424.0,407
HIS-001103,AST-ENG-0352,SEC-RKMP-BPL,ENGINEERING,BallastCleaning,2026-08-27T00:00:00,5.5,377923.0,349
HIS-001104,AST-S_A-0354,SEC-RKMP-BPL,S_AND_T,AxleCounterCalibration,2026-01-22T00:00:00,7.0,121626.0,472
HIS-001105,AST-ENG-0487,SEC-RKMP-BPL,ENGINEERING,BallastCleaning,2023-11-15T00:00:00,2.8,528097.0,339
HIS-001106,AST-S_A-0229,SEC-RKMP-BPL,S_AND_T,SignalCableRenewal,2022-06-05T00:00:00,5.9,473559.0,380
HIS-001107,AST-S_A-0324,SEC-RKMP-BPL,S_AND_T,SignalCableRenewal,2025-06-04T00:00:00,7.3,493082.0,421
HIS-001108,AST-ENG-0236,SEC-RKMP-BPL,ENGINEERING,RailGrinding,2024-05-04T00:00:00,2.4,624140.0,128
HIS-001109,AST-S_A-0255,SEC-RKMP-BPL,S_AND_T,PointMachineOverhaul,2022-10-27T00:00:00,3.2,100514.0,393
HIS-001110,AST-ENG-0155,SEC-RKMP-BPL,ENGINEERING,RailGrinding,2024-03-17T00:00:00,2.1,87128.0,201
HIS-001111,AST-S_A-0471,SEC-RKMP-BPL,S_AND_T,AxleCounterCalibration,2022-09-12T00:00:00,4.2,62879.0,450
HIS-001112,AST-ENG-0136,SEC-RKMP-BPL,ENGINEERING,BallastCleaning,2021-10-18T00:00:00,6.1,303412.0,97
HIS-001113,AST-S_A-0436,SEC-RKMP-BPL,S_AND_T,TurnoutAdjustment,2025-01-30T00:00:00,6.0,41962.0,226
HIS-001114,AST-S_A-0351,SEC-RKMP-BPL,S_AND_T,SignalCableRenewal,2026-01-14T00:00:00,1.1,384537.0,233
HIS-001115,AST-TRA-0203,SEC-RKMP-BPL,TRACTION,DropperReplacement,2023-08-18T00:00:00,5.3,177125.0,322
HIS-001116,AST-TRA-0141,SEC-RKMP-BPL,TRACTION,ContactWireReplacement,2026-01-06T00:00:00,2.5,143345.0,283
HIS-001117,AST-TRA-0212,SEC-RKMP-BPL,TRACTION,InsulatorReplacement,2025-06-19T00:00:00,1.5,340529.0,319
HIS-001118,AST-S_A-0135,SEC-RKMP-BPL,S_AND_T,TurnoutAdjustment,2024-04-06T00:00:00,3.4,344613.0,315
HIS-001119,AST-ENG-0325,SEC-RKMP-BPL,ENGINEERING,TrackTamping,2024-05-05T00:00:00,1.2,373173.0,186
HIS-001120,AST-S_A-0274,SEC-RKMP-BPL,S_AND_T,SignalCableRenewal,2025-12-06T00:00:00,2.2,381989.0,275
HIS-001121,AST-TRA-0024,SEC-RKMP-BPL,TRACTION,InsulatorReplacement,2025-09-20T00:00:00,3.1,312793.0,486
HIS-001122,AST-ENG-0344,SEC-RKMP-BPL,ENGINEERING,SleeperRenewal,2025-03-15T00:00:00,1.5,285710.0,298
HIS-001123,AST-S_A-0426,SEC-RKMP-BPL,S_AND_T,SignalCableRenewal,2023-12-30T00:00:00,6.7,479508.0,478
HIS-001124,AST-ENG-0268,SEC-RKMP-BPL,ENGINEERING,BallastCleaning,2022-11-27T00:00:00,6.2,175707.0,344
HIS-001125,AST-S_A-0305,SEC-RKMP-BPL,S_AND_T,PointMachineOverhaul,2024-10-22T00:00:00,6.1,586260.0,102
HIS-001126,AST-ENG-0478,SEC-RKMP-BPL,ENGINEERING,TrackTamping,2022-10-30T00:00:00,4.6,231326.0,346
HIS-001127,AST-S_A-0156,SEC-RKMP-BPL,S_AND_T,TurnoutAdjustment,2023-08-04T00:00:00,3.8,163068.0,461
HIS-001128,AST-ENG-0115,SEC-RKMP-BPL,ENGINEERING,SleeperRenewal,2026-02-03T00:00:00,1.6,603327.0,121
HIS-001129,AST-TRA-0293,SEC-RKMP-BPL,TRACTION,InsulatorReplacement,2025-09-26T00:00:00,4.5,360674.0,10
HIS-001130,AST-S_A-0098,SEC-RKMP-BPL,S_AND_T,TurnoutAdjustment,2023-07-12T00:00:00,2.3,165512.0,231
HIS-001131,AST-S_A-0490,SEC-RKMP-BPL,S_AND_T,SignalCableRenewal,2025-03-14T00:00:00,5.5,50647.0,430
HIS-001132,AST-TRA-0105,SEC-RKMP-BPL,TRACTION,OHEInspection,2025-06-24T00:00:00,2.4,293856.0,83
HIS-001133,AST-S_A-0333,SEC-RKMP-BPL,S_AND_T,PointMachineOverhaul,2024-01-20T00:00:00,3.7,229990.0,206
HIS-001134,AST-TRA-0257,SEC-RKMP-BPL,TRACTION,OHEInspection,2022-10-08T00:00:00,3.8,53644.0,230
HIS-001135,AST-ENG-0124,SEC-RKMP-BPL,ENGINEERING,SleeperRenewal,2025-06-08T00:00:00,4.1,190093.0,206
HIS-001136,AST-TRA-0284,SEC-RKMP-BPL,TRACTION,DropperReplacement,2023-08-12T00:00:00,1.5,443645.0,399
HIS-001137,AST-ENG-0259,SEC-RKMP-BPL,ENGINEERING,JointWelding,2022-11-26T00:00:00,4.2,407082.0,208
HIS-001138,AST-TRA-0329,SEC-RKMP-BPL,TRACTION,DropperReplacement,2025-11-13T00:00:00,1.6,315449.0,438
HIS-001139,AST-S_A-0359,SEC-RKMP-BPL,S_AND_T,PointMachineOverhaul,2024-01-07T00:00:00,1.0,623807.0,203
HIS-001140,AST-TRA-0104,SEC-RKMP-BPL,TRACTION,ContactWireReplacement,2025-02-15T00:00:00,1.1,381396.0,181
HIS-001141,AST-ENG-0092,SEC-RKMP-BPL,ENGINEERING,SleeperRenewal,2021-12-14T00:00:00,7.8,589548.0,526
HIS-001142,AST-TRA-0114,SEC-RKMP-BPL,TRACTION,ContactWireReplacement,2025-05-25T00:00:00,5.8,581980.0,113
HIS-001143,AST-TRA-0492,SEC-RKMP-BPL,TRACTION,DropperReplacement,2022-07-10T00:00:00,5.0,68491.0,254
HIS-001144,AST-TRA-0365,SEC-RKMP-BPL,TRACTION,OHEInspection,2023-11-22T00:00:00,4.5,648443.0,325
HIS-001145,AST-TRA-0338,SEC-RKMP-BPL,TRACTION,InsulatorReplacement,2023-08-05T00:00:00,5.5,557580.0,366
HIS-001146,AST-S_A-0287,SEC-RKMP-BPL,S_AND_T,SignalCableRenewal,2023-11-06T00:00:00,4.7,388475.0,371
HIS-001147,AST-ENG-0268,SEC-RKMP-BPL,ENGINEERING,JointWelding,2022-07-03T00:00:00,3.8,205298.0,214
HIS-001148,AST-ENG-0286,SEC-RKMP-BPL,ENGINEERING,RailGrinding,2022-07-04T00:00:00,1.4,344198.0,174
HIS-001149,AST-S_A-0192,SEC-RKMP-BPL,S_AND_T,PointMachineOverhaul,2023-01-13T00:00:00,4.4,373650.0,479
HIS-001150,AST-ENG-0451,SEC-RKMP-BPL,ENGINEERING,BallastCleaning,2026-03-18T00:00:00,7.5,533070.0,339
HIS-001151,AST-S_A-0292,SEC-RKMP-BPL,S_AND_T,SignalCableRenewal,2022-02-13T00:00:00,7.5,630662.0,347
HIS-001152,AST-TRA-0312,SEC-RKMP-BPL,TRACTION,OHEInspection,2022-03-15T00:00:00,4.3,120192.0,97
HIS-001153,AST-ENG-0128,SEC-RKMP-BPL,ENGINEERING,RailGrinding,2024-03-07T00:00:00,6.6,597965.0,11
HIS-001154,AST-ENG-0385,SEC-RKMP-BPL,ENGINEERING,JointWelding,2025-11-04T00:00:00,5.9,107977.0,45
HIS-001155,AST-S_A-0490,SEC-RKMP-BPL,S_AND_T,PointMachineOverhaul,2022-01-13T00:00:00,7.1,94226.0,324
HIS-001156,AST-ENG-0226,SEC-RKMP-BPL,ENGINEERING,RailGrinding,2026-08-07T00:00:00,7.1,554439.0,490
HIS-001157,AST-ENG-0370,SEC-RKMP-BPL,ENGINEERING,SleeperRenewal,2021-10-31T00:00:00,4.6,227762.0,252
HIS-001158,AST-S_A-0021,SEC-RKMP-BPL,S_AND_T,PointMachineOverhaul,2024-10-29T00:00:00,7.9,510629.0,254
HIS-001159,AST-S_A-0243,SEC-RKMP-BPL,S_AND_T,AxleCounterCalibration,2024-06-27T00:00:00,5.1,283819.0,204
HIS-001160,AST-S_A-0441,SEC-RKMP-BPL,S_AND_T,AxleCounterCalibration,2023-09-06T00:00:00,7.0,169528.0,242
HIS-001161,AST-TRA-0257,SEC-RKMP-BPL,TRACTION,DropperReplacement,2022-03-20T00:00:00,6.8,589749.0,247
HIS-001162,AST-ENG-0065,SEC-RKMP-BPL,ENGINEERING,SleeperRenewal,2026-07-04T00:00:00,7.9,308935.0,190
HIS-001163,AST-S_A-0048,SEC-RKMP-BPL,S_AND_T,TurnoutAdjustment,2022-09-22T00:00:00,3.1,371495.0,375
HIS-001164,AST-TRA-0023,SEC-RKMP-BPL,TRACTION,OHEInspection,2024-05-26T00:00:00,1.6,214709.0,236
HIS-001165,AST-S_A-0377,SEC-RKMP-BPL,S_AND_T,PointMachineOverhaul,2024-07-12T00:00:00,5.0,490869.0,561
HIS-001166,AST-ENG-0493,SEC-RKMP-BPL,ENGINEERING,BallastCleaning,2023-05-16T00:00:00,5.8,66936.0,572
HIS-001167,AST-S_A-0202,SEC-RKMP-BPL,S_AND_T,AxleCounterCalibration,2025-09-19T00:00:00,4.8,145956.0,418
HIS-001168,AST-TRA-0185,SEC-RKMP-BPL,TRACTION,ContactWireReplacement,2024-08-02T00:00:00,7.4,219751.0,228
HIS-001169,AST-S_A-0441,SEC-RKMP-BPL,S_AND_T,SignalCableRenewal,2025-07-28T00:00:00,7.6,88503.0,301
HIS-001170,AST-S_A-0192,SEC-RKMP-BPL,S_AND_T,AxleCounterCalibration,2021-12-12T00:00:00,4.3,575146.0,375
HIS-001171,AST-ENG-0061,SEC-RKMP-BPL,ENGINEERING,TrackTamping,2025-12-31T00:00:00,2.3,410193.0,277
HIS-001172,AST-S_A-0117,SEC-RKMP-BPL,S_AND_T,PointMachineOverhaul,2026-03-01T00:00:00,6.6,257570.0,436
HIS-001173,AST-TRA-0365,SEC-RKMP-BPL,TRACTION,InsulatorReplacement,2024-07-26T00:00:00,1.9,258555.0,266
HIS-001174,AST-ENG-0136,SEC-RKMP-BPL,ENGINEERING,JointWelding,2024-05-24T00:00:00,3.8,466937.0,288
HIS-001175,AST-S_A-0485,SEC-RKMP-BPL,S_AND_T,SignalCableRenewal,2024-05-25T00:00:00,7.3,274018.0,277
HIS-001176,AST-S_A-0198,SEC-RKMP-BPL,S_AND_T,AxleCounterCalibration,2026-08-04T00:00:00,4.0,161580.0,113
HIS-001177,AST-S_A-0486,SEC-RKMP-BPL,S_AND_T,TurnoutAdjustment,2026-03-02T00:00:00,5.1,227517.0,136
HIS-001178,AST-S_A-0288,SEC-RKMP-BPL,S_AND_T,PointMachineOverhaul,2022-06-28T00:00:00,1.6,649155.0,331
HIS-001179,AST-S_A-0441,SEC-RKMP-BPL,S_AND_T,SignalCableRenewal,2024-03-25T00:00:00,2.6,275212.0,379
HIS-001180,AST-S_A-0057,SEC-RKMP-BPL,S_AND_T,PointMachineOverhaul,2021-11-19T00:00:00,5.7,496531.0,216
HIS-001181,AST-S_A-0251,SEC-RKMP-BPL,S_AND_T,PointMachineOverhaul,2025-10-29T00:00:00,6.5,335034.0,355
HIS-001182,AST-S_A-0436,SEC-RKMP-BPL,S_AND_T,AxleCounterCalibration,2025-05-27T00:00:00,5.4,550760.0,226
HIS-001183,AST-TRA-0221,SEC-RKMP-BPL,TRACTION,DropperReplacement,2023-08-21T00:00:00,1.8,56256.0,112
HIS-001184,AST-S_A-0063,SEC-RKMP-BPL,S_AND_T,TurnoutAdjustment,2025-05-05T00:00:00,4.6,631216.0,161
HIS-001185,AST-TRA-0258,SEC-RKMP-BPL,TRACTION,InsulatorReplacement,2026-05-07T00:00:00,4.3,565430.0,379
HIS-001186,AST-TRA-0329,SEC-RKMP-BPL,TRACTION,ContactWireReplacement,2025-11-24T00:00:00,6.1,45646.0,425
HIS-001187,AST-TRA-0041,SEC-RKMP-BPL,TRACTION,ContactWireReplacement,2024-07-01T00:00:00,6.1,235525.0,425
HIS-001188,AST-S_A-0063,SEC-RKMP-BPL,S_AND_T,SignalCableRenewal,2026-07-02T00:00:00,3.4,94659.0,176
HIS-001189,AST-S_A-0057,SEC-RKMP-BPL,S_AND_T,PointMachineOverhaul,2023-04-05T00:00:00,1.2,219256.0,156
HIS-001190,AST-TRA-0068,SEC-RKMP-BPL,TRACTION,ContactWireReplacement,2025-10-10T00:00:00,6.2,584718.0,324
HIS-001191,AST-TRA-0348,SEC-RKMP-BPL,TRACTION,InsulatorReplacement,2025-12-04T00:00:00,7.5,408808.0,455
HIS-001192,AST-S_A-0405,SEC-RKMP-BPL,S_AND_T,PointMachineOverhaul,2024-05-04T00:00:00,4.0,277703.0,339
HIS-001193,AST-TRA-0186,SEC-RKMP-BPL,TRACTION,InsulatorReplacement,2024-10-24T00:00:00,2.5,284967.0,21
HIS-001194,AST-ENG-0334,SEC-RKMP-BPL,ENGINEERING,SleeperRenewal,2022-07-12T00:00:00,4.4,301490.0,335
HIS-001195,AST-S_A-0309,SEC-RKMP-BPL,S_AND_T,SignalCableRenewal,2024-05-29T00:00:00,6.6,119851.0,447
HIS-001196,AST-S_A-0296,SEC-RKMP-BPL,S_AND_T,SignalCableRenewal,2023-07-20T00:00:00,6.4,472820.0,130
HIS-001197,AST-S_A-0207,SEC-RKMP-BPL,S_AND_T,SignalCableRenewal,2025-10-27T00:00:00,7.4,466416.0,456
HIS-001198,AST-TRA-0330,SEC-RKMP-BPL,TRACTION,InsulatorReplacement,2026-05-26T00:00:00,4.2,410951.0,303
HIS-001199,AST-S_A-0189,SEC-RKMP-BPL,S_AND_T,PointMachineOverhaul,2024-09-13T00:00:00,5.2,44555.0,10
HIS-001200,AST-ENG-0466,SEC-RKMP-BPL,ENGINEERING,RailGrinding,2022-01-26T00:00:00,4.1,345713.0,280
HIS-001201,AST-TRA-0474,SEC-RKMP-BPL,TRACTION,DropperReplacement,2024-12-07T00:00:00,7.9,565851.0,326
HIS-001202,AST-ENG-0371,SEC-RKMP-BPL,ENGINEERING,BallastCleaning,2024-03-07T00:00:00,1.2,563937.0,583
HIS-001203,AST-ENG-0271,SEC-RKMP-BPL,ENGINEERING,RailGrinding,2023-03-12T00:00:00,1.1,431396.0,415
HIS-001204,AST-ENG-0353,SEC-RKMP-BPL,ENGINEERING,TrackTamping,2024-03-29T00:00:00,3.1,424748.0,457
HIS-001205,AST-TRA-0050,SEC-RKMP-BPL,TRACTION,InsulatorReplacement,2023-07-20T00:00:00,4.0,380977.0,396
HIS-001206,AST-TRA-0033,SEC-RKMP-BPL,TRACTION,DropperReplacement,2021-10-28T00:00:00,5.3,191326.0,267
HIS-001207,AST-TRA-0158,SEC-RKMP-BPL,TRACTION,InsulatorReplacement,2026-05-29T00:00:00,8.0,278972.0,130
HIS-001208,AST-S_A-0224,SEC-RKMP-BPL,S_AND_T,AxleCounterCalibration,2024-10-11T00:00:00,5.2,297967.0,315
HIS-001209,AST-TRA-0311,SEC-RKMP-BPL,TRACTION,ContactWireReplacement,2025-03-10T00:00:00,4.8,43170.0,522
HIS-001210,AST-TRA-0348,SEC-RKMP-BPL,TRACTION,DropperReplacement,2023-04-05T00:00:00,2.5,277443.0,326
HIS-001211,AST-TRA-0474,SEC-RKMP-BPL,TRACTION,ContactWireReplacement,2023-04-03T00:00:00,3.4,618764.0,398
HIS-001212,AST-TRA-0140,SEC-RKMP-BPL,TRACTION,ContactWireReplacement,2023-09-29T00:00:00,4.9,407901.0,344
HIS-001213,AST-S_A-0350,SEC-RKMP-BPL,S_AND_T,TurnoutAdjustment,2023-07-13T00:00:00,5.5,319252.0,107
HIS-001214,AST-ENG-0007,SEC-RKMP-BPL,ENGINEERING,TrackTamping,2022-01-24T00:00:00,6.8,177680.0,312
HIS-001215,AST-S_A-0396,SEC-RKMP-BPL,S_AND_T,PointMachineOverhaul,2025-02-06T00:00:00,4.8,540764.0,187
HIS-001216,AST-S_A-0274,SEC-RKMP-BPL,S_AND_T,TurnoutAdjustment,2024-08-03T00:00:00,3.0,267455.0,241
HIS-001217,AST-S_A-0297,SEC-RKMP-BPL,S_AND_T,PointMachineOverhaul,2023-01-18T00:00:00,7.9,405087.0,320
HIS-001218,AST-S_A-0310,SEC-RKMP-BPL,S_AND_T,SignalCableRenewal,2026-07-15T00:00:00,7.9,108167.0,259
HIS-001219,AST-ENG-0331,SEC-RKMP-BPL,ENGINEERING,BallastCleaning,2025-11-11T00:00:00,4.2,169087.0,490
HIS-001220,AST-ENG-0281,SEC-RKMP-BPL,ENGINEERING,JointWelding,2023-08-06T00:00:00,5.6,482800.0,557
HIS-001221,AST-TRA-0051,SEC-RKMP-BPL,TRACTION,OHEInspection,2021-09-28T00:00:00,7.6,192761.0,326
HIS-001222,AST-ENG-0133,SEC-RKMP-BPL,ENGINEERING,TrackTamping,2021-12-19T00:00:00,3.8,584242.0,364
HIS-001223,AST-TRA-0303,SEC-RKMP-BPL,TRACTION,OHEInspection,2025-09-08T00:00:00,6.1,39702.0,306
HIS-001224,AST-S_A-0300,SEC-RKMP-BPL,S_AND_T,SignalCableRenewal,2023-12-30T00:00:00,1.2,473620.0,288
HIS-001225,AST-ENG-0370,SEC-RKMP-BPL,ENGINEERING,RailGrinding,2025-05-20T00:00:00,1.8,581630.0,203
HIS-001226,AST-S_A-0017,SEC-RKMP-BPL,S_AND_T,PointMachineOverhaul,2025-09-17T00:00:00,1.9,161421.0,470
HIS-001227,AST-S_A-0485,SEC-RKMP-BPL,S_AND_T,PointMachineOverhaul,2022-07-24T00:00:00,1.7,641371.0,278
HIS-001228,AST-S_A-0363,SEC-RKMP-BPL,S_AND_T,SignalCableRenewal,2023-08-05T00:00:00,4.1,50395.0,476
HIS-001229,AST-S_A-0224,SEC-RKMP-BPL,S_AND_T,PointMachineOverhaul,2023-12-18T00:00:00,5.9,443368.0,258
HIS-001230,AST-ENG-0155,SEC-RKMP-BPL,ENGINEERING,TrackTamping,2024-09-24T00:00:00,2.2,538823.0,248
HIS-001231,AST-ENG-0488,SEC-RKMP-BPL,ENGINEERING,TrackTamping,2023-10-03T00:00:00,3.0,281194.0,456
HIS-001232,AST-TRA-0158,SEC-RKMP-BPL,TRACTION,DropperReplacement,2025-08-07T00:00:00,7.9,394424.0,129
HIS-001233,AST-ENG-0470,SEC-RKMP-BPL,ENGINEERING,TrackTamping,2021-12-25T00:00:00,2.4,510983.0,313
HIS-001234,AST-S_A-0057,SEC-RKMP-BPL,S_AND_T,SignalCableRenewal,2022-05-16T00:00:00,4.4,635300.0,238
HIS-001235,AST-TRA-0429,SEC-RKMP-BPL,TRACTION,DropperReplacement,2024-04-29T00:00:00,7.0,107607.0,41
HIS-001236,AST-ENG-0407,SEC-RKMP-BPL,ENGINEERING,RailGrinding,2025-09-26T00:00:00,4.6,409631.0,408
HIS-001237,AST-S_A-0336,SEC-RKMP-BPL,S_AND_T,AxleCounterCalibration,2023-11-26T00:00:00,3.4,432667.0,488
HIS-001238,AST-ENG-0442,SEC-RKMP-BPL,ENGINEERING,SleeperRenewal,2025-01-18T00:00:00,5.8,373858.0,450
HIS-001239,AST-S_A-0180,SEC-RKMP-BPL,S_AND_T,TurnoutAdjustment,2024-08-01T00:00:00,2.4,337625.0,517
HIS-001240,AST-TRA-0428,SEC-RKMP-BPL,TRACTION,OHEInspection,2022-08-10T00:00:00,3.2,540163.0,117
HIS-001241,AST-S_A-0427,SEC-RKMP-BPL,S_AND_T,AxleCounterCalibration,2024-12-02T00:00:00,7.7,504937.0,331
HIS-001242,AST-S_A-0328,SEC-RKMP-BPL,S_AND_T,PointMachineOverhaul,2024-07-23T00:00:00,2.7,414463.0,348
HIS-001243,AST-S_A-0175,SEC-RKMP-BPL,S_AND_T,TurnoutAdjustment,2022-05-25T00:00:00,4.4,36972.0,412
HIS-001244,AST-S_A-0355,SEC-RKMP-BPL,S_AND_T,SignalCableRenewal,2022-11-27T00:00:00,6.9,274855.0,253
HIS-001245,AST-S_A-0039,SEC-RKMP-BPL,S_AND_T,TurnoutAdjustment,2025-01-25T00:00:00,2.2,258512.0,111
HIS-001246,AST-S_A-0012,SEC-RKMP-BPL,S_AND_T,AxleCounterCalibration,2026-02-14T00:00:00,4.2,547292.0,260
HIS-001247,AST-S_A-0243,SEC-RKMP-BPL,S_AND_T,AxleCounterCalibration,2022-10-24T00:00:00,6.6,327967.0,211
HIS-001248,AST-ENG-0182,SEC-RKMP-BPL,ENGINEERING,TrackTamping,2025-07-18T00:00:00,2.8,314445.0,415
HIS-001249,AST-ENG-0118,SEC-RKMP-BPL,ENGINEERING,RailGrinding,2025-12-03T00:00:00,8.0,561591.0,290
HIS-001250,AST-ENG-0307,SEC-RKMP-BPL,ENGINEERING,RailGrinding,2025-09-11T00:00:00,3.7,136772.0,172
HIS-001251,AST-ENG-0403,SEC-RKMP-BPL,ENGINEERING,JointWelding,2022-07-04T00:00:00,7.1,597064.0,177
HIS-001252,AST-TRA-0141,SEC-RKMP-BPL,TRACTION,InsulatorReplacement,2022-05-24T00:00:00,3.2,268499.0,330
HIS-001253,AST-ENG-0128,SEC-RKMP-BPL,ENGINEERING,BallastCleaning,2023-02-12T00:00:00,4.6,412317.0,170
HIS-001254,AST-S_A-0116,SEC-RKMP-BPL,S_AND_T,SignalCableRenewal,2023-04-16T00:00:00,3.5,636117.0,235
HIS-001255,AST-ENG-0002,SEC-RKMP-BPL,ENGINEERING,SleeperRenewal,2022-05-16T00:00:00,2.8,326176.0,130
HIS-001256,AST-ENG-0353,SEC-RKMP-BPL,ENGINEERING,BallastCleaning,2022-10-11T00:00:00,1.2,487409.0,398
HIS-001257,AST-S_A-0094,SEC-RKMP-BPL,S_AND_T,TurnoutAdjustment,2022-10-19T00:00:00,5.3,380809.0,526
HIS-001258,AST-TRA-0015,SEC-RKMP-BPL,TRACTION,ContactWireReplacement,2021-12-16T00:00:00,4.4,526013.0,183
HIS-001259,AST-ENG-0154,SEC-RKMP-BPL,ENGINEERING,SleeperRenewal,2024-08-12T00:00:00,6.8,99864.0,166
HIS-001260,AST-S_A-0018,SEC-RKMP-BPL,S_AND_T,SignalCableRenewal,2022-06-04T00:00:00,3.5,561911.0,411
HIS-001261,AST-S_A-0390,SEC-RKMP-BPL,S_AND_T,PointMachineOverhaul,2022-02-21T00:00:00,6.4,523284.0,424
HIS-001262,AST-ENG-0299,SEC-RKMP-BPL,ENGINEERING,SleeperRenewal,2021-12-04T00:00:00,6.2,595054.0,417
HIS-001263,AST-ENG-0325,SEC-RKMP-BPL,ENGINEERING,RailGrinding,2024-03-16T00:00:00,1.7,210427.0,10
HIS-001264,AST-ENG-0406,SEC-RKMP-BPL,ENGINEERING,JointWelding,2021-11-12T00:00:00,3.2,247276.0,408
HIS-001265,AST-ENG-0196,SEC-RKMP-BPL,ENGINEERING,JointWelding,2025-10-27T00:00:00,7.6,289933.0,161
HIS-001266,AST-ENG-0380,SEC-RKMP-BPL,ENGINEERING,TrackTamping,2023-05-26T00:00:00,2.0,93856.0,308
HIS-001267,AST-ENG-0088,SEC-RKMP-BPL,ENGINEERING,TrackTamping,2025-09-03T00:00:00,3.4,101634.0,314
HIS-001268,AST-ENG-0479,SEC-RKMP-BPL,ENGINEERING,BallastCleaning,2024-01-25T00:00:00,1.7,530217.0,247
HIS-001269,AST-S_A-0153,SEC-RKMP-BPL,S_AND_T,PointMachineOverhaul,2022-03-19T00:00:00,6.7,442057.0,345
HIS-001270,AST-ENG-0362,SEC-RKMP-BPL,ENGINEERING,JointWelding,2022-10-23T00:00:00,5.1,193087.0,273
HIS-001271,AST-S_A-0251,SEC-RKMP-BPL,S_AND_T,PointMachineOverhaul,2025-09-04T00:00:00,4.6,51364.0,515
HIS-001272,AST-ENG-0001,SEC-RKMP-BPL,ENGINEERING,JointWelding,2026-06-25T00:00:00,3.4,120155.0,352
HIS-001273,AST-TRA-0267,SEC-RKMP-BPL,TRACTION,InsulatorReplacement,2021-12-14T00:00:00,2.2,484676.0,444
HIS-001274,AST-S_A-0116,SEC-RKMP-BPL,S_AND_T,AxleCounterCalibration,2026-05-14T00:00:00,6.2,132922.0,187
HIS-001275,AST-S_A-0315,SEC-RKMP-BPL,S_AND_T,TurnoutAdjustment,2023-06-13T00:00:00,2.9,48887.0,398
HIS-001276,AST-TRA-0375,SEC-RKMP-BPL,TRACTION,InsulatorReplacement,2023-03-25T00:00:00,3.8,136809.0,337
HIS-001277,AST-TRA-0320,SEC-RKMP-BPL,TRACTION,ContactWireReplacement,2021-09-17T00:00:00,4.4,453580.0,500
HIS-001278,AST-S_A-0076,SEC-RKMP-BPL,S_AND_T,SignalCableRenewal,2025-03-03T00:00:00,7.2,162632.0,411
HIS-001279,AST-TRA-0339,SEC-RKMP-BPL,TRACTION,OHEInspection,2026-01-17T00:00:00,5.1,380534.0,174
HIS-001280,AST-ENG-0349,SEC-RKMP-BPL,ENGINEERING,RailGrinding,2022-09-19T00:00:00,4.2,416484.0,340
HIS-001281,AST-S_A-0229,SEC-RKMP-BPL,S_AND_T,SignalCableRenewal,2023-12-07T00:00:00,5.0,457506.0,354
HIS-001282,AST-S_A-0355,SEC-RKMP-BPL,S_AND_T,SignalCableRenewal,2023-06-01T00:00:00,4.4,476647.0,251
HIS-001283,AST-TRA-0249,SEC-RKMP-BPL,TRACTION,InsulatorReplacement,2025-05-16T00:00:00,4.8,363012.0,491
HIS-001284,AST-S_A-0234,SEC-RKMP-BPL,S_AND_T,TurnoutAdjustment,2022-01-02T00:00:00,4.6,63944.0,47
HIS-001285,AST-ENG-0340,SEC-RKMP-BPL,ENGINEERING,RailGrinding,2024-09-27T00:00:00,3.6,429129.0,436
HIS-001286,AST-ENG-0317,SEC-RKMP-BPL,ENGINEERING,TrackTamping,2026-06-01T00:00:00,7.8,561250.0,357
HIS-001287,AST-ENG-0034,SEC-RKMP-BPL,ENGINEERING,JointWelding,2026-04-26T00:00:00,3.0,263462.0,374
HIS-001288,AST-TRA-0149,SEC-RKMP-BPL,TRACTION,OHEInspection,2026-01-04T00:00:00,7.3,554156.0,277
HIS-001289,AST-S_A-0129,SEC-RKMP-BPL,S_AND_T,SignalCableRenewal,2022-03-27T00:00:00,6.0,609100.0,146
HIS-001290,AST-TRA-0221,SEC-RKMP-BPL,TRACTION,InsulatorReplacement,2022-04-19T00:00:00,5.8,624060.0,204
HIS-001291,AST-ENG-0002,SEC-RKMP-BPL,ENGINEERING,BallastCleaning,2026-01-17T00:00:00,6.6,84307.0,254
HIS-001292,AST-TRA-0402,SEC-RKMP-BPL,TRACTION,OHEInspection,2024-06-07T00:00:00,3.7,649973.0,317
HIS-001293,AST-ENG-0461,SEC-RKMP-BPL,ENGINEERING,BallastCleaning,2023-07-16T00:00:00,6.2,205560.0,475
HIS-001294,AST-S_A-0459,SEC-RKMP-BPL,S_AND_T,TurnoutAdjustment,2022-08-04T00:00:00,7.1,205417.0,148
HIS-001295,AST-S_A-0255,SEC-RKMP-BPL,S_AND_T,PointMachineOverhaul,2026-06-19T00:00:00,5.7,375766.0,429
HIS-001296,AST-ENG-0250,SEC-RKMP-BPL,ENGINEERING,SleeperRenewal,2022-01-17T00:00:00,1.4,282203.0,253
HIS-001297,AST-ENG-0209,SEC-RKMP-BPL,ENGINEERING,BallastCleaning,2022-11-28T00:00:00,2.6,422060.0,202
HIS-001298,AST-S_A-0314,SEC-RKMP-BPL,S_AND_T,TurnoutAdjustment,2023-03-03T00:00:00,3.0,163374.0,303
HIS-001299,AST-TRA-0428,SEC-RKMP-BPL,TRACTION,DropperReplacement,2022-04-16T00:00:00,7.6,55698.0,200
HIS-001300,AST-TRA-0194,SEC-RKMP-BPL,TRACTION,ContactWireReplacement,2023-12-06T00:00:00,3.9,400561.0,442
HIS-001301,AST-ENG-0268,SEC-RKMP-BPL,ENGINEERING,JointWelding,2024-06-24T00:00:00,5.6,543131.0,294
HIS-001302,AST-S_A-0153,SEC-RKMP-BPL,S_AND_T,AxleCounterCalibration,2025-08-27T00:00:00,3.4,288280.0,318
HIS-001303,AST-ENG-0007,SEC-RKMP-BPL,ENGINEERING,TrackTamping,2024-11-24T00:00:00,1.6,341556.0,202
HIS-001304,AST-TRA-0078,SEC-RKMP-BPL,TRACTION,ContactWireReplacement,2023-07-07T00:00:00,4.7,376453.0,561
HIS-001305,AST-ENG-0011,SEC-RKMP-BPL,ENGINEERING,JointWelding,2025-11-13T00:00:00,3.8,253795.0,156
HIS-001306,AST-S_A-0225,SEC-RKMP-BPL,S_AND_T,PointMachineOverhaul,2024-06-20T00:00:00,6.1,339215.0,457
HIS-001307,AST-S_A-0477,SEC-RKMP-BPL,S_AND_T,AxleCounterCalibration,2023-08-20T00:00:00,4.9,325097.0,148
HIS-001308,AST-ENG-0101,SEC-RKMP-BPL,ENGINEERING,JointWelding,2023-08-29T00:00:00,6.0,124035.0,191
HIS-001309,AST-S_A-0279,SEC-RKMP-BPL,S_AND_T,SignalCableRenewal,2023-10-13T00:00:00,7.0,123903.0,493
HIS-001310,AST-ENG-0187,SEC-RKMP-BPL,ENGINEERING,TrackTamping,2026-03-30T00:00:00,3.6,582123.0,123
HIS-001311,AST-ENG-0353,SEC-RKMP-BPL,ENGINEERING,BallastCleaning,2025-03-17T00:00:00,3.9,399200.0,527
HIS-001312,AST-S_A-0261,SEC-RKMP-BPL,S_AND_T,AxleCounterCalibration,2023-07-14T00:00:00,4.6,475100.0,275
HIS-001313,AST-S_A-0387,SEC-RKMP-BPL,S_AND_T,SignalCableRenewal,2022-06-14T00:00:00,1.4,243958.0,445
HIS-001314,AST-S_A-0297,SEC-RKMP-BPL,S_AND_T,SignalCableRenewal,2025-05-08T00:00:00,6.3,217572.0,206
HIS-001315,AST-S_A-0436,SEC-RKMP-BPL,S_AND_T,PointMachineOverhaul,2022-04-10T00:00:00,4.5,176618.0,235
HIS-001316,AST-ENG-0043,SEC-RKMP-BPL,ENGINEERING,RailGrinding,2025-06-25T00:00:00,3.6,177693.0,378
HIS-001317,AST-ENG-0479,SEC-RKMP-BPL,ENGINEERING,TrackTamping,2023-06-18T00:00:00,2.1,96341.0,247
HIS-001318,AST-TRA-0095,SEC-RKMP-BPL,TRACTION,DropperReplacement,2021-10-09T00:00:00,3.1,496835.0,356
HIS-001319,AST-TRA-0429,SEC-RKMP-BPL,TRACTION,InsulatorReplacement,2024-07-13T00:00:00,2.7,247651.0,167
HIS-001320,AST-TRA-0185,SEC-RKMP-BPL,TRACTION,OHEInspection,2024-05-09T00:00:00,2.2,233685.0,14
HIS-001321,AST-S_A-0013,SEC-RKMP-BPL,S_AND_T,TurnoutAdjustment,2026-07-08T00:00:00,7.3,140730.0,235
HIS-001322,AST-ENG-0349,SEC-RKMP-BPL,ENGINEERING,BallastCleaning,2023-08-28T00:00:00,2.8,375540.0,406
HIS-001323,AST-S_A-0499,SEC-RKMP-BPL,S_AND_T,AxleCounterCalibration,2022-07-27T00:00:00,6.2,597311.0,422
HIS-001324,AST-ENG-0142,SEC-RKMP-BPL,ENGINEERING,RailGrinding,2025-04-09T00:00:00,2.4,83708.0,10
HIS-001325,AST-TRA-0240,SEC-RKMP-BPL,TRACTION,DropperReplacement,2025-07-01T00:00:00,2.6,182064.0,64
HIS-001326,AST-ENG-0451,SEC-RKMP-BPL,ENGINEERING,TrackTamping,2023-06-18T00:00:00,1.7,247011.0,301
HIS-001327,AST-S_A-0247,SEC-RKMP-BPL,S_AND_T,AxleCounterCalibration,2025-08-04T00:00:00,1.9,385531.0,200
HIS-001328,AST-ENG-0173,SEC-RKMP-BPL,ENGINEERING,SleeperRenewal,2026-02-07T00:00:00,5.5,136357.0,399
HIS-001329,AST-S_A-0377,SEC-RKMP-BPL,S_AND_T,SignalCableRenewal,2026-08-17T00:00:00,5.9,466369.0,340
HIS-001330,AST-TRA-0330,SEC-RKMP-BPL,TRACTION,ContactWireReplacement,2023-08-05T00:00:00,4.6,457686.0,234
HIS-001331,AST-S_A-0495,SEC-RKMP-BPL,S_AND_T,PointMachineOverhaul,2025-11-24T00:00:00,4.3,445232.0,125
HIS-001332,AST-S_A-0327,SEC-RKMP-BPL,S_AND_T,AxleCounterCalibration,2023-06-27T00:00:00,7.8,329647.0,453
HIS-001333,AST-ENG-0439,SEC-RKMP-BPL,ENGINEERING,BallastCleaning,2023-03-12T00:00:00,6.7,587343.0,288
HIS-001334,AST-ENG-0367,SEC-RKMP-BPL,ENGINEERING,JointWelding,2026-06-02T00:00:00,1.3,507885.0,272
HIS-001335,AST-S_A-0400,SEC-RKMP-BPL,S_AND_T,SignalCableRenewal,2022-07-29T00:00:00,5.5,542984.0,165
HIS-001336,AST-S_A-0035,SEC-RKMP-BPL,S_AND_T,TurnoutAdjustment,2023-12-25T00:00:00,2.8,183517.0,412
HIS-001337,AST-TRA-0320,SEC-RKMP-BPL,TRACTION,InsulatorReplacement,2022-04-24T00:00:00,5.8,249507.0,520
HIS-001338,AST-TRA-0195,SEC-RKMP-BPL,TRACTION,OHEInspection,2024-04-29T00:00:00,5.8,564113.0,346
HIS-001339,AST-ENG-0430,SEC-RKMP-BPL,ENGINEERING,RailGrinding,2023-04-10T00:00:00,3.9,524811.0,449
HIS-001340,AST-TRA-0078,SEC-RKMP-BPL,TRACTION,DropperReplacement,2025-01-16T00:00:00,3.4,461313.0,436
HIS-001341,AST-ENG-0173,SEC-RKMP-BPL,ENGINEERING,RailGrinding,2022-06-02T00:00:00,5.1,76341.0,327
HIS-001342,AST-S_A-0031,SEC-RKMP-BPL,S_AND_T,AxleCounterCalibration,2022-11-17T00:00:00,6.7,424928.0,388
HIS-001343,AST-S_A-0170,SEC-RKMP-BPL,S_AND_T,AxleCounterCalibration,2026-07-28T00:00:00,2.0,53645.0,410
HIS-001344,AST-ENG-0106,SEC-RKMP-BPL,ENGINEERING,TrackTamping,2022-09-22T00:00:00,1.7,328787.0,358
HIS-001345,AST-S_A-0215,SEC-RKMP-BPL,S_AND_T,PointMachineOverhaul,2022-05-06T00:00:00,4.1,603776.0,90
HIS-001346,AST-S_A-0075,SEC-RKMP-BPL,S_AND_T,TurnoutAdjustment,2023-03-11T00:00:00,1.8,605866.0,166
HIS-001347,AST-S_A-0364,SEC-RKMP-BPL,S_AND_T,PointMachineOverhaul,2023-11-09T00:00:00,3.4,621622.0,417
HIS-001348,AST-ENG-0448,SEC-RKMP-BPL,ENGINEERING,JointWelding,2025-10-02T00:00:00,7.1,116929.0,343
HIS-001349,AST-TRA-0429,SEC-RKMP-BPL,TRACTION,ContactWireReplacement,2024-03-22T00:00:00,2.8,557247.0,63
HIS-001350,AST-ENG-0325,SEC-RKMP-BPL,ENGINEERING,TrackTamping,2022-11-23T00:00:00,3.6,49047.0,76
HIS-001351,AST-ENG-0115,SEC-RKMP-BPL,ENGINEERING,TrackTamping,2024-10-10T00:00:00,1.3,422703.0,118
HIS-001352,AST-TRA-0051,SEC-RKMP-BPL,TRACTION,DropperReplacement,2025-01-04T00:00:00,1.8,462575.0,220
HIS-001353,AST-S_A-0354,SEC-RKMP-BPL,S_AND_T,TurnoutAdjustment,2023-11-14T00:00:00,5.8,267710.0,457
HIS-001354,AST-ENG-0079,SEC-RKMP-BPL,ENGINEERING,TrackTamping,2023-05-15T00:00:00,1.3,376271.0,253
HIS-001355,AST-TRA-0113,SEC-RKMP-BPL,TRACTION,ContactWireReplacement,2022-02-05T00:00:00,7.2,321393.0,426
HIS-001356,AST-S_A-0162,SEC-RKMP-BPL,S_AND_T,SignalCableRenewal,2024-11-29T00:00:00,7.9,420344.0,184
HIS-001357,AST-S_A-0148,SEC-RKMP-BPL,S_AND_T,TurnoutAdjustment,2023-08-10T00:00:00,4.3,226801.0,395
HIS-001358,AST-S_A-0072,SEC-RKMP-BPL,S_AND_T,AxleCounterCalibration,2025-11-26T00:00:00,5.5,273936.0,479
HIS-001359,AST-TRA-0257,SEC-RKMP-BPL,TRACTION,InsulatorReplacement,2022-07-08T00:00:00,7.8,133513.0,186
HIS-001360,AST-TRA-0105,SEC-RKMP-BPL,TRACTION,InsulatorReplacement,2023-12-22T00:00:00,4.9,526211.0,191
HIS-001361,AST-S_A-0234,SEC-RKMP-BPL,S_AND_T,PointMachineOverhaul,2024-02-17T00:00:00,2.9,68708.0,10
HIS-001362,AST-ENG-0236,SEC-RKMP-BPL,ENGINEERING,JointWelding,2023-02-27T00:00:00,6.5,183569.0,257
HIS-001363,AST-S_A-0157,SEC-RKMP-BPL,S_AND_T,SignalCableRenewal,2024-11-02T00:00:00,4.0,164855.0,75
HIS-001364,AST-TRA-0186,SEC-RKMP-BPL,TRACTION,InsulatorReplacement,2024-10-23T00:00:00,3.3,355059.0,183
HIS-001365,AST-S_A-0094,SEC-RKMP-BPL,S_AND_T,TurnoutAdjustment,2022-01-18T00:00:00,4.7,280514.0,432
HIS-001366,AST-TRA-0356,SEC-RKMP-BPL,TRACTION,OHEInspection,2026-08-09T00:00:00,2.3,144962.0,119
HIS-001367,AST-ENG-0061,SEC-RKMP-BPL,ENGINEERING,JointWelding,2024-06-24T00:00:00,3.3,402459.0,431
HIS-001368,AST-ENG-0281,SEC-RKMP-BPL,ENGINEERING,SleeperRenewal,2022-01-02T00:00:00,3.7,143871.0,382
HIS-001369,AST-TRA-0186,SEC-RKMP-BPL,TRACTION,DropperReplacement,2024-01-02T00:00:00,2.9,85765.0,10
HIS-001370,AST-S_A-0057,SEC-RKMP-BPL,S_AND_T,SignalCableRenewal,2023-03-06T00:00:00,2.7,471530.0,229
HIS-001371,AST-ENG-0019,SEC-RKMP-BPL,ENGINEERING,TrackTamping,2022-08-12T00:00:00,4.5,593672.0,521
HIS-001372,AST-S_A-0067,SEC-RKMP-BPL,S_AND_T,PointMachineOverhaul,2024-07-22T00:00:00,6.7,69754.0,196
HIS-001373,AST-S_A-0417,SEC-RKMP-BPL,S_AND_T,TurnoutAdjustment,2024-09-05T00:00:00,2.9,422902.0,172
HIS-001374,AST-S_A-0355,SEC-RKMP-BPL,S_AND_T,AxleCounterCalibration,2023-12-28T00:00:00,6.3,115682.0,405
HIS-001375,AST-S_A-0120,SEC-RKMP-BPL,S_AND_T,SignalCableRenewal,2022-03-22T00:00:00,6.8,234635.0,362
HIS-001376,AST-S_A-0138,SEC-RKMP-BPL,S_AND_T,TurnoutAdjustment,2022-11-04T00:00:00,6.6,273680.0,468
HIS-001377,AST-ENG-0398,SEC-RKMP-BPL,ENGINEERING,JointWelding,2025-02-09T00:00:00,5.6,76920.0,275
HIS-001378,AST-S_A-0017,SEC-RKMP-BPL,S_AND_T,SignalCableRenewal,2025-01-11T00:00:00,4.7,501356.0,399
HIS-001379,AST-TRA-0357,SEC-RKMP-BPL,TRACTION,ContactWireReplacement,2025-06-11T00:00:00,4.7,519558.0,131
HIS-001380,AST-S_A-0273,SEC-RKMP-BPL,S_AND_T,TurnoutAdjustment,2026-01-17T00:00:00,1.3,627764.0,456
HIS-001381,AST-TRA-0041,SEC-RKMP-BPL,TRACTION,OHEInspection,2022-05-28T00:00:00,2.4,222958.0,356
HIS-001382,AST-S_A-0468,SEC-RKMP-BPL,S_AND_T,SignalCableRenewal,2023-04-12T00:00:00,1.7,122874.0,427
HIS-001383,AST-S_A-0471,SEC-RKMP-BPL,S_AND_T,AxleCounterCalibration,2022-02-03T00:00:00,7.6,43059.0,550
HIS-001384,AST-S_A-0282,SEC-RKMP-BPL,S_AND_T,TurnoutAdjustment,2023-12-04T00:00:00,3.9,310370.0,418
HIS-001385,AST-S_A-0237,SEC-RKMP-BPL,S_AND_T,PointMachineOverhaul,2026-04-23T00:00:00,3.7,196052.0,533
HIS-001386,AST-TRA-0186,SEC-RKMP-BPL,TRACTION,InsulatorReplacement,2022-06-06T00:00:00,1.1,271391.0,60
HIS-001387,AST-ENG-0487,SEC-RKMP-BPL,ENGINEERING,BallastCleaning,2023-04-03T00:00:00,5.6,646049.0,278
HIS-001388,AST-S_A-0081,SEC-RKMP-BPL,S_AND_T,SignalCableRenewal,2023-10-04T00:00:00,2.1,439139.0,130
HIS-001389,AST-S_A-0193,SEC-RKMP-BPL,S_AND_T,PointMachineOverhaul,2021-10-28T00:00:00,3.9,372438.0,402
HIS-001390,AST-ENG-0119,SEC-RKMP-BPL,ENGINEERING,JointWelding,2025-05-18T00:00:00,6.5,153469.0,199
HIS-001391,AST-S_A-0360,SEC-RKMP-BPL,S_AND_T,SignalCableRenewal,2022-09-08T00:00:00,5.3,250180.0,406
HIS-001392,AST-TRA-0348,SEC-RKMP-BPL,TRACTION,ContactWireReplacement,2024-04-02T00:00:00,2.0,574304.0,271
HIS-001393,AST-TRA-0239,SEC-RKMP-BPL,TRACTION,OHEInspection,2021-09-23T00:00:00,7.7,488438.0,432
HIS-001394,AST-ENG-0254,SEC-RKMP-BPL,ENGINEERING,TrackTamping,2026-06-26T00:00:00,5.6,98012.0,160
HIS-001395,AST-S_A-0035,SEC-RKMP-BPL,S_AND_T,SignalCableRenewal,2025-02-12T00:00:00,3.9,633369.0,412
HIS-001396,AST-TRA-0447,SEC-RKMP-BPL,TRACTION,InsulatorReplacement,2025-06-24T00:00:00,6.6,633748.0,250
HIS-001397,AST-S_A-0327,SEC-RKMP-BPL,S_AND_T,PointMachineOverhaul,2026-06-18T00:00:00,4.0,38539.0,489
HIS-001398,AST-TRA-0149,SEC-RKMP-BPL,TRACTION,InsulatorReplacement,2023-09-05T00:00:00,7.2,256911.0,313
HIS-001399,AST-S_A-0143,SEC-RKMP-BPL,S_AND_T,TurnoutAdjustment,2022-11-23T00:00:00,5.1,507617.0,467
HIS-001400,AST-ENG-0128,SEC-RKMP-BPL,ENGINEERING,BallastCleaning,2023-10-01T00:00:00,1.7,376871.0,134
HIS-001401,AST-S_A-0282,SEC-RKMP-BPL,S_AND_T,PointMachineOverhaul,2022-02-05T00:00:00,2.5,557418.0,385
HIS-001402,AST-ENG-0208,SEC-RKMP-BPL,ENGINEERING,TrackTamping,2022-09-25T00:00:00,7.8,360575.0,131
HIS-001403,AST-ENG-0092,SEC-RKMP-BPL,ENGINEERING,TrackTamping,2022-07-12T00:00:00,6.9,173850.0,405
HIS-001404,AST-S_A-0130,SEC-RKMP-BPL,S_AND_T,SignalCableRenewal,2022-12-07T00:00:00,7.7,642576.0,348
HIS-001405,AST-TRA-0267,SEC-RKMP-BPL,TRACTION,OHEInspection,2025-12-06T00:00:00,1.8,559294.0,282
HIS-001406,AST-S_A-0134,SEC-RKMP-BPL,S_AND_T,TurnoutAdjustment,2024-05-08T00:00:00,5.9,266390.0,101
HIS-001407,AST-TRA-0402,SEC-RKMP-BPL,TRACTION,OHEInspection,2025-10-14T00:00:00,7.3,534000.0,229
HIS-001408,AST-S_A-0031,SEC-RKMP-BPL,S_AND_T,PointMachineOverhaul,2024-02-15T00:00:00,2.3,534250.0,324
HIS-001409,AST-ENG-0340,SEC-RKMP-BPL,ENGINEERING,TrackTamping,2021-10-24T00:00:00,7.4,365274.0,461
HIS-001410,AST-ENG-0407,SEC-RKMP-BPL,ENGINEERING,SleeperRenewal,2023-05-13T00:00:00,2.6,184461.0,496
HIS-001411,AST-S_A-0004,SEC-RKMP-BPL,S_AND_T,SignalCableRenewal,2021-11-02T00:00:00,2.2,239573.0,204
HIS-001412,AST-TRA-0374,SEC-RKMP-BPL,TRACTION,InsulatorReplacement,2025-12-13T00:00:00,1.5,364878.0,325
HIS-001413,AST-TRA-0248,SEC-RKMP-BPL,TRACTION,InsulatorReplacement,2025-07-15T00:00:00,7.5,159868.0,123
HIS-001414,AST-TRA-0320,SEC-RKMP-BPL,TRACTION,DropperReplacement,2026-05-31T00:00:00,6.1,211034.0,373
HIS-001415,AST-S_A-0093,SEC-RKMP-BPL,S_AND_T,SignalCableRenewal,2024-05-19T00:00:00,5.8,350137.0,409
HIS-001416,AST-ENG-0434,SEC-RKMP-BPL,ENGINEERING,BallastCleaning,2026-01-21T00:00:00,4.4,647871.0,203
HIS-001417,AST-TRA-0159,SEC-RKMP-BPL,TRACTION,DropperReplacement,2025-07-17T00:00:00,2.4,528708.0,345
HIS-001418,AST-ENG-0151,SEC-RKMP-BPL,ENGINEERING,SleeperRenewal,2022-12-05T00:00:00,4.7,442923.0,211
HIS-001419,AST-TRA-0015,SEC-RKMP-BPL,TRACTION,InsulatorReplacement,2021-10-31T00:00:00,1.3,132822.0,295
HIS-001420,AST-S_A-0008,SEC-RKMP-BPL,S_AND_T,PointMachineOverhaul,2025-11-15T00:00:00,4.4,366408.0,52
HIS-001421,AST-S_A-0458,SEC-RKMP-BPL,S_AND_T,SignalCableRenewal,2025-11-23T00:00:00,5.0,138164.0,215
HIS-001422,AST-ENG-0466,SEC-RKMP-BPL,ENGINEERING,SleeperRenewal,2021-11-08T00:00:00,1.5,387447.0,384
HIS-001423,AST-TRA-0050,SEC-RKMP-BPL,TRACTION,DropperReplacement,2026-06-25T00:00:00,5.0,352526.0,368
HIS-001424,AST-S_A-0296,SEC-RKMP-BPL,S_AND_T,AxleCounterCalibration,2023-09-06T00:00:00,1.0,424003.0,186
HIS-001425,AST-S_A-0049,SEC-RKMP-BPL,S_AND_T,PointMachineOverhaul,2025-01-15T00:00:00,6.0,552373.0,347
HIS-001426,AST-ENG-0133,SEC-RKMP-BPL,ENGINEERING,SleeperRenewal,2022-03-01T00:00:00,1.6,604681.0,221
HIS-001427,AST-TRA-0230,SEC-RKMP-BPL,TRACTION,ContactWireReplacement,2023-12-27T00:00:00,3.0,230161.0,379
HIS-001428,AST-S_A-0171,SEC-RKMP-BPL,S_AND_T,TurnoutAdjustment,2026-06-24T00:00:00,1.2,207881.0,329
HIS-001429,AST-ENG-0160,SEC-RKMP-BPL,ENGINEERING,BallastCleaning,2023-07-26T00:00:00,2.8,118333.0,224
HIS-001430,AST-S_A-0481,SEC-RKMP-BPL,S_AND_T,TurnoutAdjustment,2025-12-26T00:00:00,4.6,627734.0,344
HIS-001431,AST-ENG-0163,SEC-RKMP-BPL,ENGINEERING,JointWelding,2025-10-26T00:00:00,7.6,629459.0,433
HIS-001432,AST-TRA-0446,SEC-RKMP-BPL,TRACTION,DropperReplacement,2022-05-27T00:00:00,3.7,344071.0,370
HIS-001433,AST-S_A-0315,SEC-RKMP-BPL,S_AND_T,AxleCounterCalibration,2026-08-22T00:00:00,4.7,622487.0,381
HIS-001434,AST-ENG-0340,SEC-RKMP-BPL,ENGINEERING,TrackTamping,2025-06-15T00:00:00,6.2,306925.0,291
HIS-001435,AST-S_A-0399,SEC-RKMP-BPL,S_AND_T,TurnoutAdjustment,2025-07-10T00:00:00,2.0,402153.0,266
HIS-001436,AST-S_A-0170,SEC-RKMP-BPL,S_AND_T,AxleCounterCalibration,2022-12-04T00:00:00,4.3,258712.0,385
HIS-001437,AST-TRA-0123,SEC-RKMP-BPL,TRACTION,DropperReplacement,2024-03-27T00:00:00,6.3,415320.0,131
HIS-001438,AST-S_A-0072,SEC-RKMP-BPL,S_AND_T,TurnoutAdjustment,2025-08-21T00:00:00,1.2,25084.0,572
HIS-001439,AST-TRA-0186,SEC-RKMP-BPL,TRACTION,ContactWireReplacement,2022-04-24T00:00:00,3.1,423566.0,150
HIS-001440,AST-S_A-0201,SEC-RKMP-BPL,S_AND_T,TurnoutAdjustment,2024-01-31T00:00:00,7.2,114249.0,240
HIS-001441,AST-S_A-0489,SEC-RKMP-BPL,S_AND_T,AxleCounterCalibration,2023-03-02T00:00:00,7.2,51527.0,257
HIS-001442,AST-ENG-0295,SEC-RKMP-BPL,ENGINEERING,TrackTamping,2024-02-08T00:00:00,6.2,470823.0,339
HIS-001443,AST-S_A-0057,SEC-RKMP-BPL,S_AND_T,SignalCableRenewal,2023-08-10T00:00:00,4.4,220440.0,150
HIS-001444,AST-TRA-0167,SEC-RKMP-BPL,TRACTION,InsulatorReplacement,2024-04-22T00:00:00,3.3,179657.0,217
HIS-001445,AST-ENG-0425,SEC-RKMP-BPL,ENGINEERING,RailGrinding,2023-08-14T00:00:00,7.0,158380.0,165
HIS-001446,AST-ENG-0308,SEC-RKMP-BPL,ENGINEERING,JointWelding,2022-11-10T00:00:00,5.1,207910.0,574
HIS-001447,AST-TRA-0285,SEC-RKMP-BPL,TRACTION,DropperReplacement,2024-05-16T00:00:00,5.8,468043.0,464
HIS-001448,AST-S_A-0090,SEC-RKMP-BPL,S_AND_T,SignalCableRenewal,2023-09-20T00:00:00,5.7,285745.0,543
HIS-001449,AST-ENG-0082,SEC-RKMP-BPL,ENGINEERING,SleeperRenewal,2023-01-11T00:00:00,5.1,295545.0,169
HIS-001450,AST-S_A-0062,SEC-RKMP-BPL,S_AND_T,AxleCounterCalibration,2025-11-05T00:00:00,4.3,437537.0,364
HIS-001451,AST-ENG-0484,SEC-RKMP-BPL,ENGINEERING,RailGrinding,2025-05-20T00:00:00,6.4,599267.0,143
HIS-001452,AST-S_A-0206,SEC-RKMP-BPL,S_AND_T,AxleCounterCalibration,2023-02-04T00:00:00,6.5,196283.0,199
HIS-001453,AST-ENG-0316,SEC-RKMP-BPL,ENGINEERING,SleeperRenewal,2021-10-15T00:00:00,6.4,143827.0,365
HIS-001454,AST-ENG-0353,SEC-RKMP-BPL,ENGINEERING,SleeperRenewal,2022-08-27T00:00:00,4.9,91083.0,445
HIS-001455,AST-S_A-0216,SEC-RKMP-BPL,S_AND_T,TurnoutAdjustment,2026-05-13T00:00:00,5.8,406272.0,264
HIS-001456,AST-S_A-0075,SEC-RKMP-BPL,S_AND_T,PointMachineOverhaul,2026-06-04T00:00:00,7.1,320395.0,47
HIS-001457,AST-ENG-0037,SEC-RKMP-BPL,ENGINEERING,RailGrinding,2025-10-31T00:00:00,4.9,478504.0,322
HIS-001458,AST-TRA-0231,SEC-RKMP-BPL,TRACTION,DropperReplacement,2024-07-28T00:00:00,7.3,408570.0,117
HIS-001459,AST-ENG-0352,SEC-RKMP-BPL,ENGINEERING,RailGrinding,2025-08-22T00:00:00,2.7,109412.0,269
HIS-001460,AST-S_A-0279,SEC-RKMP-BPL,S_AND_T,PointMachineOverhaul,2022-04-14T00:00:00,1.7,636872.0,410
HIS-001461,AST-S_A-0274,SEC-RKMP-BPL,S_AND_T,AxleCounterCalibration,2021-10-03T00:00:00,1.8,503059.0,355
HIS-001462,AST-ENG-0487,SEC-RKMP-BPL,ENGINEERING,BallastCleaning,2026-03-03T00:00:00,4.0,473368.0,429
HIS-001463,AST-ENG-0160,SEC-RKMP-BPL,ENGINEERING,RailGrinding,2022-02-23T00:00:00,2.2,99261.0,238
HIS-001464,AST-TRA-0374,SEC-RKMP-BPL,TRACTION,DropperReplacement,2022-10-01T00:00:00,4.9,198037.0,173
HIS-001465,AST-S_A-0431,SEC-RKMP-BPL,S_AND_T,SignalCableRenewal,2024-11-11T00:00:00,2.9,201833.0,232
HIS-001466,AST-TRA-0086,SEC-RKMP-BPL,TRACTION,ContactWireReplacement,2023-06-11T00:00:00,2.8,106391.0,13
HIS-001467,AST-S_A-0270,SEC-RKMP-BPL,S_AND_T,PointMachineOverhaul,2025-04-02T00:00:00,7.4,201712.0,280
HIS-001468,AST-TRA-0123,SEC-RKMP-BPL,TRACTION,InsulatorReplacement,2023-04-28T00:00:00,1.1,129731.0,54
HIS-001469,AST-S_A-0261,SEC-RKMP-BPL,S_AND_T,TurnoutAdjustment,2024-12-31T00:00:00,3.4,449012.0,213
HIS-001470,AST-TRA-0204,SEC-RKMP-BPL,TRACTION,InsulatorReplacement,2024-12-01T00:00:00,1.6,274838.0,333
HIS-001471,AST-S_A-0242,SEC-RKMP-BPL,S_AND_T,TurnoutAdjustment,2023-10-23T00:00:00,8.0,595488.0,245
HIS-001472,AST-S_A-0072,SEC-RKMP-BPL,S_AND_T,SignalCableRenewal,2023-02-12T00:00:00,7.6,328495.0,550
HIS-001473,AST-S_A-0012,SEC-RKMP-BPL,S_AND_T,TurnoutAdjustment,2022-09-21T00:00:00,6.1,232686.0,233
HIS-001474,AST-ENG-0154,SEC-RKMP-BPL,ENGINEERING,SleeperRenewal,2023-11-10T00:00:00,2.2,384296.0,273
HIS-001475,AST-TRA-0078,SEC-RKMP-BPL,TRACTION,InsulatorReplacement,2025-01-17T00:00:00,3.3,39708.0,483
HIS-001476,AST-TRA-0374,SEC-RKMP-BPL,TRACTION,DropperReplacement,2022-12-11T00:00:00,4.6,537409.0,410
HIS-001477,AST-S_A-0404,SEC-RKMP-BPL,S_AND_T,PointMachineOverhaul,2026-05-08T00:00:00,6.6,271674.0,350
HIS-001478,AST-ENG-0038,SEC-RKMP-BPL,ENGINEERING,SleeperRenewal,2025-06-13T00:00:00,6.3,443052.0,197
HIS-001479,AST-TRA-0006,SEC-RKMP-BPL,TRACTION,ContactWireReplacement,2023-08-27T00:00:00,2.0,218133.0,238
HIS-001480,AST-ENG-0379,SEC-RKMP-BPL,ENGINEERING,BallastCleaning,2023-11-14T00:00:00,2.7,374640.0,364
HIS-001481,AST-TRA-0222,SEC-RKMP-BPL,TRACTION,ContactWireReplacement,2021-09-29T00:00:00,1.6,183551.0,468
HIS-001482,AST-ENG-0298,SEC-RKMP-BPL,ENGINEERING,JointWelding,2025-03-16T00:00:00,4.6,343781.0,62
HIS-001483,AST-TRA-0348,SEC-RKMP-BPL,TRACTION,DropperReplacement,2023-06-29T00:00:00,7.8,407306.0,296
HIS-001484,AST-ENG-0403,SEC-RKMP-BPL,ENGINEERING,RailGrinding,2024-07-14T00:00:00,8.0,143408.0,232
HIS-001485,AST-S_A-0224,SEC-RKMP-BPL,S_AND_T,PointMachineOverhaul,2026-07-08T00:00:00,4.1,265376.0,330
HIS-001486,AST-ENG-0124,SEC-RKMP-BPL,ENGINEERING,TrackTamping,2025-07-29T00:00:00,4.8,79338.0,300
HIS-001487,AST-ENG-0277,SEC-RKMP-BPL,ENGINEERING,BallastCleaning,2025-08-27T00:00:00,7.1,578567.0,462
HIS-001488,AST-TRA-0258,SEC-RKMP-BPL,TRACTION,DropperReplacement,2023-11-30T00:00:00,7.0,491323.0,317
HIS-001489,AST-ENG-0415,SEC-RKMP-BPL,ENGINEERING,TrackTamping,2025-10-11T00:00:00,8.0,408452.0,467
HIS-001490,AST-S_A-0180,SEC-RKMP-BPL,S_AND_T,AxleCounterCalibration,2023-01-06T00:00:00,1.9,89568.0,436
HIS-001491,AST-S_A-0044,SEC-RKMP-BPL,S_AND_T,SignalCableRenewal,2021-12-16T00:00:00,4.6,48148.0,337
HIS-001492,AST-TRA-0347,SEC-RKMP-BPL,TRACTION,ContactWireReplacement,2025-03-19T00:00:00,5.7,373409.0,173
HIS-001493,AST-ENG-0245,SEC-RKMP-BPL,ENGINEERING,TrackTamping,2025-10-29T00:00:00,2.0,369469.0,172
HIS-001494,AST-S_A-0377,SEC-RKMP-BPL,S_AND_T,SignalCableRenewal,2024-07-24T00:00:00,3.1,141220.0,370
HIS-001495,AST-TRA-0204,SEC-RKMP-BPL,TRACTION,OHEInspection,2024-03-20T00:00:00,7.3,308436.0,415
HIS-001496,AST-TRA-0419,SEC-RKMP-BPL,TRACTION,DropperReplacement,2023-09-04T00:00:00,5.5,441790.0,412
HIS-001497,AST-S_A-0166,SEC-RKMP-BPL,S_AND_T,SignalCableRenewal,2024-07-24T00:00:00,4.1,583182.0,292
HIS-001498,AST-S_A-0449,SEC-RKMP-BPL,S_AND_T,TurnoutAdjustment,2022-08-13T00:00:00,6.9,61022.0,336
HIS-001499,AST-S_A-0207,SEC-RKMP-BPL,S_AND_T,PointMachineOverhaul,2026-08-10T00:00:00,3.7,508727.0,556
HIS-001500,AST-S_A-0445,SEC-RKMP-BPL,S_AND_T,SignalCableRenewal,2024-09-22T00:00:00,5.0,447779.0,200
HIS-001501,AST-TRA-0050,SEC-RKMP-BPL,TRACTION,OHEInspection,2024-04-14T00:00:00,4.4,639322.0,309
HIS-001502,AST-ENG-0452,SEC-RKMP-BPL,ENGINEERING,JointWelding,2025-10-06T00:00:00,3.9,144632.0,294
HIS-001503,AST-S_A-0076,SEC-RKMP-BPL,S_AND_T,AxleCounterCalibration,2024-04-24T00:00:00,6.1,152770.0,522
HIS-001504,AST-S_A-0120,SEC-RKMP-BPL,S_AND_T,PointMachineOverhaul,2022-04-17T00:00:00,4.7,565203.0,365
HIS-001505,AST-ENG-0325,SEC-RKMP-BPL,ENGINEERING,SleeperRenewal,2023-04-19T00:00:00,6.2,88601.0,122
HIS-001506,AST-TRA-0176,SEC-RKMP-BPL,TRACTION,OHEInspection,2022-05-15T00:00:00,3.7,285105.0,395
HIS-001507,AST-S_A-0075,SEC-RKMP-BPL,S_AND_T,PointMachineOverhaul,2024-08-25T00:00:00,1.2,439709.0,276
HIS-001508,AST-ENG-0371,SEC-RKMP-BPL,ENGINEERING,BallastCleaning,2024-03-06T00:00:00,2.8,110987.0,300
HIS-001509,AST-ENG-0056,SEC-RKMP-BPL,ENGINEERING,SleeperRenewal,2024-02-06T00:00:00,6.1,210893.0,327
HIS-001510,AST-ENG-0245,SEC-RKMP-BPL,ENGINEERING,JointWelding,2024-02-17T00:00:00,5.3,73409.0,367
HIS-001511,AST-S_A-0162,SEC-RKMP-BPL,S_AND_T,AxleCounterCalibration,2025-02-26T00:00:00,7.6,585783.0,215
HIS-001512,AST-S_A-0432,SEC-RKMP-BPL,S_AND_T,AxleCounterCalibration,2024-09-20T00:00:00,7.1,60898.0,499
HIS-001513,AST-S_A-0085,SEC-RKMP-BPL,S_AND_T,AxleCounterCalibration,2022-01-18T00:00:00,2.9,53544.0,179
HIS-001514,AST-S_A-0206,SEC-RKMP-BPL,S_AND_T,PointMachineOverhaul,2024-05-06T00:00:00,2.3,360957.0,131
HIS-001515,AST-ENG-0160,SEC-RKMP-BPL,ENGINEERING,SleeperRenewal,2022-02-04T00:00:00,2.8,234304.0,131
HIS-001516,AST-S_A-0318,SEC-RKMP-BPL,S_AND_T,SignalCableRenewal,2025-03-17T00:00:00,3.0,406154.0,235
HIS-001517,AST-TRA-0213,SEC-RKMP-BPL,TRACTION,DropperReplacement,2022-11-02T00:00:00,7.2,404621.0,371
HIS-001518,AST-ENG-0460,SEC-RKMP-BPL,ENGINEERING,JointWelding,2022-03-16T00:00:00,1.3,105621.0,505
HIS-001519,AST-ENG-0056,SEC-RKMP-BPL,ENGINEERING,RailGrinding,2025-10-02T00:00:00,6.6,531799.0,290
HIS-001520,AST-TRA-0483,SEC-RKMP-BPL,TRACTION,InsulatorReplacement,2024-09-11T00:00:00,4.7,202081.0,121
HIS-001521,AST-S_A-0012,SEC-RKMP-BPL,S_AND_T,SignalCableRenewal,2024-07-23T00:00:00,2.5,521811.0,165
HIS-001522,AST-S_A-0445,SEC-RKMP-BPL,S_AND_T,TurnoutAdjustment,2023-04-24T00:00:00,1.0,121167.0,299
HIS-001523,AST-ENG-0335,SEC-RKMP-BPL,ENGINEERING,JointWelding,2026-08-11T00:00:00,7.2,88776.0,435
HIS-001524,AST-S_A-0265,SEC-RKMP-BPL,S_AND_T,SignalCableRenewal,2023-12-09T00:00:00,7.3,507410.0,10
HIS-001525,AST-S_A-0215,SEC-RKMP-BPL,S_AND_T,TurnoutAdjustment,2023-10-22T00:00:00,2.2,567466.0,112
HIS-001526,AST-S_A-0364,SEC-RKMP-BPL,S_AND_T,AxleCounterCalibration,2023-05-17T00:00:00,4.9,309161.0,464
HIS-001527,AST-S_A-0003,SEC-RKMP-BPL,S_AND_T,TurnoutAdjustment,2024-08-31T00:00:00,1.9,563233.0,237
HIS-001528,AST-ENG-0205,SEC-RKMP-BPL,ENGINEERING,SleeperRenewal,2022-08-19T00:00:00,4.7,561107.0,406
HIS-001529,AST-ENG-0398,SEC-RKMP-BPL,ENGINEERING,SleeperRenewal,2021-11-07T00:00:00,1.3,37296.0,246
HIS-001530,AST-ENG-0299,SEC-RKMP-BPL,ENGINEERING,TrackTamping,2021-11-10T00:00:00,4.5,557078.0,337
HIS-001531,AST-S_A-0346,SEC-RKMP-BPL,S_AND_T,SignalCableRenewal,2025-08-12T00:00:00,5.7,295026.0,218
HIS-001532,AST-S_A-0040,SEC-RKMP-BPL,S_AND_T,AxleCounterCalibration,2026-06-23T00:00:00,1.2,569763.0,407
HIS-001533,AST-ENG-0295,SEC-RKMP-BPL,ENGINEERING,RailGrinding,2023-04-25T00:00:00,3.2,444784.0,225
HIS-001534,AST-S_A-0057,SEC-RKMP-BPL,S_AND_T,TurnoutAdjustment,2024-07-27T00:00:00,5.7,630767.0,185
HIS-001535,AST-ENG-0353,SEC-RKMP-BPL,ENGINEERING,BallastCleaning,2022-07-10T00:00:00,1.7,458886.0,381
HIS-001536,AST-ENG-0064,SEC-RKMP-BPL,ENGINEERING,BallastCleaning,2026-06-09T00:00:00,3.9,502226.0,239
HIS-001537,AST-TRA-0266,SEC-RKMP-BPL,TRACTION,ContactWireReplacement,2025-07-11T00:00:00,6.4,370157.0,286
HIS-001538,AST-TRA-0401,SEC-RKMP-BPL,TRACTION,OHEInspection,2022-12-24T00:00:00,5.4,155801.0,154
HIS-001539,AST-TRA-0042,SEC-RKMP-BPL,TRACTION,InsulatorReplacement,2025-12-12T00:00:00,5.3,101026.0,391
HIS-001540,AST-TRA-0257,SEC-RKMP-BPL,TRACTION,DropperReplacement,2023-04-21T00:00:00,2.6,207693.0,209
HIS-001541,AST-S_A-0219,SEC-RKMP-BPL,S_AND_T,SignalCableRenewal,2023-03-09T00:00:00,3.9,202128.0,344
HIS-001542,AST-TRA-0222,SEC-RKMP-BPL,TRACTION,InsulatorReplacement,2021-11-22T00:00:00,7.7,318386.0,377
HIS-001543,AST-ENG-0091,SEC-RKMP-BPL,ENGINEERING,SleeperRenewal,2023-11-07T00:00:00,1.1,377677.0,451
HIS-001544,AST-ENG-0163,SEC-RKMP-BPL,ENGINEERING,BallastCleaning,2022-06-20T00:00:00,1.6,379475.0,223
HIS-001545,AST-S_A-0003,SEC-RKMP-BPL,S_AND_T,AxleCounterCalibration,2026-04-17T00:00:00,3.6,155424.0,312
HIS-001546,AST-ENG-0385,SEC-RKMP-BPL,ENGINEERING,BallastCleaning,2023-04-28T00:00:00,4.5,308368.0,226
HIS-001547,AST-S_A-0040,SEC-RKMP-BPL,S_AND_T,AxleCounterCalibration,2026-01-30T00:00:00,4.9,175442.0,272
HIS-001548,AST-ENG-0016,SEC-RKMP-BPL,ENGINEERING,BallastCleaning,2024-05-17T00:00:00,6.0,162951.0,248
HIS-001549,AST-S_A-0044,SEC-RKMP-BPL,S_AND_T,PointMachineOverhaul,2021-12-19T00:00:00,4.0,515895.0,328
HIS-001550,AST-TRA-0420,SEC-RKMP-BPL,TRACTION,ContactWireReplacement,2024-07-02T00:00:00,6.1,236131.0,354
HIS-001551,AST-TRA-0366,SEC-RKMP-BPL,TRACTION,InsulatorReplacement,2024-02-25T00:00:00,6.7,432359.0,246
HIS-001552,AST-ENG-0326,SEC-RKMP-BPL,ENGINEERING,TrackTamping,2026-07-29T00:00:00,5.3,79053.0,502
HIS-001553,AST-S_A-0054,SEC-RKMP-BPL,S_AND_T,TurnoutAdjustment,2023-08-28T00:00:00,5.1,238032.0,101
HIS-001554,AST-ENG-0362,SEC-RKMP-BPL,ENGINEERING,RailGrinding,2024-03-20T00:00:00,1.7,168498.0,207
HIS-001555,AST-S_A-0450,SEC-RKMP-BPL,S_AND_T,SignalCableRenewal,2025-11-23T00:00:00,5.6,577980.0,539
HIS-001556,AST-ENG-0209,SEC-RKMP-BPL,ENGINEERING,JointWelding,2022-02-07T00:00:00,7.3,593719.0,311
HIS-001557,AST-ENG-0128,SEC-RKMP-BPL,ENGINEERING,RailGrinding,2024-05-25T00:00:00,2.9,239948.0,134
HIS-001558,AST-TRA-0230,SEC-RKMP-BPL,TRACTION,DropperReplacement,2026-01-07T00:00:00,6.3,29344.0,257
HIS-001559,AST-S_A-0377,SEC-RKMP-BPL,S_AND_T,TurnoutAdjustment,2025-07-29T00:00:00,5.7,232697.0,387
HIS-001560,AST-S_A-0224,SEC-RKMP-BPL,S_AND_T,SignalCableRenewal,2023-09-03T00:00:00,1.4,169256.0,315
HIS-001561,AST-S_A-0414,SEC-RKMP-BPL,S_AND_T,PointMachineOverhaul,2024-10-23T00:00:00,1.3,362091.0,372
HIS-001562,AST-ENG-0407,SEC-RKMP-BPL,ENGINEERING,BallastCleaning,2024-12-27T00:00:00,6.9,331265.0,284
HIS-001563,AST-S_A-0035,SEC-RKMP-BPL,S_AND_T,TurnoutAdjustment,2025-11-04T00:00:00,4.6,384368.0,222
HIS-001564,AST-S_A-0157,SEC-RKMP-BPL,S_AND_T,AxleCounterCalibration,2022-04-19T00:00:00,3.5,631668.0,118
HIS-001565,AST-TRA-0177,SEC-RKMP-BPL,TRACTION,ContactWireReplacement,2026-01-17T00:00:00,7.2,605380.0,198
HIS-001566,AST-S_A-0008,SEC-RKMP-BPL,S_AND_T,AxleCounterCalibration,2022-11-07T00:00:00,6.3,63607.0,125
HIS-001567,AST-ENG-0142,SEC-RKMP-BPL,ENGINEERING,RailGrinding,2025-06-09T00:00:00,2.3,253765.0,63
HIS-001568,AST-TRA-0068,SEC-RKMP-BPL,TRACTION,InsulatorReplacement,2024-02-26T00:00:00,5.1,121902.0,120
HIS-001569,AST-ENG-0214,SEC-RKMP-BPL,ENGINEERING,TrackTamping,2025-04-14T00:00:00,5.8,444984.0,210
HIS-001570,AST-ENG-0385,SEC-RKMP-BPL,ENGINEERING,TrackTamping,2022-02-04T00:00:00,3.6,299855.0,182
HIS-001571,AST-ENG-0145,SEC-RKMP-BPL,ENGINEERING,TrackTamping,2021-12-24T00:00:00,7.5,606324.0,428
HIS-001572,AST-S_A-0305,SEC-RKMP-BPL,S_AND_T,SignalCableRenewal,2022-02-18T00:00:00,4.4,604987.0,156
HIS-001573,AST-S_A-0327,SEC-RKMP-BPL,S_AND_T,PointMachineOverhaul,2021-10-06T00:00:00,6.9,84876.0,661
HIS-001574,AST-ENG-0029,SEC-RKMP-BPL,ENGINEERING,SleeperRenewal,2024-08-14T00:00:00,3.1,576323.0,400
HIS-001575,AST-S_A-0161,SEC-RKMP-BPL,S_AND_T,PointMachineOverhaul,2026-02-05T00:00:00,2.2,555482.0,168
HIS-001576,AST-TRA-0374,SEC-RKMP-BPL,TRACTION,DropperReplacement,2022-07-04T00:00:00,1.3,338874.0,130
HIS-001577,AST-ENG-0442,SEC-RKMP-BPL,ENGINEERING,RailGrinding,2025-08-16T00:00:00,7.5,297245.0,287
HIS-001578,AST-S_A-0210,SEC-RKMP-BPL,S_AND_T,AxleCounterCalibration,2024-12-12T00:00:00,4.2,562240.0,442
HIS-001579,AST-S_A-0391,SEC-RKMP-BPL,S_AND_T,SignalCableRenewal,2021-10-29T00:00:00,1.1,52458.0,482
HIS-001580,AST-TRA-0429,SEC-RKMP-BPL,TRACTION,ContactWireReplacement,2025-01-03T00:00:00,3.9,213318.0,12
HIS-001581,AST-TRA-0401,SEC-RKMP-BPL,TRACTION,ContactWireReplacement,2023-03-31T00:00:00,5.0,257091.0,123
HIS-001582,AST-S_A-0129,SEC-RKMP-BPL,S_AND_T,PointMachineOverhaul,2024-09-01T00:00:00,7.4,278093.0,104
HIS-001583,AST-TRA-0465,SEC-RKMP-BPL,TRACTION,OHEInspection,2023-08-09T00:00:00,7.8,323923.0,10
HIS-001584,AST-S_A-0188,SEC-RKMP-BPL,S_AND_T,TurnoutAdjustment,2023-05-15T00:00:00,6.8,54782.0,291
HIS-001585,AST-S_A-0337,SEC-RKMP-BPL,S_AND_T,AxleCounterCalibration,2022-05-23T00:00:00,4.2,226837.0,230
HIS-001586,AST-TRA-0006,SEC-RKMP-BPL,TRACTION,OHEInspection,2022-11-15T00:00:00,4.2,396591.0,276
HIS-001587,AST-TRA-0060,SEC-RKMP-BPL,TRACTION,OHEInspection,2023-06-21T00:00:00,3.6,252817.0,303
HIS-001588,AST-S_A-0360,SEC-RKMP-BPL,S_AND_T,TurnoutAdjustment,2022-01-20T00:00:00,3.0,549092.0,408
HIS-001589,AST-TRA-0114,SEC-RKMP-BPL,TRACTION,DropperReplacement,2024-08-12T00:00:00,1.7,296840.0,186
HIS-001590,AST-S_A-0315,SEC-RKMP-BPL,S_AND_T,SignalCableRenewal,2024-03-14T00:00:00,4.8,421414.0,410
HIS-001591,AST-ENG-0172,SEC-RKMP-BPL,ENGINEERING,TrackTamping,2025-08-30T00:00:00,5.9,182527.0,587
HIS-001592,AST-S_A-0234,SEC-RKMP-BPL,S_AND_T,AxleCounterCalibration,2024-10-18T00:00:00,3.1,26499.0,21
HIS-001593,AST-S_A-0098,SEC-RKMP-BPL,S_AND_T,TurnoutAdjustment,2022-04-04T00:00:00,5.0,526591.0,107
HIS-001594,AST-ENG-0271,SEC-RKMP-BPL,ENGINEERING,TrackTamping,2026-05-22T00:00:00,6.6,449050.0,109
HIS-001595,AST-S_A-0417,SEC-RKMP-BPL,S_AND_T,PointMachineOverhaul,2023-02-13T00:00:00,2.7,313958.0,342
HIS-001596,AST-ENG-0016,SEC-RKMP-BPL,ENGINEERING,TrackTamping,2022-07-26T00:00:00,3.0,54088.0,261
HIS-001597,AST-TRA-0456,SEC-RKMP-BPL,TRACTION,OHEInspection,2026-04-06T00:00:00,2.0,43525.0,10
HIS-001598,AST-ENG-0020,SEC-RKMP-BPL,ENGINEERING,RailGrinding,2024-08-09T00:00:00,4.9,539260.0,421
HIS-001599,AST-ENG-0497,SEC-RKMP-BPL,ENGINEERING,TrackTamping,2024-10-24T00:00:00,4.0,566995.0,243
HIS-001600,AST-TRA-0087,SEC-RKMP-BPL,TRACTION,ContactWireReplacement,2021-09-23T00:00:00,4.5,235471.0,358
HIS-001601,AST-S_A-0323,SEC-RKMP-BPL,S_AND_T,TurnoutAdjustment,2024-04-18T00:00:00,1.5,399153.0,347
HIS-001602,AST-ENG-0028,SEC-RKMP-BPL,ENGINEERING,JointWelding,2022-09-29T00:00:00,5.6,459227.0,318
HIS-001603,AST-ENG-0046,SEC-RKMP-BPL,ENGINEERING,TrackTamping,2023-12-25T00:00:00,1.5,141604.0,82
HIS-001604,AST-ENG-0358,SEC-RKMP-BPL,ENGINEERING,BallastCleaning,2025-12-26T00:00:00,3.8,441371.0,282
HIS-001605,AST-S_A-0076,SEC-RKMP-BPL,S_AND_T,PointMachineOverhaul,2026-05-30T00:00:00,3.7,160838.0,408
HIS-001606,AST-ENG-0298,SEC-RKMP-BPL,ENGINEERING,RailGrinding,2023-07-26T00:00:00,3.6,91718.0,72
HIS-001607,AST-ENG-0092,SEC-RKMP-BPL,ENGINEERING,BallastCleaning,2022-10-09T00:00:00,5.8,466957.0,362
HIS-001608,AST-TRA-0213,SEC-RKMP-BPL,TRACTION,InsulatorReplacement,2023-08-29T00:00:00,2.0,166214.0,342
HIS-001609,AST-ENG-0205,SEC-RKMP-BPL,ENGINEERING,TrackTamping,2022-05-23T00:00:00,4.5,560075.0,390
HIS-001610,AST-ENG-0002,SEC-RKMP-BPL,ENGINEERING,TrackTamping,2024-12-21T00:00:00,4.0,186452.0,251
HIS-001611,AST-ENG-0200,SEC-RKMP-BPL,ENGINEERING,SleeperRenewal,2022-08-23T00:00:00,5.9,377082.0,225
HIS-001612,AST-S_A-0449,SEC-RKMP-BPL,S_AND_T,AxleCounterCalibration,2024-09-11T00:00:00,7.2,438365.0,372
HIS-001613,AST-TRA-0213,SEC-RKMP-BPL,TRACTION,InsulatorReplacement,2023-06-21T00:00:00,2.1,461580.0,378
HIS-001614,AST-TRA-0131,SEC-RKMP-BPL,TRACTION,OHEInspection,2025-08-08T00:00:00,1.2,566359.0,336
HIS-001615,AST-TRA-0320,SEC-RKMP-BPL,TRACTION,OHEInspection,2025-07-09T00:00:00,4.0,468178.0,421
HIS-001616,AST-ENG-0385,SEC-RKMP-BPL,ENGINEERING,RailGrinding,2025-07-20T00:00:00,5.3,348931.0,125
HIS-001617,AST-ENG-0479,SEC-RKMP-BPL,ENGINEERING,SleeperRenewal,2023-04-01T00:00:00,1.7,433609.0,123
HIS-001618,AST-S_A-0012,SEC-RKMP-BPL,S_AND_T,AxleCounterCalibration,2026-03-08T00:00:00,3.1,324317.0,258
HIS-001619,AST-ENG-0322,SEC-RKMP-BPL,ENGINEERING,RailGrinding,2023-06-10T00:00:00,1.9,275258.0,301
HIS-001620,AST-ENG-0262,SEC-RKMP-BPL,ENGINEERING,TrackTamping,2025-02-19T00:00:00,4.9,562230.0,542
HIS-001621,AST-S_A-0273,SEC-RKMP-BPL,S_AND_T,AxleCounterCalibration,2023-02-01T00:00:00,6.7,45220.0,430
HIS-001622,AST-S_A-0171,SEC-RKMP-BPL,S_AND_T,TurnoutAdjustment,2024-01-03T00:00:00,7.2,582253.0,308
HIS-001623,AST-S_A-0004,SEC-RKMP-BPL,S_AND_T,PointMachineOverhaul,2021-09-29T00:00:00,5.2,215556.0,152
HIS-001624,AST-TRA-0257,SEC-RKMP-BPL,TRACTION,OHEInspection,2024-12-24T00:00:00,6.5,93834.0,252
HIS-001625,AST-TRA-0402,SEC-RKMP-BPL,TRACTION,OHEInspection,2023-10-21T00:00:00,3.7,108383.0,191
HIS-001626,AST-TRA-0329,SEC-RKMP-BPL,TRACTION,OHEInspection,2025-07-26T00:00:00,3.2,123727.0,518
HIS-001627,AST-S_A-0093,SEC-RKMP-BPL,S_AND_T,TurnoutAdjustment,2022-07-11T00:00:00,5.6,385801.0,596
HIS-001628,AST-S_A-0296,SEC-RKMP-BPL,S_AND_T,TurnoutAdjustment,2023-06-29T00:00:00,7.2,296072.0,14
HIS-001629,AST-ENG-0208,SEC-RKMP-BPL,ENGINEERING,BallastCleaning,2024-10-13T00:00:00,3.5,120543.0,56
HIS-001630,AST-ENG-0182,SEC-RKMP-BPL,ENGINEERING,BallastCleaning,2025-04-05T00:00:00,4.2,508352.0,531
HIS-001631,AST-S_A-0450,SEC-RKMP-BPL,S_AND_T,SignalCableRenewal,2024-06-23T00:00:00,7.1,479843.0,289
HIS-001632,AST-S_A-0090,SEC-RKMP-BPL,S_AND_T,SignalCableRenewal,2024-12-12T00:00:00,7.8,279828.0,436
HIS-001633,AST-ENG-0326,SEC-RKMP-BPL,ENGINEERING,TrackTamping,2023-08-11T00:00:00,3.7,112787.0,515
HIS-001634,AST-S_A-0148,SEC-RKMP-BPL,S_AND_T,AxleCounterCalibration,2023-11-09T00:00:00,6.0,291824.0,374
HIS-001635,AST-S_A-0066,SEC-RKMP-BPL,S_AND_T,SignalCableRenewal,2023-05-28T00:00:00,2.6,164997.0,168
HIS-001636,AST-S_A-0144,SEC-RKMP-BPL,S_AND_T,SignalCableRenewal,2021-12-15T00:00:00,6.8,630861.0,452
HIS-001637,AST-ENG-0064,SEC-RKMP-BPL,ENGINEERING,BallastCleaning,2022-03-25T00:00:00,2.1,643849.0,207
HIS-001638,AST-S_A-0022,SEC-RKMP-BPL,S_AND_T,AxleCounterCalibration,2022-12-10T00:00:00,2.1,577137.0,335
HIS-001639,AST-ENG-0412,SEC-RKMP-BPL,ENGINEERING,TrackTamping,2025-10-05T00:00:00,3.9,244230.0,43
HIS-001640,AST-TRA-0249,SEC-RKMP-BPL,TRACTION,InsulatorReplacement,2024-10-01T00:00:00,7.7,528572.0,458
HIS-001641,AST-ENG-0223,SEC-RKMP-BPL,ENGINEERING,BallastCleaning,2022-01-13T00:00:00,6.7,162738.0,308
HIS-001642,AST-S_A-0444,SEC-RKMP-BPL,S_AND_T,AxleCounterCalibration,2024-07-21T00:00:00,5.1,546276.0,156
HIS-001643,AST-ENG-0443,SEC-RKMP-BPL,ENGINEERING,JointWelding,2022-12-03T00:00:00,2.7,348819.0,344
HIS-001644,AST-S_A-0399,SEC-RKMP-BPL,S_AND_T,PointMachineOverhaul,2022-06-16T00:00:00,1.2,332707.0,322
HIS-001645,AST-S_A-0229,SEC-RKMP-BPL,S_AND_T,SignalCableRenewal,2025-12-13T00:00:00,6.8,116847.0,270
HIS-001646,AST-S_A-0345,SEC-RKMP-BPL,S_AND_T,AxleCounterCalibration,2026-05-18T00:00:00,7.7,363884.0,427
HIS-001647,AST-ENG-0118,SEC-RKMP-BPL,ENGINEERING,TrackTamping,2025-12-16T00:00:00,2.2,496148.0,337
HIS-001648,AST-TRA-0077,SEC-RKMP-BPL,TRACTION,InsulatorReplacement,2022-01-21T00:00:00,1.5,125471.0,395
HIS-001649,AST-TRA-0158,SEC-RKMP-BPL,TRACTION,ContactWireReplacement,2021-11-09T00:00:00,3.2,318290.0,193
HIS-001650,AST-S_A-0363,SEC-RKMP-BPL,S_AND_T,SignalCableRenewal,2024-08-02T00:00:00,5.1,413216.0,443
HIS-001651,AST-S_A-0444,SEC-RKMP-BPL,S_AND_T,PointMachineOverhaul,2023-02-09T00:00:00,1.8,433253.0,134
HIS-001652,AST-TRA-0203,SEC-RKMP-BPL,TRACTION,InsulatorReplacement,2025-10-01T00:00:00,7.8,175623.0,338
HIS-001653,AST-ENG-0001,SEC-RKMP-BPL,ENGINEERING,TrackTamping,2022-05-09T00:00:00,1.2,428211.0,234
HIS-001654,AST-S_A-0441,SEC-RKMP-BPL,S_AND_T,SignalCableRenewal,2021-10-24T00:00:00,1.8,433395.0,328
HIS-001655,AST-ENG-0407,SEC-RKMP-BPL,ENGINEERING,JointWelding,2022-03-11T00:00:00,2.4,561417.0,382
HIS-001656,AST-S_A-0471,SEC-RKMP-BPL,S_AND_T,AxleCounterCalibration,2023-04-13T00:00:00,3.8,153047.0,298
HIS-001657,AST-ENG-0088,SEC-RKMP-BPL,ENGINEERING,BallastCleaning,2024-03-13T00:00:00,7.2,30106.0,390
HIS-001658,AST-TRA-0438,SEC-RKMP-BPL,TRACTION,DropperReplacement,2024-08-06T00:00:00,4.7,369458.0,124
HIS-001659,AST-ENG-0461,SEC-RKMP-BPL,ENGINEERING,TrackTamping,2023-02-12T00:00:00,5.5,483553.0,277
HIS-001660,AST-S_A-0138,SEC-RKMP-BPL,S_AND_T,TurnoutAdjustment,2025-10-13T00:00:00,3.3,580230.0,545
HIS-001661,AST-ENG-0322,SEC-RKMP-BPL,ENGINEERING,SleeperRenewal,2021-10-29T00:00:00,7.0,642026.0,193
HIS-001662,AST-S_A-0350,SEC-RKMP-BPL,S_AND_T,TurnoutAdjustment,2023-02-11T00:00:00,5.5,417968.0,199
HIS-001663,AST-S_A-0422,SEC-RKMP-BPL,S_AND_T,SignalCableRenewal,2026-07-05T00:00:00,3.6,544053.0,213
HIS-001664,AST-S_A-0255,SEC-RKMP-BPL,S_AND_T,AxleCounterCalibration,2024-05-25T00:00:00,1.8,479684.0,405
HIS-001665,AST-TRA-0366,SEC-RKMP-BPL,TRACTION,ContactWireReplacement,2024-01-30T00:00:00,4.2,276117.0,381
HIS-001666,AST-S_A-0003,SEC-RKMP-BPL,S_AND_T,TurnoutAdjustment,2022-03-17T00:00:00,7.5,590024.0,278
HIS-001667,AST-S_A-0273,SEC-RKMP-BPL,S_AND_T,TurnoutAdjustment,2022-07-11T00:00:00,6.0,513224.0,507
HIS-001668,AST-S_A-0256,SEC-RKMP-BPL,S_AND_T,SignalCableRenewal,2024-06-19T00:00:00,2.7,129907.0,448
HIS-001669,AST-TRA-0419,SEC-RKMP-BPL,TRACTION,DropperReplacement,2023-05-13T00:00:00,7.9,66173.0,555
HIS-001670,AST-TRA-0284,SEC-RKMP-BPL,TRACTION,InsulatorReplacement,2024-03-16T00:00:00,1.8,323601.0,285
HIS-001671,AST-ENG-0047,SEC-RKMP-BPL,ENGINEERING,JointWelding,2025-04-18T00:00:00,2.4,66565.0,162
HIS-001672,AST-S_A-0256,SEC-RKMP-BPL,S_AND_T,SignalCableRenewal,2025-03-16T00:00:00,1.3,343967.0,274
HIS-001673,AST-S_A-0332,SEC-RKMP-BPL,S_AND_T,SignalCableRenewal,2026-07-08T00:00:00,5.2,300625.0,404
HIS-001674,AST-S_A-0309,SEC-RKMP-BPL,S_AND_T,AxleCounterCalibration,2026-01-16T00:00:00,1.0,304109.0,402
HIS-001675,AST-ENG-0469,SEC-RKMP-BPL,ENGINEERING,TrackTamping,2023-08-05T00:00:00,3.0,387996.0,91
HIS-001676,AST-TRA-0024,SEC-RKMP-BPL,TRACTION,InsulatorReplacement,2022-09-05T00:00:00,7.0,488996.0,396
HIS-001677,AST-S_A-0148,SEC-RKMP-BPL,S_AND_T,AxleCounterCalibration,2024-03-17T00:00:00,3.9,442360.0,377
HIS-001678,AST-TRA-0293,SEC-RKMP-BPL,TRACTION,InsulatorReplacement,2024-11-23T00:00:00,8.0,322082.0,124
HIS-001679,AST-ENG-0262,SEC-RKMP-BPL,ENGINEERING,RailGrinding,2025-02-23T00:00:00,6.6,84380.0,515
HIS-001680,AST-S_A-0076,SEC-RKMP-BPL,S_AND_T,TurnoutAdjustment,2023-10-22T00:00:00,5.8,237719.0,461
HIS-001681,AST-ENG-0358,SEC-RKMP-BPL,ENGINEERING,RailGrinding,2026-03-18T00:00:00,6.1,198135.0,291
HIS-001682,AST-S_A-0156,SEC-RKMP-BPL,S_AND_T,SignalCableRenewal,2022-01-14T00:00:00,6.7,85327.0,482
HIS-001683,AST-S_A-0012,SEC-RKMP-BPL,S_AND_T,TurnoutAdjustment,2026-01-06T00:00:00,6.7,541133.0,324
HIS-001684,AST-S_A-0449,SEC-RKMP-BPL,S_AND_T,SignalCableRenewal,2025-03-17T00:00:00,1.0,648392.0,396
HIS-001685,AST-S_A-0062,SEC-RKMP-BPL,S_AND_T,SignalCableRenewal,2023-11-25T00:00:00,7.7,404453.0,479
HIS-001686,AST-S_A-0170,SEC-RKMP-BPL,S_AND_T,AxleCounterCalibration,2023-07-11T00:00:00,6.0,550236.0,335
HIS-001687,AST-S_A-0211,SEC-RKMP-BPL,S_AND_T,PointMachineOverhaul,2023-06-20T00:00:00,5.8,75909.0,432
HIS-001688,AST-TRA-0024,SEC-RKMP-BPL,TRACTION,ContactWireReplacement,2023-01-14T00:00:00,2.2,138285.0,375
HIS-001689,AST-ENG-0001,SEC-RKMP-BPL,ENGINEERING,TrackTamping,2024-09-19T00:00:00,4.4,552623.0,388
HIS-001690,AST-S_A-0045,SEC-RKMP-BPL,S_AND_T,TurnoutAdjustment,2025-09-18T00:00:00,1.6,31414.0,341
HIS-001691,AST-TRA-0446,SEC-RKMP-BPL,TRACTION,OHEInspection,2026-01-13T00:00:00,6.6,269596.0,330
HIS-001692,AST-TRA-0176,SEC-RKMP-BPL,TRACTION,ContactWireReplacement,2026-06-27T00:00:00,3.4,56472.0,223
HIS-001693,AST-ENG-0155,SEC-RKMP-BPL,ENGINEERING,TrackTamping,2025-06-19T00:00:00,5.6,54987.0,234
HIS-001694,AST-S_A-0076,SEC-RKMP-BPL,S_AND_T,AxleCounterCalibration,2023-07-21T00:00:00,1.3,608263.0,586
HIS-001695,AST-ENG-0073,SEC-RKMP-BPL,ENGINEERING,BallastCleaning,2022-10-02T00:00:00,7.2,346091.0,582
HIS-001696,AST-ENG-0325,SEC-RKMP-BPL,ENGINEERING,SleeperRenewal,2025-02-02T00:00:00,3.1,505666.0,306
HIS-001697,AST-ENG-0097,SEC-RKMP-BPL,ENGINEERING,JointWelding,2022-06-14T00:00:00,7.2,581872.0,221
HIS-001698,AST-TRA-0428,SEC-RKMP-BPL,TRACTION,OHEInspection,2023-12-03T00:00:00,7.4,65309.0,215
HIS-001699,AST-TRA-0285,SEC-RKMP-BPL,TRACTION,ContactWireReplacement,2024-11-22T00:00:00,3.6,161043.0,470
HIS-001700,AST-S_A-0117,SEC-RKMP-BPL,S_AND_T,TurnoutAdjustment,2026-08-12T00:00:00,2.0,340949.0,557
HIS-001701,AST-TRA-0464,SEC-RKMP-BPL,TRACTION,InsulatorReplacement,2024-12-12T00:00:00,5.7,645017.0,546
HIS-001702,AST-S_A-0291,SEC-RKMP-BPL,S_AND_T,AxleCounterCalibration,2026-03-28T00:00:00,5.7,514964.0,40
HIS-001703,AST-S_A-0030,SEC-RKMP-BPL,S_AND_T,PointMachineOverhaul,2026-04-26T00:00:00,7.3,297003.0,270
HIS-001704,AST-ENG-0046,SEC-RKMP-BPL,ENGINEERING,TrackTamping,2023-03-05T00:00:00,6.1,44841.0,99
HIS-001705,AST-TRA-0348,SEC-RKMP-BPL,TRACTION,DropperReplacement,2022-03-02T00:00:00,6.8,246431.0,253
HIS-001706,AST-S_A-0013,SEC-RKMP-BPL,S_AND_T,PointMachineOverhaul,2023-11-03T00:00:00,2.0,401994.0,336
HIS-001707,AST-S_A-0139,SEC-RKMP-BPL,S_AND_T,PointMachineOverhaul,2021-11-07T00:00:00,5.4,258756.0,402
HIS-001708,AST-TRA-0006,SEC-RKMP-BPL,TRACTION,ContactWireReplacement,2023-02-14T00:00:00,6.6,123460.0,333
HIS-001709,AST-S_A-0234,SEC-RKMP-BPL,S_AND_T,AxleCounterCalibration,2024-11-01T00:00:00,2.7,36261.0,126
HIS-001710,AST-TRA-0491,SEC-RKMP-BPL,TRACTION,DropperReplacement,2022-05-28T00:00:00,4.3,474930.0,342
HIS-001711,AST-ENG-0187,SEC-RKMP-BPL,ENGINEERING,RailGrinding,2025-08-14T00:00:00,7.0,533887.0,185
HIS-001712,AST-S_A-0476,SEC-RKMP-BPL,S_AND_T,PointMachineOverhaul,2025-06-27T00:00:00,7.7,176715.0,127
HIS-001713,AST-S_A-0369,SEC-RKMP-BPL,S_AND_T,TurnoutAdjustment,2022-07-07T00:00:00,6.9,36476.0,403
HIS-001714,AST-S_A-0156,SEC-RKMP-BPL,S_AND_T,SignalCableRenewal,2025-09-03T00:00:00,5.1,254081.0,341
HIS-001715,AST-ENG-0092,SEC-RKMP-BPL,ENGINEERING,TrackTamping,2023-01-03T00:00:00,4.8,533944.0,502
HIS-001716,AST-ENG-0403,SEC-RKMP-BPL,ENGINEERING,BallastCleaning,2026-04-04T00:00:00,1.1,299434.0,453
HIS-001717,AST-ENG-0163,SEC-RKMP-BPL,ENGINEERING,BallastCleaning,2025-01-11T00:00:00,7.3,131392.0,358
HIS-001718,AST-ENG-0191,SEC-RKMP-BPL,ENGINEERING,JointWelding,2025-01-13T00:00:00,5.9,444242.0,291
HIS-001719,AST-S_A-0156,SEC-RKMP-BPL,S_AND_T,TurnoutAdjustment,2025-03-31T00:00:00,3.1,498884.0,566
HIS-001720,AST-S_A-0093,SEC-RKMP-BPL,S_AND_T,TurnoutAdjustment,2024-01-21T00:00:00,5.5,130158.0,465
HIS-001721,AST-S_A-0498,SEC-RKMP-BPL,S_AND_T,SignalCableRenewal,2025-06-01T00:00:00,2.7,338484.0,420
HIS-001722,AST-S_A-0450,SEC-RKMP-BPL,S_AND_T,AxleCounterCalibration,2024-04-27T00:00:00,7.2,481109.0,324
HIS-001723,AST-ENG-0340,SEC-RKMP-BPL,ENGINEERING,BallastCleaning,2022-12-24T00:00:00,3.7,284336.0,465
HIS-001724,AST-ENG-0470,SEC-RKMP-BPL,ENGINEERING,SleeperRenewal,2021-11-21T00:00:00,5.2,69809.0,146
HIS-001725,AST-TRA-0339,SEC-RKMP-BPL,TRACTION,OHEInspection,2024-01-30T00:00:00,1.6,609175.0,215
HIS-001726,AST-S_A-0314,SEC-RKMP-BPL,S_AND_T,TurnoutAdjustment,2021-12-06T00:00:00,5.5,370674.0,312
HIS-001727,AST-ENG-0376,SEC-RKMP-BPL,ENGINEERING,JointWelding,2025-02-02T00:00:00,4.4,31356.0,481
HIS-001728,AST-TRA-0284,SEC-RKMP-BPL,TRACTION,InsulatorReplacement,2023-08-28T00:00:00,5.1,244939.0,264
HIS-001729,AST-S_A-0049,SEC-RKMP-BPL,S_AND_T,TurnoutAdjustment,2023-02-06T00:00:00,3.3,277156.0,337
HIS-001730,AST-ENG-0208,SEC-RKMP-BPL,ENGINEERING,TrackTamping,2025-01-21T00:00:00,2.8,298554.0,54
HIS-001731,AST-TRA-0086,SEC-RKMP-BPL,TRACTION,ContactWireReplacement,2025-10-04T00:00:00,5.1,525502.0,201
HIS-001732,AST-ENG-0496,SEC-RKMP-BPL,ENGINEERING,TrackTamping,2021-10-01T00:00:00,7.2,408624.0,281
HIS-001733,AST-TRA-0114,SEC-RKMP-BPL,TRACTION,OHEInspection,2021-12-09T00:00:00,7.1,259536.0,98
HIS-001734,AST-S_A-0450,SEC-RKMP-BPL,S_AND_T,PointMachineOverhaul,2025-12-12T00:00:00,1.3,123761.0,381
HIS-001735,AST-S_A-0373,SEC-RKMP-BPL,S_AND_T,TurnoutAdjustment,2022-01-09T00:00:00,8.0,402314.0,177
HIS-001736,AST-S_A-0427,SEC-RKMP-BPL,S_AND_T,PointMachineOverhaul,2024-08-20T00:00:00,4.2,349301.0,391
HIS-001737,AST-S_A-0093,SEC-RKMP-BPL,S_AND_T,SignalCableRenewal,2026-07-29T00:00:00,6.6,389015.0,482
HIS-001738,AST-TRA-0329,SEC-RKMP-BPL,TRACTION,InsulatorReplacement,2025-09-12T00:00:00,6.5,399668.0,505
HIS-001739,AST-S_A-0112,SEC-RKMP-BPL,S_AND_T,PointMachineOverhaul,2025-06-03T00:00:00,6.7,235337.0,84
HIS-001740,AST-ENG-0092,SEC-RKMP-BPL,ENGINEERING,SleeperRenewal,2023-10-14T00:00:00,6.6,332904.0,395
HIS-001741,AST-TRA-0231,SEC-RKMP-BPL,TRACTION,OHEInspection,2026-08-08T00:00:00,6.2,247079.0,298
HIS-001742,AST-ENG-0439,SEC-RKMP-BPL,ENGINEERING,RailGrinding,2022-02-16T00:00:00,2.2,192430.0,242
HIS-001743,AST-ENG-0016,SEC-RKMP-BPL,ENGINEERING,BallastCleaning,2024-03-01T00:00:00,8.0,536096.0,259
HIS-001744,AST-S_A-0229,SEC-RKMP-BPL,S_AND_T,TurnoutAdjustment,2022-03-06T00:00:00,3.6,647247.0,277
HIS-001745,AST-S_A-0071,SEC-RKMP-BPL,S_AND_T,TurnoutAdjustment,2025-04-11T00:00:00,5.3,484768.0,308
HIS-001746,AST-ENG-0082,SEC-RKMP-BPL,ENGINEERING,RailGrinding,2022-02-18T00:00:00,4.8,187583.0,160
HIS-001747,AST-TRA-0033,SEC-RKMP-BPL,TRACTION,InsulatorReplacement,2024-01-17T00:00:00,6.5,148264.0,10
HIS-001748,AST-ENG-0479,SEC-RKMP-BPL,ENGINEERING,RailGrinding,2024-03-20T00:00:00,1.1,426742.0,282
HIS-001749,AST-TRA-0177,SEC-RKMP-BPL,TRACTION,DropperReplacement,2025-05-07T00:00:00,4.6,446913.0,308
HIS-001750,AST-S_A-0476,SEC-RKMP-BPL,S_AND_T,SignalCableRenewal,2025-06-24T00:00:00,6.8,125488.0,87
HIS-001751,AST-S_A-0215,SEC-RKMP-BPL,S_AND_T,TurnoutAdjustment,2022-10-16T00:00:00,2.0,345473.0,150
HIS-001752,AST-TRA-0276,SEC-RKMP-BPL,TRACTION,ContactWireReplacement,2023-06-10T00:00:00,5.7,420895.0,405
HIS-001753,AST-TRA-0249,SEC-RKMP-BPL,TRACTION,InsulatorReplacement,2025-06-27T00:00:00,7.8,474157.0,309
HIS-001754,AST-S_A-0108,SEC-RKMP-BPL,S_AND_T,AxleCounterCalibration,2022-07-09T00:00:00,4.2,543044.0,329
HIS-001755,AST-S_A-0256,SEC-RKMP-BPL,S_AND_T,AxleCounterCalibration,2025-02-04T00:00:00,1.3,352072.0,447
HIS-001756,AST-ENG-0097,SEC-RKMP-BPL,ENGINEERING,TrackTamping,2023-09-03T00:00:00,7.9,165253.0,249
HIS-001757,AST-ENG-0451,SEC-RKMP-BPL,ENGINEERING,RailGrinding,2022-06-13T00:00:00,7.1,503427.0,371
HIS-001758,AST-S_A-0360,SEC-RKMP-BPL,S_AND_T,PointMachineOverhaul,2022-03-04T00:00:00,4.0,598132.0,239
HIS-001759,AST-ENG-0124,SEC-RKMP-BPL,ENGINEERING,JointWelding,2023-09-16T00:00:00,1.7,289698.0,96
HIS-001760,AST-S_A-0328,SEC-RKMP-BPL,S_AND_T,SignalCableRenewal,2025-02-19T00:00:00,2.5,447004.0,359
HIS-001761,AST-ENG-0061,SEC-RKMP-BPL,ENGINEERING,TrackTamping,2024-11-27T00:00:00,2.0,57429.0,403
HIS-001762,AST-TRA-0285,SEC-RKMP-BPL,TRACTION,ContactWireReplacement,2026-04-29T00:00:00,5.3,436336.0,385
HIS-001763,AST-TRA-0330,SEC-RKMP-BPL,TRACTION,InsulatorReplacement,2025-10-28T00:00:00,5.5,425587.0,262
HIS-001764,AST-S_A-0210,SEC-RKMP-BPL,S_AND_T,TurnoutAdjustment,2025-08-08T00:00:00,3.6,437053.0,403
HIS-001765,AST-ENG-0406,SEC-RKMP-BPL,ENGINEERING,TrackTamping,2024-04-09T00:00:00,3.0,79651.0,369
HIS-001766,AST-ENG-0367,SEC-RKMP-BPL,ENGINEERING,RailGrinding,2022-04-05T00:00:00,4.2,558027.0,215
HIS-001767,AST-S_A-0300,SEC-RKMP-BPL,S_AND_T,SignalCableRenewal,2026-01-08T00:00:00,7.6,119024.0,400
HIS-001768,AST-S_A-0269,SEC-RKMP-BPL,S_AND_T,PointMachineOverhaul,2024-03-30T00:00:00,3.2,576735.0,404
HIS-001769,AST-TRA-0041,SEC-RKMP-BPL,TRACTION,OHEInspection,2023-06-10T00:00:00,6.9,547795.0,431
HIS-001770,AST-S_A-0211,SEC-RKMP-BPL,S_AND_T,SignalCableRenewal,2023-01-16T00:00:00,7.1,404450.0,384
HIS-001771,AST-S_A-0301,SEC-RKMP-BPL,S_AND_T,SignalCableRenewal,2024-05-16T00:00:00,2.3,472870.0,116
HIS-001772,AST-TRA-0456,SEC-RKMP-BPL,TRACTION,InsulatorReplacement,2026-09-06T00:00:00,1.4,470612.0,184
HIS-001773,AST-S_A-0170,SEC-RKMP-BPL,S_AND_T,SignalCableRenewal,2025-02-02T00:00:00,6.5,541360.0,321
HIS-001774,AST-S_A-0126,SEC-RKMP-BPL,S_AND_T,PointMachineOverhaul,2021-12-05T00:00:00,7.9,517881.0,114
HIS-001775,AST-TRA-0015,SEC-RKMP-BPL,TRACTION,OHEInspection,2023-07-03T00:00:00,5.2,383138.0,275
HIS-001776,AST-ENG-0055,SEC-RKMP-BPL,ENGINEERING,SleeperRenewal,2026-06-14T00:00:00,1.1,557176.0,159
HIS-001777,AST-TRA-0221,SEC-RKMP-BPL,TRACTION,ContactWireReplacement,2023-09-08T00:00:00,6.9,219095.0,417
HIS-001778,AST-ENG-0154,SEC-RKMP-BPL,ENGINEERING,RailGrinding,2025-06-11T00:00:00,4.3,235954.0,260
HIS-001779,AST-ENG-0074,SEC-RKMP-BPL,ENGINEERING,RailGrinding,2024-08-07T00:00:00,5.2,513176.0,373
HIS-001780,AST-S_A-0468,SEC-RKMP-BPL,S_AND_T,TurnoutAdjustment,2021-11-14T00:00:00,7.7,82459.0,373
HIS-001781,AST-S_A-0165,SEC-RKMP-BPL,S_AND_T,SignalCableRenewal,2021-11-11T00:00:00,7.1,507411.0,377
HIS-001782,AST-ENG-0298,SEC-RKMP-BPL,ENGINEERING,BallastCleaning,2023-12-23T00:00:00,2.2,325156.0,10
HIS-001783,AST-TRA-0104,SEC-RKMP-BPL,TRACTION,ContactWireReplacement,2022-08-01T00:00:00,7.9,266314.0,190
HIS-001784,AST-S_A-0481,SEC-RKMP-BPL,S_AND_T,PointMachineOverhaul,2025-06-16T00:00:00,4.6,36881.0,214
HIS-001785,AST-ENG-0208,SEC-RKMP-BPL,ENGINEERING,RailGrinding,2023-08-13T00:00:00,7.6,477286.0,10
HIS-001786,AST-ENG-0439,SEC-RKMP-BPL,ENGINEERING,BallastCleaning,2022-05-12T00:00:00,4.5,253574.0,350
HIS-001787,AST-ENG-0460,SEC-RKMP-BPL,ENGINEERING,SleeperRenewal,2023-12-03T00:00:00,3.1,114109.0,250
HIS-001788,AST-S_A-0405,SEC-RKMP-BPL,S_AND_T,PointMachineOverhaul,2024-12-08T00:00:00,7.1,462749.0,305
HIS-001789,AST-S_A-0333,SEC-RKMP-BPL,S_AND_T,PointMachineOverhaul,2023-07-31T00:00:00,6.9,599750.0,258
HIS-001790,AST-S_A-0476,SEC-RKMP-BPL,S_AND_T,SignalCableRenewal,2025-12-14T00:00:00,4.0,450887.0,173
HIS-001791,AST-ENG-0065,SEC-RKMP-BPL,ENGINEERING,BallastCleaning,2025-11-25T00:00:00,5.1,345755.0,285
HIS-001792,AST-TRA-0168,SEC-RKMP-BPL,TRACTION,DropperReplacement,2026-03-15T00:00:00,1.0,200623.0,294
HIS-001793,AST-TRA-0438,SEC-RKMP-BPL,TRACTION,OHEInspection,2025-11-18T00:00:00,2.8,112465.0,257
HIS-001794,AST-ENG-0118,SEC-RKMP-BPL,ENGINEERING,SleeperRenewal,2022-12-27T00:00:00,6.7,328338.0,368
HIS-001795,AST-ENG-0425,SEC-RKMP-BPL,ENGINEERING,TrackTamping,2025-12-16T00:00:00,2.3,144066.0,88
HIS-001796,AST-ENG-0424,SEC-RKMP-BPL,ENGINEERING,JointWelding,2022-07-27T00:00:00,6.4,27231.0,484
HIS-001797,AST-S_A-0260,SEC-RKMP-BPL,S_AND_T,TurnoutAdjustment,2024-12-13T00:00:00,1.1,575260.0,344
HIS-001798,AST-TRA-0393,SEC-RKMP-BPL,TRACTION,DropperReplacement,2024-07-28T00:00:00,6.9,312792.0,199
HIS-001799,AST-TRA-0294,SEC-RKMP-BPL,TRACTION,ContactWireReplacement,2024-10-16T00:00:00,5.6,226609.0,389
HIS-001800,AST-S_A-0337,SEC-RKMP-BPL,S_AND_T,TurnoutAdjustment,2023-02-12T00:00:00,3.9,296095.0,81
HIS-001801,AST-S_A-0287,SEC-RKMP-BPL,S_AND_T,AxleCounterCalibration,2024-12-15T00:00:00,2.8,247598.0,330
HIS-001802,AST-TRA-0159,SEC-RKMP-BPL,TRACTION,ContactWireReplacement,2025-06-06T00:00:00,5.1,263838.0,305
HIS-001803,AST-S_A-0216,SEC-RKMP-BPL,S_AND_T,PointMachineOverhaul,2021-09-17T00:00:00,5.3,301315.0,288
HIS-001804,AST-S_A-0368,SEC-RKMP-BPL,S_AND_T,SignalCableRenewal,2023-01-16T00:00:00,4.6,500280.0,552
HIS-001805,AST-S_A-0390,SEC-RKMP-BPL,S_AND_T,PointMachineOverhaul,2021-11-02T00:00:00,2.6,206243.0,381
HIS-001806,AST-TRA-0465,SEC-RKMP-BPL,TRACTION,InsulatorReplacement,2026-05-07T00:00:00,4.3,486946.0,10
HIS-001807,AST-S_A-0287,SEC-RKMP-BPL,S_AND_T,PointMachineOverhaul,2022-09-09T00:00:00,1.2,646226.0,360
HIS-001808,AST-ENG-0271,SEC-RKMP-BPL,ENGINEERING,RailGrinding,2026-03-27T00:00:00,6.1,184146.0,235
HIS-001809,AST-ENG-0196,SEC-RKMP-BPL,ENGINEERING,BallastCleaning,2022-03-31T00:00:00,6.0,297818.0,75
HIS-001810,AST-TRA-0338,SEC-RKMP-BPL,TRACTION,OHEInspection,2025-04-04T00:00:00,5.6,360881.0,288
HIS-001811,AST-S_A-0485,SEC-RKMP-BPL,S_AND_T,SignalCableRenewal,2022-11-15T00:00:00,6.4,339610.0,352
HIS-001812,AST-S_A-0269,SEC-RKMP-BPL,S_AND_T,PointMachineOverhaul,2022-06-09T00:00:00,5.9,430441.0,456
HIS-001813,AST-S_A-0152,SEC-RKMP-BPL,S_AND_T,PointMachineOverhaul,2025-10-05T00:00:00,2.7,83240.0,85
HIS-001814,AST-S_A-0247,SEC-RKMP-BPL,S_AND_T,PointMachineOverhaul,2024-11-17T00:00:00,2.0,289679.0,300
HIS-001815,AST-ENG-0290,SEC-RKMP-BPL,ENGINEERING,BallastCleaning,2022-06-23T00:00:00,4.8,333159.0,475
HIS-001816,AST-S_A-0391,SEC-RKMP-BPL,S_AND_T,TurnoutAdjustment,2025-05-18T00:00:00,1.1,203519.0,434
HIS-001817,AST-S_A-0477,SEC-RKMP-BPL,S_AND_T,SignalCableRenewal,2026-07-12T00:00:00,4.7,242942.0,281
HIS-001818,AST-ENG-0046,SEC-RKMP-BPL,ENGINEERING,BallastCleaning,2025-03-30T00:00:00,2.7,347617.0,182
HIS-001819,AST-ENG-0497,SEC-RKMP-BPL,ENGINEERING,BallastCleaning,2024-02-21T00:00:00,3.5,614476.0,307
HIS-001820,AST-TRA-0284,SEC-RKMP-BPL,TRACTION,DropperReplacement,2022-01-27T00:00:00,7.5,374252.0,416
HIS-001821,AST-ENG-0046,SEC-RKMP-BPL,ENGINEERING,JointWelding,2024-08-21T00:00:00,7.0,505594.0,167
HIS-001822,AST-S_A-0319,SEC-RKMP-BPL,S_AND_T,PointMachineOverhaul,2025-06-20T00:00:00,4.6,520102.0,329
HIS-001823,AST-TRA-0500,SEC-RKMP-BPL,TRACTION,ContactWireReplacement,2024-08-28T00:00:00,1.9,135586.0,501
HIS-001824,AST-TRA-0204,SEC-RKMP-BPL,TRACTION,ContactWireReplacement,2023-03-20T00:00:00,5.7,448799.0,255
HIS-001825,AST-TRA-0149,SEC-RKMP-BPL,TRACTION,OHEInspection,2026-04-16T00:00:00,4.3,241538.0,357
HIS-001826,AST-ENG-0200,SEC-RKMP-BPL,ENGINEERING,RailGrinding,2026-08-14T00:00:00,4.4,99726.0,291
HIS-001827,AST-S_A-0369,SEC-RKMP-BPL,S_AND_T,AxleCounterCalibration,2025-02-13T00:00:00,5.6,494872.0,352
HIS-001828,AST-ENG-0133,SEC-RKMP-BPL,ENGINEERING,TrackTamping,2022-02-23T00:00:00,1.2,592055.0,193
HIS-001829,AST-ENG-0010,SEC-RKMP-BPL,ENGINEERING,RailGrinding,2022-01-05T00:00:00,2.0,406009.0,254
HIS-001830,AST-ENG-0199,SEC-RKMP-BPL,ENGINEERING,BallastCleaning,2023-09-12T00:00:00,5.3,432904.0,94
HIS-001831,AST-S_A-0476,SEC-RKMP-BPL,S_AND_T,PointMachineOverhaul,2021-12-27T00:00:00,3.7,310869.0,122
HIS-001832,AST-ENG-0245,SEC-RKMP-BPL,ENGINEERING,BallastCleaning,2023-11-06T00:00:00,7.6,105095.0,366
HIS-001833,AST-S_A-0486,SEC-RKMP-BPL,S_AND_T,AxleCounterCalibration,2021-12-03T00:00:00,1.5,44343.0,246
HIS-001834,AST-ENG-0289,SEC-RKMP-BPL,ENGINEERING,JointWelding,2023-06-25T00:00:00,5.1,221063.0,414
HIS-001835,AST-ENG-0380,SEC-RKMP-BPL,ENGINEERING,BallastCleaning,2026-01-15T00:00:00,7.0,451720.0,453
HIS-001836,AST-TRA-0491,SEC-RKMP-BPL,TRACTION,InsulatorReplacement,2025-08-02T00:00:00,5.1,100825.0,221
HIS-001837,AST-S_A-0323,SEC-RKMP-BPL,S_AND_T,TurnoutAdjustment,2023-07-15T00:00:00,6.0,394876.0,336
HIS-001838,AST-ENG-0208,SEC-RKMP-BPL,ENGINEERING,TrackTamping,2023-07-27T00:00:00,3.1,96018.0,117
HIS-001839,AST-S_A-0467,SEC-RKMP-BPL,S_AND_T,AxleCounterCalibration,2026-03-31T00:00:00,3.0,644836.0,310
HIS-001840,AST-TRA-0311,SEC-RKMP-BPL,TRACTION,ContactWireReplacement,2026-05-08T00:00:00,6.9,325547.0,477
HIS-001841,AST-TRA-0024,SEC-RKMP-BPL,TRACTION,DropperReplacement,2024-07-05T00:00:00,1.1,609237.0,332
HIS-001842,AST-S_A-0355,SEC-RKMP-BPL,S_AND_T,SignalCableRenewal,2024-11-26T00:00:00,1.6,562533.0,230
HIS-001843,AST-S_A-0179,SEC-RKMP-BPL,S_AND_T,TurnoutAdjustment,2022-08-15T00:00:00,6.4,354857.0,55
HIS-001844,AST-S_A-0368,SEC-RKMP-BPL,S_AND_T,SignalCableRenewal,2022-04-13T00:00:00,3.7,285457.0,500
HIS-001845,AST-ENG-0439,SEC-RKMP-BPL,ENGINEERING,BallastCleaning,2024-03-25T00:00:00,5.9,424969.0,185
HIS-001846,AST-TRA-0240,SEC-RKMP-BPL,TRACTION,ContactWireReplacement,2024-04-23T00:00:00,4.1,467974.0,174
HIS-001847,AST-ENG-0421,SEC-RKMP-BPL,ENGINEERING,JointWelding,2023-10-09T00:00:00,4.0,411680.0,285
HIS-001848,AST-S_A-0111,SEC-RKMP-BPL,S_AND_T,TurnoutAdjustment,2025-02-03T00:00:00,3.5,445446.0,189
HIS-001849,AST-ENG-0397,SEC-RKMP-BPL,ENGINEERING,TrackTamping,2025-08-08T00:00:00,3.5,503027.0,210
HIS-001850,AST-TRA-0123,SEC-RKMP-BPL,TRACTION,ContactWireReplacement,2023-11-27T00:00:00,3.0,424196.0,155
HIS-001851,AST-ENG-0056,SEC-RKMP-BPL,ENGINEERING,JointWelding,2023-06-18T00:00:00,2.0,620812.0,257
HIS-001852,AST-ENG-0415,SEC-RKMP-BPL,ENGINEERING,BallastCleaning,2022-11-07T00:00:00,2.6,337517.0,520
HIS-001853,AST-S_A-0179,SEC-RKMP-BPL,S_AND_T,PointMachineOverhaul,2026-01-24T00:00:00,3.9,565934.0,201
HIS-001854,AST-S_A-0409,SEC-RKMP-BPL,S_AND_T,PointMachineOverhaul,2024-05-05T00:00:00,1.1,418682.0,513
HIS-001855,AST-S_A-0274,SEC-RKMP-BPL,S_AND_T,TurnoutAdjustment,2022-06-04T00:00:00,6.0,493373.0,341
HIS-001856,AST-ENG-0406,SEC-RKMP-BPL,ENGINEERING,TrackTamping,2025-08-07T00:00:00,2.6,612980.0,317
HIS-001857,AST-ENG-0145,SEC-RKMP-BPL,ENGINEERING,TrackTamping,2022-06-27T00:00:00,3.8,428424.0,300
HIS-001858,AST-ENG-0322,SEC-RKMP-BPL,ENGINEERING,TrackTamping,2026-05-30T00:00:00,2.1,566297.0,202
HIS-001859,AST-S_A-0044,SEC-RKMP-BPL,S_AND_T,TurnoutAdjustment,2023-07-12T00:00:00,6.9,232286.0,376
HIS-001860,AST-S_A-0462,SEC-RKMP-BPL,S_AND_T,AxleCounterCalibration,2024-12-18T00:00:00,3.7,484285.0,359
HIS-001861,AST-ENG-0199,SEC-RKMP-BPL,ENGINEERING,JointWelding,2026-07-26T00:00:00,2.8,304573.0,84
HIS-001862,AST-TRA-0086,SEC-RKMP-BPL,TRACTION,DropperReplacement,2025-11-03T00:00:00,7.0,205454.0,81
HIS-001863,AST-ENG-0325,SEC-RKMP-BPL,ENGINEERING,TrackTamping,2022-08-05T00:00:00,7.0,150659.0,10
HIS-001864,AST-ENG-0232,SEC-RKMP-BPL,ENGINEERING,SleeperRenewal,2026-01-18T00:00:00,1.1,224129.0,51
HIS-001865,AST-S_A-0120,SEC-RKMP-BPL,S_AND_T,SignalCableRenewal,2023-08-29T00:00:00,4.2,248836.0,276
HIS-001866,AST-S_A-0450,SEC-RKMP-BPL,S_AND_T,TurnoutAdjustment,2022-09-25T00:00:00,1.4,290988.0,371
HIS-001867,AST-S_A-0242,SEC-RKMP-BPL,S_AND_T,SignalCableRenewal,2021-10-08T00:00:00,5.4,73518.0,345
HIS-001868,AST-ENG-0385,SEC-RKMP-BPL,ENGINEERING,JointWelding,2022-03-03T00:00:00,7.4,172901.0,35
HIS-001869,AST-S_A-0202,SEC-RKMP-BPL,S_AND_T,AxleCounterCalibration,2023-12-12T00:00:00,5.8,59866.0,488
HIS-001870,AST-S_A-0256,SEC-RKMP-BPL,S_AND_T,AxleCounterCalibration,2024-06-07T00:00:00,1.0,437775.0,515
HIS-001871,AST-S_A-0440,SEC-RKMP-BPL,S_AND_T,PointMachineOverhaul,2025-11-28T00:00:00,3.4,359724.0,29
HIS-001872,AST-TRA-0455,SEC-RKMP-BPL,TRACTION,ContactWireReplacement,2026-03-30T00:00:00,6.3,248378.0,193
HIS-001873,AST-ENG-0092,SEC-RKMP-BPL,ENGINEERING,TrackTamping,2023-01-04T00:00:00,7.8,469525.0,509
HIS-001874,AST-TRA-0348,SEC-RKMP-BPL,TRACTION,DropperReplacement,2025-06-14T00:00:00,3.1,288792.0,316
HIS-001875,AST-ENG-0037,SEC-RKMP-BPL,ENGINEERING,RailGrinding,2022-11-07T00:00:00,5.6,464506.0,361
HIS-001876,AST-S_A-0386,SEC-RKMP-BPL,S_AND_T,TurnoutAdjustment,2025-10-10T00:00:00,2.1,483188.0,339
HIS-001877,AST-ENG-0100,SEC-RKMP-BPL,ENGINEERING,BallastCleaning,2023-11-19T00:00:00,1.1,109321.0,270
HIS-001878,AST-ENG-0457,SEC-RKMP-BPL,ENGINEERING,SleeperRenewal,2024-11-04T00:00:00,5.6,80313.0,159
HIS-001879,AST-S_A-0346,SEC-RKMP-BPL,S_AND_T,TurnoutAdjustment,2023-11-18T00:00:00,2.7,646522.0,145
HIS-001880,AST-ENG-0083,SEC-RKMP-BPL,ENGINEERING,BallastCleaning,2023-11-13T00:00:00,5.0,267732.0,296
HIS-001881,AST-S_A-0359,SEC-RKMP-BPL,S_AND_T,SignalCableRenewal,2023-12-05T00:00:00,3.9,190898.0,256
HIS-001882,AST-S_A-0026,SEC-RKMP-BPL,S_AND_T,SignalCableRenewal,2025-04-03T00:00:00,7.5,370227.0,413
HIS-001883,AST-ENG-0367,SEC-RKMP-BPL,ENGINEERING,RailGrinding,2023-11-01T00:00:00,1.3,302156.0,193
HIS-001884,AST-ENG-0376,SEC-RKMP-BPL,ENGINEERING,SleeperRenewal,2021-12-02T00:00:00,5.0,546894.0,424
HIS-001885,AST-TRA-0158,SEC-RKMP-BPL,TRACTION,OHEInspection,2022-08-13T00:00:00,6.6,185937.0,123
HIS-001886,AST-TRA-0050,SEC-RKMP-BPL,TRACTION,DropperReplacement,2026-06-19T00:00:00,5.1,353812.0,340
HIS-001887,AST-ENG-0037,SEC-RKMP-BPL,ENGINEERING,SleeperRenewal,2025-06-10T00:00:00,1.1,621603.0,345
HIS-001888,AST-TRA-0105,SEC-RKMP-BPL,TRACTION,ContactWireReplacement,2021-11-18T00:00:00,5.7,157139.0,92
HIS-001889,AST-S_A-0125,SEC-RKMP-BPL,S_AND_T,PointMachineOverhaul,2022-08-16T00:00:00,1.1,412883.0,10
HIS-001890,AST-TRA-0005,SEC-RKMP-BPL,TRACTION,DropperReplacement,2025-12-01T00:00:00,1.4,354641.0,304
HIS-001891,AST-S_A-0013,SEC-RKMP-BPL,S_AND_T,AxleCounterCalibration,2022-08-21T00:00:00,7.3,396406.0,449
HIS-001892,AST-ENG-0263,SEC-RKMP-BPL,ENGINEERING,RailGrinding,2025-07-25T00:00:00,1.2,463972.0,126
HIS-001893,AST-S_A-0247,SEC-RKMP-BPL,S_AND_T,AxleCounterCalibration,2025-05-29T00:00:00,2.3,563182.0,323
HIS-001894,AST-S_A-0156,SEC-RKMP-BPL,S_AND_T,SignalCableRenewal,2022-03-30T00:00:00,6.0,268475.0,607
HIS-001895,AST-TRA-0051,SEC-RKMP-BPL,TRACTION,ContactWireReplacement,2023-05-08T00:00:00,2.5,147147.0,312
HIS-001896,AST-ENG-0199,SEC-RKMP-BPL,ENGINEERING,JointWelding,2026-05-19T00:00:00,2.3,382849.0,38
HIS-001897,AST-ENG-0163,SEC-RKMP-BPL,ENGINEERING,JointWelding,2026-03-28T00:00:00,1.7,63412.0,304
HIS-001898,AST-S_A-0125,SEC-RKMP-BPL,S_AND_T,TurnoutAdjustment,2025-07-06T00:00:00,1.1,73179.0,283
HIS-001899,AST-S_A-0098,SEC-RKMP-BPL,S_AND_T,SignalCableRenewal,2024-12-15T00:00:00,2.1,294943.0,202
HIS-001900,AST-S_A-0328,SEC-RKMP-BPL,S_AND_T,TurnoutAdjustment,2021-11-03T00:00:00,2.6,101183.0,443
HIS-001901,AST-S_A-0197,SEC-RKMP-BPL,S_AND_T,PointMachineOverhaul,2021-09-28T00:00:00,6.4,609413.0,339
HIS-001902,AST-ENG-0169,SEC-RKMP-BPL,ENGINEERING,SleeperRenewal,2024-05-25T00:00:00,3.7,309332.0,447
HIS-001903,AST-ENG-0025,SEC-RKMP-BPL,ENGINEERING,JointWelding,2023-01-04T00:00:00,4.8,593839.0,268
HIS-001904,AST-S_A-0301,SEC-RKMP-BPL,S_AND_T,PointMachineOverhaul,2023-08-31T00:00:00,3.4,120563.0,185
HIS-001905,AST-S_A-0085,SEC-RKMP-BPL,S_AND_T,TurnoutAdjustment,2021-10-07T00:00:00,1.6,263276.0,195
HIS-001906,AST-ENG-0056,SEC-RKMP-BPL,ENGINEERING,BallastCleaning,2022-01-22T00:00:00,5.8,130777.0,202
HIS-001907,AST-ENG-0461,SEC-RKMP-BPL,ENGINEERING,BallastCleaning,2022-06-17T00:00:00,6.2,359865.0,250
HIS-001908,AST-ENG-0236,SEC-RKMP-BPL,ENGINEERING,TrackTamping,2026-08-10T00:00:00,5.1,88011.0,10
HIS-001909,AST-S_A-0013,SEC-RKMP-BPL,S_AND_T,PointMachineOverhaul,2025-06-17T00:00:00,1.3,421023.0,361
HIS-001910,AST-ENG-0268,SEC-RKMP-BPL,ENGINEERING,BallastCleaning,2023-03-27T00:00:00,2.5,433507.0,354
HIS-001911,AST-ENG-0011,SEC-RKMP-BPL,ENGINEERING,TrackTamping,2021-10-20T00:00:00,1.8,214462.0,248
HIS-001912,AST-TRA-0500,SEC-RKMP-BPL,TRACTION,DropperReplacement,2025-09-30T00:00:00,3.4,418326.0,288
HIS-001913,AST-S_A-0066,SEC-RKMP-BPL,S_AND_T,SignalCableRenewal,2022-02-21T00:00:00,6.1,257502.0,210
HIS-001914,AST-S_A-0355,SEC-RKMP-BPL,S_AND_T,AxleCounterCalibration,2025-08-17T00:00:00,8.0,73646.0,271
HIS-001915,AST-ENG-0443,SEC-RKMP-BPL,ENGINEERING,SleeperRenewal,2024-03-18T00:00:00,3.6,613655.0,453
HIS-001916,AST-ENG-0389,SEC-RKMP-BPL,ENGINEERING,TrackTamping,2022-06-14T00:00:00,1.5,417531.0,326
HIS-001917,AST-ENG-0385,SEC-RKMP-BPL,ENGINEERING,TrackTamping,2026-03-21T00:00:00,7.9,275248.0,10
HIS-001918,AST-ENG-0064,SEC-RKMP-BPL,ENGINEERING,SleeperRenewal,2024-03-02T00:00:00,7.0,95445.0,264
HIS-001919,AST-TRA-0473,SEC-RKMP-BPL,TRACTION,InsulatorReplacement,2022-07-14T00:00:00,5.4,441080.0,290
HIS-001920,AST-ENG-0385,SEC-RKMP-BPL,ENGINEERING,BallastCleaning,2023-10-08T00:00:00,7.5,187616.0,115
HIS-001921,AST-S_A-0161,SEC-RKMP-BPL,S_AND_T,PointMachineOverhaul,2025-09-05T00:00:00,3.1,626031.0,220
HIS-001922,AST-TRA-0267,SEC-RKMP-BPL,TRACTION,InsulatorReplacement,2024-11-04T00:00:00,3.1,522970.0,288
HIS-001923,AST-S_A-0495,SEC-RKMP-BPL,S_AND_T,AxleCounterCalibration,2026-09-05T00:00:00,3.3,446434.0,121
HIS-001924,AST-TRA-0420,SEC-RKMP-BPL,TRACTION,InsulatorReplacement,2023-04-26T00:00:00,1.0,245872.0,381
HIS-001925,AST-S_A-0476,SEC-RKMP-BPL,S_AND_T,PointMachineOverhaul,2025-12-16T00:00:00,1.7,162786.0,214
HIS-001926,AST-ENG-0245,SEC-RKMP-BPL,ENGINEERING,JointWelding,2022-04-20T00:00:00,7.1,77901.0,210
HIS-001927,AST-ENG-0214,SEC-RKMP-BPL,ENGINEERING,JointWelding,2025-11-04T00:00:00,3.0,25576.0,160
HIS-001928,AST-S_A-0098,SEC-RKMP-BPL,S_AND_T,AxleCounterCalibration,2024-02-29T00:00:00,3.1,478187.0,228
HIS-001929,AST-S_A-0292,SEC-RKMP-BPL,S_AND_T,TurnoutAdjustment,2025-11-05T00:00:00,5.4,641521.0,322
HIS-001930,AST-ENG-0046,SEC-RKMP-BPL,ENGINEERING,BallastCleaning,2026-05-16T00:00:00,5.8,408080.0,127
HIS-001931,AST-S_A-0036,SEC-RKMP-BPL,S_AND_T,PointMachineOverhaul,2024-05-23T00:00:00,4.2,584809.0,315
HIS-001932,AST-S_A-0418,SEC-RKMP-BPL,S_AND_T,SignalCableRenewal,2026-02-16T00:00:00,1.9,279247.0,90
HIS-001933,AST-S_A-0395,SEC-RKMP-BPL,S_AND_T,PointMachineOverhaul,2023-08-04T00:00:00,6.0,647796.0,134
HIS-001934,AST-TRA-0329,SEC-RKMP-BPL,TRACTION,DropperReplacement,2023-02-11T00:00:00,3.2,573341.0,517
HIS-001935,AST-ENG-0277,SEC-RKMP-BPL,ENGINEERING,TrackTamping,2022-01-22T00:00:00,6.0,73607.0,469
HIS-001936,AST-S_A-0486,SEC-RKMP-BPL,S_AND_T,SignalCableRenewal,2024-11-21T00:00:00,1.9,626402.0,220
HIS-001937,AST-TRA-0374,SEC-RKMP-BPL,TRACTION,DropperReplacement,2024-03-16T00:00:00,1.0,641575.0,324
HIS-001938,AST-ENG-0097,SEC-RKMP-BPL,ENGINEERING,RailGrinding,2025-07-06T00:00:00,7.6,63005.0,249
HIS-001939,AST-ENG-0317,SEC-RKMP-BPL,ENGINEERING,JointWelding,2022-03-26T00:00:00,7.9,369753.0,361
HIS-001940,AST-ENG-0416,SEC-RKMP-BPL,ENGINEERING,TrackTamping,2026-08-06T00:00:00,2.8,148519.0,332
HIS-001941,AST-TRA-0257,SEC-RKMP-BPL,TRACTION,DropperReplacement,2024-04-16T00:00:00,6.0,221501.0,295
HIS-001942,AST-ENG-0281,SEC-RKMP-BPL,ENGINEERING,RailGrinding,2026-07-19T00:00:00,6.2,203021.0,312
HIS-001943,AST-S_A-0463,SEC-RKMP-BPL,S_AND_T,AxleCounterCalibration,2024-11-22T00:00:00,5.3,135605.0,489
HIS-001944,AST-S_A-0210,SEC-RKMP-BPL,S_AND_T,AxleCounterCalibration,2022-01-13T00:00:00,4.2,448693.0,479
HIS-001945,AST-TRA-0168,SEC-RKMP-BPL,TRACTION,ContactWireReplacement,2024-04-06T00:00:00,7.7,366390.0,326
HIS-001946,AST-ENG-0424,SEC-RKMP-BPL,ENGINEERING,TrackTamping,2025-08-26T00:00:00,5.2,502047.0,358
HIS-001947,AST-S_A-0044,SEC-RKMP-BPL,S_AND_T,AxleCounterCalibration,2023-12-07T00:00:00,2.4,331941.0,433
HIS-001948,AST-S_A-0108,SEC-RKMP-BPL,S_AND_T,SignalCableRenewal,2024-12-24T00:00:00,1.9,490975.0,460
HIS-001949,AST-S_A-0117,SEC-RKMP-BPL,S_AND_T,AxleCounterCalibration,2025-12-31T00:00:00,1.5,176409.0,503
HIS-001950,AST-TRA-0267,SEC-RKMP-BPL,TRACTION,InsulatorReplacement,2022-01-08T00:00:00,1.1,599517.0,381
HIS-001951,AST-TRA-0339,SEC-RKMP-BPL,TRACTION,DropperReplacement,2025-12-15T00:00:00,3.2,334625.0,201
HIS-001952,AST-S_A-0012,SEC-RKMP-BPL,S_AND_T,TurnoutAdjustment,2022-06-04T00:00:00,5.6,470508.0,117
HIS-001953,AST-S_A-0004,SEC-RKMP-BPL,S_AND_T,AxleCounterCalibration,2022-03-09T00:00:00,5.8,206356.0,183
HIS-001954,AST-ENG-0169,SEC-RKMP-BPL,ENGINEERING,BallastCleaning,2026-04-23T00:00:00,6.8,207847.0,301
HIS-001955,AST-ENG-0299,SEC-RKMP-BPL,ENGINEERING,JointWelding,2026-01-05T00:00:00,2.4,573818.0,435
HIS-001956,AST-TRA-0149,SEC-RKMP-BPL,TRACTION,OHEInspection,2024-11-20T00:00:00,7.7,395399.0,387
HIS-001957,AST-TRA-0302,SEC-RKMP-BPL,TRACTION,ContactWireReplacement,2025-01-17T00:00:00,1.2,646838.0,295
HIS-001958,AST-ENG-0187,SEC-RKMP-BPL,ENGINEERING,SleeperRenewal,2024-11-08T00:00:00,6.2,626913.0,264
HIS-001959,AST-S_A-0459,SEC-RKMP-BPL,S_AND_T,SignalCableRenewal,2022-03-29T00:00:00,6.9,28966.0,188
HIS-001960,AST-TRA-0095,SEC-RKMP-BPL,TRACTION,ContactWireReplacement,2026-01-22T00:00:00,6.5,471311.0,522
HIS-001961,AST-TRA-0051,SEC-RKMP-BPL,TRACTION,OHEInspection,2025-09-07T00:00:00,6.6,349736.0,194
HIS-001962,AST-TRA-0239,SEC-RKMP-BPL,TRACTION,DropperReplacement,2022-09-29T00:00:00,3.5,120834.0,276
HIS-001963,AST-ENG-0497,SEC-RKMP-BPL,ENGINEERING,SleeperRenewal,2023-10-30T00:00:00,4.0,455002.0,256
HIS-001964,AST-S_A-0351,SEC-RKMP-BPL,S_AND_T,AxleCounterCalibration,2024-01-06T00:00:00,3.2,385811.0,364
HIS-001965,AST-S_A-0066,SEC-RKMP-BPL,S_AND_T,PointMachineOverhaul,2023-12-18T00:00:00,6.6,558110.0,28
HIS-001966,AST-S_A-0327,SEC-RKMP-BPL,S_AND_T,SignalCableRenewal,2025-08-27T00:00:00,2.2,36690.0,550
HIS-001967,AST-S_A-0233,SEC-RKMP-BPL,S_AND_T,SignalCableRenewal,2023-09-07T00:00:00,6.5,123548.0,476
HIS-001968,AST-S_A-0480,SEC-RKMP-BPL,S_AND_T,SignalCableRenewal,2026-06-12T00:00:00,5.4,480527.0,383
HIS-001969,AST-ENG-0208,SEC-RKMP-BPL,ENGINEERING,SleeperRenewal,2023-08-23T00:00:00,3.8,592489.0,92
HIS-001970,AST-ENG-0227,SEC-RKMP-BPL,ENGINEERING,RailGrinding,2021-12-19T00:00:00,1.7,377412.0,271
HIS-001971,AST-TRA-0284,SEC-RKMP-BPL,TRACTION,ContactWireReplacement,2021-12-04T00:00:00,1.7,445880.0,387
HIS-001972,AST-S_A-0486,SEC-RKMP-BPL,S_AND_T,PointMachineOverhaul,2023-12-26T00:00:00,3.3,375445.0,149
HIS-001973,AST-S_A-0336,SEC-RKMP-BPL,S_AND_T,SignalCableRenewal,2026-08-11T00:00:00,3.7,257881.0,493
HIS-001974,AST-TRA-0392,SEC-RKMP-BPL,TRACTION,DropperReplacement,2023-07-29T00:00:00,4.4,121736.0,161
HIS-001975,AST-ENG-0442,SEC-RKMP-BPL,ENGINEERING,SleeperRenewal,2024-10-14T00:00:00,4.8,454909.0,297
HIS-001976,AST-S_A-0463,SEC-RKMP-BPL,S_AND_T,TurnoutAdjustment,2025-09-01T00:00:00,5.7,111112.0,366
HIS-001977,AST-ENG-0232,SEC-RKMP-BPL,ENGINEERING,BallastCleaning,2021-12-28T00:00:00,7.6,623112.0,119
HIS-001978,AST-ENG-0047,SEC-RKMP-BPL,ENGINEERING,BallastCleaning,2024-04-20T00:00:00,4.3,523368.0,201
HIS-001979,AST-S_A-0318,SEC-RKMP-BPL,S_AND_T,PointMachineOverhaul,2021-11-03T00:00:00,2.6,566778.0,282
HIS-001980,AST-S_A-0264,SEC-RKMP-BPL,S_AND_T,AxleCounterCalibration,2024-06-18T00:00:00,7.0,214025.0,298
HIS-001981,AST-S_A-0373,SEC-RKMP-BPL,S_AND_T,PointMachineOverhaul,2023-08-19T00:00:00,1.8,35081.0,181
HIS-001982,AST-S_A-0426,SEC-RKMP-BPL,S_AND_T,AxleCounterCalibration,2023-03-30T00:00:00,2.6,359364.0,354
HIS-001983,AST-S_A-0462,SEC-RKMP-BPL,S_AND_T,PointMachineOverhaul,2023-11-18T00:00:00,3.4,43688.0,259
HIS-001984,AST-ENG-0253,SEC-RKMP-BPL,ENGINEERING,SleeperRenewal,2022-05-23T00:00:00,4.8,460934.0,153
HIS-001985,AST-S_A-0030,SEC-RKMP-BPL,S_AND_T,AxleCounterCalibration,2026-06-10T00:00:00,1.2,343353.0,51
HIS-001986,AST-TRA-0095,SEC-RKMP-BPL,TRACTION,OHEInspection,2025-05-13T00:00:00,2.4,353684.0,410
HIS-001987,AST-TRA-0096,SEC-RKMP-BPL,TRACTION,InsulatorReplacement,2025-04-11T00:00:00,4.6,578531.0,130
HIS-001988,AST-ENG-0358,SEC-RKMP-BPL,ENGINEERING,TrackTamping,2022-11-04T00:00:00,2.4,626696.0,310
HIS-001989,AST-TRA-0015,SEC-RKMP-BPL,TRACTION,ContactWireReplacement,2025-06-03T00:00:00,6.6,557545.0,215
HIS-001990,AST-S_A-0094,SEC-RKMP-BPL,S_AND_T,SignalCableRenewal,2022-09-12T00:00:00,4.9,472879.0,411
HIS-001991,AST-ENG-0478,SEC-RKMP-BPL,ENGINEERING,RailGrinding,2024-11-16T00:00:00,1.1,286646.0,464
HIS-001992,AST-S_A-0458,SEC-RKMP-BPL,S_AND_T,SignalCableRenewal,2024-03-06T00:00:00,1.9,109286.0,299
HIS-001993,AST-S_A-0072,SEC-RKMP-BPL,S_AND_T,PointMachineOverhaul,2024-03-04T00:00:00,5.6,30860.0,333
HIS-001994,AST-S_A-0004,SEC-RKMP-BPL,S_AND_T,AxleCounterCalibration,2026-06-08T00:00:00,3.2,128553.0,259
HIS-001995,AST-ENG-0154,SEC-RKMP-BPL,ENGINEERING,JointWelding,2023-01-10T00:00:00,4.6,417369.0,317
HIS-001996,AST-S_A-0432,SEC-RKMP-BPL,S_AND_T,SignalCableRenewal,2024-08-16T00:00:00,2.1,72683.0,463
HIS-001997,AST-ENG-0370,SEC-RKMP-BPL,ENGINEERING,SleeperRenewal,2023-02-23T00:00:00,4.7,634490.0,184
HIS-001998,AST-ENG-0214,SEC-RKMP-BPL,ENGINEERING,SleeperRenewal,2023-12-22T00:00:00,1.6,223225.0,117
HIS-001999,AST-TRA-0105,SEC-RKMP-BPL,TRACTION,InsulatorReplacement,2022-11-10T00:00:00,4.3,292988.0,96
HIS-002000,AST-S_A-0489,SEC-RKMP-BPL,S_AND_T,TurnoutAdjustment,2023-04-08T00:00:00,6.4,519346.0,196
HIS-002001,AST-S_A-0183,SEC-RKMP-BPL,S_AND_T,TurnoutAdjustment,2022-03-09T00:00:00,5.1,156905.0,560
HIS-002002,AST-ENG-0187,SEC-RKMP-BPL,ENGINEERING,JointWelding,2022-04-06T00:00:00,3.6,533184.0,166
HIS-002003,AST-ENG-0334,SEC-RKMP-BPL,ENGINEERING,JointWelding,2021-10-11T00:00:00,3.8,454130.0,373
HIS-002004,AST-S_A-0171,SEC-RKMP-BPL,S_AND_T,PointMachineOverhaul,2021-10-01T00:00:00,5.6,322094.0,338
HIS-002005,AST-TRA-0158,SEC-RKMP-BPL,TRACTION,OHEInspection,2024-04-05T00:00:00,4.8,81796.0,181
HIS-002006,AST-S_A-0138,SEC-RKMP-BPL,S_AND_T,PointMachineOverhaul,2026-06-18T00:00:00,6.6,159764.0,520
HIS-002007,AST-ENG-0029,SEC-RKMP-BPL,ENGINEERING,TrackTamping,2026-08-14T00:00:00,4.0,522030.0,288
HIS-002008,AST-S_A-0342,SEC-RKMP-BPL,S_AND_T,TurnoutAdjustment,2025-06-12T00:00:00,5.0,283686.0,203
HIS-002009,AST-ENG-0421,SEC-RKMP-BPL,ENGINEERING,RailGrinding,2022-03-31T00:00:00,5.5,523705.0,188
HIS-002010,AST-S_A-0346,SEC-RKMP-BPL,S_AND_T,AxleCounterCalibration,2025-09-11T00:00:00,7.2,287781.0,244
HIS-002011,AST-S_A-0431,SEC-RKMP-BPL,S_AND_T,SignalCableRenewal,2025-02-20T00:00:00,5.7,573576.0,384
HIS-002012,AST-ENG-0452,SEC-RKMP-BPL,ENGINEERING,TrackTamping,2026-01-05T00:00:00,2.5,569057.0,369
HIS-002013,AST-TRA-0465,SEC-RKMP-BPL,TRACTION,OHEInspection,2022-03-31T00:00:00,6.4,53155.0,10
HIS-002014,AST-S_A-0462,SEC-RKMP-BPL,S_AND_T,PointMachineOverhaul,2026-08-10T00:00:00,4.6,603241.0,429
HIS-002015,AST-S_A-0476,SEC-RKMP-BPL,S_AND_T,SignalCableRenewal,2026-02-28T00:00:00,2.5,48301.0,196
HIS-002016,AST-S_A-0327,SEC-RKMP-BPL,S_AND_T,SignalCableRenewal,2023-01-21T00:00:00,2.6,613987.0,500
HIS-002017,AST-S_A-0310,SEC-RKMP-BPL,S_AND_T,PointMachineOverhaul,2025-07-06T00:00:00,1.3,300396.0,176
HIS-002018,AST-S_A-0084,SEC-RKMP-BPL,S_AND_T,SignalCableRenewal,2021-11-20T00:00:00,6.6,205727.0,202
HIS-002019,AST-ENG-0173,SEC-RKMP-BPL,ENGINEERING,RailGrinding,2023-02-14T00:00:00,6.0,424902.0,290
HIS-002020,AST-TRA-0068,SEC-RKMP-BPL,TRACTION,ContactWireReplacement,2024-09-27T00:00:00,5.9,551246.0,195
HIS-002021,AST-S_A-0112,SEC-RKMP-BPL,S_AND_T,TurnoutAdjustment,2023-04-17T00:00:00,3.3,598531.0,10
HIS-002022,AST-ENG-0029,SEC-RKMP-BPL,ENGINEERING,SleeperRenewal,2022-03-26T00:00:00,3.7,497378.0,309
HIS-002023,AST-ENG-0245,SEC-RKMP-BPL,ENGINEERING,TrackTamping,2026-01-02T00:00:00,1.6,224235.0,320
HIS-002024,AST-S_A-0120,SEC-RKMP-BPL,S_AND_T,PointMachineOverhaul,2024-07-24T00:00:00,6.3,554369.0,318
HIS-002025,AST-S_A-0373,SEC-RKMP-BPL,S_AND_T,AxleCounterCalibration,2026-05-01T00:00:00,2.6,184980.0,104
HIS-002026,AST-S_A-0427,SEC-RKMP-BPL,S_AND_T,PointMachineOverhaul,2022-10-14T00:00:00,3.6,529314.0,402
HIS-002027,AST-ENG-0082,SEC-RKMP-BPL,ENGINEERING,RailGrinding,2023-09-19T00:00:00,5.4,484862.0,286
HIS-002028,AST-ENG-0236,SEC-RKMP-BPL,ENGINEERING,TrackTamping,2023-03-29T00:00:00,7.8,292803.0,144
HIS-002029,AST-ENG-0407,SEC-RKMP-BPL,ENGINEERING,JointWelding,2023-01-25T00:00:00,7.6,150225.0,359
HIS-002030,AST-TRA-0284,SEC-RKMP-BPL,TRACTION,OHEInspection,2023-07-26T00:00:00,6.3,100523.0,278
HIS-002031,AST-ENG-0376,SEC-RKMP-BPL,ENGINEERING,SleeperRenewal,2021-10-15T00:00:00,2.4,278481.0,309
HIS-002032,AST-ENG-0461,SEC-RKMP-BPL,ENGINEERING,RailGrinding,2026-08-10T00:00:00,2.6,411970.0,272
HIS-002033,AST-ENG-0461,SEC-RKMP-BPL,ENGINEERING,SleeperRenewal,2021-11-13T00:00:00,2.9,116438.0,299
HIS-002034,AST-S_A-0440,SEC-RKMP-BPL,S_AND_T,AxleCounterCalibration,2024-07-23T00:00:00,2.7,109096.0,138
HIS-002035,AST-TRA-0357,SEC-RKMP-BPL,TRACTION,ContactWireReplacement,2022-07-23T00:00:00,1.3,285764.0,52
HIS-002036,AST-S_A-0206,SEC-RKMP-BPL,S_AND_T,AxleCounterCalibration,2024-03-15T00:00:00,5.6,409395.0,243
HIS-002037,AST-S_A-0368,SEC-RKMP-BPL,S_AND_T,SignalCableRenewal,2025-04-28T00:00:00,1.8,602411.0,395
HIS-002038,AST-S_A-0094,SEC-RKMP-BPL,S_AND_T,TurnoutAdjustment,2026-01-29T00:00:00,2.5,366676.0,352
HIS-002039,AST-TRA-0356,SEC-RKMP-BPL,TRACTION,ContactWireReplacement,2023-10-03T00:00:00,3.6,414728.0,19
HIS-002040,AST-ENG-0010,SEC-RKMP-BPL,ENGINEERING,SleeperRenewal,2025-10-25T00:00:00,2.8,473400.0,162
HIS-002041,AST-TRA-0492,SEC-RKMP-BPL,TRACTION,DropperReplacement,2025-05-01T00:00:00,5.7,421083.0,273
HIS-002042,AST-S_A-0148,SEC-RKMP-BPL,S_AND_T,SignalCableRenewal,2022-08-14T00:00:00,7.9,260386.0,482
HIS-002043,AST-TRA-0212,SEC-RKMP-BPL,TRACTION,InsulatorReplacement,2024-10-20T00:00:00,4.3,328613.0,214
HIS-002044,AST-S_A-0360,SEC-RKMP-BPL,S_AND_T,SignalCableRenewal,2023-09-02T00:00:00,4.4,644251.0,466
HIS-002045,AST-S_A-0012,SEC-RKMP-BPL,S_AND_T,AxleCounterCalibration,2025-01-14T00:00:00,6.5,189100.0,86
HIS-002046,AST-S_A-0328,SEC-RKMP-BPL,S_AND_T,SignalCableRenewal,2026-05-06T00:00:00,2.4,349088.0,417
HIS-002047,AST-TRA-0203,SEC-RKMP-BPL,TRACTION,ContactWireReplacement,2025-06-05T00:00:00,3.4,225570.0,387
HIS-002048,AST-S_A-0035,SEC-RKMP-BPL,S_AND_T,TurnoutAdjustment,2024-12-02T00:00:00,6.1,146801.0,298
HIS-002049,AST-ENG-0289,SEC-RKMP-BPL,ENGINEERING,SleeperRenewal,2023-12-31T00:00:00,3.7,188750.0,429
HIS-002050,AST-S_A-0445,SEC-RKMP-BPL,S_AND_T,PointMachineOverhaul,2022-11-07T00:00:00,5.6,401771.0,211
HIS-002051,AST-S_A-0323,SEC-RKMP-BPL,S_AND_T,SignalCableRenewal,2023-01-28T00:00:00,2.6,572879.0,315
HIS-002052,AST-S_A-0252,SEC-RKMP-BPL,S_AND_T,TurnoutAdjustment,2022-12-09T00:00:00,5.6,530863.0,207
HIS-002053,AST-ENG-0416,SEC-RKMP-BPL,ENGINEERING,RailGrinding,2026-01-02T00:00:00,4.6,524066.0,158
HIS-002054,AST-S_A-0363,SEC-RKMP-BPL,S_AND_T,PointMachineOverhaul,2025-12-07T00:00:00,2.4,558373.0,350
HIS-002055,AST-S_A-0044,SEC-RKMP-BPL,S_AND_T,PointMachineOverhaul,2021-10-14T00:00:00,7.8,55791.0,332
HIS-002056,AST-ENG-0307,SEC-RKMP-BPL,ENGINEERING,RailGrinding,2024-04-30T00:00:00,2.8,72521.0,340
HIS-002057,AST-TRA-0420,SEC-RKMP-BPL,TRACTION,OHEInspection,2024-02-29T00:00:00,7.8,504441.0,468
HIS-002058,AST-ENG-0325,SEC-RKMP-BPL,ENGINEERING,SleeperRenewal,2022-01-13T00:00:00,4.9,520522.0,169
HIS-002059,AST-S_A-0463,SEC-RKMP-BPL,S_AND_T,SignalCableRenewal,2023-07-18T00:00:00,4.6,108232.0,460
HIS-002060,AST-TRA-0321,SEC-RKMP-BPL,TRACTION,OHEInspection,2025-12-03T00:00:00,3.9,314011.0,130
HIS-002061,AST-TRA-0222,SEC-RKMP-BPL,TRACTION,InsulatorReplacement,2022-03-02T00:00:00,4.0,362667.0,560
HIS-002062,AST-ENG-0424,SEC-RKMP-BPL,ENGINEERING,RailGrinding,2025-10-17T00:00:00,4.3,32748.0,395
HIS-002063,AST-S_A-0472,SEC-RKMP-BPL,S_AND_T,PointMachineOverhaul,2025-12-08T00:00:00,2.6,61948.0,85
HIS-002064,AST-TRA-0357,SEC-RKMP-BPL,TRACTION,OHEInspection,2021-12-25T00:00:00,4.5,360533.0,202
HIS-002065,AST-ENG-0173,SEC-RKMP-BPL,ENGINEERING,BallastCleaning,2022-04-05T00:00:00,7.5,182031.0,368
HIS-002066,AST-TRA-0383,SEC-RKMP-BPL,TRACTION,ContactWireReplacement,2026-07-10T00:00:00,6.7,596165.0,241
HIS-002067,AST-TRA-0339,SEC-RKMP-BPL,TRACTION,ContactWireReplacement,2023-01-15T00:00:00,4.7,386692.0,92
HIS-002068,AST-S_A-0134,SEC-RKMP-BPL,S_AND_T,TurnoutAdjustment,2022-05-02T00:00:00,5.7,310940.0,126
HIS-002069,AST-ENG-0344,SEC-RKMP-BPL,ENGINEERING,RailGrinding,2025-05-20T00:00:00,5.3,158111.0,451
HIS-002070,AST-TRA-0500,SEC-RKMP-BPL,TRACTION,InsulatorReplacement,2022-10-08T00:00:00,3.6,355249.0,386
HIS-002071,AST-ENG-0034,SEC-RKMP-BPL,ENGINEERING,RailGrinding,2022-04-25T00:00:00,7.7,166146.0,221
HIS-002072,AST-TRA-0176,SEC-RKMP-BPL,TRACTION,ContactWireReplacement,2022-11-24T00:00:00,5.3,82351.0,274
HIS-002073,AST-TRA-0483,SEC-RKMP-BPL,TRACTION,ContactWireReplacement,2024-03-17T00:00:00,2.1,79447.0,117
HIS-002074,AST-S_A-0337,SEC-RKMP-BPL,S_AND_T,AxleCounterCalibration,2025-07-20T00:00:00,6.4,80489.0,165
HIS-002075,AST-S_A-0363,SEC-RKMP-BPL,S_AND_T,AxleCounterCalibration,2025-10-22T00:00:00,7.5,448760.0,492
HIS-002076,AST-TRA-0311,SEC-RKMP-BPL,TRACTION,DropperReplacement,2025-11-10T00:00:00,3.0,444632.0,463
HIS-002077,AST-S_A-0350,SEC-RKMP-BPL,S_AND_T,SignalCableRenewal,2024-06-24T00:00:00,6.2,506495.0,187
HIS-002078,AST-ENG-0460,SEC-RKMP-BPL,ENGINEERING,JointWelding,2026-03-18T00:00:00,1.9,189779.0,443
HIS-002079,AST-S_A-0036,SEC-RKMP-BPL,S_AND_T,SignalCableRenewal,2025-07-14T00:00:00,7.4,484019.0,376
HIS-002080,AST-ENG-0092,SEC-RKMP-BPL,ENGINEERING,JointWelding,2022-09-13T00:00:00,4.4,165137.0,293
HIS-002081,AST-TRA-0266,SEC-RKMP-BPL,TRACTION,DropperReplacement,2022-02-25T00:00:00,4.8,601644.0,320
HIS-002082,AST-TRA-0059,SEC-RKMP-BPL,TRACTION,OHEInspection,2025-05-28T00:00:00,5.8,268091.0,190
HIS-002083,AST-TRA-0329,SEC-RKMP-BPL,TRACTION,DropperReplacement,2021-10-06T00:00:00,5.0,36587.0,494
HIS-002084,AST-S_A-0184,SEC-RKMP-BPL,S_AND_T,TurnoutAdjustment,2021-09-22T00:00:00,4.2,276638.0,118
HIS-002085,AST-ENG-0344,SEC-RKMP-BPL,ENGINEERING,BallastCleaning,2025-06-14T00:00:00,7.9,164615.0,427
HIS-002086,AST-TRA-0465,SEC-RKMP-BPL,TRACTION,DropperReplacement,2024-11-04T00:00:00,6.5,637238.0,60
HIS-002087,AST-TRA-0366,SEC-RKMP-BPL,TRACTION,ContactWireReplacement,2022-02-14T00:00:00,7.7,462015.0,299
HIS-002088,AST-S_A-0315,SEC-RKMP-BPL,S_AND_T,TurnoutAdjustment,2022-05-31T00:00:00,5.0,232832.0,261
HIS-002089,AST-ENG-0406,SEC-RKMP-BPL,ENGINEERING,BallastCleaning,2023-11-19T00:00:00,3.1,529628.0,537
HIS-002090,AST-ENG-0325,SEC-RKMP-BPL,ENGINEERING,BallastCleaning,2021-10-17T00:00:00,1.9,547505.0,229
HIS-002091,AST-S_A-0468,SEC-RKMP-BPL,S_AND_T,SignalCableRenewal,2026-06-30T00:00:00,5.4,68918.0,446
HIS-002092,AST-TRA-0122,SEC-RKMP-BPL,TRACTION,ContactWireReplacement,2024-02-02T00:00:00,6.1,275386.0,539
HIS-002093,AST-S_A-0489,SEC-RKMP-BPL,S_AND_T,SignalCableRenewal,2026-03-26T00:00:00,1.6,329114.0,238
HIS-002094,AST-S_A-0292,SEC-RKMP-BPL,S_AND_T,PointMachineOverhaul,2021-11-27T00:00:00,6.3,164223.0,387
HIS-002095,AST-ENG-0376,SEC-RKMP-BPL,ENGINEERING,SleeperRenewal,2024-12-03T00:00:00,5.6,385679.0,355
HIS-002096,AST-S_A-0414,SEC-RKMP-BPL,S_AND_T,AxleCounterCalibration,2022-02-06T00:00:00,4.2,420356.0,266
HIS-002097,AST-S_A-0202,SEC-RKMP-BPL,S_AND_T,TurnoutAdjustment,2025-04-23T00:00:00,7.5,325602.0,309
HIS-002098,AST-S_A-0292,SEC-RKMP-BPL,S_AND_T,AxleCounterCalibration,2023-04-15T00:00:00,1.8,180510.0,373
HIS-002099,AST-TRA-0042,SEC-RKMP-BPL,TRACTION,InsulatorReplacement,2024-08-17T00:00:00,7.6,124260.0,460
HIS-002100,AST-S_A-0228,SEC-RKMP-BPL,S_AND_T,TurnoutAdjustment,2023-12-26T00:00:00,2.1,106398.0,299
HIS-002101,AST-ENG-0061,SEC-RKMP-BPL,ENGINEERING,RailGrinding,2025-09-24T00:00:00,7.8,400155.0,228
HIS-002102,AST-S_A-0405,SEC-RKMP-BPL,S_AND_T,TurnoutAdjustment,2022-11-26T00:00:00,4.7,349889.0,267
HIS-002103,AST-TRA-0131,SEC-RKMP-BPL,TRACTION,OHEInspection,2026-03-03T00:00:00,3.4,304385.0,258
HIS-002104,AST-ENG-0043,SEC-RKMP-BPL,ENGINEERING,BallastCleaning,2023-09-10T00:00:00,6.1,277158.0,348
HIS-002105,AST-S_A-0328,SEC-RKMP-BPL,S_AND_T,TurnoutAdjustment,2025-02-21T00:00:00,1.6,185324.0,426
HIS-002106,AST-ENG-0169,SEC-RKMP-BPL,ENGINEERING,RailGrinding,2025-06-05T00:00:00,1.5,337373.0,250
HIS-002107,AST-S_A-0346,SEC-RKMP-BPL,S_AND_T,SignalCableRenewal,2023-03-12T00:00:00,6.2,532075.0,195
HIS-002108,AST-ENG-0055,SEC-RKMP-BPL,ENGINEERING,SleeperRenewal,2025-02-22T00:00:00,1.5,240974.0,239
HIS-002109,AST-ENG-0412,SEC-RKMP-BPL,ENGINEERING,SleeperRenewal,2023-01-14T00:00:00,5.6,276740.0,133
HIS-002110,AST-ENG-0241,SEC-RKMP-BPL,ENGINEERING,SleeperRenewal,2023-10-19T00:00:00,3.7,286206.0,223
HIS-002111,AST-ENG-0055,SEC-RKMP-BPL,ENGINEERING,TrackTamping,2024-03-29T00:00:00,4.2,600416.0,126
HIS-002112,AST-ENG-0052,SEC-RKMP-BPL,ENGINEERING,TrackTamping,2024-07-05T00:00:00,5.2,105693.0,306
HIS-002113,AST-ENG-0466,SEC-RKMP-BPL,ENGINEERING,BallastCleaning,2023-05-01T00:00:00,1.6,442092.0,333
HIS-002114,AST-ENG-0173,SEC-RKMP-BPL,ENGINEERING,BallastCleaning,2025-09-15T00:00:00,6.4,82554.0,340
HIS-002115,AST-S_A-0354,SEC-RKMP-BPL,S_AND_T,TurnoutAdjustment,2025-10-24T00:00:00,3.6,25821.0,434
HIS-002116,AST-S_A-0147,SEC-RKMP-BPL,S_AND_T,AxleCounterCalibration,2024-07-31T00:00:00,4.0,642904.0,112
HIS-002117,AST-S_A-0192,SEC-RKMP-BPL,S_AND_T,TurnoutAdjustment,2024-03-13T00:00:00,4.5,89651.0,381
HIS-002118,AST-S_A-0234,SEC-RKMP-BPL,S_AND_T,TurnoutAdjustment,2021-09-13T00:00:00,2.0,105235.0,120
HIS-002119,AST-ENG-0415,SEC-RKMP-BPL,ENGINEERING,BallastCleaning,2023-10-15T00:00:00,7.1,107182.0,495
HIS-002120,AST-S_A-0112,SEC-RKMP-BPL,S_AND_T,PointMachineOverhaul,2026-05-23T00:00:00,1.2,166379.0,56
HIS-002121,AST-TRA-0168,SEC-RKMP-BPL,TRACTION,OHEInspection,2025-08-13T00:00:00,7.4,474085.0,222
HIS-002122,AST-S_A-0467,SEC-RKMP-BPL,S_AND_T,PointMachineOverhaul,2026-05-22T00:00:00,2.5,146699.0,245
HIS-002123,AST-S_A-0022,SEC-RKMP-BPL,S_AND_T,AxleCounterCalibration,2026-04-19T00:00:00,6.3,539840.0,188
HIS-002124,AST-S_A-0144,SEC-RKMP-BPL,S_AND_T,SignalCableRenewal,2022-05-12T00:00:00,6.6,135801.0,437
HIS-002125,AST-S_A-0315,SEC-RKMP-BPL,S_AND_T,AxleCounterCalibration,2026-08-01T00:00:00,2.7,67518.0,355
HIS-002126,AST-S_A-0234,SEC-RKMP-BPL,S_AND_T,PointMachineOverhaul,2026-03-31T00:00:00,3.7,542044.0,80
HIS-002127,AST-S_A-0377,SEC-RKMP-BPL,S_AND_T,TurnoutAdjustment,2025-09-20T00:00:00,7.0,179846.0,418
HIS-002128,AST-S_A-0453,SEC-RKMP-BPL,S_AND_T,PointMachineOverhaul,2023-05-18T00:00:00,3.9,629702.0,150
HIS-002129,AST-S_A-0300,SEC-RKMP-BPL,S_AND_T,AxleCounterCalibration,2026-08-21T00:00:00,2.9,431796.0,383
HIS-002130,AST-TRA-0284,SEC-RKMP-BPL,TRACTION,ContactWireReplacement,2026-04-10T00:00:00,5.1,620578.0,273
HIS-002131,AST-S_A-0450,SEC-RKMP-BPL,S_AND_T,TurnoutAdjustment,2022-09-11T00:00:00,6.4,575168.0,471
HIS-002132,AST-ENG-0056,SEC-RKMP-BPL,ENGINEERING,TrackTamping,2022-02-22T00:00:00,6.5,328912.0,222
HIS-002133,AST-ENG-0457,SEC-RKMP-BPL,ENGINEERING,JointWelding,2022-08-04T00:00:00,7.7,55191.0,91
HIS-002134,AST-S_A-0278,SEC-RKMP-BPL,S_AND_T,AxleCounterCalibration,2026-01-19T00:00:00,5.4,375349.0,632
HIS-002135,AST-S_A-0390,SEC-RKMP-BPL,S_AND_T,AxleCounterCalibration,2021-11-22T00:00:00,6.7,216822.0,360
HIS-002136,AST-ENG-0376,SEC-RKMP-BPL,ENGINEERING,SleeperRenewal,2025-04-09T00:00:00,7.0,328384.0,325
HIS-002137,AST-TRA-0015,SEC-RKMP-BPL,TRACTION,OHEInspection,2021-09-14T00:00:00,6.1,75320.0,353
HIS-002138,AST-TRA-0366,SEC-RKMP-BPL,TRACTION,InsulatorReplacement,2025-09-05T00:00:00,3.4,494713.0,267
HIS-002139,AST-S_A-0143,SEC-RKMP-BPL,S_AND_T,TurnoutAdjustment,2026-08-19T00:00:00,7.5,559008.0,422
HIS-002140,AST-S_A-0242,SEC-RKMP-BPL,S_AND_T,SignalCableRenewal,2023-07-03T00:00:00,5.8,400624.0,323
HIS-002141,AST-ENG-0019,SEC-RKMP-BPL,ENGINEERING,TrackTamping,2023-03-08T00:00:00,4.9,414867.0,349
HIS-002142,AST-TRA-0041,SEC-RKMP-BPL,TRACTION,DropperReplacement,2026-09-04T00:00:00,6.4,639627.0,400
HIS-002143,AST-TRA-0303,SEC-RKMP-BPL,TRACTION,DropperReplacement,2022-11-29T00:00:00,2.9,215296.0,325
HIS-002144,AST-TRA-0482,SEC-RKMP-BPL,TRACTION,ContactWireReplacement,2021-10-07T00:00:00,2.3,82661.0,142
HIS-002145,AST-TRA-0069,SEC-RKMP-BPL,TRACTION,ContactWireReplacement,2023-06-08T00:00:00,6.1,125009.0,457
HIS-002146,AST-TRA-0177,SEC-RKMP-BPL,TRACTION,ContactWireReplacement,2021-09-30T00:00:00,1.9,303910.0,198
HIS-002147,AST-S_A-0058,SEC-RKMP-BPL,S_AND_T,SignalCableRenewal,2024-01-16T00:00:00,5.2,435490.0,559
HIS-002148,AST-S_A-0193,SEC-RKMP-BPL,S_AND_T,AxleCounterCalibration,2025-11-28T00:00:00,4.4,47229.0,351
HIS-002149,AST-ENG-0052,SEC-RKMP-BPL,ENGINEERING,BallastCleaning,2022-12-16T00:00:00,2.9,432372.0,171
HIS-002150,AST-S_A-0117,SEC-RKMP-BPL,S_AND_T,AxleCounterCalibration,2021-11-02T00:00:00,2.5,325339.0,522
HIS-002151,AST-S_A-0053,SEC-RKMP-BPL,S_AND_T,AxleCounterCalibration,2025-01-11T00:00:00,4.0,525460.0,129
HIS-002152,AST-S_A-0279,SEC-RKMP-BPL,S_AND_T,SignalCableRenewal,2022-06-21T00:00:00,5.6,463266.0,438
HIS-002153,AST-ENG-0118,SEC-RKMP-BPL,ENGINEERING,BallastCleaning,2024-01-28T00:00:00,3.6,207063.0,405
HIS-002154,AST-ENG-0101,SEC-RKMP-BPL,ENGINEERING,JointWelding,2024-06-02T00:00:00,1.8,570634.0,82
HIS-002155,AST-ENG-0487,SEC-RKMP-BPL,ENGINEERING,JointWelding,2023-05-13T00:00:00,5.0,607759.0,378
HIS-002156,AST-S_A-0459,SEC-RKMP-BPL,S_AND_T,PointMachineOverhaul,2026-04-16T00:00:00,6.1,574072.0,136
HIS-002157,AST-S_A-0255,SEC-RKMP-BPL,S_AND_T,TurnoutAdjustment,2024-10-17T00:00:00,3.2,493970.0,354
HIS-002158,AST-S_A-0008,SEC-RKMP-BPL,S_AND_T,PointMachineOverhaul,2023-06-13T00:00:00,2.6,125970.0,138
HIS-002159,AST-S_A-0417,SEC-RKMP-BPL,S_AND_T,SignalCableRenewal,2022-05-05T00:00:00,3.0,541584.0,435
HIS-002160,AST-TRA-0213,SEC-RKMP-BPL,TRACTION,InsulatorReplacement,2024-03-27T00:00:00,6.5,582669.0,298
HIS-002161,AST-S_A-0274,SEC-RKMP-BPL,S_AND_T,AxleCounterCalibration,2026-09-05T00:00:00,2.1,600896.0,360
HIS-002162,AST-ENG-0127,SEC-RKMP-BPL,ENGINEERING,SleeperRenewal,2022-11-12T00:00:00,4.6,251368.0,305
HIS-002163,AST-S_A-0183,SEC-RKMP-BPL,S_AND_T,AxleCounterCalibration,2023-01-22T00:00:00,1.4,514928.0,614
HIS-002164,AST-S_A-0498,SEC-RKMP-BPL,S_AND_T,TurnoutAdjustment,2026-06-29T00:00:00,3.8,234354.0,207
HIS-002165,AST-ENG-0421,SEC-RKMP-BPL,ENGINEERING,RailGrinding,2022-01-05T00:00:00,3.8,591577.0,205
HIS-002166,AST-S_A-0030,SEC-RKMP-BPL,S_AND_T,SignalCableRenewal,2026-07-30T00:00:00,5.9,433595.0,215
HIS-002167,AST-TRA-0320,SEC-RKMP-BPL,TRACTION,ContactWireReplacement,2022-08-06T00:00:00,4.9,625220.0,574
HIS-002168,AST-ENG-0236,SEC-RKMP-BPL,ENGINEERING,JointWelding,2025-05-04T00:00:00,4.0,257437.0,94
HIS-002169,AST-S_A-0207,SEC-RKMP-BPL,S_AND_T,SignalCableRenewal,2023-06-29T00:00:00,7.8,535129.0,589
HIS-002170,AST-S_A-0282,SEC-RKMP-BPL,S_AND_T,AxleCounterCalibration,2025-01-12T00:00:00,4.7,204649.0,300
HIS-002171,AST-TRA-0357,SEC-RKMP-BPL,TRACTION,DropperReplacement,2023-10-01T00:00:00,3.7,349564.0,141
HIS-002172,AST-TRA-0176,SEC-RKMP-BPL,TRACTION,ContactWireReplacement,2023-05-23T00:00:00,1.3,334633.0,223
HIS-002173,AST-ENG-0187,SEC-RKMP-BPL,ENGINEERING,RailGrinding,2025-04-05T00:00:00,7.3,82419.0,145
HIS-002174,AST-S_A-0264,SEC-RKMP-BPL,S_AND_T,AxleCounterCalibration,2025-09-04T00:00:00,7.2,556993.0,191
HIS-002175,AST-TRA-0267,SEC-RKMP-BPL,TRACTION,DropperReplacement,2025-03-04T00:00:00,6.0,645579.0,301
HIS-002176,AST-S_A-0269,SEC-RKMP-BPL,S_AND_T,SignalCableRenewal,2024-08-08T00:00:00,1.8,448580.0,454
HIS-002177,AST-ENG-0397,SEC-RKMP-BPL,ENGINEERING,BallastCleaning,2023-07-02T00:00:00,5.4,357720.0,174
HIS-002178,AST-S_A-0409,SEC-RKMP-BPL,S_AND_T,SignalCableRenewal,2022-07-09T00:00:00,1.5,154797.0,423
HIS-002179,AST-TRA-0500,SEC-RKMP-BPL,TRACTION,OHEInspection,2024-10-31T00:00:00,6.4,523941.0,568
HIS-002180,AST-S_A-0336,SEC-RKMP-BPL,S_AND_T,TurnoutAdjustment,2025-05-20T00:00:00,3.0,340163.0,472
HIS-002181,AST-ENG-0079,SEC-RKMP-BPL,ENGINEERING,TrackTamping,2025-08-11T00:00:00,1.4,263538.0,181
HIS-002182,AST-ENG-0250,SEC-RKMP-BPL,ENGINEERING,JointWelding,2021-10-31T00:00:00,6.0,45143.0,233
HIS-002183,AST-S_A-0472,SEC-RKMP-BPL,S_AND_T,AxleCounterCalibration,2026-04-27T00:00:00,6.0,607368.0,93
HIS-002184,AST-TRA-0042,SEC-RKMP-BPL,TRACTION,DropperReplacement,2026-03-20T00:00:00,4.5,413904.0,490
HIS-002185,AST-S_A-0332,SEC-RKMP-BPL,S_AND_T,SignalCableRenewal,2024-10-05T00:00:00,2.5,237435.0,209
HIS-002186,AST-ENG-0244,SEC-RKMP-BPL,ENGINEERING,TrackTamping,2022-01-21T00:00:00,4.3,119547.0,257
HIS-002187,AST-ENG-0137,SEC-RKMP-BPL,ENGINEERING,SleeperRenewal,2024-05-03T00:00:00,5.1,260368.0,72
HIS-002188,AST-TRA-0392,SEC-RKMP-BPL,TRACTION,DropperReplacement,2021-09-10T00:00:00,7.3,442602.0,108
HIS-002189,AST-S_A-0170,SEC-RKMP-BPL,S_AND_T,TurnoutAdjustment,2023-02-20T00:00:00,6.4,428319.0,408
HIS-002190,AST-S_A-0413,SEC-RKMP-BPL,S_AND_T,PointMachineOverhaul,2025-02-05T00:00:00,4.3,589008.0,364
HIS-002191,AST-ENG-0271,SEC-RKMP-BPL,ENGINEERING,SleeperRenewal,2024-09-08T00:00:00,1.5,541074.0,279
HIS-002192,AST-ENG-0092,SEC-RKMP-BPL,ENGINEERING,SleeperRenewal,2023-05-15T00:00:00,2.1,34117.0,588
HIS-002193,AST-S_A-0246,SEC-RKMP-BPL,S_AND_T,AxleCounterCalibration,2023-07-27T00:00:00,2.2,624409.0,369
HIS-002194,AST-S_A-0288,SEC-RKMP-BPL,S_AND_T,AxleCounterCalibration,2022-03-24T00:00:00,5.6,502287.0,326
HIS-002195,AST-S_A-0396,SEC-RKMP-BPL,S_AND_T,TurnoutAdjustment,2021-09-14T00:00:00,7.2,38850.0,223
HIS-002196,AST-ENG-0187,SEC-RKMP-BPL,ENGINEERING,JointWelding,2023-09-05T00:00:00,7.1,355442.0,172
HIS-002197,AST-S_A-0318,SEC-RKMP-BPL,S_AND_T,SignalCableRenewal,2022-03-15T00:00:00,7.8,26417.0,160
HIS-002198,AST-TRA-0357,SEC-RKMP-BPL,TRACTION,DropperReplacement,2026-07-06T00:00:00,2.1,47758.0,156
HIS-002199,AST-ENG-0403,SEC-RKMP-BPL,ENGINEERING,RailGrinding,2026-05-19T00:00:00,4.2,362720.0,278
HIS-002200,AST-TRA-0392,SEC-RKMP-BPL,TRACTION,ContactWireReplacement,2025-08-01T00:00:00,7.5,527266.0,193
HIS-002201,AST-ENG-0029,SEC-RKMP-BPL,ENGINEERING,JointWelding,2026-08-01T00:00:00,4.4,35298.0,461
HIS-002202,AST-S_A-0435,SEC-RKMP-BPL,S_AND_T,SignalCableRenewal,2022-04-30T00:00:00,5.7,46686.0,360
HIS-002203,AST-ENG-0109,SEC-RKMP-BPL,ENGINEERING,JointWelding,2025-05-02T00:00:00,5.6,181024.0,228
HIS-002204,AST-S_A-0247,SEC-RKMP-BPL,S_AND_T,PointMachineOverhaul,2025-01-15T00:00:00,2.6,588443.0,300
HIS-002205,AST-TRA-0141,SEC-RKMP-BPL,TRACTION,OHEInspection,2023-03-08T00:00:00,2.5,255128.0,341
HIS-002206,AST-TRA-0356,SEC-RKMP-BPL,TRACTION,OHEInspection,2022-03-01T00:00:00,3.0,172669.0,23
HIS-002207,AST-S_A-0351,SEC-RKMP-BPL,S_AND_T,PointMachineOverhaul,2022-02-11T00:00:00,2.9,55372.0,427
HIS-002208,AST-S_A-0238,SEC-RKMP-BPL,S_AND_T,PointMachineOverhaul,2025-07-14T00:00:00,1.5,441235.0,183
HIS-002209,AST-TRA-0014,SEC-RKMP-BPL,TRACTION,OHEInspection,2024-07-31T00:00:00,3.1,157899.0,121
HIS-002210,AST-S_A-0260,SEC-RKMP-BPL,S_AND_T,PointMachineOverhaul,2024-12-02T00:00:00,3.5,457187.0,363
HIS-002211,AST-ENG-0263,SEC-RKMP-BPL,ENGINEERING,BallastCleaning,2024-01-08T00:00:00,6.4,470175.0,137
HIS-002212,AST-S_A-0057,SEC-RKMP-BPL,S_AND_T,PointMachineOverhaul,2022-07-19T00:00:00,5.9,244876.0,210
HIS-002213,AST-S_A-0364,SEC-RKMP-BPL,S_AND_T,SignalCableRenewal,2024-10-04T00:00:00,4.8,516547.0,343
HIS-002214,AST-ENG-0353,SEC-RKMP-BPL,ENGINEERING,JointWelding,2023-12-30T00:00:00,7.0,500421.0,462
HIS-002215,AST-TRA-0104,SEC-RKMP-BPL,TRACTION,DropperReplacement,2025-10-15T00:00:00,6.9,483718.0,256
HIS-002216,AST-TRA-0167,SEC-RKMP-BPL,TRACTION,InsulatorReplacement,2023-11-28T00:00:00,3.1,644356.0,197
HIS-002217,AST-S_A-0089,SEC-RKMP-BPL,S_AND_T,AxleCounterCalibration,2025-10-11T00:00:00,7.9,430651.0,271
HIS-002218,AST-ENG-0214,SEC-RKMP-BPL,ENGINEERING,RailGrinding,2023-12-12T00:00:00,2.3,55774.0,149
HIS-002219,AST-S_A-0107,SEC-RKMP-BPL,S_AND_T,TurnoutAdjustment,2022-08-12T00:00:00,1.7,163041.0,39
HIS-002220,AST-S_A-0462,SEC-RKMP-BPL,S_AND_T,AxleCounterCalibration,2022-10-15T00:00:00,3.9,593461.0,275
HIS-002221,AST-S_A-0463,SEC-RKMP-BPL,S_AND_T,SignalCableRenewal,2026-07-20T00:00:00,4.3,628137.0,264
HIS-002222,AST-S_A-0296,SEC-RKMP-BPL,S_AND_T,PointMachineOverhaul,2023-11-20T00:00:00,1.0,638272.0,170
HIS-002223,AST-ENG-0304,SEC-RKMP-BPL,ENGINEERING,TrackTamping,2023-08-12T00:00:00,4.5,454996.0,280
HIS-002224,AST-S_A-0120,SEC-RKMP-BPL,S_AND_T,AxleCounterCalibration,2026-08-24T00:00:00,5.0,143048.0,472
HIS-002225,AST-S_A-0184,SEC-RKMP-BPL,S_AND_T,AxleCounterCalibration,2026-05-29T00:00:00,4.4,599856.0,135
HIS-002226,AST-ENG-0403,SEC-RKMP-BPL,ENGINEERING,BallastCleaning,2023-03-30T00:00:00,1.1,208519.0,315
HIS-002227,AST-S_A-0445,SEC-RKMP-BPL,S_AND_T,SignalCableRenewal,2025-08-18T00:00:00,5.0,639614.0,180
HIS-002228,AST-S_A-0008,SEC-RKMP-BPL,S_AND_T,PointMachineOverhaul,2021-12-17T00:00:00,1.8,131355.0,194
HIS-002229,AST-S_A-0054,SEC-RKMP-BPL,S_AND_T,TurnoutAdjustment,2024-09-14T00:00:00,6.6,162269.0,135
HIS-002230,AST-TRA-0059,SEC-RKMP-BPL,TRACTION,DropperReplacement,2026-01-25T00:00:00,2.6,292656.0,82
HIS-002231,AST-ENG-0421,SEC-RKMP-BPL,ENGINEERING,TrackTamping,2026-08-20T00:00:00,1.1,527554.0,247
HIS-002232,AST-ENG-0200,SEC-RKMP-BPL,ENGINEERING,SleeperRenewal,2025-01-11T00:00:00,4.1,271598.0,308
HIS-002233,AST-TRA-0267,SEC-RKMP-BPL,TRACTION,ContactWireReplacement,2025-09-24T00:00:00,4.5,427500.0,265
HIS-002234,AST-S_A-0197,SEC-RKMP-BPL,S_AND_T,TurnoutAdjustment,2023-06-18T00:00:00,1.4,53355.0,185
HIS-002235,AST-S_A-0233,SEC-RKMP-BPL,S_AND_T,PointMachineOverhaul,2025-05-11T00:00:00,2.3,506357.0,338
HIS-002236,AST-TRA-0438,SEC-RKMP-BPL,TRACTION,DropperReplacement,2025-11-30T00:00:00,1.1,409868.0,183
HIS-002237,AST-ENG-0232,SEC-RKMP-BPL,ENGINEERING,JointWelding,2025-05-23T00:00:00,6.3,643596.0,243
HIS-002238,AST-S_A-0193,SEC-RKMP-BPL,S_AND_T,SignalCableRenewal,2025-07-16T00:00:00,7.9,607439.0,374
HIS-002239,AST-S_A-0080,SEC-RKMP-BPL,S_AND_T,SignalCableRenewal,2023-11-29T00:00:00,5.9,482838.0,352
HIS-002240,AST-TRA-0392,SEC-RKMP-BPL,TRACTION,InsulatorReplacement,2024-11-15T00:00:00,5.8,480210.0,115
HIS-002241,AST-ENG-0100,SEC-RKMP-BPL,ENGINEERING,RailGrinding,2023-12-19T00:00:00,5.2,375807.0,552
HIS-002242,AST-ENG-0349,SEC-RKMP-BPL,ENGINEERING,TrackTamping,2023-01-01T00:00:00,4.4,280906.0,320
HIS-002243,AST-ENG-0442,SEC-RKMP-BPL,ENGINEERING,SleeperRenewal,2025-01-16T00:00:00,6.5,605461.0,469
HIS-002244,AST-ENG-0304,SEC-RKMP-BPL,ENGINEERING,TrackTamping,2022-05-28T00:00:00,4.8,283949.0,233
HIS-002245,AST-TRA-0420,SEC-RKMP-BPL,TRACTION,InsulatorReplacement,2026-01-29T00:00:00,7.4,106428.0,258
HIS-002246,AST-ENG-0388,SEC-RKMP-BPL,ENGINEERING,TrackTamping,2026-07-01T00:00:00,1.7,31363.0,305
HIS-002247,AST-ENG-0199,SEC-RKMP-BPL,ENGINEERING,RailGrinding,2026-03-03T00:00:00,1.7,416422.0,128
HIS-002248,AST-S_A-0481,SEC-RKMP-BPL,S_AND_T,SignalCableRenewal,2022-02-28T00:00:00,4.9,537899.0,177
HIS-002249,AST-S_A-0054,SEC-RKMP-BPL,S_AND_T,TurnoutAdjustment,2022-04-15T00:00:00,2.8,498155.0,157
HIS-002250,AST-TRA-0348,SEC-RKMP-BPL,TRACTION,ContactWireReplacement,2022-12-21T00:00:00,4.1,610182.0,60
HIS-002251,AST-S_A-0139,SEC-RKMP-BPL,S_AND_T,PointMachineOverhaul,2024-03-03T00:00:00,2.8,446901.0,514
HIS-002252,AST-S_A-0126,SEC-RKMP-BPL,S_AND_T,TurnoutAdjustment,2023-08-14T00:00:00,1.2,186180.0,154
HIS-002253,AST-TRA-0365,SEC-RKMP-BPL,TRACTION,OHEInspection,2022-06-12T00:00:00,7.2,270242.0,224
HIS-002254,AST-TRA-0437,SEC-RKMP-BPL,TRACTION,InsulatorReplacement,2024-08-24T00:00:00,4.5,609510.0,246
HIS-002255,AST-ENG-0439,SEC-RKMP-BPL,ENGINEERING,JointWelding,2024-04-26T00:00:00,2.8,378973.0,327
HIS-002256,AST-ENG-0307,SEC-RKMP-BPL,ENGINEERING,JointWelding,2026-09-06T00:00:00,2.2,634161.0,312
HIS-002257,AST-S_A-0382,SEC-RKMP-BPL,S_AND_T,SignalCableRenewal,2024-12-07T00:00:00,2.5,464253.0,207
HIS-002258,AST-ENG-0496,SEC-RKMP-BPL,ENGINEERING,BallastCleaning,2023-08-17T00:00:00,5.5,249823.0,390
HIS-002259,AST-S_A-0264,SEC-RKMP-BPL,S_AND_T,TurnoutAdjustment,2025-08-23T00:00:00,3.8,371335.0,235
HIS-002260,AST-S_A-0144,SEC-RKMP-BPL,S_AND_T,AxleCounterCalibration,2023-07-23T00:00:00,2.8,535355.0,556
HIS-002261,AST-ENG-0172,SEC-RKMP-BPL,ENGINEERING,JointWelding,2023-02-24T00:00:00,3.6,231630.0,355
HIS-002262,AST-ENG-0244,SEC-RKMP-BPL,ENGINEERING,BallastCleaning,2024-12-16T00:00:00,4.1,258065.0,261
HIS-002263,AST-ENG-0317,SEC-RKMP-BPL,ENGINEERING,SleeperRenewal,2024-03-31T00:00:00,6.3,575409.0,347
HIS-002264,AST-S_A-0198,SEC-RKMP-BPL,S_AND_T,TurnoutAdjustment,2025-02-09T00:00:00,4.1,161247.0,38
HIS-002265,AST-S_A-0139,SEC-RKMP-BPL,S_AND_T,TurnoutAdjustment,2023-12-22T00:00:00,7.6,209205.0,482
HIS-002266,AST-ENG-0163,SEC-RKMP-BPL,ENGINEERING,TrackTamping,2021-10-26T00:00:00,5.2,397300.0,301
HIS-002267,AST-ENG-0172,SEC-RKMP-BPL,ENGINEERING,RailGrinding,2022-09-20T00:00:00,1.1,129577.0,561
HIS-002268,AST-TRA-0383,SEC-RKMP-BPL,TRACTION,OHEInspection,2025-06-16T00:00:00,3.2,391106.0,283
HIS-002269,AST-ENG-0110,SEC-RKMP-BPL,ENGINEERING,TrackTamping,2022-12-31T00:00:00,2.8,534976.0,214
HIS-002270,AST-S_A-0153,SEC-RKMP-BPL,S_AND_T,AxleCounterCalibration,2026-02-03T00:00:00,4.4,598533.0,284
HIS-002271,AST-S_A-0386,SEC-RKMP-BPL,S_AND_T,PointMachineOverhaul,2024-10-11T00:00:00,3.8,347906.0,548
HIS-002272,AST-ENG-0343,SEC-RKMP-BPL,ENGINEERING,BallastCleaning,2026-06-19T00:00:00,6.1,111826.0,440
HIS-002273,AST-TRA-0158,SEC-RKMP-BPL,TRACTION,OHEInspection,2025-10-24T00:00:00,1.6,144811.0,201
HIS-002274,AST-TRA-0113,SEC-RKMP-BPL,TRACTION,OHEInspection,2025-10-04T00:00:00,7.6,238225.0,487
HIS-002275,AST-S_A-0297,SEC-RKMP-BPL,S_AND_T,PointMachineOverhaul,2023-03-23T00:00:00,1.9,357058.0,279
HIS-002276,AST-ENG-0097,SEC-RKMP-BPL,ENGINEERING,BallastCleaning,2023-07-14T00:00:00,6.7,421443.0,242
HIS-002277,AST-TRA-0167,SEC-RKMP-BPL,TRACTION,DropperReplacement,2023-10-21T00:00:00,4.5,560312.0,251
HIS-002278,AST-S_A-0103,SEC-RKMP-BPL,S_AND_T,AxleCounterCalibration,2023-02-26T00:00:00,4.3,233597.0,357
HIS-002279,AST-S_A-0094,SEC-RKMP-BPL,S_AND_T,TurnoutAdjustment,2023-07-01T00:00:00,6.5,520328.0,278
HIS-002280,AST-S_A-0206,SEC-RKMP-BPL,S_AND_T,SignalCableRenewal,2026-08-16T00:00:00,7.1,185989.0,65
HIS-002281,AST-ENG-0109,SEC-RKMP-BPL,ENGINEERING,BallastCleaning,2022-01-20T00:00:00,6.2,135199.0,312
HIS-002282,AST-TRA-0248,SEC-RKMP-BPL,TRACTION,OHEInspection,2021-11-21T00:00:00,6.9,543374.0,49
HIS-002283,AST-S_A-0292,SEC-RKMP-BPL,S_AND_T,SignalCableRenewal,2025-08-06T00:00:00,1.3,61582.0,306
HIS-002284,AST-S_A-0327,SEC-RKMP-BPL,S_AND_T,TurnoutAdjustment,2022-11-22T00:00:00,4.9,440789.0,355
HIS-002285,AST-ENG-0209,SEC-RKMP-BPL,ENGINEERING,SleeperRenewal,2025-06-24T00:00:00,1.5,69219.0,251
HIS-002286,AST-S_A-0075,SEC-RKMP-BPL,S_AND_T,AxleCounterCalibration,2026-04-01T00:00:00,7.4,505044.0,97
HIS-002287,AST-ENG-0262,SEC-RKMP-BPL,ENGINEERING,BallastCleaning,2022-08-15T00:00:00,5.2,81760.0,395
HIS-002288,AST-ENG-0151,SEC-RKMP-BPL,ENGINEERING,BallastCleaning,2025-05-20T00:00:00,3.7,643346.0,236
HIS-002289,AST-TRA-0132,SEC-RKMP-BPL,TRACTION,DropperReplacement,2025-05-20T00:00:00,2.4,114039.0,401
HIS-002290,AST-S_A-0075,SEC-RKMP-BPL,S_AND_T,AxleCounterCalibration,2026-07-06T00:00:00,2.0,477381.0,150
HIS-002291,AST-TRA-0402,SEC-RKMP-BPL,TRACTION,DropperReplacement,2022-05-05T00:00:00,6.9,291682.0,281
HIS-002292,AST-TRA-0150,SEC-RKMP-BPL,TRACTION,ContactWireReplacement,2026-05-18T00:00:00,5.0,258442.0,309
HIS-002293,AST-S_A-0255,SEC-RKMP-BPL,S_AND_T,TurnoutAdjustment,2025-08-06T00:00:00,2.6,425052.0,441
HIS-002294,AST-ENG-0433,SEC-RKMP-BPL,ENGINEERING,TrackTamping,2025-10-19T00:00:00,4.9,426528.0,444
HIS-002295,AST-ENG-0164,SEC-RKMP-BPL,ENGINEERING,SleeperRenewal,2026-01-17T00:00:00,7.3,131613.0,318
HIS-002296,AST-TRA-0105,SEC-RKMP-BPL,TRACTION,InsulatorReplacement,2022-03-23T00:00:00,5.9,163731.0,129
HIS-002297,AST-S_A-0378,SEC-RKMP-BPL,S_AND_T,AxleCounterCalibration,2022-12-26T00:00:00,4.0,270986.0,33
HIS-002298,AST-ENG-0304,SEC-RKMP-BPL,ENGINEERING,SleeperRenewal,2026-07-11T00:00:00,4.5,475195.0,195
HIS-002299,AST-S_A-0318,SEC-RKMP-BPL,S_AND_T,TurnoutAdjustment,2023-04-08T00:00:00,2.2,52551.0,161
HIS-002300,AST-S_A-0327,SEC-RKMP-BPL,S_AND_T,AxleCounterCalibration,2025-04-25T00:00:00,3.7,478021.0,509
HIS-002301,AST-S_A-0382,SEC-RKMP-BPL,S_AND_T,PointMachineOverhaul,2026-03-31T00:00:00,4.2,310643.0,112
HIS-002302,AST-S_A-0084,SEC-RKMP-BPL,S_AND_T,TurnoutAdjustment,2025-08-01T00:00:00,4.4,103280.0,10
HIS-002303,AST-ENG-0043,SEC-RKMP-BPL,ENGINEERING,BallastCleaning,2022-09-14T00:00:00,3.0,501375.0,448
HIS-002304,AST-ENG-0298,SEC-RKMP-BPL,ENGINEERING,SleeperRenewal,2024-05-02T00:00:00,1.8,244753.0,10
HIS-002305,AST-S_A-0480,SEC-RKMP-BPL,S_AND_T,PointMachineOverhaul,2026-09-02T00:00:00,8.0,285153.0,343
HIS-002306,AST-ENG-0209,SEC-RKMP-BPL,ENGINEERING,SleeperRenewal,2023-12-16T00:00:00,2.8,204238.0,326
HIS-002307,AST-S_A-0256,SEC-RKMP-BPL,S_AND_T,AxleCounterCalibration,2022-11-25T00:00:00,5.5,126651.0,372
HIS-002308,AST-S_A-0377,SEC-RKMP-BPL,S_AND_T,TurnoutAdjustment,2026-02-18T00:00:00,4.2,608807.0,531
HIS-002309,AST-TRA-0420,SEC-RKMP-BPL,TRACTION,InsulatorReplacement,2023-01-04T00:00:00,3.0,585766.0,272
HIS-002310,AST-TRA-0285,SEC-RKMP-BPL,TRACTION,InsulatorReplacement,2024-11-02T00:00:00,4.0,48180.0,567
HIS-002311,AST-S_A-0315,SEC-RKMP-BPL,S_AND_T,AxleCounterCalibration,2024-12-27T00:00:00,3.2,628181.0,436
HIS-002312,AST-TRA-0375,SEC-RKMP-BPL,TRACTION,OHEInspection,2022-11-13T00:00:00,7.6,361017.0,274
HIS-002313,AST-S_A-0216,SEC-RKMP-BPL,S_AND_T,PointMachineOverhaul,2025-07-20T00:00:00,1.6,317392.0,182
HIS-002314,AST-ENG-0218,SEC-RKMP-BPL,ENGINEERING,SleeperRenewal,2023-12-18T00:00:00,4.1,150294.0,199
HIS-002315,AST-S_A-0197,SEC-RKMP-BPL,S_AND_T,SignalCableRenewal,2023-06-29T00:00:00,5.4,613176.0,421
HIS-002316,AST-ENG-0304,SEC-RKMP-BPL,ENGINEERING,RailGrinding,2024-02-12T00:00:00,7.4,471200.0,239
HIS-002317,AST-TRA-0195,SEC-RKMP-BPL,TRACTION,OHEInspection,2022-05-24T00:00:00,1.7,598273.0,361
HIS-002318,AST-S_A-0265,SEC-RKMP-BPL,S_AND_T,AxleCounterCalibration,2022-06-05T00:00:00,4.9,85667.0,148
HIS-002319,AST-ENG-0308,SEC-RKMP-BPL,ENGINEERING,TrackTamping,2023-10-13T00:00:00,6.7,36279.0,384
HIS-002320,AST-S_A-0197,SEC-RKMP-BPL,S_AND_T,SignalCableRenewal,2026-03-19T00:00:00,6.6,504042.0,323
HIS-002321,AST-S_A-0103,SEC-RKMP-BPL,S_AND_T,SignalCableRenewal,2021-12-25T00:00:00,1.2,617540.0,388
HIS-002322,AST-S_A-0422,SEC-RKMP-BPL,S_AND_T,SignalCableRenewal,2024-07-07T00:00:00,3.2,126535.0,428
HIS-002323,AST-TRA-0087,SEC-RKMP-BPL,TRACTION,InsulatorReplacement,2022-03-12T00:00:00,5.7,510107.0,333
HIS-002324,AST-S_A-0364,SEC-RKMP-BPL,S_AND_T,AxleCounterCalibration,2023-04-04T00:00:00,3.9,634610.0,412
HIS-002325,AST-S_A-0328,SEC-RKMP-BPL,S_AND_T,AxleCounterCalibration,2022-10-17T00:00:00,3.6,234556.0,330
HIS-002326,AST-ENG-0172,SEC-RKMP-BPL,ENGINEERING,BallastCleaning,2024-04-05T00:00:00,5.7,612794.0,452
HIS-002327,AST-S_A-0017,SEC-RKMP-BPL,S_AND_T,AxleCounterCalibration,2021-11-10T00:00:00,3.3,172253.0,515
HIS-002328,AST-S_A-0270,SEC-RKMP-BPL,S_AND_T,SignalCableRenewal,2023-10-18T00:00:00,6.6,160735.0,170
HIS-002329,AST-S_A-0441,SEC-RKMP-BPL,S_AND_T,PointMachineOverhaul,2023-02-26T00:00:00,4.7,103811.0,316
HIS-002330,AST-TRA-0419,SEC-RKMP-BPL,TRACTION,DropperReplacement,2023-08-19T00:00:00,2.3,391667.0,436
HIS-002331,AST-S_A-0027,SEC-RKMP-BPL,S_AND_T,AxleCounterCalibration,2024-09-05T00:00:00,5.1,40426.0,277
HIS-002332,AST-ENG-0424,SEC-RKMP-BPL,ENGINEERING,JointWelding,2026-02-12T00:00:00,2.9,196540.0,265
HIS-002333,AST-ENG-0181,SEC-RKMP-BPL,ENGINEERING,SleeperRenewal,2025-03-26T00:00:00,3.4,528964.0,222
HIS-002334,AST-ENG-0118,SEC-RKMP-BPL,ENGINEERING,TrackTamping,2025-05-15T00:00:00,4.7,316301.0,274
HIS-002335,AST-S_A-0008,SEC-RKMP-BPL,S_AND_T,SignalCableRenewal,2023-10-02T00:00:00,3.6,421784.0,150
HIS-002336,AST-ENG-0451,SEC-RKMP-BPL,ENGINEERING,BallastCleaning,2025-08-15T00:00:00,4.9,545072.0,312
HIS-002337,AST-TRA-0240,SEC-RKMP-BPL,TRACTION,InsulatorReplacement,2022-12-30T00:00:00,2.2,374524.0,274
HIS-002338,AST-S_A-0485,SEC-RKMP-BPL,S_AND_T,TurnoutAdjustment,2022-11-07T00:00:00,3.9,90103.0,288
HIS-002339,AST-ENG-0073,SEC-RKMP-BPL,ENGINEERING,RailGrinding,2026-05-07T00:00:00,2.8,205463.0,614
HIS-002340,AST-S_A-0463,SEC-RKMP-BPL,S_AND_T,TurnoutAdjustment,2023-08-30T00:00:00,1.7,124476.0,328
HIS-002341,AST-S_A-0255,SEC-RKMP-BPL,S_AND_T,TurnoutAdjustment,2023-11-25T00:00:00,5.5,370447.0,425
HIS-002342,AST-S_A-0480,SEC-RKMP-BPL,S_AND_T,PointMachineOverhaul,2024-05-31T00:00:00,2.6,148544.0,374
HIS-002343,AST-TRA-0438,SEC-RKMP-BPL,TRACTION,DropperReplacement,2026-01-31T00:00:00,3.9,358619.0,172
HIS-002344,AST-S_A-0409,SEC-RKMP-BPL,S_AND_T,TurnoutAdjustment,2025-06-26T00:00:00,7.4,597862.0,420
HIS-002345,AST-TRA-0159,SEC-RKMP-BPL,TRACTION,ContactWireReplacement,2022-05-23T00:00:00,6.0,156139.0,273
HIS-002346,AST-S_A-0179,SEC-RKMP-BPL,S_AND_T,PointMachineOverhaul,2025-12-13T00:00:00,4.5,97885.0,195
HIS-002347,AST-S_A-0201,SEC-RKMP-BPL,S_AND_T,AxleCounterCalibration,2023-10-06T00:00:00,3.7,504976.0,83
HIS-002348,AST-S_A-0332,SEC-RKMP-BPL,S_AND_T,PointMachineOverhaul,2024-10-21T00:00:00,3.3,67175.0,333
HIS-002349,AST-TRA-0267,SEC-RKMP-BPL,TRACTION,DropperReplacement,2021-11-27T00:00:00,4.8,135767.0,292
HIS-002350,AST-ENG-0065,SEC-RKMP-BPL,ENGINEERING,SleeperRenewal,2025-09-28T00:00:00,1.4,337762.0,134
HIS-002351,AST-ENG-0182,SEC-RKMP-BPL,ENGINEERING,RailGrinding,2023-02-22T00:00:00,1.0,617307.0,452
HIS-002352,AST-S_A-0480,SEC-RKMP-BPL,S_AND_T,PointMachineOverhaul,2022-06-20T00:00:00,4.0,25163.0,338
HIS-002353,AST-TRA-0438,SEC-RKMP-BPL,TRACTION,ContactWireReplacement,2023-11-03T00:00:00,3.2,454005.0,93
HIS-002354,AST-S_A-0093,SEC-RKMP-BPL,S_AND_T,TurnoutAdjustment,2022-04-17T00:00:00,3.9,232955.0,522
HIS-002355,AST-ENG-0055,SEC-RKMP-BPL,ENGINEERING,SleeperRenewal,2022-07-04T00:00:00,2.4,423744.0,154
HIS-002356,AST-ENG-0064,SEC-RKMP-BPL,ENGINEERING,RailGrinding,2024-08-16T00:00:00,7.0,139599.0,283
HIS-002357,AST-S_A-0063,SEC-RKMP-BPL,S_AND_T,TurnoutAdjustment,2022-07-29T00:00:00,1.5,72568.0,244
HIS-002358,AST-TRA-0482,SEC-RKMP-BPL,TRACTION,OHEInspection,2026-08-16T00:00:00,6.4,61641.0,177
HIS-002359,AST-S_A-0125,SEC-RKMP-BPL,S_AND_T,AxleCounterCalibration,2024-12-07T00:00:00,5.2,302569.0,215
HIS-002360,AST-S_A-0035,SEC-RKMP-BPL,S_AND_T,TurnoutAdjustment,2025-08-17T00:00:00,4.0,330670.0,418
HIS-002361,AST-ENG-0038,SEC-RKMP-BPL,ENGINEERING,SleeperRenewal,2023-01-18T00:00:00,3.5,620571.0,320
HIS-002362,AST-TRA-0203,SEC-RKMP-BPL,TRACTION,OHEInspection,2022-06-06T00:00:00,1.4,237310.0,172
HIS-002363,AST-TRA-0032,SEC-RKMP-BPL,TRACTION,DropperReplacement,2025-10-28T00:00:00,6.0,398096.0,230
HIS-002364,AST-S_A-0022,SEC-RKMP-BPL,S_AND_T,SignalCableRenewal,2025-01-13T00:00:00,4.1,202930.0,313
HIS-002365,AST-S_A-0498,SEC-RKMP-BPL,S_AND_T,AxleCounterCalibration,2023-03-25T00:00:00,7.8,554276.0,272
HIS-002366,AST-TRA-0176,SEC-RKMP-BPL,TRACTION,OHEInspection,2022-05-04T00:00:00,6.1,563290.0,392
HIS-002367,AST-S_A-0328,SEC-RKMP-BPL,S_AND_T,TurnoutAdjustment,2026-04-09T00:00:00,4.3,68820.0,257
HIS-002368,AST-S_A-0171,SEC-RKMP-BPL,S_AND_T,PointMachineOverhaul,2026-05-30T00:00:00,7.7,161975.0,306
HIS-002369,AST-S_A-0216,SEC-RKMP-BPL,S_AND_T,PointMachineOverhaul,2022-12-08T00:00:00,1.9,584545.0,85
HIS-002370,AST-S_A-0309,SEC-RKMP-BPL,S_AND_T,PointMachineOverhaul,2026-07-12T00:00:00,4.8,39369.0,288
HIS-002371,AST-TRA-0329,SEC-RKMP-BPL,TRACTION,ContactWireReplacement,2024-04-18T00:00:00,6.7,218179.0,441
HIS-002372,AST-S_A-0346,SEC-RKMP-BPL,S_AND_T,AxleCounterCalibration,2025-04-12T00:00:00,6.8,157301.0,75
HIS-002373,AST-ENG-0304,SEC-RKMP-BPL,ENGINEERING,BallastCleaning,2026-05-05T00:00:00,7.0,205861.0,158
HIS-002374,AST-ENG-0028,SEC-RKMP-BPL,ENGINEERING,TrackTamping,2023-03-31T00:00:00,1.1,546091.0,183
HIS-002375,AST-S_A-0426,SEC-RKMP-BPL,S_AND_T,TurnoutAdjustment,2026-08-09T00:00:00,7.2,189452.0,445
HIS-002376,AST-TRA-0023,SEC-RKMP-BPL,TRACTION,DropperReplacement,2024-11-20T00:00:00,3.4,160620.0,249
HIS-002377,AST-TRA-0158,SEC-RKMP-BPL,TRACTION,DropperReplacement,2022-04-02T00:00:00,6.4,262237.0,123
HIS-002378,AST-ENG-0443,SEC-RKMP-BPL,ENGINEERING,TrackTamping,2022-12-07T00:00:00,2.3,231467.0,303
HIS-002379,AST-S_A-0333,SEC-RKMP-BPL,S_AND_T,TurnoutAdjustment,2024-11-27T00:00:00,5.5,564946.0,347
HIS-002380,AST-ENG-0020,SEC-RKMP-BPL,ENGINEERING,JointWelding,2024-07-30T00:00:00,4.2,212224.0,253
HIS-002381,AST-TRA-0212,SEC-RKMP-BPL,TRACTION,ContactWireReplacement,2025-08-11T00:00:00,1.8,360603.0,95
HIS-002382,AST-TRA-0105,SEC-RKMP-BPL,TRACTION,DropperReplacement,2025-06-27T00:00:00,7.9,360147.0,223
HIS-002383,AST-TRA-0086,SEC-RKMP-BPL,TRACTION,ContactWireReplacement,2023-02-12T00:00:00,6.0,523586.0,155
HIS-002384,AST-ENG-0142,SEC-RKMP-BPL,ENGINEERING,BallastCleaning,2025-09-12T00:00:00,2.1,362220.0,59
HIS-002385,AST-S_A-0283,SEC-RKMP-BPL,S_AND_T,AxleCounterCalibration,2024-02-27T00:00:00,2.1,150777.0,455
HIS-002386,AST-S_A-0368,SEC-RKMP-BPL,S_AND_T,TurnoutAdjustment,2026-08-04T00:00:00,2.9,142291.0,512
HIS-002387,AST-ENG-0074,SEC-RKMP-BPL,ENGINEERING,SleeperRenewal,2025-03-24T00:00:00,1.3,495128.0,301
HIS-002388,AST-TRA-0194,SEC-RKMP-BPL,TRACTION,ContactWireReplacement,2025-01-30T00:00:00,4.2,344654.0,256
HIS-002389,AST-S_A-0431,SEC-RKMP-BPL,S_AND_T,PointMachineOverhaul,2025-06-18T00:00:00,3.0,287188.0,432
HIS-002390,AST-S_A-0243,SEC-RKMP-BPL,S_AND_T,PointMachineOverhaul,2025-03-25T00:00:00,2.1,161626.0,245
HIS-002391,AST-S_A-0210,SEC-RKMP-BPL,S_AND_T,AxleCounterCalibration,2023-08-29T00:00:00,3.3,205664.0,524
HIS-002392,AST-S_A-0336,SEC-RKMP-BPL,S_AND_T,PointMachineOverhaul,2025-11-02T00:00:00,3.9,52939.0,344
HIS-002393,AST-S_A-0080,SEC-RKMP-BPL,S_AND_T,PointMachineOverhaul,2025-04-24T00:00:00,4.7,169615.0,290
HIS-002394,AST-S_A-0269,SEC-RKMP-BPL,S_AND_T,TurnoutAdjustment,2023-05-03T00:00:00,1.0,512035.0,526
HIS-002395,AST-S_A-0044,SEC-RKMP-BPL,S_AND_T,PointMachineOverhaul,2023-09-23T00:00:00,7.4,625307.0,433
HIS-002396,AST-TRA-0005,SEC-RKMP-BPL,TRACTION,InsulatorReplacement,2025-01-03T00:00:00,5.4,27104.0,375
HIS-002397,AST-S_A-0395,SEC-RKMP-BPL,S_AND_T,TurnoutAdjustment,2024-07-08T00:00:00,7.8,532794.0,78
HIS-002398,AST-S_A-0342,SEC-RKMP-BPL,S_AND_T,SignalCableRenewal,2022-09-17T00:00:00,2.8,648335.0,376
HIS-002399,AST-ENG-0037,SEC-RKMP-BPL,ENGINEERING,SleeperRenewal,2023-04-16T00:00:00,6.9,408634.0,346
HIS-002400,AST-ENG-0200,SEC-RKMP-BPL,ENGINEERING,BallastCleaning,2024-01-04T00:00:00,4.1,416213.0,222
HIS-002401,AST-TRA-0176,SEC-RKMP-BPL,TRACTION,ContactWireReplacement,2025-06-06T00:00:00,2.6,580157.0,202
HIS-002402,AST-ENG-0316,SEC-RKMP-BPL,ENGINEERING,SleeperRenewal,2026-04-08T00:00:00,3.4,543746.0,330
HIS-002403,AST-S_A-0450,SEC-RKMP-BPL,S_AND_T,SignalCableRenewal,2023-04-12T00:00:00,7.2,300802.0,448
HIS-002404,AST-S_A-0345,SEC-RKMP-BPL,S_AND_T,AxleCounterCalibration,2024-08-03T00:00:00,6.3,236288.0,358
HIS-002405,AST-TRA-0123,SEC-RKMP-BPL,TRACTION,OHEInspection,2023-07-10T00:00:00,5.2,523745.0,138
HIS-002406,AST-ENG-0190,SEC-RKMP-BPL,ENGINEERING,TrackTamping,2023-05-13T00:00:00,1.4,295142.0,271
HIS-002407,AST-ENG-0236,SEC-RKMP-BPL,ENGINEERING,SleeperRenewal,2023-08-09T00:00:00,4.6,198395.0,114
HIS-002408,AST-TRA-0123,SEC-RKMP-BPL,TRACTION,InsulatorReplacement,2025-11-20T00:00:00,5.9,154121.0,92
HIS-002409,AST-S_A-0004,SEC-RKMP-BPL,S_AND_T,AxleCounterCalibration,2022-06-28T00:00:00,6.9,614822.0,265
HIS-002410,AST-ENG-0398,SEC-RKMP-BPL,ENGINEERING,SleeperRenewal,2023-06-25T00:00:00,7.0,414944.0,357
HIS-002411,AST-S_A-0108,SEC-RKMP-BPL,S_AND_T,AxleCounterCalibration,2023-05-03T00:00:00,2.1,600029.0,515
HIS-002412,AST-S_A-0283,SEC-RKMP-BPL,S_AND_T,PointMachineOverhaul,2026-03-02T00:00:00,3.6,437681.0,546
HIS-002413,AST-S_A-0171,SEC-RKMP-BPL,S_AND_T,TurnoutAdjustment,2024-11-19T00:00:00,5.9,119833.0,303
HIS-002414,AST-TRA-0455,SEC-RKMP-BPL,TRACTION,InsulatorReplacement,2023-11-12T00:00:00,5.9,129904.0,277
HIS-002415,AST-S_A-0143,SEC-RKMP-BPL,S_AND_T,SignalCableRenewal,2025-02-03T00:00:00,5.6,38442.0,417
HIS-002416,AST-ENG-0434,SEC-RKMP-BPL,ENGINEERING,BallastCleaning,2026-02-15T00:00:00,1.1,328545.0,180
HIS-002417,AST-TRA-0051,SEC-RKMP-BPL,TRACTION,DropperReplacement,2022-09-07T00:00:00,4.5,502069.0,161
HIS-002418,AST-ENG-0496,SEC-RKMP-BPL,ENGINEERING,RailGrinding,2026-04-12T00:00:00,6.4,489981.0,314
HIS-002419,AST-S_A-0251,SEC-RKMP-BPL,S_AND_T,TurnoutAdjustment,2023-04-07T00:00:00,2.3,218066.0,327
HIS-002420,AST-ENG-0046,SEC-RKMP-BPL,ENGINEERING,BallastCleaning,2022-03-17T00:00:00,3.8,561449.0,140
HIS-002421,AST-S_A-0013,SEC-RKMP-BPL,S_AND_T,PointMachineOverhaul,2026-07-24T00:00:00,4.4,493221.0,385
HIS-002422,AST-ENG-0205,SEC-RKMP-BPL,ENGINEERING,BallastCleaning,2022-03-23T00:00:00,1.5,259545.0,388
HIS-002423,AST-TRA-0087,SEC-RKMP-BPL,TRACTION,InsulatorReplacement,2021-12-10T00:00:00,5.2,265479.0,309
HIS-002424,AST-ENG-0322,SEC-RKMP-BPL,ENGINEERING,SleeperRenewal,2022-09-18T00:00:00,5.3,369288.0,247
HIS-002425,AST-S_A-0426,SEC-RKMP-BPL,S_AND_T,PointMachineOverhaul,2025-10-22T00:00:00,3.2,539674.0,442
HIS-002426,AST-ENG-0443,SEC-RKMP-BPL,ENGINEERING,BallastCleaning,2024-03-30T00:00:00,6.8,152593.0,274
HIS-002427,AST-TRA-0177,SEC-RKMP-BPL,TRACTION,OHEInspection,2023-06-29T00:00:00,5.9,492071.0,272
HIS-002428,AST-S_A-0152,SEC-RKMP-BPL,S_AND_T,PointMachineOverhaul,2023-02-08T00:00:00,6.3,305182.0,159
HIS-002429,AST-TRA-0068,SEC-RKMP-BPL,TRACTION,InsulatorReplacement,2022-08-13T00:00:00,1.8,267393.0,10
HIS-002430,AST-S_A-0112,SEC-RKMP-BPL,S_AND_T,TurnoutAdjustment,2024-09-02T00:00:00,1.1,468693.0,64
HIS-002431,AST-S_A-0003,SEC-RKMP-BPL,S_AND_T,AxleCounterCalibration,2026-03-21T00:00:00,3.4,549743.0,197
HIS-002432,AST-S_A-0341,SEC-RKMP-BPL,S_AND_T,SignalCableRenewal,2024-04-02T00:00:00,4.5,80952.0,310
HIS-002433,AST-ENG-0155,SEC-RKMP-BPL,ENGINEERING,BallastCleaning,2024-09-12T00:00:00,1.5,93194.0,194
HIS-002434,AST-ENG-0145,SEC-RKMP-BPL,ENGINEERING,RailGrinding,2025-06-11T00:00:00,5.5,473936.0,257
HIS-002435,AST-S_A-0278,SEC-RKMP-BPL,S_AND_T,PointMachineOverhaul,2024-02-04T00:00:00,3.4,226289.0,470
HIS-002436,AST-TRA-0122,SEC-RKMP-BPL,TRACTION,DropperReplacement,2025-08-23T00:00:00,2.5,117455.0,549
HIS-002437,AST-ENG-0214,SEC-RKMP-BPL,ENGINEERING,SleeperRenewal,2021-11-02T00:00:00,6.4,111269.0,94
HIS-002438,AST-S_A-0306,SEC-RKMP-BPL,S_AND_T,TurnoutAdjustment,2022-01-01T00:00:00,5.5,400343.0,369
HIS-002439,AST-S_A-0453,SEC-RKMP-BPL,S_AND_T,PointMachineOverhaul,2021-10-22T00:00:00,6.3,164718.0,201
HIS-002440,AST-ENG-0118,SEC-RKMP-BPL,ENGINEERING,TrackTamping,2025-07-05T00:00:00,7.4,518260.0,349
HIS-002441,AST-ENG-0226,SEC-RKMP-BPL,ENGINEERING,RailGrinding,2024-04-09T00:00:00,3.2,215038.0,403
HIS-002442,AST-S_A-0189,SEC-RKMP-BPL,S_AND_T,TurnoutAdjustment,2024-08-05T00:00:00,3.9,43694.0,10
HIS-002443,AST-ENG-0331,SEC-RKMP-BPL,ENGINEERING,JointWelding,2022-10-16T00:00:00,4.7,73984.0,357
HIS-002444,AST-ENG-0164,SEC-RKMP-BPL,ENGINEERING,BallastCleaning,2021-12-02T00:00:00,4.4,522583.0,343
HIS-002445,AST-TRA-0473,SEC-RKMP-BPL,TRACTION,OHEInspection,2025-10-28T00:00:00,1.1,408833.0,208
HIS-002446,AST-TRA-0465,SEC-RKMP-BPL,TRACTION,ContactWireReplacement,2022-08-27T00:00:00,1.8,242234.0,43
HIS-002447,AST-S_A-0251,SEC-RKMP-BPL,S_AND_T,TurnoutAdjustment,2023-01-02T00:00:00,5.8,291255.0,350
HIS-002448,AST-TRA-0428,SEC-RKMP-BPL,TRACTION,InsulatorReplacement,2022-04-19T00:00:00,7.8,221664.0,116
HIS-002449,AST-ENG-0133,SEC-RKMP-BPL,ENGINEERING,RailGrinding,2022-07-09T00:00:00,5.3,527562.0,96
HIS-002450,AST-ENG-0091,SEC-RKMP-BPL,ENGINEERING,BallastCleaning,2021-10-02T00:00:00,5.5,227776.0,464
HIS-002451,AST-S_A-0108,SEC-RKMP-BPL,S_AND_T,TurnoutAdjustment,2023-10-24T00:00:00,4.8,454660.0,581
HIS-002452,AST-TRA-0131,SEC-RKMP-BPL,TRACTION,ContactWireReplacement,2024-01-01T00:00:00,4.1,112927.0,258
HIS-002453,AST-TRA-0356,SEC-RKMP-BPL,TRACTION,InsulatorReplacement,2023-04-12T00:00:00,4.2,318719.0,121
HIS-002454,AST-ENG-0281,SEC-RKMP-BPL,ENGINEERING,SleeperRenewal,2022-02-14T00:00:00,7.8,502505.0,233
HIS-002455,AST-S_A-0243,SEC-RKMP-BPL,S_AND_T,AxleCounterCalibration,2025-01-26T00:00:00,6.1,100413.0,231
HIS-002456,AST-ENG-0038,SEC-RKMP-BPL,ENGINEERING,SleeperRenewal,2024-05-24T00:00:00,4.2,312257.0,284
HIS-002457,AST-ENG-0434,SEC-RKMP-BPL,ENGINEERING,SleeperRenewal,2024-04-24T00:00:00,5.5,171185.0,266
HIS-002458,AST-ENG-0478,SEC-RKMP-BPL,ENGINEERING,JointWelding,2025-12-15T00:00:00,1.5,248414.0,426
HIS-002459,AST-TRA-0185,SEC-RKMP-BPL,TRACTION,ContactWireReplacement,2021-10-03T00:00:00,1.3,177174.0,138
HIS-002460,AST-S_A-0107,SEC-RKMP-BPL,S_AND_T,SignalCableRenewal,2026-04-21T00:00:00,4.8,207918.0,116
HIS-002461,AST-S_A-0246,SEC-RKMP-BPL,S_AND_T,AxleCounterCalibration,2023-03-04T00:00:00,3.8,42707.0,423
HIS-002462,AST-S_A-0342,SEC-RKMP-BPL,S_AND_T,PointMachineOverhaul,2024-06-06T00:00:00,5.3,473080.0,409
HIS-002463,AST-S_A-0283,SEC-RKMP-BPL,S_AND_T,SignalCableRenewal,2026-04-08T00:00:00,6.1,609727.0,541
HIS-002464,AST-S_A-0395,SEC-RKMP-BPL,S_AND_T,TurnoutAdjustment,2023-04-26T00:00:00,2.1,148275.0,320
HIS-002465,AST-S_A-0481,SEC-RKMP-BPL,S_AND_T,AxleCounterCalibration,2023-06-14T00:00:00,7.9,264715.0,199
HIS-002466,AST-S_A-0228,SEC-RKMP-BPL,S_AND_T,AxleCounterCalibration,2023-05-19T00:00:00,6.2,506076.0,350
HIS-002467,AST-ENG-0046,SEC-RKMP-BPL,ENGINEERING,SleeperRenewal,2022-12-17T00:00:00,3.2,536564.0,128
HIS-002468,AST-S_A-0108,SEC-RKMP-BPL,S_AND_T,TurnoutAdjustment,2023-12-06T00:00:00,5.6,206548.0,480
HIS-002469,AST-S_A-0458,SEC-RKMP-BPL,S_AND_T,SignalCableRenewal,2022-04-10T00:00:00,2.7,527466.0,340
HIS-002470,AST-ENG-0343,SEC-RKMP-BPL,ENGINEERING,BallastCleaning,2023-01-24T00:00:00,4.9,157216.0,407
HIS-002471,AST-S_A-0499,SEC-RKMP-BPL,S_AND_T,AxleCounterCalibration,2021-12-20T00:00:00,3.0,356597.0,462
HIS-002472,AST-S_A-0269,SEC-RKMP-BPL,S_AND_T,PointMachineOverhaul,2025-02-18T00:00:00,3.3,318147.0,400
HIS-002473,AST-S_A-0234,SEC-RKMP-BPL,S_AND_T,PointMachineOverhaul,2023-07-12T00:00:00,2.3,70574.0,10
HIS-002474,AST-ENG-0497,SEC-RKMP-BPL,ENGINEERING,BallastCleaning,2023-07-28T00:00:00,6.6,109172.0,426
HIS-002475,AST-ENG-0173,SEC-RKMP-BPL,ENGINEERING,TrackTamping,2024-09-08T00:00:00,2.4,79992.0,315
HIS-002476,AST-S_A-0139,SEC-RKMP-BPL,S_AND_T,AxleCounterCalibration,2024-05-15T00:00:00,2.9,527096.0,401
HIS-002477,AST-TRA-0195,SEC-RKMP-BPL,TRACTION,OHEInspection,2021-11-07T00:00:00,8.0,286960.0,395
HIS-002478,AST-S_A-0396,SEC-RKMP-BPL,S_AND_T,PointMachineOverhaul,2025-11-18T00:00:00,6.6,615529.0,173
HIS-002479,AST-S_A-0125,SEC-RKMP-BPL,S_AND_T,TurnoutAdjustment,2026-05-21T00:00:00,2.5,238458.0,143
HIS-002480,AST-ENG-0223,SEC-RKMP-BPL,ENGINEERING,RailGrinding,2025-08-11T00:00:00,1.4,230739.0,130
HIS-002481,AST-S_A-0224,SEC-RKMP-BPL,S_AND_T,PointMachineOverhaul,2024-12-06T00:00:00,2.8,551986.0,294
HIS-002482,AST-S_A-0306,SEC-RKMP-BPL,S_AND_T,TurnoutAdjustment,2021-11-10T00:00:00,2.7,322664.0,227
HIS-002483,AST-ENG-0469,SEC-RKMP-BPL,ENGINEERING,JointWelding,2022-06-03T00:00:00,1.6,620347.0,208
HIS-002484,AST-TRA-0410,SEC-RKMP-BPL,TRACTION,InsulatorReplacement,2022-11-18T00:00:00,6.8,628079.0,107
HIS-002485,AST-S_A-0130,SEC-RKMP-BPL,S_AND_T,PointMachineOverhaul,2026-05-03T00:00:00,1.5,315872.0,250
HIS-002486,AST-S_A-0099,SEC-RKMP-BPL,S_AND_T,PointMachineOverhaul,2025-10-04T00:00:00,2.2,622149.0,223
HIS-002487,AST-ENG-0389,SEC-RKMP-BPL,ENGINEERING,BallastCleaning,2021-09-13T00:00:00,1.1,322611.0,386
HIS-002488,AST-TRA-0024,SEC-RKMP-BPL,TRACTION,InsulatorReplacement,2025-05-11T00:00:00,4.5,165717.0,441
HIS-002489,AST-S_A-0012,SEC-RKMP-BPL,S_AND_T,TurnoutAdjustment,2023-10-09T00:00:00,2.0,444075.0,125
HIS-002490,AST-ENG-0343,SEC-RKMP-BPL,ENGINEERING,RailGrinding,2024-03-28T00:00:00,1.2,307494.0,376
HIS-002491,AST-ENG-0475,SEC-RKMP-BPL,ENGINEERING,BallastCleaning,2023-07-22T00:00:00,2.5,552611.0,242
HIS-002492,AST-S_A-0301,SEC-RKMP-BPL,S_AND_T,TurnoutAdjustment,2025-12-11T00:00:00,7.9,541417.0,365
HIS-002493,AST-ENG-0029,SEC-RKMP-BPL,ENGINEERING,RailGrinding,2025-05-26T00:00:00,6.2,239149.0,252
HIS-002494,AST-S_A-0018,SEC-RKMP-BPL,S_AND_T,AxleCounterCalibration,2024-05-10T00:00:00,3.7,560684.0,241
HIS-002495,AST-S_A-0409,SEC-RKMP-BPL,S_AND_T,AxleCounterCalibration,2025-12-14T00:00:00,7.4,530025.0,440
HIS-002496,AST-S_A-0396,SEC-RKMP-BPL,S_AND_T,PointMachineOverhaul,2022-07-13T00:00:00,4.6,106642.0,219
HIS-002497,AST-S_A-0048,SEC-RKMP-BPL,S_AND_T,SignalCableRenewal,2026-01-16T00:00:00,7.5,610550.0,281
HIS-002498,AST-S_A-0382,SEC-RKMP-BPL,S_AND_T,PointMachineOverhaul,2023-02-07T00:00:00,4.0,212027.0,463
HIS-002499,AST-ENG-0322,SEC-RKMP-BPL,ENGINEERING,BallastCleaning,2025-04-27T00:00:00,2.0,182299.0,134
HIS-002500,AST-S_A-0063,SEC-RKMP-BPL,S_AND_T,SignalCableRenewal,2021-12-18T00:00:00,1.9,123089.0,263
HIS-002501,AST-ENG-0182,SEC-RKMP-BPL,ENGINEERING,SleeperRenewal,2023-03-04T00:00:00,6.4,84318.0,323
HIS-002502,AST-S_A-0291,SEC-RKMP-BPL,S_AND_T,SignalCableRenewal,2023-07-26T00:00:00,5.4,383268.0,157
HIS-002503,AST-ENG-0487,SEC-RKMP-BPL,ENGINEERING,RailGrinding,2025-12-19T00:00:00,7.5,292478.0,413
HIS-002504,AST-S_A-0048,SEC-RKMP-BPL,S_AND_T,SignalCableRenewal,2023-10-17T00:00:00,7.2,169655.0,201
HIS-002505,AST-S_A-0426,SEC-RKMP-BPL,S_AND_T,TurnoutAdjustment,2021-11-28T00:00:00,6.8,52409.0,349
HIS-002506,AST-S_A-0378,SEC-RKMP-BPL,S_AND_T,TurnoutAdjustment,2026-05-10T00:00:00,6.7,240221.0,10
HIS-002507,AST-ENG-0082,SEC-RKMP-BPL,ENGINEERING,SleeperRenewal,2022-04-20T00:00:00,7.6,207538.0,10
HIS-002508,AST-TRA-0321,SEC-RKMP-BPL,TRACTION,OHEInspection,2021-11-21T00:00:00,4.2,346700.0,75
HIS-002509,AST-S_A-0337,SEC-RKMP-BPL,S_AND_T,SignalCableRenewal,2025-02-27T00:00:00,1.6,538140.0,183
HIS-002510,AST-S_A-0045,SEC-RKMP-BPL,S_AND_T,SignalCableRenewal,2022-02-27T00:00:00,5.3,441328.0,422
HIS-002511,AST-TRA-0122,SEC-RKMP-BPL,TRACTION,InsulatorReplacement,2022-12-12T00:00:00,4.0,573941.0,465
HIS-002512,AST-TRA-0222,SEC-RKMP-BPL,TRACTION,InsulatorReplacement,2022-08-23T00:00:00,5.1,66619.0,441
HIS-002513,AST-ENG-0029,SEC-RKMP-BPL,ENGINEERING,JointWelding,2025-05-15T00:00:00,7.0,245777.0,275
HIS-002514,AST-S_A-0134,SEC-RKMP-BPL,S_AND_T,SignalCableRenewal,2025-09-04T00:00:00,6.2,571546.0,228
HIS-002515,AST-S_A-0458,SEC-RKMP-BPL,S_AND_T,TurnoutAdjustment,2023-07-30T00:00:00,1.8,136525.0,430
HIS-002516,AST-S_A-0350,SEC-RKMP-BPL,S_AND_T,TurnoutAdjustment,2025-08-23T00:00:00,1.9,77833.0,74
HIS-002517,AST-S_A-0390,SEC-RKMP-BPL,S_AND_T,AxleCounterCalibration,2025-10-18T00:00:00,7.3,305979.0,370
HIS-002518,AST-S_A-0138,SEC-RKMP-BPL,S_AND_T,PointMachineOverhaul,2023-12-23T00:00:00,5.4,372180.0,472
HIS-002519,AST-S_A-0188,SEC-RKMP-BPL,S_AND_T,SignalCableRenewal,2023-12-18T00:00:00,3.7,505121.0,315
HIS-002520,AST-S_A-0165,SEC-RKMP-BPL,S_AND_T,AxleCounterCalibration,2021-12-25T00:00:00,6.3,164971.0,379
HIS-002521,AST-S_A-0494,SEC-RKMP-BPL,S_AND_T,TurnoutAdjustment,2026-07-18T00:00:00,2.4,649022.0,132
HIS-002522,AST-TRA-0483,SEC-RKMP-BPL,TRACTION,OHEInspection,2022-08-06T00:00:00,5.6,268109.0,104
HIS-002523,AST-S_A-0467,SEC-RKMP-BPL,S_AND_T,AxleCounterCalibration,2024-03-23T00:00:00,7.3,382651.0,227
HIS-002524,AST-S_A-0283,SEC-RKMP-BPL,S_AND_T,PointMachineOverhaul,2026-06-20T00:00:00,2.8,160677.0,508
HIS-002525,AST-ENG-0191,SEC-RKMP-BPL,ENGINEERING,TrackTamping,2022-02-07T00:00:00,6.6,318781.0,421
HIS-002526,AST-S_A-0062,SEC-RKMP-BPL,S_AND_T,SignalCableRenewal,2026-03-27T00:00:00,5.2,37017.0,380
HIS-002527,AST-ENG-0343,SEC-RKMP-BPL,ENGINEERING,JointWelding,2024-07-22T00:00:00,4.4,154321.0,378
HIS-002528,AST-ENG-0371,SEC-RKMP-BPL,ENGINEERING,JointWelding,2024-09-14T00:00:00,2.0,143336.0,461
HIS-002529,AST-ENG-0241,SEC-RKMP-BPL,ENGINEERING,TrackTamping,2025-07-14T00:00:00,2.4,545630.0,286
HIS-002530,AST-S_A-0102,SEC-RKMP-BPL,S_AND_T,AxleCounterCalibration,2023-08-22T00:00:00,7.8,323198.0,252
HIS-002531,AST-S_A-0063,SEC-RKMP-BPL,S_AND_T,SignalCableRenewal,2023-12-22T00:00:00,1.6,449951.0,156
HIS-002532,AST-S_A-0337,SEC-RKMP-BPL,S_AND_T,PointMachineOverhaul,2025-05-03T00:00:00,4.5,511474.0,170
HIS-002533,AST-S_A-0423,SEC-RKMP-BPL,S_AND_T,PointMachineOverhaul,2025-09-08T00:00:00,6.8,376799.0,432
HIS-002534,AST-S_A-0390,SEC-RKMP-BPL,S_AND_T,AxleCounterCalibration,2026-02-19T00:00:00,2.1,627277.0,404
HIS-002535,AST-S_A-0030,SEC-RKMP-BPL,S_AND_T,TurnoutAdjustment,2022-11-16T00:00:00,5.2,308393.0,195
HIS-002536,AST-ENG-0056,SEC-RKMP-BPL,ENGINEERING,TrackTamping,2023-06-09T00:00:00,2.2,106799.0,185
HIS-002537,AST-TRA-0005,SEC-RKMP-BPL,TRACTION,DropperReplacement,2026-06-07T00:00:00,4.6,231673.0,288
HIS-002538,AST-TRA-0303,SEC-RKMP-BPL,TRACTION,OHEInspection,2022-12-11T00:00:00,1.6,616270.0,211
HIS-002539,AST-S_A-0147,SEC-RKMP-BPL,S_AND_T,SignalCableRenewal,2025-12-29T00:00:00,3.4,161400.0,174
HIS-002540,AST-ENG-0263,SEC-RKMP-BPL,ENGINEERING,TrackTamping,2021-11-22T00:00:00,7.7,457731.0,114
HIS-002541,AST-ENG-0181,SEC-RKMP-BPL,ENGINEERING,JointWelding,2022-12-04T00:00:00,6.4,498197.0,399
HIS-002542,AST-S_A-0022,SEC-RKMP-BPL,S_AND_T,SignalCableRenewal,2025-11-29T00:00:00,5.4,176774.0,157
HIS-002543,AST-ENG-0488,SEC-RKMP-BPL,ENGINEERING,SleeperRenewal,2025-07-29T00:00:00,2.8,581741.0,366
HIS-002544,AST-S_A-0306,SEC-RKMP-BPL,S_AND_T,AxleCounterCalibration,2025-01-20T00:00:00,4.6,578854.0,221
HIS-002545,AST-S_A-0198,SEC-RKMP-BPL,S_AND_T,SignalCableRenewal,2023-01-12T00:00:00,5.7,97920.0,83
HIS-002546,AST-TRA-0096,SEC-RKMP-BPL,TRACTION,DropperReplacement,2025-11-12T00:00:00,1.5,379230.0,205
HIS-002547,AST-TRA-0042,SEC-RKMP-BPL,TRACTION,InsulatorReplacement,2026-06-10T00:00:00,7.4,477940.0,449
HIS-002548,AST-S_A-0345,SEC-RKMP-BPL,S_AND_T,SignalCableRenewal,2023-10-17T00:00:00,5.9,627135.0,421
HIS-002549,AST-S_A-0054,SEC-RKMP-BPL,S_AND_T,TurnoutAdjustment,2024-04-17T00:00:00,6.2,467973.0,259
HIS-002550,AST-ENG-0434,SEC-RKMP-BPL,ENGINEERING,TrackTamping,2022-03-29T00:00:00,6.4,333090.0,272
HIS-002551,AST-TRA-0051,SEC-RKMP-BPL,TRACTION,OHEInspection,2024-10-07T00:00:00,3.1,247181.0,383
HIS-002552,AST-ENG-0028,SEC-RKMP-BPL,ENGINEERING,TrackTamping,2025-07-17T00:00:00,2.2,481254.0,301
HIS-002553,AST-ENG-0304,SEC-RKMP-BPL,ENGINEERING,JointWelding,2026-04-18T00:00:00,1.4,410605.0,106
HIS-002554,AST-ENG-0241,SEC-RKMP-BPL,ENGINEERING,SleeperRenewal,2022-04-05T00:00:00,1.4,89345.0,183
HIS-002555,AST-ENG-0259,SEC-RKMP-BPL,ENGINEERING,JointWelding,2025-05-23T00:00:00,4.9,38587.0,283
HIS-002556,AST-S_A-0075,SEC-RKMP-BPL,S_AND_T,SignalCableRenewal,2026-04-04T00:00:00,1.8,42037.0,176
HIS-002557,AST-ENG-0217,SEC-RKMP-BPL,ENGINEERING,RailGrinding,2024-06-12T00:00:00,5.4,283352.0,98
HIS-002558,AST-TRA-0438,SEC-RKMP-BPL,TRACTION,ContactWireReplacement,2024-02-12T00:00:00,6.2,569592.0,216
HIS-002559,AST-ENG-0082,SEC-RKMP-BPL,ENGINEERING,JointWelding,2022-05-03T00:00:00,1.9,347102.0,310
HIS-002560,AST-ENG-0271,SEC-RKMP-BPL,ENGINEERING,RailGrinding,2023-02-12T00:00:00,2.7,439999.0,230
HIS-002561,AST-TRA-0122,SEC-RKMP-BPL,TRACTION,InsulatorReplacement,2021-10-28T00:00:00,4.3,333008.0,473
HIS-002562,AST-S_A-0117,SEC-RKMP-BPL,S_AND_T,SignalCableRenewal,2023-01-14T00:00:00,2.0,395998.0,438
HIS-002563,AST-S_A-0157,SEC-RKMP-BPL,S_AND_T,SignalCableRenewal,2021-12-06T00:00:00,1.2,396443.0,139
HIS-002564,AST-S_A-0094,SEC-RKMP-BPL,S_AND_T,AxleCounterCalibration,2023-07-10T00:00:00,2.3,160558.0,337
HIS-002565,AST-S_A-0057,SEC-RKMP-BPL,S_AND_T,TurnoutAdjustment,2023-03-18T00:00:00,4.0,485921.0,116
HIS-002566,AST-S_A-0391,SEC-RKMP-BPL,S_AND_T,TurnoutAdjustment,2026-06-04T00:00:00,5.0,414427.0,342
HIS-002567,AST-S_A-0279,SEC-RKMP-BPL,S_AND_T,PointMachineOverhaul,2026-08-12T00:00:00,4.6,101467.0,284
HIS-002568,AST-ENG-0065,SEC-RKMP-BPL,ENGINEERING,JointWelding,2025-05-09T00:00:00,1.0,618124.0,183
HIS-002569,AST-ENG-0226,SEC-RKMP-BPL,ENGINEERING,JointWelding,2025-12-01T00:00:00,5.0,349736.0,408
HIS-002570,AST-S_A-0423,SEC-RKMP-BPL,S_AND_T,PointMachineOverhaul,2022-08-13T00:00:00,4.1,548240.0,301
HIS-002571,AST-ENG-0388,SEC-RKMP-BPL,ENGINEERING,RailGrinding,2022-06-16T00:00:00,2.3,158695.0,335
HIS-002572,AST-ENG-0443,SEC-RKMP-BPL,ENGINEERING,JointWelding,2025-03-13T00:00:00,2.4,331496.0,350
HIS-002573,AST-S_A-0107,SEC-RKMP-BPL,S_AND_T,TurnoutAdjustment,2021-10-06T00:00:00,6.4,208125.0,10
HIS-002574,AST-S_A-0278,SEC-RKMP-BPL,S_AND_T,TurnoutAdjustment,2021-10-29T00:00:00,2.2,249814.0,346
HIS-002575,AST-S_A-0021,SEC-RKMP-BPL,S_AND_T,AxleCounterCalibration,2026-08-17T00:00:00,6.6,504273.0,338
HIS-002576,AST-ENG-0011,SEC-RKMP-BPL,ENGINEERING,TrackTamping,2025-07-17T00:00:00,3.2,247187.0,362
HIS-002577,AST-TRA-0059,SEC-RKMP-BPL,TRACTION,DropperReplacement,2026-02-23T00:00:00,1.0,374438.0,137
HIS-002578,AST-ENG-0388,SEC-RKMP-BPL,ENGINEERING,TrackTamping,2025-11-02T00:00:00,1.6,126215.0,262
HIS-002579,AST-S_A-0332,SEC-RKMP-BPL,S_AND_T,PointMachineOverhaul,2024-12-01T00:00:00,4.2,251826.0,215
HIS-002580,AST-TRA-0051,SEC-RKMP-BPL,TRACTION,OHEInspection,2026-02-24T00:00:00,4.1,192966.0,352
HIS-002581,AST-ENG-0304,SEC-RKMP-BPL,ENGINEERING,RailGrinding,2025-02-19T00:00:00,1.6,219006.0,217
HIS-002582,AST-S_A-0189,SEC-RKMP-BPL,S_AND_T,AxleCounterCalibration,2026-06-07T00:00:00,3.6,551096.0,34
HIS-002583,AST-S_A-0279,SEC-RKMP-BPL,S_AND_T,AxleCounterCalibration,2023-12-17T00:00:00,6.0,375105.0,414
HIS-002584,AST-ENG-0016,SEC-RKMP-BPL,ENGINEERING,BallastCleaning,2022-05-27T00:00:00,3.3,158404.0,239
HIS-002585,AST-S_A-0161,SEC-RKMP-BPL,S_AND_T,SignalCableRenewal,2021-11-22T00:00:00,3.4,608219.0,130
HIS-002586,AST-S_A-0111,SEC-RKMP-BPL,S_AND_T,SignalCableRenewal,2024-04-09T00:00:00,5.6,530290.0,132
HIS-002587,AST-S_A-0102,SEC-RKMP-BPL,S_AND_T,PointMachineOverhaul,2024-08-02T00:00:00,7.7,439036.0,318
HIS-002588,AST-S_A-0035,SEC-RKMP-BPL,S_AND_T,TurnoutAdjustment,2024-03-24T00:00:00,7.8,400719.0,375
HIS-002589,AST-S_A-0472,SEC-RKMP-BPL,S_AND_T,AxleCounterCalibration,2025-04-15T00:00:00,6.5,256271.0,61
HIS-002590,AST-ENG-0493,SEC-RKMP-BPL,ENGINEERING,BallastCleaning,2026-08-05T00:00:00,3.4,209212.0,473
HIS-002591,AST-S_A-0216,SEC-RKMP-BPL,S_AND_T,AxleCounterCalibration,2023-09-13T00:00:00,1.1,271453.0,262
HIS-002592,AST-S_A-0071,SEC-RKMP-BPL,S_AND_T,AxleCounterCalibration,2025-04-29T00:00:00,3.1,136705.0,243
HIS-002593,AST-TRA-0320,SEC-RKMP-BPL,TRACTION,DropperReplacement,2023-04-23T00:00:00,1.4,333574.0,349
HIS-002594,AST-ENG-0304,SEC-RKMP-BPL,ENGINEERING,SleeperRenewal,2025-04-27T00:00:00,7.2,496274.0,229
HIS-002595,AST-TRA-0177,SEC-RKMP-BPL,TRACTION,DropperReplacement,2021-10-16T00:00:00,1.4,257959.0,248
HIS-002596,AST-ENG-0367,SEC-RKMP-BPL,ENGINEERING,RailGrinding,2022-12-04T00:00:00,2.1,494824.0,288
HIS-002597,AST-TRA-0077,SEC-RKMP-BPL,TRACTION,ContactWireReplacement,2026-06-25T00:00:00,1.9,577598.0,436
HIS-002598,AST-S_A-0031,SEC-RKMP-BPL,S_AND_T,TurnoutAdjustment,2021-11-19T00:00:00,1.5,376319.0,372
HIS-002599,AST-S_A-0071,SEC-RKMP-BPL,S_AND_T,TurnoutAdjustment,2023-02-21T00:00:00,1.1,151154.0,283
HIS-002600,AST-TRA-0320,SEC-RKMP-BPL,TRACTION,DropperReplacement,2023-08-22T00:00:00,4.3,360418.0,488
HIS-002601,AST-ENG-0308,SEC-RKMP-BPL,ENGINEERING,JointWelding,2024-01-16T00:00:00,4.6,276933.0,413
HIS-002602,AST-TRA-0401,SEC-RKMP-BPL,TRACTION,InsulatorReplacement,2024-02-19T00:00:00,3.9,255261.0,176
HIS-002603,AST-ENG-0065,SEC-RKMP-BPL,ENGINEERING,RailGrinding,2023-12-19T00:00:00,5.8,572106.0,142
HIS-002604,AST-ENG-0038,SEC-RKMP-BPL,ENGINEERING,BallastCleaning,2023-01-24T00:00:00,6.7,357375.0,221
HIS-002605,AST-S_A-0408,SEC-RKMP-BPL,S_AND_T,AxleCounterCalibration,2021-11-20T00:00:00,6.3,97248.0,18
HIS-002606,AST-S_A-0391,SEC-RKMP-BPL,S_AND_T,SignalCableRenewal,2023-10-27T00:00:00,3.3,184055.0,546
HIS-002607,AST-S_A-0436,SEC-RKMP-BPL,S_AND_T,PointMachineOverhaul,2024-10-14T00:00:00,1.3,50733.0,195
HIS-002608,AST-ENG-0376,SEC-RKMP-BPL,ENGINEERING,RailGrinding,2023-11-23T00:00:00,4.4,158514.0,478
HIS-002609,AST-TRA-0329,SEC-RKMP-BPL,TRACTION,InsulatorReplacement,2022-12-23T00:00:00,7.8,284979.0,517
HIS-002610,AST-ENG-0101,SEC-RKMP-BPL,ENGINEERING,SleeperRenewal,2022-10-28T00:00:00,1.7,558674.0,177
HIS-002611,AST-ENG-0028,SEC-RKMP-BPL,ENGINEERING,JointWelding,2026-01-08T00:00:00,4.3,94063.0,281
HIS-002612,AST-S_A-0297,SEC-RKMP-BPL,S_AND_T,PointMachineOverhaul,2021-12-04T00:00:00,6.8,96581.0,152
HIS-002613,AST-ENG-0199,SEC-RKMP-BPL,ENGINEERING,SleeperRenewal,2022-09-21T00:00:00,7.6,118974.0,86
HIS-002614,AST-TRA-0437,SEC-RKMP-BPL,TRACTION,InsulatorReplacement,2022-10-29T00:00:00,6.7,387084.0,97
HIS-002615,AST-ENG-0334,SEC-RKMP-BPL,ENGINEERING,SleeperRenewal,2023-07-03T00:00:00,2.7,492968.0,269
HIS-002616,AST-ENG-0124,SEC-RKMP-BPL,ENGINEERING,BallastCleaning,2024-06-07T00:00:00,2.5,643406.0,345
HIS-002617,AST-ENG-0268,SEC-RKMP-BPL,ENGINEERING,JointWelding,2025-05-07T00:00:00,3.9,191567.0,224
HIS-002618,AST-TRA-0455,SEC-RKMP-BPL,TRACTION,OHEInspection,2026-06-17T00:00:00,7.7,379346.0,471
HIS-002619,AST-S_A-0458,SEC-RKMP-BPL,S_AND_T,AxleCounterCalibration,2022-05-11T00:00:00,7.1,507035.0,296
HIS-002620,AST-TRA-0194,SEC-RKMP-BPL,TRACTION,DropperReplacement,2026-03-05T00:00:00,1.5,127907.0,245
HIS-002621,AST-TRA-0122,SEC-RKMP-BPL,TRACTION,OHEInspection,2026-05-31T00:00:00,2.9,499153.0,452
HIS-002622,AST-ENG-0295,SEC-RKMP-BPL,ENGINEERING,TrackTamping,2024-02-14T00:00:00,2.6,222339.0,361
HIS-002623,AST-S_A-0418,SEC-RKMP-BPL,S_AND_T,TurnoutAdjustment,2023-04-24T00:00:00,7.3,307214.0,102
HIS-002624,AST-ENG-0358,SEC-RKMP-BPL,ENGINEERING,BallastCleaning,2023-12-04T00:00:00,6.1,639386.0,268
HIS-002625,AST-ENG-0352,SEC-RKMP-BPL,ENGINEERING,SleeperRenewal,2025-08-06T00:00:00,5.5,407400.0,367
HIS-002626,AST-TRA-0320,SEC-RKMP-BPL,TRACTION,OHEInspection,2026-08-16T00:00:00,7.9,124271.0,414
HIS-002627,AST-ENG-0475,SEC-RKMP-BPL,ENGINEERING,TrackTamping,2022-02-02T00:00:00,4.7,619585.0,247
HIS-002628,AST-S_A-0094,SEC-RKMP-BPL,S_AND_T,SignalCableRenewal,2021-11-05T00:00:00,2.8,163228.0,372
HIS-002629,AST-S_A-0021,SEC-RKMP-BPL,S_AND_T,SignalCableRenewal,2024-10-20T00:00:00,2.3,421846.0,149
HIS-002630,AST-S_A-0183,SEC-RKMP-BPL,S_AND_T,PointMachineOverhaul,2026-07-01T00:00:00,1.4,150553.0,268
HIS-002631,AST-S_A-0153,SEC-RKMP-BPL,S_AND_T,SignalCableRenewal,2025-06-29T00:00:00,7.6,213288.0,261
HIS-002632,AST-TRA-0024,SEC-RKMP-BPL,TRACTION,DropperReplacement,2021-09-14T00:00:00,2.1,440776.0,453
HIS-002633,AST-TRA-0374,SEC-RKMP-BPL,TRACTION,ContactWireReplacement,2024-10-01T00:00:00,3.7,54939.0,365
HIS-002634,AST-ENG-0439,SEC-RKMP-BPL,ENGINEERING,RailGrinding,2024-03-02T00:00:00,5.8,131321.0,326
HIS-002635,AST-ENG-0497,SEC-RKMP-BPL,ENGINEERING,SleeperRenewal,2026-07-07T00:00:00,2.0,38697.0,280
HIS-002636,AST-S_A-0318,SEC-RKMP-BPL,S_AND_T,PointMachineOverhaul,2022-07-27T00:00:00,7.7,341897.0,112
HIS-002637,AST-ENG-0097,SEC-RKMP-BPL,ENGINEERING,SleeperRenewal,2025-11-18T00:00:00,2.5,358025.0,190
HIS-002638,AST-ENG-0299,SEC-RKMP-BPL,ENGINEERING,BallastCleaning,2025-09-21T00:00:00,1.2,25558.0,430
HIS-002639,AST-S_A-0139,SEC-RKMP-BPL,S_AND_T,AxleCounterCalibration,2024-01-27T00:00:00,5.6,75359.0,464
HIS-002640,AST-S_A-0382,SEC-RKMP-BPL,S_AND_T,PointMachineOverhaul,2025-09-05T00:00:00,3.5,549290.0,310
HIS-002641,AST-ENG-0115,SEC-RKMP-BPL,ENGINEERING,SleeperRenewal,2025-08-10T00:00:00,7.8,168439.0,152
HIS-002642,AST-ENG-0268,SEC-RKMP-BPL,ENGINEERING,SleeperRenewal,2024-07-24T00:00:00,1.5,647953.0,323
HIS-002643,AST-S_A-0327,SEC-RKMP-BPL,S_AND_T,PointMachineOverhaul,2021-12-25T00:00:00,4.2,416361.0,415
HIS-002644,AST-S_A-0156,SEC-RKMP-BPL,S_AND_T,PointMachineOverhaul,2025-08-25T00:00:00,1.6,440308.0,446
HIS-002645,AST-ENG-0052,SEC-RKMP-BPL,ENGINEERING,BallastCleaning,2025-02-22T00:00:00,2.7,358865.0,349
HIS-002646,AST-S_A-0192,SEC-RKMP-BPL,S_AND_T,AxleCounterCalibration,2026-08-17T00:00:00,5.2,482138.0,348
HIS-002647,AST-S_A-0405,SEC-RKMP-BPL,S_AND_T,AxleCounterCalibration,2025-09-08T00:00:00,3.9,110250.0,382
HIS-002648,AST-ENG-0091,SEC-RKMP-BPL,ENGINEERING,JointWelding,2024-04-30T00:00:00,7.0,133608.0,590
HIS-002649,AST-ENG-0433,SEC-RKMP-BPL,ENGINEERING,BallastCleaning,2022-08-21T00:00:00,7.2,72056.0,332
HIS-002650,AST-TRA-0402,SEC-RKMP-BPL,TRACTION,ContactWireReplacement,2022-01-06T00:00:00,5.6,191871.0,229
HIS-002651,AST-ENG-0250,SEC-RKMP-BPL,ENGINEERING,TrackTamping,2024-10-20T00:00:00,7.0,111784.0,229
HIS-002652,AST-S_A-0291,SEC-RKMP-BPL,S_AND_T,SignalCableRenewal,2022-01-08T00:00:00,1.1,582613.0,151
HIS-002653,AST-S_A-0342,SEC-RKMP-BPL,S_AND_T,PointMachineOverhaul,2022-11-22T00:00:00,2.0,67061.0,343
HIS-002654,AST-TRA-0032,SEC-RKMP-BPL,TRACTION,OHEInspection,2022-07-10T00:00:00,7.8,66895.0,271
HIS-002655,AST-ENG-0047,SEC-RKMP-BPL,ENGINEERING,JointWelding,2024-12-02T00:00:00,5.6,576743.0,114
HIS-002656,AST-TRA-0249,SEC-RKMP-BPL,TRACTION,OHEInspection,2022-09-10T00:00:00,3.5,425101.0,440
HIS-002657,AST-S_A-0175,SEC-RKMP-BPL,S_AND_T,PointMachineOverhaul,2022-07-27T00:00:00,4.6,435455.0,472
HIS-002658,AST-ENG-0344,SEC-RKMP-BPL,ENGINEERING,BallastCleaning,2023-01-28T00:00:00,2.5,408870.0,397
HIS-002659,AST-S_A-0368,SEC-RKMP-BPL,S_AND_T,PointMachineOverhaul,2024-06-13T00:00:00,7.4,566776.0,607
HIS-002660,AST-S_A-0404,SEC-RKMP-BPL,S_AND_T,PointMachineOverhaul,2023-10-15T00:00:00,1.2,312573.0,476
HIS-002661,AST-S_A-0273,SEC-RKMP-BPL,S_AND_T,AxleCounterCalibration,2023-05-14T00:00:00,3.3,135567.0,424
HIS-002662,AST-TRA-0050,SEC-RKMP-BPL,TRACTION,ContactWireReplacement,2023-04-18T00:00:00,3.1,121549.0,350
HIS-002663,AST-S_A-0372,SEC-RKMP-BPL,S_AND_T,SignalCableRenewal,2026-02-08T00:00:00,1.8,423326.0,232
HIS-002664,AST-ENG-0106,SEC-RKMP-BPL,ENGINEERING,TrackTamping,2021-12-19T00:00:00,2.7,608248.0,428
HIS-002665,AST-S_A-0013,SEC-RKMP-BPL,S_AND_T,SignalCableRenewal,2025-09-28T00:00:00,5.4,306712.0,416
HIS-002666,AST-TRA-0069,SEC-RKMP-BPL,TRACTION,OHEInspection,2026-06-16T00:00:00,5.8,489068.0,432
HIS-002667,AST-S_A-0377,SEC-RKMP-BPL,S_AND_T,PointMachineOverhaul,2022-07-05T00:00:00,2.1,306326.0,422
HIS-002668,AST-TRA-0267,SEC-RKMP-BPL,TRACTION,DropperReplacement,2022-04-02T00:00:00,6.7,419794.0,364
HIS-002669,AST-ENG-0043,SEC-RKMP-BPL,ENGINEERING,SleeperRenewal,2022-11-29T00:00:00,3.1,383783.0,410
HIS-002670,AST-ENG-0190,SEC-RKMP-BPL,ENGINEERING,JointWelding,2023-07-06T00:00:00,5.8,391350.0,229
HIS-002671,AST-ENG-0304,SEC-RKMP-BPL,ENGINEERING,RailGrinding,2023-02-20T00:00:00,2.1,373830.0,150
HIS-002672,AST-S_A-0198,SEC-RKMP-BPL,S_AND_T,SignalCableRenewal,2022-10-12T00:00:00,2.0,160598.0,197
HIS-002673,AST-TRA-0347,SEC-RKMP-BPL,TRACTION,ContactWireReplacement,2025-09-19T00:00:00,4.2,572556.0,201
HIS-002674,AST-TRA-0356,SEC-RKMP-BPL,TRACTION,InsulatorReplacement,2025-07-09T00:00:00,7.1,588444.0,41
HIS-002675,AST-S_A-0093,SEC-RKMP-BPL,S_AND_T,AxleCounterCalibration,2021-11-20T00:00:00,3.0,549791.0,540
HIS-002676,AST-S_A-0117,SEC-RKMP-BPL,S_AND_T,PointMachineOverhaul,2022-12-13T00:00:00,2.8,382988.0,584
HIS-002677,AST-TRA-0104,SEC-RKMP-BPL,TRACTION,ContactWireReplacement,2025-07-10T00:00:00,2.7,367146.0,189
HIS-002678,AST-S_A-0184,SEC-RKMP-BPL,S_AND_T,TurnoutAdjustment,2026-08-28T00:00:00,4.6,546811.0,183
HIS-002679,AST-ENG-0448,SEC-RKMP-BPL,ENGINEERING,RailGrinding,2026-07-13T00:00:00,4.2,307041.0,313
HIS-002680,AST-TRA-0312,SEC-RKMP-BPL,TRACTION,OHEInspection,2025-07-01T00:00:00,7.4,247487.0,252
HIS-002681,AST-ENG-0070,SEC-RKMP-BPL,ENGINEERING,SleeperRenewal,2026-04-11T00:00:00,7.3,171291.0,255
HIS-002682,AST-S_A-0112,SEC-RKMP-BPL,S_AND_T,PointMachineOverhaul,2026-03-24T00:00:00,3.9,419174.0,148
HIS-002683,AST-S_A-0012,SEC-RKMP-BPL,S_AND_T,TurnoutAdjustment,2023-11-16T00:00:00,6.9,616042.0,203
HIS-002684,AST-TRA-0419,SEC-RKMP-BPL,TRACTION,InsulatorReplacement,2023-10-07T00:00:00,4.3,555642.0,490
HIS-002685,AST-ENG-0385,SEC-RKMP-BPL,ENGINEERING,TrackTamping,2025-06-22T00:00:00,6.8,178981.0,148
HIS-002686,AST-TRA-0311,SEC-RKMP-BPL,TRACTION,DropperReplacement,2025-01-25T00:00:00,7.0,438985.0,375
HIS-002687,AST-ENG-0466,SEC-RKMP-BPL,ENGINEERING,RailGrinding,2024-09-22T00:00:00,3.7,546441.0,344
HIS-002688,AST-S_A-0039,SEC-RKMP-BPL,S_AND_T,TurnoutAdjustment,2024-08-12T00:00:00,2.8,501120.0,163
HIS-002689,AST-S_A-0255,SEC-RKMP-BPL,S_AND_T,AxleCounterCalibration,2021-11-30T00:00:00,2.6,194672.0,374
HIS-002690,AST-ENG-0205,SEC-RKMP-BPL,ENGINEERING,JointWelding,2022-09-22T00:00:00,4.4,457590.0,488
HIS-002691,AST-S_A-0143,SEC-RKMP-BPL,S_AND_T,PointMachineOverhaul,2022-10-18T00:00:00,6.4,520697.0,417
HIS-002692,AST-TRA-0258,SEC-RKMP-BPL,TRACTION,DropperReplacement,2022-08-07T00:00:00,5.4,607457.0,440
HIS-002693,AST-TRA-0032,SEC-RKMP-BPL,TRACTION,DropperReplacement,2022-10-23T00:00:00,7.2,421731.0,344
HIS-002694,AST-S_A-0279,SEC-RKMP-BPL,S_AND_T,SignalCableRenewal,2022-02-19T00:00:00,4.5,247527.0,391
HIS-002695,AST-ENG-0146,SEC-RKMP-BPL,ENGINEERING,TrackTamping,2022-04-24T00:00:00,1.8,344552.0,423
HIS-002696,AST-S_A-0009,SEC-RKMP-BPL,S_AND_T,SignalCableRenewal,2023-05-16T00:00:00,6.4,269323.0,182
HIS-002697,AST-ENG-0169,SEC-RKMP-BPL,ENGINEERING,BallastCleaning,2022-11-14T00:00:00,4.8,332531.0,364
HIS-002698,AST-ENG-0349,SEC-RKMP-BPL,ENGINEERING,RailGrinding,2024-08-15T00:00:00,4.1,519203.0,268
HIS-002699,AST-S_A-0315,SEC-RKMP-BPL,S_AND_T,PointMachineOverhaul,2023-07-05T00:00:00,4.1,500010.0,354
HIS-002700,AST-S_A-0152,SEC-RKMP-BPL,S_AND_T,AxleCounterCalibration,2023-09-25T00:00:00,2.4,477046.0,10
HIS-002701,AST-S_A-0210,SEC-RKMP-BPL,S_AND_T,PointMachineOverhaul,2025-06-05T00:00:00,4.0,542680.0,311
HIS-002702,AST-ENG-0109,SEC-RKMP-BPL,ENGINEERING,TrackTamping,2023-02-14T00:00:00,4.9,274414.0,357
HIS-002703,AST-ENG-0470,SEC-RKMP-BPL,ENGINEERING,TrackTamping,2026-04-25T00:00:00,2.7,603461.0,286
HIS-002704,AST-TRA-0123,SEC-RKMP-BPL,TRACTION,OHEInspection,2025-05-21T00:00:00,4.7,201342.0,10
HIS-002705,AST-S_A-0445,SEC-RKMP-BPL,S_AND_T,PointMachineOverhaul,2025-05-10T00:00:00,6.2,70989.0,185
HIS-002706,AST-ENG-0334,SEC-RKMP-BPL,ENGINEERING,JointWelding,2025-05-26T00:00:00,3.2,295988.0,178
HIS-002707,AST-S_A-0414,SEC-RKMP-BPL,S_AND_T,SignalCableRenewal,2021-11-23T00:00:00,4.0,281532.0,248
HIS-002708,AST-S_A-0333,SEC-RKMP-BPL,S_AND_T,PointMachineOverhaul,2024-11-29T00:00:00,2.9,607876.0,228
HIS-002709,AST-ENG-0416,SEC-RKMP-BPL,ENGINEERING,JointWelding,2024-03-22T00:00:00,6.1,539503.0,345
HIS-002710,AST-ENG-0361,SEC-RKMP-BPL,ENGINEERING,TrackTamping,2025-02-08T00:00:00,4.3,483087.0,217
HIS-002711,AST-TRA-0213,SEC-RKMP-BPL,TRACTION,OHEInspection,2022-05-04T00:00:00,3.3,338060.0,324
HIS-002712,AST-ENG-0056,SEC-RKMP-BPL,ENGINEERING,SleeperRenewal,2023-11-14T00:00:00,4.0,334224.0,217
HIS-002713,AST-ENG-0448,SEC-RKMP-BPL,ENGINEERING,BallastCleaning,2023-08-19T00:00:00,1.8,196674.0,371
HIS-002714,AST-TRA-0149,SEC-RKMP-BPL,TRACTION,ContactWireReplacement,2023-01-02T00:00:00,7.1,504176.0,351
HIS-002715,AST-TRA-0365,SEC-RKMP-BPL,TRACTION,OHEInspection,2022-02-17T00:00:00,7.0,405346.0,260
HIS-002716,AST-ENG-0227,SEC-RKMP-BPL,ENGINEERING,SleeperRenewal,2025-03-25T00:00:00,5.6,194996.0,175
HIS-002717,AST-ENG-0367,SEC-RKMP-BPL,ENGINEERING,JointWelding,2024-04-09T00:00:00,1.2,333192.0,97
HIS-002718,AST-ENG-0209,SEC-RKMP-BPL,ENGINEERING,JointWelding,2026-03-09T00:00:00,4.4,464847.0,370
HIS-002719,AST-ENG-0353,SEC-RKMP-BPL,ENGINEERING,SleeperRenewal,2026-02-07T00:00:00,2.1,414432.0,412
HIS-002720,AST-S_A-0130,SEC-RKMP-BPL,S_AND_T,PointMachineOverhaul,2022-10-09T00:00:00,6.4,501761.0,304
HIS-002721,AST-S_A-0387,SEC-RKMP-BPL,S_AND_T,AxleCounterCalibration,2024-06-22T00:00:00,3.2,408101.0,397
HIS-002722,AST-S_A-0301,SEC-RKMP-BPL,S_AND_T,SignalCableRenewal,2023-01-24T00:00:00,2.0,352400.0,274
HIS-002723,AST-ENG-0367,SEC-RKMP-BPL,ENGINEERING,JointWelding,2024-04-29T00:00:00,1.6,63212.0,156
HIS-002724,AST-S_A-0498,SEC-RKMP-BPL,S_AND_T,SignalCableRenewal,2024-06-02T00:00:00,1.6,599697.0,285
HIS-002725,AST-TRA-0150,SEC-RKMP-BPL,TRACTION,OHEInspection,2023-12-13T00:00:00,2.4,562493.0,257
HIS-002726,AST-S_A-0116,SEC-RKMP-BPL,S_AND_T,SignalCableRenewal,2023-08-16T00:00:00,2.0,521264.0,10
HIS-002727,AST-S_A-0345,SEC-RKMP-BPL,S_AND_T,AxleCounterCalibration,2023-03-24T00:00:00,5.3,315017.0,335
HIS-002728,AST-S_A-0211,SEC-RKMP-BPL,S_AND_T,TurnoutAdjustment,2023-01-22T00:00:00,2.6,374061.0,441
HIS-002729,AST-S_A-0328,SEC-RKMP-BPL,S_AND_T,TurnoutAdjustment,2025-04-26T00:00:00,7.9,465646.0,301
HIS-002730,AST-S_A-0296,SEC-RKMP-BPL,S_AND_T,SignalCableRenewal,2024-09-21T00:00:00,8.0,547980.0,200
HIS-002731,AST-S_A-0251,SEC-RKMP-BPL,S_AND_T,TurnoutAdjustment,2023-09-21T00:00:00,7.0,530652.0,402
HIS-002732,AST-ENG-0091,SEC-RKMP-BPL,ENGINEERING,JointWelding,2026-01-25T00:00:00,4.9,449936.0,385
HIS-002733,AST-S_A-0184,SEC-RKMP-BPL,S_AND_T,SignalCableRenewal,2023-02-21T00:00:00,6.0,111163.0,57
HIS-002734,AST-TRA-0455,SEC-RKMP-BPL,TRACTION,DropperReplacement,2023-05-11T00:00:00,2.3,184639.0,362
HIS-002735,AST-S_A-0234,SEC-RKMP-BPL,S_AND_T,AxleCounterCalibration,2025-07-07T00:00:00,5.9,482730.0,95
HIS-002736,AST-S_A-0422,SEC-RKMP-BPL,S_AND_T,SignalCableRenewal,2023-11-08T00:00:00,6.2,595921.0,386
HIS-002737,AST-S_A-0171,SEC-RKMP-BPL,S_AND_T,PointMachineOverhaul,2025-09-11T00:00:00,4.2,146248.0,322
HIS-002738,AST-TRA-0321,SEC-RKMP-BPL,TRACTION,InsulatorReplacement,2025-01-03T00:00:00,7.2,594957.0,326
HIS-002739,AST-TRA-0158,SEC-RKMP-BPL,TRACTION,DropperReplacement,2024-07-29T00:00:00,6.0,107028.0,284
HIS-002740,AST-S_A-0067,SEC-RKMP-BPL,S_AND_T,SignalCableRenewal,2026-06-13T00:00:00,6.8,491845.0,202
HIS-002741,AST-ENG-0236,SEC-RKMP-BPL,ENGINEERING,SleeperRenewal,2025-10-19T00:00:00,4.0,28882.0,46
HIS-002742,AST-ENG-0326,SEC-RKMP-BPL,ENGINEERING,RailGrinding,2025-12-03T00:00:00,1.9,486252.0,395
HIS-002743,AST-ENG-0461,SEC-RKMP-BPL,ENGINEERING,BallastCleaning,2025-03-21T00:00:00,3.8,258590.0,331
HIS-002744,AST-S_A-0498,SEC-RKMP-BPL,S_AND_T,TurnoutAdjustment,2022-05-15T00:00:00,3.9,90237.0,253
HIS-002745,AST-S_A-0436,SEC-RKMP-BPL,S_AND_T,PointMachineOverhaul,2025-11-16T00:00:00,1.6,427067.0,234
HIS-002746,AST-S_A-0210,SEC-RKMP-BPL,S_AND_T,AxleCounterCalibration,2024-06-30T00:00:00,6.6,121682.0,561
HIS-002747,AST-TRA-0302,SEC-RKMP-BPL,TRACTION,OHEInspection,2024-01-29T00:00:00,1.2,166298.0,185
HIS-002748,AST-ENG-0259,SEC-RKMP-BPL,ENGINEERING,RailGrinding,2022-09-04T00:00:00,6.3,303810.0,314
HIS-002749,AST-S_A-0162,SEC-RKMP-BPL,S_AND_T,TurnoutAdjustment,2026-09-08T00:00:00,1.9,437233.0,272
HIS-002750,AST-TRA-0023,SEC-RKMP-BPL,TRACTION,InsulatorReplacement,2023-09-16T00:00:00,6.5,277667.0,309
HIS-002751,AST-S_A-0481,SEC-RKMP-BPL,S_AND_T,SignalCableRenewal,2024-12-07T00:00:00,7.5,432511.0,296
HIS-002752,AST-ENG-0289,SEC-RKMP-BPL,ENGINEERING,SleeperRenewal,2025-09-18T00:00:00,1.7,327196.0,399
HIS-002753,AST-ENG-0046,SEC-RKMP-BPL,ENGINEERING,JointWelding,2022-11-25T00:00:00,7.0,44012.0,10
HIS-002754,AST-S_A-0234,SEC-RKMP-BPL,S_AND_T,SignalCableRenewal,2026-07-24T00:00:00,1.1,306326.0,10
HIS-002755,AST-TRA-0150,SEC-RKMP-BPL,TRACTION,DropperReplacement,2021-09-24T00:00:00,1.3,275662.0,291
HIS-002756,AST-S_A-0175,SEC-RKMP-BPL,S_AND_T,PointMachineOverhaul,2026-04-24T00:00:00,7.9,290519.0,354
HIS-002757,AST-ENG-0313,SEC-RKMP-BPL,ENGINEERING,RailGrinding,2022-04-26T00:00:00,1.9,489063.0,184
HIS-002758,AST-S_A-0103,SEC-RKMP-BPL,S_AND_T,TurnoutAdjustment,2022-08-31T00:00:00,3.9,569659.0,393
HIS-002759,AST-TRA-0068,SEC-RKMP-BPL,TRACTION,DropperReplacement,2024-09-05T00:00:00,1.7,492059.0,141
HIS-002760,AST-TRA-0420,SEC-RKMP-BPL,TRACTION,OHEInspection,2024-04-07T00:00:00,4.1,447359.0,206
HIS-002761,AST-S_A-0219,SEC-RKMP-BPL,S_AND_T,AxleCounterCalibration,2023-12-06T00:00:00,1.4,303195.0,451
HIS-002762,AST-S_A-0198,SEC-RKMP-BPL,S_AND_T,SignalCableRenewal,2023-02-02T00:00:00,3.5,554874.0,105
HIS-002763,AST-S_A-0233,SEC-RKMP-BPL,S_AND_T,PointMachineOverhaul,2022-11-27T00:00:00,7.5,327399.0,320
HIS-002764,AST-S_A-0495,SEC-RKMP-BPL,S_AND_T,PointMachineOverhaul,2025-05-16T00:00:00,6.4,298419.0,71
HIS-002765,AST-TRA-0483,SEC-RKMP-BPL,TRACTION,OHEInspection,2026-04-10T00:00:00,5.2,565856.0,270
HIS-002766,AST-S_A-0450,SEC-RKMP-BPL,S_AND_T,AxleCounterCalibration,2025-09-11T00:00:00,3.8,242099.0,381
HIS-002767,AST-ENG-0295,SEC-RKMP-BPL,ENGINEERING,JointWelding,2023-11-18T00:00:00,1.4,163021.0,225
HIS-002768,AST-S_A-0390,SEC-RKMP-BPL,S_AND_T,AxleCounterCalibration,2024-10-07T00:00:00,1.1,533322.0,413
HIS-002769,AST-TRA-0059,SEC-RKMP-BPL,TRACTION,DropperReplacement,2024-11-29T00:00:00,5.6,563644.0,112
HIS-002770,AST-S_A-0090,SEC-RKMP-BPL,S_AND_T,SignalCableRenewal,2026-04-30T00:00:00,1.0,211944.0,523
HIS-002771,AST-TRA-0041,SEC-RKMP-BPL,TRACTION,InsulatorReplacement,2026-01-12T00:00:00,7.6,380947.0,392
HIS-002772,AST-ENG-0272,SEC-RKMP-BPL,ENGINEERING,RailGrinding,2022-01-19T00:00:00,1.9,615576.0,351
HIS-002773,AST-S_A-0265,SEC-RKMP-BPL,S_AND_T,PointMachineOverhaul,2025-01-16T00:00:00,5.0,573802.0,10
HIS-002774,AST-S_A-0418,SEC-RKMP-BPL,S_AND_T,SignalCableRenewal,2022-11-27T00:00:00,2.0,450036.0,105
HIS-002775,AST-TRA-0383,SEC-RKMP-BPL,TRACTION,ContactWireReplacement,2025-11-19T00:00:00,1.2,164097.0,298
HIS-002776,AST-TRA-0078,SEC-RKMP-BPL,TRACTION,DropperReplacement,2022-01-24T00:00:00,7.8,641079.0,613
HIS-002777,AST-ENG-0092,SEC-RKMP-BPL,ENGINEERING,TrackTamping,2022-07-27T00:00:00,7.1,363667.0,365
HIS-002778,AST-S_A-0265,SEC-RKMP-BPL,S_AND_T,TurnoutAdjustment,2024-02-11T00:00:00,2.0,438184.0,99
HIS-002779,AST-TRA-0177,SEC-RKMP-BPL,TRACTION,InsulatorReplacement,2024-08-17T00:00:00,2.9,254062.0,65
HIS-002780,AST-S_A-0422,SEC-RKMP-BPL,S_AND_T,AxleCounterCalibration,2025-08-12T00:00:00,7.7,634266.0,186
HIS-002781,AST-TRA-0069,SEC-RKMP-BPL,TRACTION,DropperReplacement,2023-02-17T00:00:00,1.3,554411.0,446
HIS-002782,AST-S_A-0219,SEC-RKMP-BPL,S_AND_T,SignalCableRenewal,2024-08-02T00:00:00,3.0,32201.0,405
HIS-002783,AST-ENG-0478,SEC-RKMP-BPL,ENGINEERING,TrackTamping,2023-04-25T00:00:00,5.9,60392.0,585
HIS-002784,AST-TRA-0033,SEC-RKMP-BPL,TRACTION,OHEInspection,2024-07-02T00:00:00,2.3,540935.0,166
HIS-002785,AST-TRA-0330,SEC-RKMP-BPL,TRACTION,DropperReplacement,2025-11-16T00:00:00,6.3,586149.0,371
HIS-002786,AST-TRA-0014,SEC-RKMP-BPL,TRACTION,DropperReplacement,2021-10-05T00:00:00,1.0,357696.0,350
HIS-002787,AST-ENG-0083,SEC-RKMP-BPL,ENGINEERING,JointWelding,2022-05-06T00:00:00,5.5,257385.0,416
HIS-002788,AST-S_A-0220,SEC-RKMP-BPL,S_AND_T,AxleCounterCalibration,2024-12-19T00:00:00,2.7,371024.0,229
HIS-002789,AST-TRA-0032,SEC-RKMP-BPL,TRACTION,OHEInspection,2025-12-17T00:00:00,6.0,101368.0,295
HIS-002790,AST-S_A-0162,SEC-RKMP-BPL,S_AND_T,PointMachineOverhaul,2025-10-14T00:00:00,2.8,126141.0,303
HIS-002791,AST-S_A-0252,SEC-RKMP-BPL,S_AND_T,AxleCounterCalibration,2024-05-25T00:00:00,8.0,196754.0,177
HIS-002792,AST-TRA-0168,SEC-RKMP-BPL,TRACTION,InsulatorReplacement,2021-09-30T00:00:00,3.3,352636.0,313
HIS-002793,AST-ENG-0290,SEC-RKMP-BPL,ENGINEERING,RailGrinding,2025-08-21T00:00:00,7.0,458491.0,366
HIS-002794,AST-S_A-0332,SEC-RKMP-BPL,S_AND_T,AxleCounterCalibration,2023-02-05T00:00:00,4.4,278279.0,325
HIS-002795,AST-S_A-0274,SEC-RKMP-BPL,S_AND_T,AxleCounterCalibration,2024-09-14T00:00:00,5.1,253693.0,390
HIS-002796,AST-S_A-0359,SEC-RKMP-BPL,S_AND_T,AxleCounterCalibration,2026-08-07T00:00:00,4.5,562247.0,102
HIS-002797,AST-S_A-0108,SEC-RKMP-BPL,S_AND_T,TurnoutAdjustment,2025-06-13T00:00:00,1.9,469276.0,509
HIS-002798,AST-S_A-0147,SEC-RKMP-BPL,S_AND_T,SignalCableRenewal,2026-03-20T00:00:00,2.5,502661.0,91
HIS-002799,AST-TRA-0339,SEC-RKMP-BPL,TRACTION,DropperReplacement,2026-04-17T00:00:00,2.1,536292.0,144
HIS-002800,AST-ENG-0164,SEC-RKMP-BPL,ENGINEERING,RailGrinding,2021-09-10T00:00:00,1.8,138080.0,436
HIS-002801,AST-TRA-0132,SEC-RKMP-BPL,TRACTION,DropperReplacement,2024-08-18T00:00:00,3.9,67278.0,459
HIS-002802,AST-ENG-0154,SEC-RKMP-BPL,ENGINEERING,BallastCleaning,2024-03-27T00:00:00,2.9,140046.0,198
HIS-002803,AST-S_A-0189,SEC-RKMP-BPL,S_AND_T,AxleCounterCalibration,2024-01-29T00:00:00,7.3,223565.0,60
HIS-002804,AST-S_A-0417,SEC-RKMP-BPL,S_AND_T,SignalCableRenewal,2022-03-22T00:00:00,7.2,168602.0,384
HIS-002805,AST-TRA-0428,SEC-RKMP-BPL,TRACTION,ContactWireReplacement,2024-04-20T00:00:00,5.7,225594.0,144
HIS-002806,AST-ENG-0272,SEC-RKMP-BPL,ENGINEERING,JointWelding,2023-03-30T00:00:00,1.7,154102.0,353
HIS-002807,AST-S_A-0125,SEC-RKMP-BPL,S_AND_T,PointMachineOverhaul,2025-12-14T00:00:00,5.4,441033.0,213
HIS-002808,AST-TRA-0204,SEC-RKMP-BPL,TRACTION,InsulatorReplacement,2024-08-15T00:00:00,7.7,76431.0,275
HIS-002809,AST-S_A-0395,SEC-RKMP-BPL,S_AND_T,AxleCounterCalibration,2025-06-02T00:00:00,5.0,308275.0,227
HIS-002810,AST-S_A-0094,SEC-RKMP-BPL,S_AND_T,SignalCableRenewal,2023-02-06T00:00:00,7.9,70367.0,299
HIS-002811,AST-TRA-0221,SEC-RKMP-BPL,TRACTION,InsulatorReplacement,2024-01-16T00:00:00,7.2,104689.0,288
HIS-002812,AST-ENG-0298,SEC-RKMP-BPL,ENGINEERING,RailGrinding,2024-08-16T00:00:00,4.3,320161.0,10
HIS-002813,AST-TRA-0140,SEC-RKMP-BPL,TRACTION,ContactWireReplacement,2022-12-03T00:00:00,1.8,185507.0,428
HIS-002814,AST-S_A-0080,SEC-RKMP-BPL,S_AND_T,TurnoutAdjustment,2024-05-31T00:00:00,7.9,69483.0,416
HIS-002815,AST-ENG-0334,SEC-RKMP-BPL,ENGINEERING,RailGrinding,2026-06-09T00:00:00,5.3,484234.0,332
HIS-002816,AST-S_A-0391,SEC-RKMP-BPL,S_AND_T,TurnoutAdjustment,2024-04-06T00:00:00,5.9,325332.0,271
HIS-002817,AST-S_A-0333,SEC-RKMP-BPL,S_AND_T,SignalCableRenewal,2023-09-14T00:00:00,5.4,350853.0,282
HIS-002818,AST-ENG-0403,SEC-RKMP-BPL,ENGINEERING,RailGrinding,2024-01-03T00:00:00,1.9,613055.0,303
HIS-002819,AST-ENG-0254,SEC-RKMP-BPL,ENGINEERING,RailGrinding,2023-04-25T00:00:00,3.6,245859.0,93
HIS-002820,AST-S_A-0462,SEC-RKMP-BPL,S_AND_T,TurnoutAdjustment,2024-11-05T00:00:00,1.4,508974.0,376
HIS-002821,AST-ENG-0074,SEC-RKMP-BPL,ENGINEERING,RailGrinding,2022-02-06T00:00:00,7.9,242698.0,413
HIS-002822,AST-S_A-0139,SEC-RKMP-BPL,S_AND_T,TurnoutAdjustment,2022-01-20T00:00:00,1.5,406440.0,448
HIS-002823,AST-ENG-0244,SEC-RKMP-BPL,ENGINEERING,JointWelding,2021-11-06T00:00:00,3.1,308705.0,366
HIS-002824,AST-S_A-0372,SEC-RKMP-BPL,S_AND_T,SignalCableRenewal,2022-09-11T00:00:00,3.9,204569.0,270
HIS-002825,AST-S_A-0427,SEC-RKMP-BPL,S_AND_T,PointMachineOverhaul,2022-11-19T00:00:00,4.8,580051.0,141
HIS-002826,AST-S_A-0463,SEC-RKMP-BPL,S_AND_T,PointMachineOverhaul,2025-03-14T00:00:00,4.9,623561.0,382
HIS-002827,AST-ENG-0352,SEC-RKMP-BPL,ENGINEERING,SleeperRenewal,2026-04-23T00:00:00,3.1,131804.0,385
HIS-002828,AST-S_A-0219,SEC-RKMP-BPL,S_AND_T,TurnoutAdjustment,2024-09-18T00:00:00,4.4,229933.0,588
HIS-002829,AST-ENG-0433,SEC-RKMP-BPL,ENGINEERING,SleeperRenewal,2022-10-23T00:00:00,2.5,47132.0,488
HIS-002830,AST-S_A-0026,SEC-RKMP-BPL,S_AND_T,AxleCounterCalibration,2024-08-12T00:00:00,1.6,339556.0,394
HIS-002831,AST-S_A-0009,SEC-RKMP-BPL,S_AND_T,AxleCounterCalibration,2021-09-17T00:00:00,6.3,296025.0,191
HIS-002832,AST-ENG-0133,SEC-RKMP-BPL,ENGINEERING,JointWelding,2022-04-01T00:00:00,5.9,354504.0,365
HIS-002833,AST-S_A-0219,SEC-RKMP-BPL,S_AND_T,AxleCounterCalibration,2022-02-27T00:00:00,6.4,187461.0,491
HIS-002834,AST-S_A-0261,SEC-RKMP-BPL,S_AND_T,PointMachineOverhaul,2023-06-07T00:00:00,4.5,236404.0,259
HIS-002835,AST-ENG-0442,SEC-RKMP-BPL,ENGINEERING,JointWelding,2022-07-03T00:00:00,4.0,119878.0,339
HIS-002836,AST-S_A-0102,SEC-RKMP-BPL,S_AND_T,TurnoutAdjustment,2021-12-16T00:00:00,2.4,405177.0,372
HIS-002837,AST-S_A-0071,SEC-RKMP-BPL,S_AND_T,TurnoutAdjustment,2023-03-21T00:00:00,4.1,184659.0,269
HIS-002838,AST-S_A-0152,SEC-RKMP-BPL,S_AND_T,SignalCableRenewal,2025-08-09T00:00:00,1.1,454541.0,48
HIS-002839,AST-ENG-0397,SEC-RKMP-BPL,ENGINEERING,SleeperRenewal,2023-06-17T00:00:00,2.6,325910.0,242
HIS-002840,AST-TRA-0482,SEC-RKMP-BPL,TRACTION,ContactWireReplacement,2024-04-07T00:00:00,8.0,492635.0,210
HIS-002841,AST-S_A-0471,SEC-RKMP-BPL,S_AND_T,TurnoutAdjustment,2023-09-04T00:00:00,1.7,637687.0,272
HIS-002842,AST-TRA-0311,SEC-RKMP-BPL,TRACTION,OHEInspection,2022-12-20T00:00:00,3.9,633036.0,321
HIS-002843,AST-TRA-0474,SEC-RKMP-BPL,TRACTION,OHEInspection,2022-07-23T00:00:00,3.3,292942.0,291
HIS-002844,AST-ENG-0412,SEC-RKMP-BPL,ENGINEERING,BallastCleaning,2022-10-02T00:00:00,7.0,636799.0,107
HIS-002845,AST-ENG-0487,SEC-RKMP-BPL,ENGINEERING,TrackTamping,2024-10-05T00:00:00,7.6,486383.0,234
HIS-002846,AST-S_A-0036,SEC-RKMP-BPL,S_AND_T,TurnoutAdjustment,2025-03-29T00:00:00,3.7,329341.0,424
HIS-002847,AST-ENG-0317,SEC-RKMP-BPL,ENGINEERING,JointWelding,2025-06-07T00:00:00,7.9,320414.0,392
HIS-002848,AST-S_A-0404,SEC-RKMP-BPL,S_AND_T,SignalCableRenewal,2024-01-09T00:00:00,5.6,343457.0,404
HIS-002849,AST-S_A-0080,SEC-RKMP-BPL,S_AND_T,PointMachineOverhaul,2023-04-21T00:00:00,7.0,621952.0,275
HIS-002850,AST-TRA-0122,SEC-RKMP-BPL,TRACTION,InsulatorReplacement,2026-02-05T00:00:00,3.9,596007.0,376
HIS-002851,AST-S_A-0251,SEC-RKMP-BPL,S_AND_T,TurnoutAdjustment,2022-04-12T00:00:00,1.3,357730.0,455
HIS-002852,AST-S_A-0022,SEC-RKMP-BPL,S_AND_T,SignalCableRenewal,2024-03-31T00:00:00,2.7,514794.0,357
HIS-002853,AST-ENG-0199,SEC-RKMP-BPL,ENGINEERING,TrackTamping,2023-12-29T00:00:00,4.1,503269.0,30
HIS-002854,AST-S_A-0035,SEC-RKMP-BPL,S_AND_T,AxleCounterCalibration,2022-05-08T00:00:00,1.5,534069.0,466
HIS-002855,AST-S_A-0170,SEC-RKMP-BPL,S_AND_T,AxleCounterCalibration,2023-07-09T00:00:00,7.7,273719.0,364
HIS-002856,AST-S_A-0494,SEC-RKMP-BPL,S_AND_T,TurnoutAdjustment,2025-12-22T00:00:00,1.3,363325.0,168
HIS-002857,AST-S_A-0408,SEC-RKMP-BPL,S_AND_T,AxleCounterCalibration,2024-04-24T00:00:00,1.3,39802.0,185
HIS-002858,AST-ENG-0019,SEC-RKMP-BPL,ENGINEERING,BallastCleaning,2025-08-24T00:00:00,5.1,267090.0,229
HIS-002859,AST-S_A-0188,SEC-RKMP-BPL,S_AND_T,AxleCounterCalibration,2024-09-25T00:00:00,1.3,493296.0,187
HIS-002860,AST-ENG-0271,SEC-RKMP-BPL,ENGINEERING,JointWelding,2024-02-05T00:00:00,4.0,588189.0,297
HIS-002861,AST-TRA-0375,SEC-RKMP-BPL,TRACTION,ContactWireReplacement,2023-01-26T00:00:00,4.5,587591.0,366
HIS-002862,AST-S_A-0278,SEC-RKMP-BPL,S_AND_T,AxleCounterCalibration,2024-03-17T00:00:00,1.3,259495.0,467
HIS-002863,AST-S_A-0111,SEC-RKMP-BPL,S_AND_T,TurnoutAdjustment,2025-06-17T00:00:00,1.8,548570.0,118
HIS-002864,AST-ENG-0295,SEC-RKMP-BPL,ENGINEERING,SleeperRenewal,2025-11-15T00:00:00,7.7,222373.0,298
HIS-002865,AST-TRA-0168,SEC-RKMP-BPL,TRACTION,OHEInspection,2022-01-22T00:00:00,3.1,293646.0,271
HIS-002866,AST-TRA-0276,SEC-RKMP-BPL,TRACTION,InsulatorReplacement,2021-12-23T00:00:00,1.3,283302.0,467
HIS-002867,AST-ENG-0001,SEC-RKMP-BPL,ENGINEERING,SleeperRenewal,2022-05-06T00:00:00,6.9,232887.0,262
HIS-002868,AST-S_A-0053,SEC-RKMP-BPL,S_AND_T,SignalCableRenewal,2025-03-04T00:00:00,5.5,88778.0,159
HIS-002869,AST-TRA-0492,SEC-RKMP-BPL,TRACTION,InsulatorReplacement,2022-11-17T00:00:00,1.0,95552.0,313
HIS-002870,AST-ENG-0358,SEC-RKMP-BPL,ENGINEERING,RailGrinding,2024-01-24T00:00:00,7.1,53004.0,254
HIS-002871,AST-TRA-0140,SEC-RKMP-BPL,TRACTION,InsulatorReplacement,2024-01-05T00:00:00,3.0,647589.0,261
HIS-002872,AST-S_A-0282,SEC-RKMP-BPL,S_AND_T,PointMachineOverhaul,2024-03-18T00:00:00,4.8,608256.0,326
HIS-002873,AST-ENG-0376,SEC-RKMP-BPL,ENGINEERING,SleeperRenewal,2023-08-22T00:00:00,3.0,521934.0,420
HIS-002874,AST-S_A-0251,SEC-RKMP-BPL,S_AND_T,AxleCounterCalibration,2024-12-22T00:00:00,3.4,264295.0,324
HIS-002875,AST-S_A-0499,SEC-RKMP-BPL,S_AND_T,PointMachineOverhaul,2025-01-07T00:00:00,7.0,384622.0,407
HIS-002876,AST-S_A-0090,SEC-RKMP-BPL,S_AND_T,TurnoutAdjustment,2024-09-02T00:00:00,1.8,409563.0,483
HIS-002877,AST-S_A-0057,SEC-RKMP-BPL,S_AND_T,TurnoutAdjustment,2025-03-13T00:00:00,5.6,353261.0,163
HIS-002878,AST-ENG-0181,SEC-RKMP-BPL,ENGINEERING,JointWelding,2022-04-18T00:00:00,7.7,388665.0,292
HIS-002879,AST-S_A-0359,SEC-RKMP-BPL,S_AND_T,SignalCableRenewal,2023-12-26T00:00:00,7.7,353281.0,117
HIS-002880,AST-ENG-0299,SEC-RKMP-BPL,ENGINEERING,SleeperRenewal,2022-07-07T00:00:00,2.4,519550.0,433
HIS-002881,AST-S_A-0135,SEC-RKMP-BPL,S_AND_T,SignalCableRenewal,2023-08-14T00:00:00,1.8,179010.0,265
HIS-002882,AST-S_A-0228,SEC-RKMP-BPL,S_AND_T,PointMachineOverhaul,2026-05-21T00:00:00,3.9,50441.0,340
HIS-002883,AST-TRA-0392,SEC-RKMP-BPL,TRACTION,InsulatorReplacement,2025-10-23T00:00:00,4.6,504148.0,186
HIS-002884,AST-TRA-0015,SEC-RKMP-BPL,TRACTION,ContactWireReplacement,2024-03-06T00:00:00,7.5,41065.0,279
HIS-002885,AST-S_A-0359,SEC-RKMP-BPL,S_AND_T,TurnoutAdjustment,2025-08-18T00:00:00,1.5,165602.0,127
HIS-002886,AST-S_A-0126,SEC-RKMP-BPL,S_AND_T,TurnoutAdjustment,2022-01-16T00:00:00,5.0,484242.0,169
HIS-002887,AST-S_A-0319,SEC-RKMP-BPL,S_AND_T,AxleCounterCalibration,2022-06-07T00:00:00,6.7,310468.0,416
HIS-002888,AST-ENG-0205,SEC-RKMP-BPL,ENGINEERING,JointWelding,2024-09-20T00:00:00,5.4,301129.0,441
HIS-002889,AST-S_A-0450,SEC-RKMP-BPL,S_AND_T,PointMachineOverhaul,2025-03-10T00:00:00,2.8,567992.0,354
HIS-002890,AST-S_A-0084,SEC-RKMP-BPL,S_AND_T,TurnoutAdjustment,2023-08-27T00:00:00,3.8,479062.0,259
HIS-002891,AST-S_A-0427,SEC-RKMP-BPL,S_AND_T,SignalCableRenewal,2025-03-06T00:00:00,7.6,454221.0,349
HIS-002892,AST-ENG-0097,SEC-RKMP-BPL,ENGINEERING,BallastCleaning,2025-11-27T00:00:00,2.7,127550.0,336
HIS-002893,AST-S_A-0094,SEC-RKMP-BPL,S_AND_T,PointMachineOverhaul,2023-07-26T00:00:00,2.4,68210.0,375
HIS-002894,AST-ENG-0043,SEC-RKMP-BPL,ENGINEERING,SleeperRenewal,2023-10-15T00:00:00,4.0,449000.0,400
HIS-002895,AST-ENG-0245,SEC-RKMP-BPL,ENGINEERING,BallastCleaning,2026-05-16T00:00:00,6.1,177918.0,380
HIS-002896,AST-ENG-0353,SEC-RKMP-BPL,ENGINEERING,JointWelding,2022-03-07T00:00:00,2.7,354843.0,541
HIS-002897,AST-ENG-0124,SEC-RKMP-BPL,ENGINEERING,BallastCleaning,2023-01-18T00:00:00,6.4,46901.0,284
HIS-002898,AST-S_A-0171,SEC-RKMP-BPL,S_AND_T,TurnoutAdjustment,2025-08-29T00:00:00,6.2,329052.0,220
HIS-002899,AST-S_A-0045,SEC-RKMP-BPL,S_AND_T,SignalCableRenewal,2022-12-09T00:00:00,2.2,92979.0,382
HIS-002900,AST-S_A-0162,SEC-RKMP-BPL,S_AND_T,SignalCableRenewal,2024-04-25T00:00:00,4.3,304418.0,204
HIS-002901,AST-S_A-0080,SEC-RKMP-BPL,S_AND_T,AxleCounterCalibration,2023-11-04T00:00:00,5.1,367444.0,321
HIS-002902,AST-ENG-0317,SEC-RKMP-BPL,ENGINEERING,BallastCleaning,2023-10-01T00:00:00,2.5,166332.0,281
HIS-002903,AST-TRA-0303,SEC-RKMP-BPL,TRACTION,ContactWireReplacement,2026-03-15T00:00:00,3.2,392870.0,164
HIS-002904,AST-TRA-0141,SEC-RKMP-BPL,TRACTION,DropperReplacement,2022-03-22T00:00:00,7.2,602619.0,412
HIS-002905,AST-ENG-0271,SEC-RKMP-BPL,ENGINEERING,BallastCleaning,2023-12-28T00:00:00,1.3,92320.0,366
HIS-002906,AST-ENG-0397,SEC-RKMP-BPL,ENGINEERING,JointWelding,2025-02-25T00:00:00,4.0,327563.0,249
HIS-002907,AST-ENG-0047,SEC-RKMP-BPL,ENGINEERING,JointWelding,2026-07-10T00:00:00,7.6,277181.0,91
HIS-002908,AST-ENG-0118,SEC-RKMP-BPL,ENGINEERING,BallastCleaning,2022-03-26T00:00:00,4.7,488639.0,361
HIS-002909,AST-S_A-0179,SEC-RKMP-BPL,S_AND_T,PointMachineOverhaul,2023-12-23T00:00:00,4.5,157772.0,46
HIS-002910,AST-TRA-0104,SEC-RKMP-BPL,TRACTION,InsulatorReplacement,2025-05-01T00:00:00,5.2,440306.0,218
HIS-002911,AST-TRA-0393,SEC-RKMP-BPL,TRACTION,ContactWireReplacement,2026-03-08T00:00:00,7.1,173345.0,166
HIS-002912,AST-S_A-0251,SEC-RKMP-BPL,S_AND_T,SignalCableRenewal,2024-10-02T00:00:00,4.2,470394.0,403
HIS-002913,AST-S_A-0324,SEC-RKMP-BPL,S_AND_T,PointMachineOverhaul,2023-02-01T00:00:00,1.0,542117.0,361
HIS-002914,AST-S_A-0355,SEC-RKMP-BPL,S_AND_T,AxleCounterCalibration,2024-10-05T00:00:00,6.7,549669.0,299
HIS-002915,AST-S_A-0435,SEC-RKMP-BPL,S_AND_T,PointMachineOverhaul,2026-07-31T00:00:00,2.4,50754.0,356
HIS-002916,AST-ENG-0371,SEC-RKMP-BPL,ENGINEERING,JointWelding,2025-04-10T00:00:00,6.7,462858.0,388
HIS-002917,AST-ENG-0173,SEC-RKMP-BPL,ENGINEERING,SleeperRenewal,2024-02-27T00:00:00,7.8,132796.0,356
HIS-002918,AST-TRA-0041,SEC-RKMP-BPL,TRACTION,OHEInspection,2022-03-09T00:00:00,1.9,198785.0,513
HIS-002919,AST-S_A-0489,SEC-RKMP-BPL,S_AND_T,AxleCounterCalibration,2025-05-16T00:00:00,4.2,133039.0,221
HIS-002920,AST-TRA-0069,SEC-RKMP-BPL,TRACTION,InsulatorReplacement,2026-05-04T00:00:00,7.3,150159.0,474
HIS-002921,AST-S_A-0292,SEC-RKMP-BPL,S_AND_T,PointMachineOverhaul,2022-09-10T00:00:00,4.4,266470.0,433
HIS-002922,AST-S_A-0022,SEC-RKMP-BPL,S_AND_T,AxleCounterCalibration,2023-05-12T00:00:00,3.8,54889.0,228
HIS-002923,AST-TRA-0266,SEC-RKMP-BPL,TRACTION,InsulatorReplacement,2022-10-16T00:00:00,7.3,290425.0,353
HIS-002924,AST-S_A-0103,SEC-RKMP-BPL,S_AND_T,AxleCounterCalibration,2025-01-08T00:00:00,6.4,318892.0,428
HIS-002925,AST-S_A-0008,SEC-RKMP-BPL,S_AND_T,PointMachineOverhaul,2024-01-10T00:00:00,3.0,515010.0,198
HIS-002926,AST-S_A-0400,SEC-RKMP-BPL,S_AND_T,SignalCableRenewal,2023-09-10T00:00:00,5.0,576423.0,114
HIS-002927,AST-S_A-0120,SEC-RKMP-BPL,S_AND_T,AxleCounterCalibration,2026-08-07T00:00:00,6.2,588466.0,416
HIS-002928,AST-S_A-0174,SEC-RKMP-BPL,S_AND_T,SignalCableRenewal,2021-12-17T00:00:00,5.6,613966.0,89
HIS-002929,AST-S_A-0301,SEC-RKMP-BPL,S_AND_T,PointMachineOverhaul,2025-11-24T00:00:00,2.2,307091.0,208
HIS-002930,AST-S_A-0287,SEC-RKMP-BPL,S_AND_T,AxleCounterCalibration,2025-02-14T00:00:00,6.1,94469.0,371
HIS-002931,AST-ENG-0092,SEC-RKMP-BPL,ENGINEERING,RailGrinding,2026-03-25T00:00:00,1.3,262680.0,408
HIS-002932,AST-ENG-0190,SEC-RKMP-BPL,ENGINEERING,SleeperRenewal,2022-11-03T00:00:00,4.0,583479.0,253
HIS-002933,AST-ENG-0070,SEC-RKMP-BPL,ENGINEERING,BallastCleaning,2022-02-22T00:00:00,5.9,253882.0,553
HIS-002934,AST-ENG-0001,SEC-RKMP-BPL,ENGINEERING,SleeperRenewal,2023-04-30T00:00:00,3.8,202207.0,227
HIS-002935,AST-TRA-0267,SEC-RKMP-BPL,TRACTION,DropperReplacement,2022-09-12T00:00:00,1.6,48388.0,201
HIS-002936,AST-TRA-0221,SEC-RKMP-BPL,TRACTION,ContactWireReplacement,2022-08-26T00:00:00,4.6,295112.0,235
HIS-002937,AST-TRA-0276,SEC-RKMP-BPL,TRACTION,OHEInspection,2023-02-15T00:00:00,4.6,531351.0,380
HIS-002938,AST-ENG-0484,SEC-RKMP-BPL,ENGINEERING,BallastCleaning,2023-09-21T00:00:00,4.0,59068.0,148
HIS-002939,AST-TRA-0023,SEC-RKMP-BPL,TRACTION,InsulatorReplacement,2025-08-09T00:00:00,2.1,498456.0,234
HIS-002940,AST-TRA-0347,SEC-RKMP-BPL,TRACTION,ContactWireReplacement,2025-07-28T00:00:00,2.8,546359.0,401
HIS-002941,AST-ENG-0173,SEC-RKMP-BPL,ENGINEERING,JointWelding,2025-08-15T00:00:00,1.1,222732.0,325
HIS-002942,AST-S_A-0345,SEC-RKMP-BPL,S_AND_T,PointMachineOverhaul,2025-11-22T00:00:00,5.8,458631.0,448
HIS-002943,AST-S_A-0139,SEC-RKMP-BPL,S_AND_T,SignalCableRenewal,2023-09-24T00:00:00,7.2,540752.0,582
HIS-002944,AST-ENG-0038,SEC-RKMP-BPL,ENGINEERING,RailGrinding,2025-02-28T00:00:00,4.5,66230.0,212
HIS-002945,AST-TRA-0329,SEC-RKMP-BPL,TRACTION,DropperReplacement,2025-05-06T00:00:00,6.9,281610.0,517
HIS-002946,AST-S_A-0297,SEC-RKMP-BPL,S_AND_T,TurnoutAdjustment,2023-08-18T00:00:00,4.9,55354.0,202
HIS-002947,AST-S_A-0350,SEC-RKMP-BPL,S_AND_T,AxleCounterCalibration,2026-08-07T00:00:00,5.8,195273.0,286
HIS-002948,AST-TRA-0375,SEC-RKMP-BPL,TRACTION,InsulatorReplacement,2023-04-18T00:00:00,6.6,479359.0,240
HIS-002949,AST-S_A-0036,SEC-RKMP-BPL,S_AND_T,PointMachineOverhaul,2024-12-13T00:00:00,6.4,589298.0,408
HIS-002950,AST-ENG-0334,SEC-RKMP-BPL,ENGINEERING,BallastCleaning,2024-01-09T00:00:00,2.3,297058.0,276
HIS-002951,AST-S_A-0219,SEC-RKMP-BPL,S_AND_T,SignalCableRenewal,2025-06-14T00:00:00,5.4,419360.0,421
HIS-002952,AST-S_A-0368,SEC-RKMP-BPL,S_AND_T,PointMachineOverhaul,2025-10-01T00:00:00,7.1,295714.0,472
HIS-002953,AST-TRA-0158,SEC-RKMP-BPL,TRACTION,ContactWireReplacement,2026-08-24T00:00:00,3.7,456669.0,84
HIS-002954,AST-S_A-0198,SEC-RKMP-BPL,S_AND_T,AxleCounterCalibration,2025-10-13T00:00:00,1.8,298181.0,91
HIS-002955,AST-TRA-0420,SEC-RKMP-BPL,TRACTION,InsulatorReplacement,2024-11-17T00:00:00,2.3,282493.0,272
HIS-002956,AST-S_A-0301,SEC-RKMP-BPL,S_AND_T,SignalCableRenewal,2022-03-03T00:00:00,7.3,609329.0,233
HIS-002957,AST-TRA-0068,SEC-RKMP-BPL,TRACTION,ContactWireReplacement,2024-12-12T00:00:00,4.5,160386.0,191
HIS-002958,AST-TRA-0186,SEC-RKMP-BPL,TRACTION,DropperReplacement,2024-08-17T00:00:00,4.9,83016.0,204
HIS-002959,AST-TRA-0303,SEC-RKMP-BPL,TRACTION,DropperReplacement,2022-06-10T00:00:00,3.4,269101.0,280
HIS-002960,AST-S_A-0432,SEC-RKMP-BPL,S_AND_T,AxleCounterCalibration,2023-08-02T00:00:00,6.3,132479.0,591
HIS-002961,AST-ENG-0398,SEC-RKMP-BPL,ENGINEERING,SleeperRenewal,2024-09-03T00:00:00,2.9,437494.0,222
HIS-002962,AST-S_A-0309,SEC-RKMP-BPL,S_AND_T,SignalCableRenewal,2025-07-21T00:00:00,6.4,487884.0,415
HIS-002963,AST-TRA-0014,SEC-RKMP-BPL,TRACTION,ContactWireReplacement,2026-08-31T00:00:00,1.5,604930.0,129
HIS-002964,AST-ENG-0137,SEC-RKMP-BPL,ENGINEERING,RailGrinding,2024-04-02T00:00:00,6.2,271130.0,205
HIS-002965,AST-S_A-0062,SEC-RKMP-BPL,S_AND_T,SignalCableRenewal,2024-12-24T00:00:00,4.9,380192.0,465
HIS-002966,AST-S_A-0427,SEC-RKMP-BPL,S_AND_T,TurnoutAdjustment,2023-12-18T00:00:00,6.4,95137.0,387
HIS-002967,AST-S_A-0480,SEC-RKMP-BPL,S_AND_T,SignalCableRenewal,2022-11-05T00:00:00,6.3,638290.0,253
HIS-002968,AST-S_A-0378,SEC-RKMP-BPL,S_AND_T,SignalCableRenewal,2024-03-18T00:00:00,7.4,179881.0,111
HIS-002969,AST-TRA-0438,SEC-RKMP-BPL,TRACTION,InsulatorReplacement,2022-07-22T00:00:00,3.5,94309.0,149
HIS-002970,AST-S_A-0337,SEC-RKMP-BPL,S_AND_T,PointMachineOverhaul,2024-11-16T00:00:00,2.1,524118.0,57
HIS-002971,AST-TRA-0204,SEC-RKMP-BPL,TRACTION,InsulatorReplacement,2025-08-13T00:00:00,1.8,191292.0,442
HIS-002972,AST-TRA-0257,SEC-RKMP-BPL,TRACTION,DropperReplacement,2022-12-26T00:00:00,5.0,638539.0,170
HIS-002973,AST-S_A-0404,SEC-RKMP-BPL,S_AND_T,SignalCableRenewal,2025-06-10T00:00:00,2.6,223560.0,386
HIS-002974,AST-S_A-0354,SEC-RKMP-BPL,S_AND_T,PointMachineOverhaul,2023-02-01T00:00:00,1.7,488648.0,476
HIS-002975,AST-TRA-0410,SEC-RKMP-BPL,TRACTION,ContactWireReplacement,2026-06-20T00:00:00,6.5,251993.0,108
HIS-002976,AST-S_A-0156,SEC-RKMP-BPL,S_AND_T,SignalCableRenewal,2023-08-12T00:00:00,1.0,386805.0,359
HIS-002977,AST-ENG-0196,SEC-RKMP-BPL,ENGINEERING,TrackTamping,2023-01-20T00:00:00,3.0,59167.0,273
HIS-002978,AST-ENG-0286,SEC-RKMP-BPL,ENGINEERING,RailGrinding,2026-06-13T00:00:00,2.9,98847.0,232
HIS-002979,AST-ENG-0154,SEC-RKMP-BPL,ENGINEERING,BallastCleaning,2023-09-12T00:00:00,7.8,77809.0,243
HIS-002980,AST-S_A-0018,SEC-RKMP-BPL,S_AND_T,TurnoutAdjustment,2023-07-02T00:00:00,2.6,330340.0,337
HIS-002981,AST-ENG-0307,SEC-RKMP-BPL,ENGINEERING,JointWelding,2024-08-17T00:00:00,2.3,207635.0,316
HIS-002982,AST-ENG-0110,SEC-RKMP-BPL,ENGINEERING,TrackTamping,2022-09-17T00:00:00,1.6,370124.0,180
HIS-002983,AST-S_A-0161,SEC-RKMP-BPL,S_AND_T,PointMachineOverhaul,2025-01-11T00:00:00,6.0,355482.0,215
HIS-002984,AST-S_A-0490,SEC-RKMP-BPL,S_AND_T,TurnoutAdjustment,2023-03-11T00:00:00,5.8,632712.0,375
HIS-002985,AST-TRA-0411,SEC-RKMP-BPL,TRACTION,OHEInspection,2024-01-04T00:00:00,4.2,358103.0,237
HIS-002986,AST-TRA-0393,SEC-RKMP-BPL,TRACTION,InsulatorReplacement,2022-10-10T00:00:00,7.3,585853.0,86
HIS-002987,AST-ENG-0325,SEC-RKMP-BPL,ENGINEERING,BallastCleaning,2023-10-27T00:00:00,4.2,109164.0,49
HIS-002988,AST-S_A-0345,SEC-RKMP-BPL,S_AND_T,SignalCableRenewal,2022-05-14T00:00:00,1.4,431620.0,335
HIS-002989,AST-S_A-0390,SEC-RKMP-BPL,S_AND_T,SignalCableRenewal,2025-01-04T00:00:00,2.7,507609.0,469
HIS-002990,AST-ENG-0106,SEC-RKMP-BPL,ENGINEERING,BallastCleaning,2023-04-11T00:00:00,1.3,310649.0,393
HIS-002991,AST-S_A-0309,SEC-RKMP-BPL,S_AND_T,TurnoutAdjustment,2026-08-30T00:00:00,2.2,351032.0,450
HIS-002992,AST-S_A-0498,SEC-RKMP-BPL,S_AND_T,AxleCounterCalibration,2021-11-22T00:00:00,4.9,66967.0,458
HIS-002993,AST-ENG-0241,SEC-RKMP-BPL,ENGINEERING,TrackTamping,2023-12-14T00:00:00,3.4,618609.0,228
HIS-002994,AST-TRA-0329,SEC-RKMP-BPL,TRACTION,ContactWireReplacement,2024-10-03T00:00:00,8.0,162226.0,412
HIS-002995,AST-ENG-0343,SEC-RKMP-BPL,ENGINEERING,SleeperRenewal,2025-12-13T00:00:00,2.5,354789.0,204
HIS-002996,AST-S_A-0363,SEC-RKMP-BPL,S_AND_T,SignalCableRenewal,2025-03-29T00:00:00,3.3,246237.0,590
HIS-002997,AST-ENG-0173,SEC-RKMP-BPL,ENGINEERING,TrackTamping,2024-04-21T00:00:00,1.8,113976.0,298
HIS-002998,AST-S_A-0229,SEC-RKMP-BPL,S_AND_T,TurnoutAdjustment,2022-07-10T00:00:00,5.2,631463.0,387
HIS-002999,AST-S_A-0040,SEC-RKMP-BPL,S_AND_T,PointMachineOverhaul,2025-09-25T00:00:00,6.2,506512.0,429
HIS-003000,AST-TRA-0366,SEC-RKMP-BPL,TRACTION,InsulatorReplacement,2024-11-23T00:00:00,4.8,117773.0,327
HIS-003001,AST-ENG-0236,SEC-RKMP-BPL,ENGINEERING,RailGrinding,2026-03-16T00:00:00,3.4,468623.0,78
HIS-003002,AST-ENG-0376,SEC-RKMP-BPL,ENGINEERING,TrackTamping,2024-01-19T00:00:00,1.8,50487.0,519
HIS-003003,AST-TRA-0123,SEC-RKMP-BPL,TRACTION,DropperReplacement,2024-01-30T00:00:00,5.7,356882.0,167
HIS-003004,AST-ENG-0286,SEC-RKMP-BPL,ENGINEERING,SleeperRenewal,2022-09-19T00:00:00,7.7,321950.0,354
HIS-003005,AST-TRA-0411,SEC-RKMP-BPL,TRACTION,InsulatorReplacement,2024-10-10T00:00:00,5.6,581757.0,223
HIS-003006,AST-ENG-0011,SEC-RKMP-BPL,ENGINEERING,BallastCleaning,2021-09-15T00:00:00,6.3,224107.0,179
HIS-003007,AST-ENG-0290,SEC-RKMP-BPL,ENGINEERING,TrackTamping,2023-04-11T00:00:00,5.9,348242.0,399
HIS-003008,AST-S_A-0017,SEC-RKMP-BPL,S_AND_T,TurnoutAdjustment,2026-06-12T00:00:00,7.6,79245.0,431
HIS-003009,AST-ENG-0295,SEC-RKMP-BPL,ENGINEERING,SleeperRenewal,2026-07-10T00:00:00,4.9,575251.0,300
HIS-003010,AST-S_A-0057,SEC-RKMP-BPL,S_AND_T,PointMachineOverhaul,2024-05-12T00:00:00,6.2,442392.0,210
HIS-003011,AST-ENG-0379,SEC-RKMP-BPL,ENGINEERING,BallastCleaning,2024-01-09T00:00:00,5.1,526898.0,235
HIS-003012,AST-S_A-0081,SEC-RKMP-BPL,S_AND_T,PointMachineOverhaul,2022-03-04T00:00:00,7.2,423105.0,118
HIS-003013,AST-S_A-0193,SEC-RKMP-BPL,S_AND_T,TurnoutAdjustment,2023-03-12T00:00:00,4.5,552515.0,404
HIS-003014,AST-S_A-0354,SEC-RKMP-BPL,S_AND_T,SignalCableRenewal,2023-11-21T00:00:00,1.4,356594.0,392
HIS-003015,AST-TRA-0500,SEC-RKMP-BPL,TRACTION,DropperReplacement,2023-09-08T00:00:00,5.2,201165.0,453
HIS-003016,AST-S_A-0255,SEC-RKMP-BPL,S_AND_T,TurnoutAdjustment,2024-05-31T00:00:00,4.8,328858.0,364
HIS-003017,AST-S_A-0152,SEC-RKMP-BPL,S_AND_T,PointMachineOverhaul,2025-12-10T00:00:00,6.3,149195.0,102
HIS-003018,AST-S_A-0229,SEC-RKMP-BPL,S_AND_T,SignalCableRenewal,2026-04-16T00:00:00,4.5,54362.0,235
HIS-003019,AST-S_A-0351,SEC-RKMP-BPL,S_AND_T,AxleCounterCalibration,2023-01-09T00:00:00,5.1,621840.0,311
HIS-003020,AST-ENG-0226,SEC-RKMP-BPL,ENGINEERING,JointWelding,2024-01-31T00:00:00,4.0,228760.0,521
HIS-003021,AST-ENG-0010,SEC-RKMP-BPL,ENGINEERING,BallastCleaning,2024-01-24T00:00:00,5.6,475125.0,215
HIS-003022,AST-S_A-0489,SEC-RKMP-BPL,S_AND_T,SignalCableRenewal,2026-07-17T00:00:00,2.5,119192.0,108
HIS-003023,AST-TRA-0447,SEC-RKMP-BPL,TRACTION,OHEInspection,2026-06-13T00:00:00,4.6,34963.0,181
HIS-003024,AST-S_A-0453,SEC-RKMP-BPL,S_AND_T,SignalCableRenewal,2025-04-19T00:00:00,6.2,97291.0,208
HIS-003025,AST-S_A-0085,SEC-RKMP-BPL,S_AND_T,PointMachineOverhaul,2022-03-09T00:00:00,5.0,319674.0,243
HIS-003026,AST-TRA-0275,SEC-RKMP-BPL,TRACTION,InsulatorReplacement,2023-08-01T00:00:00,3.9,181035.0,525
HIS-003027,AST-ENG-0182,SEC-RKMP-BPL,ENGINEERING,JointWelding,2024-02-02T00:00:00,7.0,89300.0,424
HIS-003028,AST-S_A-0018,SEC-RKMP-BPL,S_AND_T,SignalCableRenewal,2023-02-07T00:00:00,5.6,398493.0,342
HIS-003029,AST-ENG-0154,SEC-RKMP-BPL,ENGINEERING,SleeperRenewal,2024-09-11T00:00:00,1.5,44429.0,265
HIS-003030,AST-ENG-0349,SEC-RKMP-BPL,ENGINEERING,TrackTamping,2023-06-24T00:00:00,5.9,530523.0,400
HIS-003031,AST-S_A-0156,SEC-RKMP-BPL,S_AND_T,AxleCounterCalibration,2022-10-31T00:00:00,6.4,583861.0,550
HIS-003032,AST-S_A-0004,SEC-RKMP-BPL,S_AND_T,TurnoutAdjustment,2023-12-15T00:00:00,7.0,567533.0,111
HIS-003033,AST-TRA-0455,SEC-RKMP-BPL,TRACTION,ContactWireReplacement,2025-02-21T00:00:00,6.6,630238.0,270
HIS-003034,AST-S_A-0116,SEC-RKMP-BPL,S_AND_T,AxleCounterCalibration,2021-11-18T00:00:00,5.0,359833.0,20
HIS-003035,AST-S_A-0305,SEC-RKMP-BPL,S_AND_T,TurnoutAdjustment,2023-09-03T00:00:00,6.0,385807.0,109
HIS-003036,AST-ENG-0091,SEC-RKMP-BPL,ENGINEERING,SleeperRenewal,2025-12-31T00:00:00,7.5,462398.0,469
HIS-003037,AST-TRA-0329,SEC-RKMP-BPL,TRACTION,DropperReplacement,2026-01-15T00:00:00,5.0,368777.0,579
HIS-003038,AST-TRA-0401,SEC-RKMP-BPL,TRACTION,InsulatorReplacement,2026-08-08T00:00:00,4.0,426994.0,121
HIS-003039,AST-ENG-0469,SEC-RKMP-BPL,ENGINEERING,RailGrinding,2026-07-12T00:00:00,3.2,71483.0,102
HIS-003040,AST-ENG-0154,SEC-RKMP-BPL,ENGINEERING,SleeperRenewal,2022-02-07T00:00:00,4.1,96586.0,209
HIS-003041,AST-ENG-0308,SEC-RKMP-BPL,ENGINEERING,TrackTamping,2026-07-22T00:00:00,3.1,527305.0,348
HIS-003042,AST-S_A-0089,SEC-RKMP-BPL,S_AND_T,TurnoutAdjustment,2025-06-15T00:00:00,5.4,106385.0,261
HIS-003043,AST-S_A-0054,SEC-RKMP-BPL,S_AND_T,TurnoutAdjustment,2025-04-02T00:00:00,7.0,187267.0,311
HIS-003044,AST-S_A-0333,SEC-RKMP-BPL,S_AND_T,PointMachineOverhaul,2026-03-26T00:00:00,2.8,83535.0,292
HIS-003045,AST-TRA-0348,SEC-RKMP-BPL,TRACTION,DropperReplacement,2024-07-08T00:00:00,7.5,421895.0,190
HIS-003046,AST-S_A-0202,SEC-RKMP-BPL,S_AND_T,TurnoutAdjustment,2024-09-21T00:00:00,3.7,69335.0,439
HIS-003047,AST-ENG-0046,SEC-RKMP-BPL,ENGINEERING,TrackTamping,2024-11-11T00:00:00,7.8,49492.0,36
HIS-003048,AST-S_A-0279,SEC-RKMP-BPL,S_AND_T,SignalCableRenewal,2025-12-26T00:00:00,5.0,212012.0,413
HIS-003049,AST-S_A-0058,SEC-RKMP-BPL,S_AND_T,AxleCounterCalibration,2022-03-12T00:00:00,5.0,281032.0,357
HIS-003050,AST-S_A-0247,SEC-RKMP-BPL,S_AND_T,AxleCounterCalibration,2023-12-08T00:00:00,1.2,150163.0,310
HIS-003051,AST-TRA-0473,SEC-RKMP-BPL,TRACTION,DropperReplacement,2025-11-20T00:00:00,1.1,179380.0,217
HIS-003052,AST-TRA-0465,SEC-RKMP-BPL,TRACTION,InsulatorReplacement,2022-01-06T00:00:00,7.3,96375.0,132
HIS-003053,AST-ENG-0433,SEC-RKMP-BPL,ENGINEERING,BallastCleaning,2022-09-04T00:00:00,3.9,215524.0,448
HIS-003054,AST-S_A-0260,SEC-RKMP-BPL,S_AND_T,PointMachineOverhaul,2021-11-06T00:00:00,7.4,86725.0,267
HIS-003055,AST-TRA-0113,SEC-RKMP-BPL,TRACTION,DropperReplacement,2021-12-25T00:00:00,1.6,70231.0,436
HIS-003056,AST-TRA-0087,SEC-RKMP-BPL,TRACTION,DropperReplacement,2021-11-13T00:00:00,5.1,273615.0,286
HIS-003057,AST-S_A-0031,SEC-RKMP-BPL,S_AND_T,SignalCableRenewal,2022-07-19T00:00:00,4.7,566558.0,285
HIS-003058,AST-S_A-0256,SEC-RKMP-BPL,S_AND_T,SignalCableRenewal,2022-10-06T00:00:00,7.4,431940.0,544
HIS-003059,AST-S_A-0297,SEC-RKMP-BPL,S_AND_T,AxleCounterCalibration,2024-11-27T00:00:00,3.4,324399.0,179
HIS-003060,AST-TRA-0114,SEC-RKMP-BPL,TRACTION,OHEInspection,2026-01-05T00:00:00,6.8,90984.0,184
HIS-003061,AST-TRA-0231,SEC-RKMP-BPL,TRACTION,InsulatorReplacement,2025-10-26T00:00:00,1.5,339728.0,214
HIS-003062,AST-ENG-0191,SEC-RKMP-BPL,ENGINEERING,BallastCleaning,2025-05-19T00:00:00,4.0,593808.0,450
HIS-003063,AST-ENG-0407,SEC-RKMP-BPL,ENGINEERING,JointWelding,2023-01-23T00:00:00,5.8,254978.0,345
HIS-003064,AST-S_A-0341,SEC-RKMP-BPL,S_AND_T,TurnoutAdjustment,2023-05-12T00:00:00,1.4,378311.0,419
HIS-003065,AST-TRA-0095,SEC-RKMP-BPL,TRACTION,InsulatorReplacement,2022-01-21T00:00:00,1.3,589685.0,301
HIS-003066,AST-ENG-0151,SEC-RKMP-BPL,ENGINEERING,SleeperRenewal,2026-04-08T00:00:00,7.5,106399.0,239
HIS-003067,AST-TRA-0159,SEC-RKMP-BPL,TRACTION,InsulatorReplacement,2024-03-29T00:00:00,6.9,53538.0,202
HIS-003068,AST-ENG-0002,SEC-RKMP-BPL,ENGINEERING,TrackTamping,2023-04-11T00:00:00,2.0,238683.0,241
HIS-003069,AST-TRA-0005,SEC-RKMP-BPL,TRACTION,ContactWireReplacement,2023-09-26T00:00:00,2.2,161454.0,342
HIS-003070,AST-TRA-0320,SEC-RKMP-BPL,TRACTION,InsulatorReplacement,2021-10-12T00:00:00,2.5,168392.0,409
HIS-003071,AST-TRA-0294,SEC-RKMP-BPL,TRACTION,DropperReplacement,2026-08-13T00:00:00,3.8,531377.0,381
HIS-003072,AST-ENG-0245,SEC-RKMP-BPL,ENGINEERING,TrackTamping,2023-04-16T00:00:00,2.0,226867.0,300
HIS-003073,AST-S_A-0183,SEC-RKMP-BPL,S_AND_T,TurnoutAdjustment,2024-09-21T00:00:00,6.1,51938.0,477
HIS-003074,AST-TRA-0276,SEC-RKMP-BPL,TRACTION,DropperReplacement,2023-03-28T00:00:00,1.1,416479.0,446
HIS-003075,AST-ENG-0388,SEC-RKMP-BPL,ENGINEERING,SleeperRenewal,2024-10-31T00:00:00,4.6,576906.0,234
HIS-003076,AST-ENG-0262,SEC-RKMP-BPL,ENGINEERING,SleeperRenewal,2026-01-14T00:00:00,1.8,463991.0,690
HIS-003077,AST-TRA-0383,SEC-RKMP-BPL,TRACTION,DropperReplacement,2026-04-10T00:00:00,2.6,139680.0,219
HIS-003078,AST-TRA-0095,SEC-RKMP-BPL,TRACTION,InsulatorReplacement,2024-05-19T00:00:00,6.8,403810.0,374
HIS-003079,AST-ENG-0110,SEC-RKMP-BPL,ENGINEERING,BallastCleaning,2022-12-19T00:00:00,7.2,470211.0,370
HIS-003080,AST-S_A-0067,SEC-RKMP-BPL,S_AND_T,PointMachineOverhaul,2021-09-15T00:00:00,2.9,229960.0,10
HIS-003081,AST-ENG-0083,SEC-RKMP-BPL,ENGINEERING,JointWelding,2025-08-28T00:00:00,7.4,90486.0,377
HIS-003082,AST-ENG-0412,SEC-RKMP-BPL,ENGINEERING,RailGrinding,2024-03-16T00:00:00,5.1,391239.0,140
HIS-003083,AST-TRA-0140,SEC-RKMP-BPL,TRACTION,OHEInspection,2024-09-07T00:00:00,7.0,278107.0,393
HIS-003084,AST-TRA-0194,SEC-RKMP-BPL,TRACTION,DropperReplacement,2023-03-06T00:00:00,3.5,647745.0,385
HIS-003085,AST-S_A-0251,SEC-RKMP-BPL,S_AND_T,AxleCounterCalibration,2025-04-21T00:00:00,1.2,575547.0,306
HIS-003086,AST-S_A-0297,SEC-RKMP-BPL,S_AND_T,AxleCounterCalibration,2026-07-13T00:00:00,1.0,516670.0,193
HIS-003087,AST-TRA-0194,SEC-RKMP-BPL,TRACTION,ContactWireReplacement,2022-05-24T00:00:00,4.4,344840.0,397
HIS-003088,AST-ENG-0254,SEC-RKMP-BPL,ENGINEERING,SleeperRenewal,2022-08-10T00:00:00,7.4,603700.0,197
HIS-003089,AST-S_A-0414,SEC-RKMP-BPL,S_AND_T,AxleCounterCalibration,2025-08-07T00:00:00,7.9,290307.0,275
HIS-003090,AST-TRA-0447,SEC-RKMP-BPL,TRACTION,OHEInspection,2025-03-24T00:00:00,4.1,416499.0,123
HIS-003091,AST-S_A-0422,SEC-RKMP-BPL,S_AND_T,AxleCounterCalibration,2023-04-14T00:00:00,5.7,223691.0,392
HIS-003092,AST-S_A-0274,SEC-RKMP-BPL,S_AND_T,TurnoutAdjustment,2024-12-12T00:00:00,7.0,307397.0,306
HIS-003093,AST-S_A-0053,SEC-RKMP-BPL,S_AND_T,AxleCounterCalibration,2021-11-18T00:00:00,2.4,99200.0,179
HIS-003094,AST-S_A-0081,SEC-RKMP-BPL,S_AND_T,PointMachineOverhaul,2024-02-21T00:00:00,2.2,83174.0,276
HIS-003095,AST-TRA-0213,SEC-RKMP-BPL,TRACTION,ContactWireReplacement,2025-02-23T00:00:00,6.6,552720.0,338
HIS-003096,AST-TRA-0078,SEC-RKMP-BPL,TRACTION,InsulatorReplacement,2025-11-05T00:00:00,4.4,266429.0,477
HIS-003097,AST-ENG-0362,SEC-RKMP-BPL,ENGINEERING,JointWelding,2024-10-03T00:00:00,3.3,77945.0,258
HIS-003098,AST-S_A-0008,SEC-RKMP-BPL,S_AND_T,TurnoutAdjustment,2026-03-10T00:00:00,3.6,320932.0,116
HIS-003099,AST-TRA-0258,SEC-RKMP-BPL,TRACTION,ContactWireReplacement,2022-03-27T00:00:00,2.7,555626.0,360
HIS-003100,AST-ENG-0461,SEC-RKMP-BPL,ENGINEERING,RailGrinding,2025-11-07T00:00:00,3.9,632141.0,396
HIS-003101,AST-S_A-0445,SEC-RKMP-BPL,S_AND_T,SignalCableRenewal,2025-03-12T00:00:00,7.6,212091.0,237
HIS-003102,AST-ENG-0142,SEC-RKMP-BPL,ENGINEERING,JointWelding,2025-04-30T00:00:00,4.9,37806.0,286
HIS-003103,AST-ENG-0280,SEC-RKMP-BPL,ENGINEERING,JointWelding,2024-05-02T00:00:00,5.5,494262.0,94
HIS-003104,AST-ENG-0385,SEC-RKMP-BPL,ENGINEERING,BallastCleaning,2025-06-02T00:00:00,3.8,161307.0,10
HIS-003105,AST-ENG-0349,SEC-RKMP-BPL,ENGINEERING,RailGrinding,2025-05-02T00:00:00,5.4,598800.0,353
HIS-003106,AST-S_A-0075,SEC-RKMP-BPL,S_AND_T,AxleCounterCalibration,2023-01-10T00:00:00,4.3,401864.0,214
HIS-003107,AST-S_A-0251,SEC-RKMP-BPL,S_AND_T,SignalCableRenewal,2022-09-15T00:00:00,1.7,564020.0,424
HIS-003108,AST-ENG-0154,SEC-RKMP-BPL,ENGINEERING,JointWelding,2025-03-15T00:00:00,3.2,237837.0,161
HIS-003109,AST-ENG-0163,SEC-RKMP-BPL,ENGINEERING,BallastCleaning,2025-12-23T00:00:00,1.8,371077.0,168
HIS-003110,AST-TRA-0131,SEC-RKMP-BPL,TRACTION,DropperReplacement,2024-07-23T00:00:00,2.1,343887.0,337
HIS-003111,AST-ENG-0146,SEC-RKMP-BPL,ENGINEERING,SleeperRenewal,2022-07-04T00:00:00,5.1,269680.0,225
HIS-003112,AST-S_A-0450,SEC-RKMP-BPL,S_AND_T,SignalCableRenewal,2025-07-08T00:00:00,6.6,395957.0,404
HIS-003113,AST-ENG-0124,SEC-RKMP-BPL,ENGINEERING,TrackTamping,2023-03-14T00:00:00,4.8,254048.0,216
HIS-003114,AST-TRA-0339,SEC-RKMP-BPL,TRACTION,DropperReplacement,2023-03-23T00:00:00,3.9,609884.0,193
HIS-003115,AST-ENG-0344,SEC-RKMP-BPL,ENGINEERING,RailGrinding,2021-09-27T00:00:00,7.1,349998.0,323
HIS-003116,AST-S_A-0156,SEC-RKMP-BPL,S_AND_T,AxleCounterCalibration,2023-05-27T00:00:00,4.8,430408.0,478
HIS-003117,AST-TRA-0329,SEC-RKMP-BPL,TRACTION,OHEInspection,2023-06-04T00:00:00,7.4,486200.0,439
HIS-003118,AST-ENG-0155,SEC-RKMP-BPL,ENGINEERING,BallastCleaning,2024-11-16T00:00:00,5.1,447343.0,212
HIS-003119,AST-S_A-0273,SEC-RKMP-BPL,S_AND_T,AxleCounterCalibration,2022-12-23T00:00:00,3.8,37824.0,279
HIS-003120,AST-ENG-0317,SEC-RKMP-BPL,ENGINEERING,BallastCleaning,2022-05-23T00:00:00,1.1,242170.0,296
HIS-003121,AST-S_A-0156,SEC-RKMP-BPL,S_AND_T,SignalCableRenewal,2026-07-23T00:00:00,7.6,292595.0,342
HIS-003122,AST-S_A-0085,SEC-RKMP-BPL,S_AND_T,AxleCounterCalibration,2024-09-21T00:00:00,1.6,616427.0,230
HIS-003123,AST-ENG-0344,SEC-RKMP-BPL,ENGINEERING,JointWelding,2026-03-03T00:00:00,7.9,130385.0,381
HIS-003124,AST-S_A-0486,SEC-RKMP-BPL,S_AND_T,TurnoutAdjustment,2022-01-02T00:00:00,6.2,489303.0,207
HIS-003125,AST-ENG-0127,SEC-RKMP-BPL,ENGINEERING,BallastCleaning,2025-07-06T00:00:00,7.2,380714.0,368
HIS-003126,AST-ENG-0083,SEC-RKMP-BPL,ENGINEERING,SleeperRenewal,2024-10-01T00:00:00,4.9,177595.0,466
HIS-003127,AST-ENG-0061,SEC-RKMP-BPL,ENGINEERING,TrackTamping,2025-08-11T00:00:00,1.3,69811.0,461
HIS-003128,AST-ENG-0496,SEC-RKMP-BPL,ENGINEERING,RailGrinding,2021-11-13T00:00:00,3.9,284761.0,320
HIS-003129,AST-TRA-0473,SEC-RKMP-BPL,TRACTION,DropperReplacement,2022-09-20T00:00:00,3.4,389870.0,170
HIS-003130,AST-ENG-0313,SEC-RKMP-BPL,ENGINEERING,BallastCleaning,2026-04-20T00:00:00,6.7,565018.0,10
HIS-003131,AST-TRA-0258,SEC-RKMP-BPL,TRACTION,OHEInspection,2022-12-10T00:00:00,6.5,352321.0,323
HIS-003132,AST-ENG-0460,SEC-RKMP-BPL,ENGINEERING,TrackTamping,2025-08-02T00:00:00,4.1,485605.0,433
HIS-003133,AST-TRA-0258,SEC-RKMP-BPL,TRACTION,InsulatorReplacement,2022-05-14T00:00:00,7.4,616492.0,434
HIS-003134,AST-S_A-0049,SEC-RKMP-BPL,S_AND_T,AxleCounterCalibration,2026-03-11T00:00:00,2.8,105746.0,345
HIS-003135,AST-S_A-0274,SEC-RKMP-BPL,S_AND_T,AxleCounterCalibration,2025-02-18T00:00:00,6.0,274896.0,496
HIS-003136,AST-S_A-0040,SEC-RKMP-BPL,S_AND_T,AxleCounterCalibration,2024-09-23T00:00:00,6.5,388384.0,266
HIS-003137,AST-TRA-0374,SEC-RKMP-BPL,TRACTION,OHEInspection,2025-01-09T00:00:00,5.9,545195.0,334
HIS-003138,AST-TRA-0356,SEC-RKMP-BPL,TRACTION,ContactWireReplacement,2024-11-16T00:00:00,7.8,313605.0,10
HIS-003139,AST-ENG-0442,SEC-RKMP-BPL,ENGINEERING,RailGrinding,2025-12-09T00:00:00,7.7,576237.0,445
HIS-003140,AST-S_A-0405,SEC-RKMP-BPL,S_AND_T,TurnoutAdjustment,2026-05-25T00:00:00,2.8,560785.0,176
HIS-003141,AST-S_A-0246,SEC-RKMP-BPL,S_AND_T,TurnoutAdjustment,2023-07-19T00:00:00,4.4,620493.0,466
HIS-003142,AST-TRA-0465,SEC-RKMP-BPL,TRACTION,ContactWireReplacement,2023-01-28T00:00:00,5.9,106203.0,88
HIS-003143,AST-S_A-0468,SEC-RKMP-BPL,S_AND_T,AxleCounterCalibration,2023-12-26T00:00:00,2.9,116327.0,360
HIS-003144,AST-ENG-0118,SEC-RKMP-BPL,ENGINEERING,TrackTamping,2022-11-16T00:00:00,4.6,297995.0,260
HIS-003145,AST-S_A-0471,SEC-RKMP-BPL,S_AND_T,SignalCableRenewal,2026-03-09T00:00:00,1.6,556768.0,474
HIS-003146,AST-ENG-0100,SEC-RKMP-BPL,ENGINEERING,RailGrinding,2024-04-21T00:00:00,2.0,586545.0,599
HIS-003147,AST-TRA-0365,SEC-RKMP-BPL,TRACTION,OHEInspection,2024-01-02T00:00:00,7.3,246222.0,184
HIS-003148,AST-ENG-0025,SEC-RKMP-BPL,ENGINEERING,JointWelding,2026-01-24T00:00:00,4.6,473344.0,393
HIS-003149,AST-S_A-0450,SEC-RKMP-BPL,S_AND_T,AxleCounterCalibration,2026-08-09T00:00:00,7.1,126344.0,452
HIS-003150,AST-ENG-0290,SEC-RKMP-BPL,ENGINEERING,TrackTamping,2023-06-01T00:00:00,6.1,627340.0,431
HIS-003151,AST-ENG-0380,SEC-RKMP-BPL,ENGINEERING,SleeperRenewal,2023-02-18T00:00:00,4.9,525144.0,375
HIS-003152,AST-ENG-0052,SEC-RKMP-BPL,ENGINEERING,TrackTamping,2022-06-19T00:00:00,7.5,130525.0,225
HIS-003153,AST-S_A-0117,SEC-RKMP-BPL,S_AND_T,AxleCounterCalibration,2023-03-09T00:00:00,6.3,209037.0,584
HIS-003154,AST-S_A-0301,SEC-RKMP-BPL,S_AND_T,TurnoutAdjustment,2025-03-11T00:00:00,2.8,167880.0,182
HIS-003155,AST-TRA-0240,SEC-RKMP-BPL,TRACTION,OHEInspection,2022-08-22T00:00:00,6.9,377296.0,158
HIS-003156,AST-S_A-0489,SEC-RKMP-BPL,S_AND_T,AxleCounterCalibration,2025-09-27T00:00:00,2.6,170464.0,307
HIS-003157,AST-TRA-0132,SEC-RKMP-BPL,TRACTION,DropperReplacement,2023-06-10T00:00:00,4.6,544612.0,561
HIS-003158,AST-ENG-0034,SEC-RKMP-BPL,ENGINEERING,JointWelding,2023-03-17T00:00:00,2.7,535686.0,335
HIS-003159,AST-S_A-0094,SEC-RKMP-BPL,S_AND_T,TurnoutAdjustment,2025-05-04T00:00:00,4.9,594517.0,308
HIS-003160,AST-S_A-0351,SEC-RKMP-BPL,S_AND_T,AxleCounterCalibration,2021-11-12T00:00:00,5.7,487216.0,330
HIS-003161,AST-ENG-0412,SEC-RKMP-BPL,ENGINEERING,JointWelding,2022-03-20T00:00:00,6.5,569744.0,18
HIS-003162,AST-S_A-0261,SEC-RKMP-BPL,S_AND_T,SignalCableRenewal,2025-02-22T00:00:00,3.3,300388.0,269
HIS-003163,AST-S_A-0197,SEC-RKMP-BPL,S_AND_T,TurnoutAdjustment,2023-06-22T00:00:00,7.5,532688.0,360
HIS-003164,AST-ENG-0074,SEC-RKMP-BPL,ENGINEERING,SleeperRenewal,2022-04-07T00:00:00,5.7,413571.0,420
HIS-003165,AST-ENG-0379,SEC-RKMP-BPL,ENGINEERING,TrackTamping,2024-10-23T00:00:00,5.1,86919.0,218
HIS-003166,AST-S_A-0139,SEC-RKMP-BPL,S_AND_T,PointMachineOverhaul,2024-01-23T00:00:00,1.1,345801.0,589
HIS-003167,AST-TRA-0176,SEC-RKMP-BPL,TRACTION,OHEInspection,2025-12-06T00:00:00,1.8,165296.0,420
HIS-003168,AST-S_A-0193,SEC-RKMP-BPL,S_AND_T,AxleCounterCalibration,2024-12-31T00:00:00,5.7,121430.0,353
HIS-003169,AST-TRA-0455,SEC-RKMP-BPL,TRACTION,InsulatorReplacement,2021-12-19T00:00:00,7.4,279364.0,304
HIS-003170,AST-TRA-0437,SEC-RKMP-BPL,TRACTION,OHEInspection,2022-09-05T00:00:00,2.2,191618.0,126
HIS-003171,AST-TRA-0150,SEC-RKMP-BPL,TRACTION,InsulatorReplacement,2021-11-22T00:00:00,4.5,229537.0,315
HIS-003172,AST-TRA-0275,SEC-RKMP-BPL,TRACTION,OHEInspection,2022-05-12T00:00:00,4.8,117865.0,455
HIS-003173,AST-TRA-0024,SEC-RKMP-BPL,TRACTION,OHEInspection,2024-04-18T00:00:00,6.6,502781.0,492
HIS-003174,AST-TRA-0401,SEC-RKMP-BPL,TRACTION,InsulatorReplacement,2025-11-01T00:00:00,4.0,172320.0,146
HIS-003175,AST-ENG-0277,SEC-RKMP-BPL,ENGINEERING,RailGrinding,2023-10-14T00:00:00,8.0,91545.0,406
HIS-003176,AST-S_A-0139,SEC-RKMP-BPL,S_AND_T,PointMachineOverhaul,2022-08-07T00:00:00,4.6,267413.0,498
HIS-003177,AST-S_A-0323,SEC-RKMP-BPL,S_AND_T,SignalCableRenewal,2025-02-03T00:00:00,2.8,96849.0,280
HIS-003178,AST-ENG-0214,SEC-RKMP-BPL,ENGINEERING,JointWelding,2024-01-27T00:00:00,7.1,118041.0,135
HIS-003179,AST-ENG-0452,SEC-RKMP-BPL,ENGINEERING,JointWelding,2026-02-25T00:00:00,1.2,399950.0,163
HIS-003180,AST-S_A-0026,SEC-RKMP-BPL,S_AND_T,AxleCounterCalibration,2025-06-02T00:00:00,7.6,427211.0,359
HIS-003181,AST-ENG-0460,SEC-RKMP-BPL,ENGINEERING,TrackTamping,2025-04-08T00:00:00,7.1,599474.0,345
HIS-003182,AST-ENG-0253,SEC-RKMP-BPL,ENGINEERING,TrackTamping,2026-04-19T00:00:00,1.7,320769.0,23
HIS-003183,AST-S_A-0399,SEC-RKMP-BPL,S_AND_T,PointMachineOverhaul,2021-11-18T00:00:00,5.5,576433.0,281
HIS-003184,AST-S_A-0144,SEC-RKMP-BPL,S_AND_T,AxleCounterCalibration,2025-12-11T00:00:00,2.0,273434.0,411
HIS-003185,AST-ENG-0091,SEC-RKMP-BPL,ENGINEERING,RailGrinding,2023-05-12T00:00:00,6.3,308460.0,494
HIS-003186,AST-S_A-0012,SEC-RKMP-BPL,S_AND_T,AxleCounterCalibration,2022-05-15T00:00:00,2.1,615892.0,285
HIS-003187,AST-TRA-0492,SEC-RKMP-BPL,TRACTION,InsulatorReplacement,2022-11-02T00:00:00,3.6,62453.0,266
HIS-003188,AST-S_A-0444,SEC-RKMP-BPL,S_AND_T,PointMachineOverhaul,2023-10-27T00:00:00,3.9,566791.0,165
HIS-003189,AST-ENG-0002,SEC-RKMP-BPL,ENGINEERING,BallastCleaning,2025-02-27T00:00:00,1.9,78847.0,333
HIS-003190,AST-ENG-0452,SEC-RKMP-BPL,ENGINEERING,SleeperRenewal,2024-11-01T00:00:00,5.8,61616.0,327
HIS-003191,AST-ENG-0128,SEC-RKMP-BPL,ENGINEERING,RailGrinding,2023-08-26T00:00:00,1.3,464329.0,112
HIS-003192,AST-S_A-0008,SEC-RKMP-BPL,S_AND_T,PointMachineOverhaul,2025-03-05T00:00:00,3.0,612465.0,45
HIS-003193,AST-ENG-0244,SEC-RKMP-BPL,ENGINEERING,RailGrinding,2022-09-17T00:00:00,6.6,75281.0,236
HIS-003194,AST-S_A-0472,SEC-RKMP-BPL,S_AND_T,PointMachineOverhaul,2025-04-05T00:00:00,7.6,396200.0,206
HIS-003195,AST-TRA-0015,SEC-RKMP-BPL,TRACTION,InsulatorReplacement,2023-09-07T00:00:00,1.1,615771.0,290
HIS-003196,AST-S_A-0228,SEC-RKMP-BPL,S_AND_T,AxleCounterCalibration,2025-06-18T00:00:00,1.1,586730.0,363
HIS-003197,AST-ENG-0109,SEC-RKMP-BPL,ENGINEERING,TrackTamping,2021-09-19T00:00:00,6.6,111160.0,358
HIS-003198,AST-ENG-0379,SEC-RKMP-BPL,ENGINEERING,SleeperRenewal,2023-05-31T00:00:00,3.0,57025.0,284
HIS-003199,AST-ENG-0439,SEC-RKMP-BPL,ENGINEERING,BallastCleaning,2022-03-19T00:00:00,3.5,537206.0,232
HIS-003200,AST-S_A-0130,SEC-RKMP-BPL,S_AND_T,PointMachineOverhaul,2025-08-21T00:00:00,3.0,367539.0,287
HIS-003201,AST-ENG-0349,SEC-RKMP-BPL,ENGINEERING,SleeperRenewal,2024-09-25T00:00:00,4.9,174502.0,372
HIS-003202,AST-S_A-0318,SEC-RKMP-BPL,S_AND_T,AxleCounterCalibration,2025-07-05T00:00:00,3.0,221182.0,237
HIS-003203,AST-TRA-0230,SEC-RKMP-BPL,TRACTION,InsulatorReplacement,2025-04-09T00:00:00,7.4,363684.0,309
HIS-003204,AST-TRA-0141,SEC-RKMP-BPL,TRACTION,InsulatorReplacement,2026-03-11T00:00:00,5.4,224831.0,313
HIS-003205,AST-ENG-0470,SEC-RKMP-BPL,ENGINEERING,TrackTamping,2025-10-25T00:00:00,3.7,80085.0,309
HIS-003206,AST-ENG-0064,SEC-RKMP-BPL,ENGINEERING,TrackTamping,2025-03-23T00:00:00,5.2,593387.0,149
HIS-003207,AST-TRA-0365,SEC-RKMP-BPL,TRACTION,OHEInspection,2025-04-10T00:00:00,4.3,213433.0,267
HIS-003208,AST-ENG-0371,SEC-RKMP-BPL,ENGINEERING,SleeperRenewal,2026-08-03T00:00:00,2.6,101067.0,521
HIS-003209,AST-ENG-0452,SEC-RKMP-BPL,ENGINEERING,RailGrinding,2021-11-17T00:00:00,2.1,358756.0,249
HIS-003210,AST-S_A-0053,SEC-RKMP-BPL,S_AND_T,PointMachineOverhaul,2025-03-28T00:00:00,3.6,151819.0,96
HIS-003211,AST-S_A-0255,SEC-RKMP-BPL,S_AND_T,TurnoutAdjustment,2026-04-01T00:00:00,2.0,191645.0,352
HIS-003212,AST-S_A-0395,SEC-RKMP-BPL,S_AND_T,SignalCableRenewal,2023-04-20T00:00:00,2.2,491175.0,96
HIS-003213,AST-S_A-0296,SEC-RKMP-BPL,S_AND_T,AxleCounterCalibration,2021-10-12T00:00:00,1.6,181245.0,188
HIS-003214,AST-S_A-0220,SEC-RKMP-BPL,S_AND_T,SignalCableRenewal,2022-03-09T00:00:00,4.9,29584.0,237
HIS-003215,AST-TRA-0068,SEC-RKMP-BPL,TRACTION,OHEInspection,2025-02-01T00:00:00,4.3,596650.0,278
HIS-003216,AST-ENG-0196,SEC-RKMP-BPL,ENGINEERING,JointWelding,2025-11-10T00:00:00,6.0,555030.0,96
HIS-003217,AST-S_A-0238,SEC-RKMP-BPL,S_AND_T,AxleCounterCalibration,2025-06-28T00:00:00,6.1,562446.0,148
HIS-003218,AST-TRA-0113,SEC-RKMP-BPL,TRACTION,OHEInspection,2022-12-28T00:00:00,2.8,545510.0,536
HIS-003219,AST-S_A-0396,SEC-RKMP-BPL,S_AND_T,SignalCableRenewal,2025-09-24T00:00:00,1.2,260640.0,228
HIS-003220,AST-S_A-0481,SEC-RKMP-BPL,S_AND_T,PointMachineOverhaul,2026-07-01T00:00:00,6.9,330639.0,180
HIS-003221,AST-TRA-0267,SEC-RKMP-BPL,TRACTION,DropperReplacement,2022-12-29T00:00:00,7.7,221277.0,336
HIS-003222,AST-TRA-0410,SEC-RKMP-BPL,TRACTION,ContactWireReplacement,2026-03-14T00:00:00,7.2,241444.0,154
HIS-003223,AST-TRA-0383,SEC-RKMP-BPL,TRACTION,InsulatorReplacement,2022-01-02T00:00:00,3.2,521718.0,153
HIS-003224,AST-S_A-0063,SEC-RKMP-BPL,S_AND_T,AxleCounterCalibration,2024-04-04T00:00:00,1.9,349677.0,223
HIS-003225,AST-S_A-0135,SEC-RKMP-BPL,S_AND_T,TurnoutAdjustment,2022-02-28T00:00:00,1.7,496928.0,255
HIS-003226,AST-ENG-0308,SEC-RKMP-BPL,ENGINEERING,SleeperRenewal,2023-01-02T00:00:00,4.4,429659.0,453
HIS-003227,AST-TRA-0086,SEC-RKMP-BPL,TRACTION,DropperReplacement,2024-09-04T00:00:00,4.6,135076.0,246
HIS-003228,AST-S_A-0066,SEC-RKMP-BPL,S_AND_T,SignalCableRenewal,2022-09-26T00:00:00,5.1,96706.0,194
HIS-003229,AST-ENG-0136,SEC-RKMP-BPL,ENGINEERING,BallastCleaning,2022-10-10T00:00:00,3.9,562008.0,278
HIS-003230,AST-ENG-0316,SEC-RKMP-BPL,ENGINEERING,SleeperRenewal,2024-01-01T00:00:00,7.7,468761.0,405
HIS-003231,AST-ENG-0118,SEC-RKMP-BPL,ENGINEERING,BallastCleaning,2026-08-22T00:00:00,5.2,234215.0,261
HIS-003232,AST-ENG-0073,SEC-RKMP-BPL,ENGINEERING,SleeperRenewal,2023-10-07T00:00:00,4.1,45284.0,578
HIS-003233,AST-S_A-0067,SEC-RKMP-BPL,S_AND_T,SignalCableRenewal,2024-03-13T00:00:00,2.8,503736.0,150
HIS-003234,AST-TRA-0131,SEC-RKMP-BPL,TRACTION,ContactWireReplacement,2022-10-27T00:00:00,7.1,492673.0,292
HIS-003235,AST-S_A-0314,SEC-RKMP-BPL,S_AND_T,TurnoutAdjustment,2026-05-02T00:00:00,4.1,464758.0,478
HIS-003236,AST-TRA-0293,SEC-RKMP-BPL,TRACTION,OHEInspection,2023-08-28T00:00:00,7.0,497544.0,142
HIS-003237,AST-S_A-0300,SEC-RKMP-BPL,S_AND_T,SignalCableRenewal,2021-10-14T00:00:00,7.8,506276.0,288
HIS-003238,AST-S_A-0018,SEC-RKMP-BPL,S_AND_T,PointMachineOverhaul,2023-06-03T00:00:00,4.3,503464.0,344
HIS-003239,AST-ENG-0380,SEC-RKMP-BPL,ENGINEERING,JointWelding,2024-11-30T00:00:00,5.1,272790.0,346
HIS-003240,AST-S_A-0440,SEC-RKMP-BPL,S_AND_T,SignalCableRenewal,2026-04-26T00:00:00,4.3,616449.0,199
HIS-003241,AST-S_A-0143,SEC-RKMP-BPL,S_AND_T,SignalCableRenewal,2026-03-09T00:00:00,4.6,204354.0,483
HIS-003242,AST-S_A-0459,SEC-RKMP-BPL,S_AND_T,SignalCableRenewal,2026-08-06T00:00:00,2.0,434756.0,77
HIS-003243,AST-TRA-0023,SEC-RKMP-BPL,TRACTION,DropperReplacement,2023-04-19T00:00:00,3.3,461180.0,381
HIS-003244,AST-S_A-0165,SEC-RKMP-BPL,S_AND_T,TurnoutAdjustment,2024-01-24T00:00:00,3.7,37791.0,351
HIS-003245,AST-ENG-0160,SEC-RKMP-BPL,ENGINEERING,RailGrinding,2026-07-21T00:00:00,2.5,122860.0,204
HIS-003246,AST-S_A-0093,SEC-RKMP-BPL,S_AND_T,SignalCableRenewal,2022-08-16T00:00:00,4.3,296994.0,484
HIS-003247,AST-ENG-0307,SEC-RKMP-BPL,ENGINEERING,BallastCleaning,2024-03-20T00:00:00,5.5,608128.0,256
HIS-003248,AST-S_A-0324,SEC-RKMP-BPL,S_AND_T,AxleCounterCalibration,2022-06-10T00:00:00,7.3,215483.0,316
HIS-003249,AST-S_A-0013,SEC-RKMP-BPL,S_AND_T,SignalCableRenewal,2023-11-01T00:00:00,4.9,172636.0,313
HIS-003250,AST-S_A-0414,SEC-RKMP-BPL,S_AND_T,TurnoutAdjustment,2023-08-22T00:00:00,4.2,310564.0,346
HIS-003251,AST-S_A-0346,SEC-RKMP-BPL,S_AND_T,TurnoutAdjustment,2025-01-14T00:00:00,7.5,286068.0,203
HIS-003252,AST-ENG-0424,SEC-RKMP-BPL,ENGINEERING,JointWelding,2025-10-11T00:00:00,7.3,223274.0,373
HIS-003253,AST-S_A-0328,SEC-RKMP-BPL,S_AND_T,SignalCableRenewal,2025-02-06T00:00:00,2.5,209069.0,144
HIS-003254,AST-ENG-0028,SEC-RKMP-BPL,ENGINEERING,BallastCleaning,2025-10-30T00:00:00,5.6,496783.0,247
HIS-003255,AST-S_A-0062,SEC-RKMP-BPL,S_AND_T,SignalCableRenewal,2024-01-27T00:00:00,3.3,360960.0,292
HIS-003256,AST-TRA-0321,SEC-RKMP-BPL,TRACTION,OHEInspection,2026-02-27T00:00:00,6.8,637831.0,37
HIS-003257,AST-ENG-0497,SEC-RKMP-BPL,ENGINEERING,TrackTamping,2024-02-10T00:00:00,5.1,342648.0,336
HIS-003258,AST-TRA-0222,SEC-RKMP-BPL,TRACTION,OHEInspection,2025-01-17T00:00:00,8.0,592646.0,320
HIS-003259,AST-TRA-0168,SEC-RKMP-BPL,TRACTION,DropperReplacement,2023-04-13T00:00:00,3.8,67210.0,242
HIS-003260,AST-TRA-0005,SEC-RKMP-BPL,TRACTION,OHEInspection,2022-02-05T00:00:00,7.0,608772.0,354
HIS-003261,AST-TRA-0482,SEC-RKMP-BPL,TRACTION,ContactWireReplacement,2024-09-05T00:00:00,6.0,33537.0,98
HIS-003262,AST-TRA-0320,SEC-RKMP-BPL,TRACTION,DropperReplacement,2022-02-03T00:00:00,5.0,119762.0,380
HIS-003263,AST-ENG-0083,SEC-RKMP-BPL,ENGINEERING,SleeperRenewal,2023-03-04T00:00:00,7.6,565198.0,370
HIS-003264,AST-S_A-0364,SEC-RKMP-BPL,S_AND_T,AxleCounterCalibration,2023-06-01T00:00:00,5.0,315779.0,414
HIS-003265,AST-S_A-0462,SEC-RKMP-BPL,S_AND_T,AxleCounterCalibration,2025-12-13T00:00:00,4.7,216015.0,302
HIS-003266,AST-S_A-0431,SEC-RKMP-BPL,S_AND_T,TurnoutAdjustment,2023-01-14T00:00:00,7.2,479737.0,277
HIS-003267,AST-ENG-0196,SEC-RKMP-BPL,ENGINEERING,SleeperRenewal,2022-01-12T00:00:00,6.5,550746.0,145
HIS-003268,AST-S_A-0260,SEC-RKMP-BPL,S_AND_T,TurnoutAdjustment,2024-12-31T00:00:00,5.5,36624.0,279
HIS-003269,AST-S_A-0408,SEC-RKMP-BPL,S_AND_T,SignalCableRenewal,2025-02-25T00:00:00,6.6,247076.0,167
HIS-003270,AST-ENG-0056,SEC-RKMP-BPL,ENGINEERING,RailGrinding,2025-08-09T00:00:00,1.2,453149.0,232
HIS-003271,AST-ENG-0136,SEC-RKMP-BPL,ENGINEERING,SleeperRenewal,2026-04-06T00:00:00,6.3,492946.0,131
HIS-003272,AST-S_A-0318,SEC-RKMP-BPL,S_AND_T,AxleCounterCalibration,2025-06-24T00:00:00,6.1,163303.0,81
HIS-003273,AST-ENG-0217,SEC-RKMP-BPL,ENGINEERING,BallastCleaning,2023-11-02T00:00:00,1.6,593819.0,36
HIS-003274,AST-S_A-0049,SEC-RKMP-BPL,S_AND_T,TurnoutAdjustment,2024-12-21T00:00:00,1.9,160003.0,303
HIS-003275,AST-S_A-0327,SEC-RKMP-BPL,S_AND_T,AxleCounterCalibration,2022-04-18T00:00:00,4.9,257705.0,433
HIS-003276,AST-TRA-0312,SEC-RKMP-BPL,TRACTION,OHEInspection,2023-09-01T00:00:00,7.8,59679.0,268
HIS-003277,AST-ENG-0029,SEC-RKMP-BPL,ENGINEERING,BallastCleaning,2022-07-30T00:00:00,5.7,364413.0,137
HIS-003278,AST-TRA-0204,SEC-RKMP-BPL,TRACTION,InsulatorReplacement,2025-05-26T00:00:00,7.1,502957.0,353
HIS-003279,AST-TRA-0050,SEC-RKMP-BPL,TRACTION,ContactWireReplacement,2025-08-14T00:00:00,5.0,89237.0,348
HIS-003280,AST-TRA-0050,SEC-RKMP-BPL,TRACTION,ContactWireReplacement,2024-04-27T00:00:00,2.8,406479.0,429
HIS-003281,AST-ENG-0457,SEC-RKMP-BPL,ENGINEERING,SleeperRenewal,2021-10-23T00:00:00,1.5,567936.0,189
HIS-003282,AST-S_A-0103,SEC-RKMP-BPL,S_AND_T,TurnoutAdjustment,2023-05-31T00:00:00,1.7,48713.0,384
HIS-003283,AST-S_A-0063,SEC-RKMP-BPL,S_AND_T,SignalCableRenewal,2026-06-17T00:00:00,2.7,178587.0,259
HIS-003284,AST-TRA-0212,SEC-RKMP-BPL,TRACTION,OHEInspection,2022-01-23T00:00:00,6.8,531621.0,229
HIS-003285,AST-ENG-0079,SEC-RKMP-BPL,ENGINEERING,JointWelding,2025-09-05T00:00:00,7.2,462497.0,186
HIS-003286,AST-ENG-0340,SEC-RKMP-BPL,ENGINEERING,JointWelding,2024-11-05T00:00:00,4.8,270248.0,260
HIS-003287,AST-S_A-0026,SEC-RKMP-BPL,S_AND_T,SignalCableRenewal,2023-04-06T00:00:00,3.9,642921.0,284
HIS-003288,AST-ENG-0343,SEC-RKMP-BPL,ENGINEERING,RailGrinding,2025-03-25T00:00:00,5.0,496069.0,445
HIS-003289,AST-TRA-0068,SEC-RKMP-BPL,TRACTION,ContactWireReplacement,2023-03-10T00:00:00,6.7,295788.0,182
HIS-003290,AST-S_A-0048,SEC-RKMP-BPL,S_AND_T,TurnoutAdjustment,2026-05-09T00:00:00,5.7,613312.0,126
HIS-003291,AST-S_A-0494,SEC-RKMP-BPL,S_AND_T,SignalCableRenewal,2023-06-04T00:00:00,3.5,498654.0,118
HIS-003292,AST-S_A-0152,SEC-RKMP-BPL,S_AND_T,AxleCounterCalibration,2021-10-03T00:00:00,5.0,478021.0,260
HIS-003293,AST-TRA-0177,SEC-RKMP-BPL,TRACTION,InsulatorReplacement,2024-09-29T00:00:00,3.9,28909.0,76
HIS-003294,AST-ENG-0227,SEC-RKMP-BPL,ENGINEERING,RailGrinding,2023-04-18T00:00:00,3.7,86050.0,235
HIS-003295,AST-ENG-0163,SEC-RKMP-BPL,ENGINEERING,TrackTamping,2022-10-23T00:00:00,4.7,90404.0,382
HIS-003296,AST-S_A-0400,SEC-RKMP-BPL,S_AND_T,TurnoutAdjustment,2023-08-14T00:00:00,3.1,120686.0,70
HIS-003297,AST-S_A-0183,SEC-RKMP-BPL,S_AND_T,TurnoutAdjustment,2024-06-28T00:00:00,6.5,190015.0,488
HIS-003298,AST-TRA-0059,SEC-RKMP-BPL,TRACTION,DropperReplacement,2026-06-19T00:00:00,3.7,82369.0,136
HIS-003299,AST-TRA-0041,SEC-RKMP-BPL,TRACTION,ContactWireReplacement,2026-05-06T00:00:00,1.5,340751.0,407
HIS-003300,AST-TRA-0366,SEC-RKMP-BPL,TRACTION,InsulatorReplacement,2023-09-19T00:00:00,5.8,244613.0,314
HIS-003301,AST-ENG-0217,SEC-RKMP-BPL,ENGINEERING,TrackTamping,2022-05-24T00:00:00,6.4,317694.0,293
HIS-003302,AST-TRA-0195,SEC-RKMP-BPL,TRACTION,DropperReplacement,2024-08-26T00:00:00,6.5,273572.0,418
HIS-003303,AST-S_A-0202,SEC-RKMP-BPL,S_AND_T,PointMachineOverhaul,2023-05-02T00:00:00,3.1,626074.0,326
HIS-003304,AST-S_A-0390,SEC-RKMP-BPL,S_AND_T,SignalCableRenewal,2023-04-14T00:00:00,4.1,199361.0,347
HIS-003305,AST-TRA-0275,SEC-RKMP-BPL,TRACTION,ContactWireReplacement,2023-12-08T00:00:00,2.1,300688.0,374
HIS-003306,AST-S_A-0292,SEC-RKMP-BPL,S_AND_T,PointMachineOverhaul,2025-01-06T00:00:00,6.1,615017.0,483
HIS-003307,AST-S_A-0012,SEC-RKMP-BPL,S_AND_T,AxleCounterCalibration,2025-07-10T00:00:00,1.7,230076.0,219
HIS-003308,AST-S_A-0318,SEC-RKMP-BPL,S_AND_T,TurnoutAdjustment,2024-05-08T00:00:00,4.1,549599.0,76
HIS-003309,AST-TRA-0284,SEC-RKMP-BPL,TRACTION,OHEInspection,2025-07-25T00:00:00,4.3,399027.0,261
HIS-003310,AST-S_A-0157,SEC-RKMP-BPL,S_AND_T,SignalCableRenewal,2025-11-07T00:00:00,3.9,92407.0,297
HIS-003311,AST-S_A-0291,SEC-RKMP-BPL,S_AND_T,TurnoutAdjustment,2021-11-12T00:00:00,7.0,343465.0,146
HIS-003312,AST-ENG-0092,SEC-RKMP-BPL,ENGINEERING,JointWelding,2026-02-10T00:00:00,7.5,325123.0,523
HIS-003313,AST-ENG-0106,SEC-RKMP-BPL,ENGINEERING,JointWelding,2025-09-01T00:00:00,2.4,445966.0,302
HIS-003314,AST-ENG-0484,SEC-RKMP-BPL,ENGINEERING,BallastCleaning,2026-06-30T00:00:00,4.9,326786.0,88
HIS-003315,AST-ENG-0061,SEC-RKMP-BPL,ENGINEERING,JointWelding,2022-11-15T00:00:00,4.3,560565.0,443
HIS-003316,AST-S_A-0062,SEC-RKMP-BPL,S_AND_T,PointMachineOverhaul,2023-05-05T00:00:00,3.5,380172.0,225
HIS-003317,AST-ENG-0055,SEC-RKMP-BPL,ENGINEERING,RailGrinding,2021-12-14T00:00:00,2.7,114011.0,63
HIS-003318,AST-S_A-0445,SEC-RKMP-BPL,S_AND_T,SignalCableRenewal,2023-04-02T00:00:00,1.9,391847.0,327
HIS-003319,AST-S_A-0219,SEC-RKMP-BPL,S_AND_T,SignalCableRenewal,2021-09-18T00:00:00,5.5,122613.0,434
HIS-003320,AST-S_A-0296,SEC-RKMP-BPL,S_AND_T,PointMachineOverhaul,2024-05-21T00:00:00,4.4,225555.0,145
HIS-003321,AST-ENG-0101,SEC-RKMP-BPL,ENGINEERING,JointWelding,2022-05-28T00:00:00,4.2,592610.0,190
HIS-003322,AST-S_A-0138,SEC-RKMP-BPL,S_AND_T,PointMachineOverhaul,2022-10-14T00:00:00,2.0,111131.0,417
HIS-003323,AST-S_A-0409,SEC-RKMP-BPL,S_AND_T,TurnoutAdjustment,2022-11-09T00:00:00,3.9,357021.0,506
HIS-003324,AST-ENG-0430,SEC-RKMP-BPL,ENGINEERING,RailGrinding,2021-10-14T00:00:00,6.0,72137.0,243
HIS-003325,AST-TRA-0069,SEC-RKMP-BPL,TRACTION,DropperReplacement,2026-05-01T00:00:00,2.9,614133.0,483
HIS-003326,AST-TRA-0051,SEC-RKMP-BPL,TRACTION,ContactWireReplacement,2024-11-20T00:00:00,5.5,472574.0,186
HIS-003327,AST-ENG-0497,SEC-RKMP-BPL,ENGINEERING,JointWelding,2022-10-14T00:00:00,6.4,128075.0,269
HIS-003328,AST-S_A-0436,SEC-RKMP-BPL,S_AND_T,TurnoutAdjustment,2022-12-30T00:00:00,4.7,247421.0,388
HIS-003329,AST-ENG-0154,SEC-RKMP-BPL,ENGINEERING,JointWelding,2026-02-24T00:00:00,6.7,533930.0,148
HIS-003330,AST-ENG-0457,SEC-RKMP-BPL,ENGINEERING,RailGrinding,2021-10-06T00:00:00,1.7,179979.0,141
HIS-003331,AST-S_A-0382,SEC-RKMP-BPL,S_AND_T,AxleCounterCalibration,2022-09-02T00:00:00,5.4,618212.0,316
HIS-003332,AST-ENG-0379,SEC-RKMP-BPL,ENGINEERING,BallastCleaning,2026-06-27T00:00:00,3.5,166418.0,214
HIS-003333,AST-S_A-0027,SEC-RKMP-BPL,S_AND_T,PointMachineOverhaul,2025-05-23T00:00:00,4.5,218834.0,394
HIS-003334,AST-TRA-0222,SEC-RKMP-BPL,TRACTION,ContactWireReplacement,2022-07-18T00:00:00,1.7,642626.0,504
HIS-003335,AST-S_A-0315,SEC-RKMP-BPL,S_AND_T,SignalCableRenewal,2021-11-23T00:00:00,3.4,587491.0,424
HIS-003336,AST-ENG-0371,SEC-RKMP-BPL,ENGINEERING,TrackTamping,2025-03-05T00:00:00,1.6,175379.0,503
HIS-003337,AST-TRA-0383,SEC-RKMP-BPL,TRACTION,OHEInspection,2026-04-28T00:00:00,3.5,159232.0,314
HIS-003338,AST-ENG-0064,SEC-RKMP-BPL,ENGINEERING,BallastCleaning,2024-07-28T00:00:00,3.1,496329.0,159
HIS-003339,AST-TRA-0131,SEC-RKMP-BPL,TRACTION,ContactWireReplacement,2026-01-19T00:00:00,5.9,449459.0,268
HIS-003340,AST-TRA-0159,SEC-RKMP-BPL,TRACTION,InsulatorReplacement,2026-02-05T00:00:00,6.4,621669.0,337
HIS-003341,AST-ENG-0307,SEC-RKMP-BPL,ENGINEERING,TrackTamping,2023-01-28T00:00:00,4.0,566197.0,364
HIS-003342,AST-TRA-0150,SEC-RKMP-BPL,TRACTION,InsulatorReplacement,2023-04-25T00:00:00,3.6,403300.0,374
HIS-003343,AST-ENG-0304,SEC-RKMP-BPL,ENGINEERING,JointWelding,2023-03-16T00:00:00,2.7,649967.0,180
HIS-003344,AST-ENG-0218,SEC-RKMP-BPL,ENGINEERING,TrackTamping,2023-09-15T00:00:00,6.3,276423.0,171
HIS-003345,AST-ENG-0331,SEC-RKMP-BPL,ENGINEERING,RailGrinding,2023-07-11T00:00:00,3.3,446795.0,550
HIS-003346,AST-ENG-0074,SEC-RKMP-BPL,ENGINEERING,RailGrinding,2022-06-26T00:00:00,6.8,393320.0,413
HIS-003347,AST-S_A-0368,SEC-RKMP-BPL,S_AND_T,TurnoutAdjustment,2022-08-09T00:00:00,2.1,56560.0,499
HIS-003348,AST-ENG-0308,SEC-RKMP-BPL,ENGINEERING,RailGrinding,2024-05-19T00:00:00,5.1,491566.0,529
HIS-003349,AST-S_A-0346,SEC-RKMP-BPL,S_AND_T,AxleCounterCalibration,2024-01-09T00:00:00,6.2,87315.0,247
HIS-003350,AST-TRA-0132,SEC-RKMP-BPL,TRACTION,DropperReplacement,2021-09-28T00:00:00,1.5,550578.0,431
HIS-003351,AST-S_A-0180,SEC-RKMP-BPL,S_AND_T,PointMachineOverhaul,2022-04-03T00:00:00,1.9,337342.0,488
HIS-003352,AST-S_A-0135,SEC-RKMP-BPL,S_AND_T,AxleCounterCalibration,2025-03-01T00:00:00,6.6,390739.0,254
HIS-003353,AST-S_A-0144,SEC-RKMP-BPL,S_AND_T,PointMachineOverhaul,2023-10-24T00:00:00,4.2,240536.0,381
HIS-003354,AST-S_A-0040,SEC-RKMP-BPL,S_AND_T,AxleCounterCalibration,2026-05-03T00:00:00,8.0,122891.0,298
HIS-003355,AST-S_A-0175,SEC-RKMP-BPL,S_AND_T,TurnoutAdjustment,2026-04-23T00:00:00,6.5,97987.0,336
HIS-003356,AST-TRA-0051,SEC-RKMP-BPL,TRACTION,InsulatorReplacement,2023-03-23T00:00:00,6.5,604686.0,153
HIS-003357,AST-S_A-0486,SEC-RKMP-BPL,S_AND_T,PointMachineOverhaul,2025-06-07T00:00:00,5.1,397268.0,285
HIS-003358,AST-ENG-0244,SEC-RKMP-BPL,ENGINEERING,SleeperRenewal,2022-11-26T00:00:00,6.6,124154.0,510
HIS-003359,AST-S_A-0459,SEC-RKMP-BPL,S_AND_T,AxleCounterCalibration,2022-09-11T00:00:00,2.3,202838.0,113
HIS-003360,AST-S_A-0300,SEC-RKMP-BPL,S_AND_T,SignalCableRenewal,2022-12-21T00:00:00,5.3,228990.0,286
HIS-003361,AST-S_A-0414,SEC-RKMP-BPL,S_AND_T,AxleCounterCalibration,2025-04-03T00:00:00,5.1,324808.0,278
HIS-003362,AST-ENG-0452,SEC-RKMP-BPL,ENGINEERING,JointWelding,2026-06-12T00:00:00,6.6,252088.0,264
HIS-003363,AST-TRA-0437,SEC-RKMP-BPL,TRACTION,DropperReplacement,2023-04-05T00:00:00,2.5,510614.0,50
HIS-003364,AST-TRA-0348,SEC-RKMP-BPL,TRACTION,InsulatorReplacement,2022-05-26T00:00:00,7.1,37684.0,313
HIS-003365,AST-ENG-0280,SEC-RKMP-BPL,ENGINEERING,RailGrinding,2025-02-13T00:00:00,5.9,202306.0,103
HIS-003366,AST-TRA-0248,SEC-RKMP-BPL,TRACTION,DropperReplacement,2025-08-16T00:00:00,7.8,431410.0,130
HIS-003367,AST-S_A-0499,SEC-RKMP-BPL,S_AND_T,SignalCableRenewal,2022-05-18T00:00:00,5.3,199817.0,399
HIS-003368,AST-S_A-0039,SEC-RKMP-BPL,S_AND_T,SignalCableRenewal,2023-11-02T00:00:00,6.6,300931.0,117
HIS-003369,AST-S_A-0251,SEC-RKMP-BPL,S_AND_T,TurnoutAdjustment,2026-09-03T00:00:00,1.9,508871.0,255
HIS-003370,AST-TRA-0177,SEC-RKMP-BPL,TRACTION,DropperReplacement,2024-04-16T00:00:00,6.8,607579.0,255
HIS-003371,AST-S_A-0270,SEC-RKMP-BPL,S_AND_T,SignalCableRenewal,2023-12-29T00:00:00,1.7,523231.0,86
HIS-003372,AST-S_A-0373,SEC-RKMP-BPL,S_AND_T,SignalCableRenewal,2023-01-27T00:00:00,2.8,82154.0,89
HIS-003373,AST-ENG-0421,SEC-RKMP-BPL,ENGINEERING,BallastCleaning,2022-12-10T00:00:00,1.5,618748.0,287
HIS-003374,AST-ENG-0460,SEC-RKMP-BPL,ENGINEERING,TrackTamping,2026-02-25T00:00:00,1.9,402276.0,363
HIS-003375,AST-S_A-0175,SEC-RKMP-BPL,S_AND_T,TurnoutAdjustment,2025-03-09T00:00:00,5.5,315013.0,394
HIS-003376,AST-TRA-0294,SEC-RKMP-BPL,TRACTION,InsulatorReplacement,2025-12-12T00:00:00,4.6,219437.0,455
HIS-003377,AST-S_A-0148,SEC-RKMP-BPL,S_AND_T,PointMachineOverhaul,2026-01-21T00:00:00,6.1,222875.0,523
HIS-003378,AST-S_A-0498,SEC-RKMP-BPL,S_AND_T,SignalCableRenewal,2024-12-10T00:00:00,7.0,482296.0,359
HIS-003379,AST-S_A-0342,SEC-RKMP-BPL,S_AND_T,AxleCounterCalibration,2026-08-16T00:00:00,1.9,105350.0,285
HIS-003380,AST-S_A-0054,SEC-RKMP-BPL,S_AND_T,AxleCounterCalibration,2024-03-02T00:00:00,2.9,471576.0,229
HIS-003381,AST-S_A-0170,SEC-RKMP-BPL,S_AND_T,TurnoutAdjustment,2023-05-12T00:00:00,4.7,257499.0,338
HIS-003382,AST-S_A-0030,SEC-RKMP-BPL,S_AND_T,TurnoutAdjustment,2024-06-01T00:00:00,7.4,41946.0,321
HIS-003383,AST-S_A-0045,SEC-RKMP-BPL,S_AND_T,PointMachineOverhaul,2026-03-19T00:00:00,1.0,136869.0,306
HIS-003384,AST-S_A-0306,SEC-RKMP-BPL,S_AND_T,AxleCounterCalibration,2022-05-09T00:00:00,3.0,646828.0,322
HIS-003385,AST-S_A-0120,SEC-RKMP-BPL,S_AND_T,SignalCableRenewal,2022-10-17T00:00:00,3.1,281523.0,349
HIS-003386,AST-S_A-0166,SEC-RKMP-BPL,S_AND_T,PointMachineOverhaul,2023-12-31T00:00:00,3.8,384606.0,248
HIS-003387,AST-S_A-0193,SEC-RKMP-BPL,S_AND_T,AxleCounterCalibration,2025-05-12T00:00:00,1.2,505495.0,407
HIS-003388,AST-S_A-0116,SEC-RKMP-BPL,S_AND_T,SignalCableRenewal,2022-09-18T00:00:00,6.8,279842.0,228
HIS-003389,AST-TRA-0473,SEC-RKMP-BPL,TRACTION,OHEInspection,2023-03-10T00:00:00,7.5,630933.0,253
HIS-003390,AST-ENG-0205,SEC-RKMP-BPL,ENGINEERING,JointWelding,2022-01-06T00:00:00,4.5,121390.0,364
HIS-003391,AST-ENG-0253,SEC-RKMP-BPL,ENGINEERING,TrackTamping,2026-02-24T00:00:00,7.5,421316.0,10
HIS-003392,AST-S_A-0062,SEC-RKMP-BPL,S_AND_T,TurnoutAdjustment,2026-01-17T00:00:00,4.7,67546.0,361
HIS-003393,AST-ENG-0173,SEC-RKMP-BPL,ENGINEERING,JointWelding,2025-07-07T00:00:00,1.5,209483.0,318
HIS-003394,AST-S_A-0297,SEC-RKMP-BPL,S_AND_T,SignalCableRenewal,2022-12-07T00:00:00,3.6,219989.0,305
HIS-003395,AST-ENG-0434,SEC-RKMP-BPL,ENGINEERING,RailGrinding,2025-03-18T00:00:00,7.2,407150.0,274
HIS-003396,AST-TRA-0086,SEC-RKMP-BPL,TRACTION,DropperReplacement,2021-10-18T00:00:00,6.6,448016.0,15
HIS-003397,AST-S_A-0292,SEC-RKMP-BPL,S_AND_T,SignalCableRenewal,2023-09-24T00:00:00,5.4,120674.0,345
HIS-003398,AST-S_A-0099,SEC-RKMP-BPL,S_AND_T,AxleCounterCalibration,2023-11-26T00:00:00,4.1,552729.0,242
HIS-003399,AST-S_A-0063,SEC-RKMP-BPL,S_AND_T,PointMachineOverhaul,2023-10-20T00:00:00,3.6,207792.0,222
HIS-003400,AST-TRA-0041,SEC-RKMP-BPL,TRACTION,DropperReplacement,2026-02-09T00:00:00,3.8,384315.0,315
HIS-003401,AST-S_A-0462,SEC-RKMP-BPL,S_AND_T,TurnoutAdjustment,2023-07-07T00:00:00,6.1,628656.0,367
HIS-003402,AST-ENG-0254,SEC-RKMP-BPL,ENGINEERING,RailGrinding,2025-10-09T00:00:00,7.6,89515.0,139
HIS-003403,AST-S_A-0490,SEC-RKMP-BPL,S_AND_T,TurnoutAdjustment,2025-02-24T00:00:00,5.8,298649.0,346
HIS-003404,AST-S_A-0396,SEC-RKMP-BPL,S_AND_T,SignalCableRenewal,2023-08-26T00:00:00,7.9,271991.0,271
HIS-003405,AST-ENG-0304,SEC-RKMP-BPL,ENGINEERING,JointWelding,2022-07-23T00:00:00,2.9,111350.0,289
HIS-003406,AST-ENG-0469,SEC-RKMP-BPL,ENGINEERING,JointWelding,2024-05-12T00:00:00,5.2,501419.0,57
HIS-003407,AST-S_A-0341,SEC-RKMP-BPL,S_AND_T,AxleCounterCalibration,2024-05-18T00:00:00,1.2,101835.0,340
HIS-003408,AST-S_A-0355,SEC-RKMP-BPL,S_AND_T,TurnoutAdjustment,2026-07-24T00:00:00,2.7,186430.0,233
HIS-003409,AST-ENG-0316,SEC-RKMP-BPL,ENGINEERING,JointWelding,2024-09-07T00:00:00,4.7,628057.0,481
HIS-003410,AST-TRA-0105,SEC-RKMP-BPL,TRACTION,OHEInspection,2024-11-24T00:00:00,2.4,344936.0,174
HIS-003411,AST-TRA-0455,SEC-RKMP-BPL,TRACTION,DropperReplacement,2024-06-11T00:00:00,7.9,499556.0,360
HIS-003412,AST-ENG-0124,SEC-RKMP-BPL,ENGINEERING,RailGrinding,2021-11-23T00:00:00,7.2,602914.0,312
HIS-003413,AST-TRA-0375,SEC-RKMP-BPL,TRACTION,InsulatorReplacement,2026-01-26T00:00:00,3.9,388543.0,353
HIS-003414,AST-TRA-0294,SEC-RKMP-BPL,TRACTION,InsulatorReplacement,2023-02-17T00:00:00,4.7,144458.0,364
HIS-003415,AST-TRA-0096,SEC-RKMP-BPL,TRACTION,DropperReplacement,2022-04-26T00:00:00,1.5,170313.0,151
HIS-003416,AST-S_A-0494,SEC-RKMP-BPL,S_AND_T,TurnoutAdjustment,2025-03-29T00:00:00,6.3,639726.0,129
HIS-003417,AST-ENG-0398,SEC-RKMP-BPL,ENGINEERING,SleeperRenewal,2025-07-20T00:00:00,1.7,38880.0,338
HIS-003418,AST-TRA-0365,SEC-RKMP-BPL,TRACTION,InsulatorReplacement,2022-06-23T00:00:00,7.0,471612.0,245
HIS-003419,AST-S_A-0228,SEC-RKMP-BPL,S_AND_T,SignalCableRenewal,2023-05-21T00:00:00,7.3,103224.0,314
HIS-003420,AST-S_A-0377,SEC-RKMP-BPL,S_AND_T,SignalCableRenewal,2024-06-24T00:00:00,4.7,207820.0,404
HIS-003421,AST-S_A-0072,SEC-RKMP-BPL,S_AND_T,TurnoutAdjustment,2024-02-28T00:00:00,7.7,430078.0,342
HIS-003422,AST-ENG-0227,SEC-RKMP-BPL,ENGINEERING,SleeperRenewal,2023-06-16T00:00:00,7.3,116611.0,115
HIS-003423,AST-ENG-0280,SEC-RKMP-BPL,ENGINEERING,SleeperRenewal,2025-09-20T00:00:00,4.9,71930.0,96
HIS-003424,AST-TRA-0231,SEC-RKMP-BPL,TRACTION,DropperReplacement,2023-04-21T00:00:00,5.0,386657.0,270
HIS-003425,AST-S_A-0219,SEC-RKMP-BPL,S_AND_T,SignalCableRenewal,2024-08-12T00:00:00,6.0,383598.0,345
HIS-003426,AST-ENG-0191,SEC-RKMP-BPL,ENGINEERING,BallastCleaning,2022-07-04T00:00:00,4.5,172115.0,273
HIS-003427,AST-TRA-0392,SEC-RKMP-BPL,TRACTION,DropperReplacement,2023-12-14T00:00:00,1.3,160800.0,184
HIS-003428,AST-TRA-0257,SEC-RKMP-BPL,TRACTION,InsulatorReplacement,2023-05-24T00:00:00,1.8,279164.0,213
HIS-003429,AST-S_A-0076,SEC-RKMP-BPL,S_AND_T,AxleCounterCalibration,2024-08-17T00:00:00,2.3,583822.0,407
HIS-003430,AST-S_A-0418,SEC-RKMP-BPL,S_AND_T,AxleCounterCalibration,2026-07-14T00:00:00,3.6,612831.0,245
HIS-003431,AST-S_A-0301,SEC-RKMP-BPL,S_AND_T,PointMachineOverhaul,2025-02-10T00:00:00,1.9,159333.0,215
HIS-003432,AST-ENG-0280,SEC-RKMP-BPL,ENGINEERING,BallastCleaning,2023-10-19T00:00:00,6.9,62130.0,136
HIS-003433,AST-S_A-0197,SEC-RKMP-BPL,S_AND_T,PointMachineOverhaul,2022-01-22T00:00:00,3.3,190755.0,302
HIS-003434,AST-S_A-0436,SEC-RKMP-BPL,S_AND_T,AxleCounterCalibration,2023-10-04T00:00:00,4.2,70487.0,137
HIS-003435,AST-S_A-0175,SEC-RKMP-BPL,S_AND_T,SignalCableRenewal,2024-07-12T00:00:00,6.5,207790.0,402
HIS-003436,AST-TRA-0176,SEC-RKMP-BPL,TRACTION,OHEInspection,2023-12-20T00:00:00,6.0,71352.0,226
HIS-003437,AST-S_A-0346,SEC-RKMP-BPL,S_AND_T,AxleCounterCalibration,2023-12-04T00:00:00,7.2,322911.0,199
HIS-003438,AST-S_A-0346,SEC-RKMP-BPL,S_AND_T,SignalCableRenewal,2024-10-27T00:00:00,5.6,444527.0,217
HIS-003439,AST-S_A-0153,SEC-RKMP-BPL,S_AND_T,PointMachineOverhaul,2024-08-23T00:00:00,1.3,36605.0,227
HIS-003440,AST-S_A-0147,SEC-RKMP-BPL,S_AND_T,TurnoutAdjustment,2022-07-04T00:00:00,5.8,612677.0,290
HIS-003441,AST-S_A-0369,SEC-RKMP-BPL,S_AND_T,TurnoutAdjustment,2024-09-15T00:00:00,1.3,236653.0,488
HIS-003442,AST-S_A-0170,SEC-RKMP-BPL,S_AND_T,SignalCableRenewal,2026-02-14T00:00:00,4.3,349595.0,351
HIS-003443,AST-S_A-0162,SEC-RKMP-BPL,S_AND_T,SignalCableRenewal,2022-02-04T00:00:00,3.0,582347.0,299
HIS-003444,AST-S_A-0192,SEC-RKMP-BPL,S_AND_T,SignalCableRenewal,2024-12-29T00:00:00,5.2,230458.0,392
HIS-003445,AST-S_A-0013,SEC-RKMP-BPL,S_AND_T,PointMachineOverhaul,2023-09-12T00:00:00,1.5,231497.0,197
HIS-003446,AST-S_A-0485,SEC-RKMP-BPL,S_AND_T,SignalCableRenewal,2025-09-09T00:00:00,2.1,576705.0,375
HIS-003447,AST-S_A-0453,SEC-RKMP-BPL,S_AND_T,AxleCounterCalibration,2023-01-30T00:00:00,4.5,118267.0,217
HIS-003448,AST-S_A-0012,SEC-RKMP-BPL,S_AND_T,AxleCounterCalibration,2022-02-14T00:00:00,3.7,549213.0,161
HIS-003449,AST-S_A-0444,SEC-RKMP-BPL,S_AND_T,SignalCableRenewal,2023-01-14T00:00:00,6.4,583717.0,174
HIS-003450,AST-S_A-0192,SEC-RKMP-BPL,S_AND_T,TurnoutAdjustment,2025-11-18T00:00:00,6.9,207624.0,461
HIS-003451,AST-TRA-0050,SEC-RKMP-BPL,TRACTION,OHEInspection,2025-07-08T00:00:00,3.4,493803.0,253
HIS-003452,AST-S_A-0400,SEC-RKMP-BPL,S_AND_T,AxleCounterCalibration,2026-05-15T00:00:00,1.9,110424.0,147
HIS-003453,AST-S_A-0012,SEC-RKMP-BPL,S_AND_T,SignalCableRenewal,2025-06-28T00:00:00,2.5,167205.0,275
HIS-003454,AST-TRA-0375,SEC-RKMP-BPL,TRACTION,ContactWireReplacement,2024-01-04T00:00:00,4.0,67690.0,402
HIS-003455,AST-ENG-0020,SEC-RKMP-BPL,ENGINEERING,TrackTamping,2023-09-07T00:00:00,1.4,516044.0,387
HIS-003456,AST-ENG-0227,SEC-RKMP-BPL,ENGINEERING,JointWelding,2022-12-19T00:00:00,1.3,305584.0,206
HIS-003457,AST-ENG-0136,SEC-RKMP-BPL,ENGINEERING,JointWelding,2023-06-22T00:00:00,1.9,432265.0,343
HIS-003458,AST-S_A-0480,SEC-RKMP-BPL,S_AND_T,SignalCableRenewal,2024-04-15T00:00:00,5.8,250276.0,338
HIS-003459,AST-ENG-0151,SEC-RKMP-BPL,ENGINEERING,BallastCleaning,2025-11-07T00:00:00,3.7,355520.0,237
HIS-003460,AST-TRA-0491,SEC-RKMP-BPL,TRACTION,InsulatorReplacement,2023-02-17T00:00:00,5.2,384485.0,237
HIS-003461,AST-S_A-0396,SEC-RKMP-BPL,S_AND_T,PointMachineOverhaul,2024-01-06T00:00:00,7.4,124982.0,178
HIS-003462,AST-S_A-0058,SEC-RKMP-BPL,S_AND_T,AxleCounterCalibration,2024-12-15T00:00:00,6.3,184767.0,424
HIS-003463,AST-S_A-0157,SEC-RKMP-BPL,S_AND_T,AxleCounterCalibration,2024-03-04T00:00:00,6.5,167428.0,253
HIS-003464,AST-S_A-0490,SEC-RKMP-BPL,S_AND_T,TurnoutAdjustment,2023-11-02T00:00:00,3.6,532531.0,398
HIS-003465,AST-S_A-0126,SEC-RKMP-BPL,S_AND_T,SignalCableRenewal,2025-05-28T00:00:00,3.8,454820.0,111
HIS-003466,AST-S_A-0450,SEC-RKMP-BPL,S_AND_T,AxleCounterCalibration,2023-03-06T00:00:00,1.2,408939.0,357
HIS-003467,AST-S_A-0306,SEC-RKMP-BPL,S_AND_T,PointMachineOverhaul,2021-12-31T00:00:00,6.9,313553.0,326
HIS-003468,AST-ENG-0245,SEC-RKMP-BPL,ENGINEERING,TrackTamping,2021-10-15T00:00:00,7.8,50109.0,270
HIS-003469,AST-ENG-0478,SEC-RKMP-BPL,ENGINEERING,TrackTamping,2025-07-02T00:00:00,5.8,273552.0,527
HIS-003470,AST-ENG-0469,SEC-RKMP-BPL,ENGINEERING,SleeperRenewal,2025-06-28T00:00:00,3.3,508681.0,174
HIS-003471,AST-S_A-0134,SEC-RKMP-BPL,S_AND_T,SignalCableRenewal,2026-03-16T00:00:00,7.1,217740.0,27
HIS-003472,AST-S_A-0354,SEC-RKMP-BPL,S_AND_T,SignalCableRenewal,2023-08-27T00:00:00,7.2,339011.0,444
HIS-003473,AST-S_A-0134,SEC-RKMP-BPL,S_AND_T,AxleCounterCalibration,2024-02-16T00:00:00,1.7,57805.0,120
HIS-003474,AST-S_A-0408,SEC-RKMP-BPL,S_AND_T,SignalCableRenewal,2025-07-29T00:00:00,5.6,400015.0,105
HIS-003475,AST-TRA-0330,SEC-RKMP-BPL,TRACTION,ContactWireReplacement,2023-10-24T00:00:00,5.3,461409.0,119
HIS-003476,AST-S_A-0261,SEC-RKMP-BPL,S_AND_T,AxleCounterCalibration,2025-07-09T00:00:00,6.4,302643.0,238
HIS-003477,AST-S_A-0319,SEC-RKMP-BPL,S_AND_T,TurnoutAdjustment,2024-02-08T00:00:00,2.0,432331.0,451
HIS-003478,AST-ENG-0187,SEC-RKMP-BPL,ENGINEERING,TrackTamping,2022-02-07T00:00:00,2.9,597968.0,213
HIS-003479,AST-TRA-0482,SEC-RKMP-BPL,TRACTION,DropperReplacement,2025-04-21T00:00:00,7.4,554791.0,153
HIS-003480,AST-S_A-0468,SEC-RKMP-BPL,S_AND_T,AxleCounterCalibration,2023-09-12T00:00:00,4.8,619095.0,457
HIS-003481,AST-TRA-0302,SEC-RKMP-BPL,TRACTION,OHEInspection,2022-08-22T00:00:00,1.8,70625.0,283
HIS-003482,AST-ENG-0109,SEC-RKMP-BPL,ENGINEERING,JointWelding,2021-12-12T00:00:00,6.0,413795.0,199
HIS-003483,AST-TRA-0428,SEC-RKMP-BPL,TRACTION,DropperReplacement,2022-03-11T00:00:00,7.1,523219.0,101
HIS-003484,AST-S_A-0341,SEC-RKMP-BPL,S_AND_T,TurnoutAdjustment,2026-03-29T00:00:00,6.1,197215.0,369
HIS-003485,AST-ENG-0394,SEC-RKMP-BPL,ENGINEERING,RailGrinding,2026-01-23T00:00:00,2.6,380333.0,198
HIS-003486,AST-ENG-0052,SEC-RKMP-BPL,ENGINEERING,TrackTamping,2024-02-19T00:00:00,7.3,316402.0,353
HIS-003487,AST-S_A-0062,SEC-RKMP-BPL,S_AND_T,AxleCounterCalibration,2023-03-12T00:00:00,3.3,438035.0,297
HIS-003488,AST-S_A-0476,SEC-RKMP-BPL,S_AND_T,TurnoutAdjustment,2024-07-26T00:00:00,7.7,460877.0,165
HIS-003489,AST-S_A-0387,SEC-RKMP-BPL,S_AND_T,SignalCableRenewal,2022-07-21T00:00:00,3.1,218483.0,442
HIS-003490,AST-ENG-0226,SEC-RKMP-BPL,ENGINEERING,RailGrinding,2025-01-15T00:00:00,1.1,260253.0,446
HIS-003491,AST-S_A-0067,SEC-RKMP-BPL,S_AND_T,SignalCableRenewal,2021-12-04T00:00:00,5.9,504306.0,168
HIS-003492,AST-ENG-0406,SEC-RKMP-BPL,ENGINEERING,RailGrinding,2023-08-21T00:00:00,6.0,144792.0,469
HIS-003493,AST-ENG-0052,SEC-RKMP-BPL,ENGINEERING,RailGrinding,2024-05-23T00:00:00,7.3,332197.0,291
HIS-003494,AST-ENG-0187,SEC-RKMP-BPL,ENGINEERING,SleeperRenewal,2026-08-19T00:00:00,5.9,44809.0,91
HIS-003495,AST-TRA-0419,SEC-RKMP-BPL,TRACTION,ContactWireReplacement,2023-06-30T00:00:00,3.6,263503.0,438
HIS-003496,AST-ENG-0394,SEC-RKMP-BPL,ENGINEERING,JointWelding,2025-07-01T00:00:00,6.5,172314.0,296
HIS-003497,AST-S_A-0188,SEC-RKMP-BPL,S_AND_T,PointMachineOverhaul,2025-12-25T00:00:00,4.0,411506.0,193
HIS-003498,AST-ENG-0163,SEC-RKMP-BPL,ENGINEERING,SleeperRenewal,2024-05-19T00:00:00,7.2,527486.0,330
HIS-003499,AST-S_A-0454,SEC-RKMP-BPL,S_AND_T,SignalCableRenewal,2023-02-14T00:00:00,5.2,617052.0,124
HIS-003500,AST-TRA-0050,SEC-RKMP-BPL,TRACTION,InsulatorReplacement,2025-04-01T00:00:00,7.4,558613.0,273
HIS-003501,AST-S_A-0310,SEC-RKMP-BPL,S_AND_T,TurnoutAdjustment,2026-02-24T00:00:00,7.2,207164.0,211
HIS-003502,AST-TRA-0473,SEC-RKMP-BPL,TRACTION,OHEInspection,2026-01-03T00:00:00,3.8,139907.0,284
HIS-003503,AST-TRA-0230,SEC-RKMP-BPL,TRACTION,DropperReplacement,2026-09-01T00:00:00,7.4,496587.0,370
HIS-003504,AST-ENG-0487,SEC-RKMP-BPL,ENGINEERING,BallastCleaning,2024-08-26T00:00:00,5.3,183726.0,516
HIS-003505,AST-TRA-0483,SEC-RKMP-BPL,TRACTION,OHEInspection,2024-07-19T00:00:00,7.6,558292.0,122
HIS-003506,AST-S_A-0396,SEC-RKMP-BPL,S_AND_T,AxleCounterCalibration,2026-04-21T00:00:00,3.9,46631.0,308
HIS-003507,AST-ENG-0461,SEC-RKMP-BPL,ENGINEERING,SleeperRenewal,2023-05-25T00:00:00,7.3,534624.0,397
HIS-003508,AST-S_A-0084,SEC-RKMP-BPL,S_AND_T,SignalCableRenewal,2022-10-30T00:00:00,4.5,583249.0,223
HIS-003509,AST-ENG-0226,SEC-RKMP-BPL,ENGINEERING,JointWelding,2022-03-29T00:00:00,6.2,435962.0,450
HIS-003510,AST-TRA-0366,SEC-RKMP-BPL,TRACTION,DropperReplacement,2026-08-15T00:00:00,4.2,413381.0,274
HIS-003511,AST-ENG-0007,SEC-RKMP-BPL,ENGINEERING,SleeperRenewal,2023-10-24T00:00:00,1.2,271874.0,360
HIS-003512,AST-ENG-0172,SEC-RKMP-BPL,ENGINEERING,RailGrinding,2025-12-24T00:00:00,1.7,337638.0,468
HIS-003513,AST-S_A-0354,SEC-RKMP-BPL,S_AND_T,PointMachineOverhaul,2025-01-06T00:00:00,4.4,46709.0,327
HIS-003514,AST-S_A-0332,SEC-RKMP-BPL,S_AND_T,TurnoutAdjustment,2024-10-26T00:00:00,1.9,261267.0,375
HIS-003515,AST-ENG-0424,SEC-RKMP-BPL,ENGINEERING,TrackTamping,2025-11-11T00:00:00,2.7,290469.0,355
HIS-003516,AST-TRA-0302,SEC-RKMP-BPL,TRACTION,InsulatorReplacement,2024-02-07T00:00:00,5.8,130394.0,215
HIS-003517,AST-ENG-0460,SEC-RKMP-BPL,ENGINEERING,BallastCleaning,2022-02-21T00:00:00,5.0,237461.0,349
HIS-003518,AST-S_A-0296,SEC-RKMP-BPL,S_AND_T,AxleCounterCalibration,2024-09-20T00:00:00,4.0,344773.0,97
HIS-003519,AST-ENG-0412,SEC-RKMP-BPL,ENGINEERING,BallastCleaning,2026-04-22T00:00:00,4.2,351352.0,41
HIS-003520,AST-S_A-0396,SEC-RKMP-BPL,S_AND_T,PointMachineOverhaul,2022-04-04T00:00:00,7.4,378261.0,236
HIS-003521,AST-S_A-0247,SEC-RKMP-BPL,S_AND_T,PointMachineOverhaul,2026-09-05T00:00:00,7.5,517642.0,216
HIS-003522,AST-S_A-0017,SEC-RKMP-BPL,S_AND_T,SignalCableRenewal,2022-04-21T00:00:00,1.1,112246.0,300
HIS-003523,AST-S_A-0408,SEC-RKMP-BPL,S_AND_T,PointMachineOverhaul,2022-05-16T00:00:00,1.3,571262.0,163
HIS-003524,AST-TRA-0132,SEC-RKMP-BPL,TRACTION,InsulatorReplacement,2023-11-11T00:00:00,1.6,84254.0,404
HIS-003525,AST-S_A-0076,SEC-RKMP-BPL,S_AND_T,PointMachineOverhaul,2023-03-20T00:00:00,3.2,229656.0,435
HIS-003526,AST-S_A-0120,SEC-RKMP-BPL,S_AND_T,SignalCableRenewal,2024-12-01T00:00:00,3.1,249242.0,400
HIS-003527,AST-ENG-0334,SEC-RKMP-BPL,ENGINEERING,RailGrinding,2025-08-02T00:00:00,3.8,218809.0,147
HIS-003528,AST-S_A-0342,SEC-RKMP-BPL,S_AND_T,AxleCounterCalibration,2025-09-07T00:00:00,6.1,513616.0,303
HIS-003529,AST-ENG-0181,SEC-RKMP-BPL,ENGINEERING,SleeperRenewal,2022-05-31T00:00:00,3.5,458259.0,220
HIS-003530,AST-S_A-0048,SEC-RKMP-BPL,S_AND_T,SignalCableRenewal,2026-06-25T00:00:00,1.5,491966.0,257
HIS-003531,AST-ENG-0322,SEC-RKMP-BPL,ENGINEERING,TrackTamping,2022-03-19T00:00:00,5.7,139242.0,228
HIS-003532,AST-TRA-0267,SEC-RKMP-BPL,TRACTION,ContactWireReplacement,2022-11-11T00:00:00,5.6,405260.0,364
HIS-003533,AST-ENG-0307,SEC-RKMP-BPL,ENGINEERING,RailGrinding,2025-01-07T00:00:00,4.7,347882.0,382
HIS-003534,AST-TRA-0366,SEC-RKMP-BPL,TRACTION,ContactWireReplacement,2025-04-12T00:00:00,5.1,403443.0,392
HIS-003535,AST-TRA-0338,SEC-RKMP-BPL,TRACTION,ContactWireReplacement,2022-07-08T00:00:00,7.4,216699.0,323
HIS-003536,AST-ENG-0424,SEC-RKMP-BPL,ENGINEERING,RailGrinding,2026-08-29T00:00:00,2.4,593006.0,325
HIS-003537,AST-ENG-0079,SEC-RKMP-BPL,ENGINEERING,JointWelding,2024-01-07T00:00:00,4.4,388201.0,268
HIS-003538,AST-ENG-0425,SEC-RKMP-BPL,ENGINEERING,RailGrinding,2022-03-22T00:00:00,2.9,125821.0,159
HIS-003539,AST-S_A-0188,SEC-RKMP-BPL,S_AND_T,PointMachineOverhaul,2024-08-31T00:00:00,1.8,260167.0,236
HIS-003540,AST-S_A-0044,SEC-RKMP-BPL,S_AND_T,AxleCounterCalibration,2026-08-27T00:00:00,5.3,400712.0,368
HIS-003541,AST-TRA-0365,SEC-RKMP-BPL,TRACTION,OHEInspection,2021-10-31T00:00:00,1.9,158729.0,282
HIS-003542,AST-ENG-0331,SEC-RKMP-BPL,ENGINEERING,TrackTamping,2024-08-28T00:00:00,4.6,577978.0,429
HIS-003543,AST-TRA-0185,SEC-RKMP-BPL,TRACTION,InsulatorReplacement,2022-07-21T00:00:00,5.3,414773.0,196
HIS-003544,AST-S_A-0396,SEC-RKMP-BPL,S_AND_T,SignalCableRenewal,2024-12-01T00:00:00,7.5,595892.0,380
HIS-003545,AST-ENG-0361,SEC-RKMP-BPL,ENGINEERING,BallastCleaning,2021-12-23T00:00:00,4.2,366156.0,165
HIS-003546,AST-S_A-0098,SEC-RKMP-BPL,S_AND_T,AxleCounterCalibration,2024-03-04T00:00:00,4.4,433353.0,183
HIS-003547,AST-S_A-0228,SEC-RKMP-BPL,S_AND_T,TurnoutAdjustment,2023-07-27T00:00:00,2.3,95619.0,342
HIS-003548,AST-S_A-0377,SEC-RKMP-BPL,S_AND_T,SignalCableRenewal,2021-09-27T00:00:00,6.7,129138.0,433
HIS-003549,AST-ENG-0079,SEC-RKMP-BPL,ENGINEERING,TrackTamping,2024-03-09T00:00:00,7.5,628085.0,153
HIS-003550,AST-TRA-0042,SEC-RKMP-BPL,TRACTION,OHEInspection,2023-02-05T00:00:00,2.1,624202.0,510
HIS-003551,AST-S_A-0477,SEC-RKMP-BPL,S_AND_T,SignalCableRenewal,2024-05-24T00:00:00,1.0,441543.0,330
HIS-003552,AST-TRA-0095,SEC-RKMP-BPL,TRACTION,InsulatorReplacement,2022-10-26T00:00:00,3.8,349283.0,435
HIS-003553,AST-TRA-0095,SEC-RKMP-BPL,TRACTION,InsulatorReplacement,2025-01-24T00:00:00,4.1,172302.0,422
HIS-003554,AST-ENG-0497,SEC-RKMP-BPL,ENGINEERING,TrackTamping,2024-07-31T00:00:00,4.7,371233.0,276
HIS-003555,AST-ENG-0403,SEC-RKMP-BPL,ENGINEERING,BallastCleaning,2023-09-08T00:00:00,3.4,532004.0,225
HIS-003556,AST-ENG-0209,SEC-RKMP-BPL,ENGINEERING,RailGrinding,2023-08-12T00:00:00,5.6,624700.0,230
HIS-003557,AST-ENG-0205,SEC-RKMP-BPL,ENGINEERING,SleeperRenewal,2024-11-21T00:00:00,7.3,193173.0,426
HIS-003558,AST-ENG-0181,SEC-RKMP-BPL,ENGINEERING,TrackTamping,2023-02-25T00:00:00,7.4,547141.0,329
HIS-003559,AST-S_A-0224,SEC-RKMP-BPL,S_AND_T,AxleCounterCalibration,2022-11-12T00:00:00,3.3,83820.0,326
HIS-003560,AST-TRA-0473,SEC-RKMP-BPL,TRACTION,ContactWireReplacement,2025-07-06T00:00:00,4.6,381369.0,197
HIS-003561,AST-ENG-0415,SEC-RKMP-BPL,ENGINEERING,TrackTamping,2025-08-10T00:00:00,1.6,104845.0,436
HIS-003562,AST-ENG-0424,SEC-RKMP-BPL,ENGINEERING,JointWelding,2021-09-21T00:00:00,1.7,228074.0,381
HIS-003563,AST-ENG-0457,SEC-RKMP-BPL,ENGINEERING,SleeperRenewal,2023-07-11T00:00:00,5.8,260118.0,26
HIS-003564,AST-S_A-0449,SEC-RKMP-BPL,S_AND_T,AxleCounterCalibration,2022-01-14T00:00:00,2.1,307383.0,349
HIS-003565,AST-S_A-0296,SEC-RKMP-BPL,S_AND_T,TurnoutAdjustment,2023-06-09T00:00:00,1.3,189427.0,235
HIS-003566,AST-S_A-0450,SEC-RKMP-BPL,S_AND_T,SignalCableRenewal,2023-05-13T00:00:00,4.6,292987.0,357
HIS-003567,AST-TRA-0185,SEC-RKMP-BPL,TRACTION,OHEInspection,2025-11-01T00:00:00,3.6,123616.0,115
HIS-003568,AST-S_A-0251,SEC-RKMP-BPL,S_AND_T,SignalCableRenewal,2022-10-17T00:00:00,3.8,299844.0,434
HIS-003569,AST-S_A-0364,SEC-RKMP-BPL,S_AND_T,AxleCounterCalibration,2023-05-20T00:00:00,2.1,592671.0,378
HIS-003570,AST-ENG-0088,SEC-RKMP-BPL,ENGINEERING,JointWelding,2026-01-02T00:00:00,1.1,316909.0,460
HIS-003571,AST-ENG-0043,SEC-RKMP-BPL,ENGINEERING,RailGrinding,2021-12-29T00:00:00,6.2,152809.0,483
HIS-003572,AST-ENG-0280,SEC-RKMP-BPL,ENGINEERING,SleeperRenewal,2023-04-09T00:00:00,8.0,234775.0,84
HIS-003573,AST-TRA-0392,SEC-RKMP-BPL,TRACTION,OHEInspection,2025-04-22T00:00:00,6.2,227909.0,291
HIS-003574,AST-ENG-0046,SEC-RKMP-BPL,ENGINEERING,JointWelding,2024-01-19T00:00:00,7.3,168206.0,10
HIS-003575,AST-TRA-0177,SEC-RKMP-BPL,TRACTION,OHEInspection,2024-03-15T00:00:00,3.9,348234.0,187
HIS-003576,AST-ENG-0430,SEC-RKMP-BPL,ENGINEERING,JointWelding,2021-12-18T00:00:00,7.0,71726.0,174
HIS-003577,AST-S_A-0035,SEC-RKMP-BPL,S_AND_T,SignalCableRenewal,2025-06-22T00:00:00,2.4,349530.0,317
HIS-003578,AST-ENG-0361,SEC-RKMP-BPL,ENGINEERING,JointWelding,2022-07-11T00:00:00,5.9,413719.0,381
HIS-003579,AST-S_A-0336,SEC-RKMP-BPL,S_AND_T,PointMachineOverhaul,2024-07-21T00:00:00,6.7,176491.0,391
HIS-003580,AST-TRA-0465,SEC-RKMP-BPL,TRACTION,ContactWireReplacement,2022-02-01T00:00:00,8.0,286844.0,37
HIS-003581,AST-ENG-0496,SEC-RKMP-BPL,ENGINEERING,RailGrinding,2026-02-08T00:00:00,2.3,140570.0,420
HIS-003582,AST-S_A-0174,SEC-RKMP-BPL,S_AND_T,PointMachineOverhaul,2024-02-02T00:00:00,1.1,511432.0,245
HIS-003583,AST-TRA-0096,SEC-RKMP-BPL,TRACTION,OHEInspection,2022-04-20T00:00:00,1.8,218060.0,210
HIS-003584,AST-ENG-0289,SEC-RKMP-BPL,ENGINEERING,RailGrinding,2023-07-22T00:00:00,3.4,69747.0,429
HIS-003585,AST-S_A-0057,SEC-RKMP-BPL,S_AND_T,SignalCableRenewal,2023-04-12T00:00:00,3.9,114182.0,174
HIS-003586,AST-TRA-0474,SEC-RKMP-BPL,TRACTION,ContactWireReplacement,2025-01-11T00:00:00,7.4,401212.0,337
HIS-003587,AST-S_A-0049,SEC-RKMP-BPL,S_AND_T,SignalCableRenewal,2022-10-10T00:00:00,6.1,233210.0,330
HIS-003588,AST-S_A-0337,SEC-RKMP-BPL,S_AND_T,SignalCableRenewal,2025-01-17T00:00:00,6.7,102733.0,219
HIS-003589,AST-S_A-0282,SEC-RKMP-BPL,S_AND_T,TurnoutAdjustment,2022-04-24T00:00:00,4.8,391875.0,532
HIS-003590,AST-ENG-0479,SEC-RKMP-BPL,ENGINEERING,JointWelding,2022-06-22T00:00:00,3.3,27523.0,108
HIS-003591,AST-S_A-0089,SEC-RKMP-BPL,S_AND_T,TurnoutAdjustment,2023-12-03T00:00:00,3.0,269315.0,364
HIS-003592,AST-S_A-0345,SEC-RKMP-BPL,S_AND_T,SignalCableRenewal,2024-01-29T00:00:00,3.9,505785.0,247
HIS-003593,AST-TRA-0060,SEC-RKMP-BPL,TRACTION,OHEInspection,2022-11-01T00:00:00,6.7,368272.0,462
HIS-003594,AST-S_A-0103,SEC-RKMP-BPL,S_AND_T,AxleCounterCalibration,2022-03-17T00:00:00,2.6,69147.0,373
HIS-003595,AST-S_A-0477,SEC-RKMP-BPL,S_AND_T,SignalCableRenewal,2023-03-01T00:00:00,1.1,196600.0,185
HIS-003596,AST-S_A-0225,SEC-RKMP-BPL,S_AND_T,TurnoutAdjustment,2024-08-07T00:00:00,3.6,215622.0,558
HIS-003597,AST-TRA-0239,SEC-RKMP-BPL,TRACTION,OHEInspection,2022-03-08T00:00:00,7.0,25563.0,323
HIS-003598,AST-TRA-0375,SEC-RKMP-BPL,TRACTION,DropperReplacement,2023-04-13T00:00:00,4.4,71673.0,392
HIS-003599,AST-S_A-0463,SEC-RKMP-BPL,S_AND_T,PointMachineOverhaul,2025-07-28T00:00:00,2.5,532613.0,345
HIS-003600,AST-S_A-0390,SEC-RKMP-BPL,S_AND_T,TurnoutAdjustment,2024-09-19T00:00:00,7.0,277687.0,540
HIS-003601,AST-S_A-0354,SEC-RKMP-BPL,S_AND_T,AxleCounterCalibration,2022-02-02T00:00:00,3.6,564715.0,442
HIS-003602,AST-ENG-0223,SEC-RKMP-BPL,ENGINEERING,TrackTamping,2025-08-30T00:00:00,2.3,254805.0,145
HIS-003603,AST-TRA-0456,SEC-RKMP-BPL,TRACTION,InsulatorReplacement,2025-05-30T00:00:00,4.4,250202.0,13
HIS-003604,AST-ENG-0124,SEC-RKMP-BPL,ENGINEERING,TrackTamping,2023-04-22T00:00:00,2.0,307208.0,341
HIS-003605,AST-ENG-0367,SEC-RKMP-BPL,ENGINEERING,BallastCleaning,2021-11-21T00:00:00,4.3,600205.0,142
HIS-003606,AST-TRA-0402,SEC-RKMP-BPL,TRACTION,OHEInspection,2024-12-31T00:00:00,1.6,313468.0,187
HIS-003607,AST-S_A-0153,SEC-RKMP-BPL,S_AND_T,AxleCounterCalibration,2022-07-23T00:00:00,7.2,31996.0,328
HIS-003608,AST-S_A-0260,SEC-RKMP-BPL,S_AND_T,PointMachineOverhaul,2023-06-01T00:00:00,5.5,483418.0,339
HIS-003609,AST-S_A-0189,SEC-RKMP-BPL,S_AND_T,AxleCounterCalibration,2024-04-24T00:00:00,4.5,228227.0,41
HIS-003610,AST-S_A-0170,SEC-RKMP-BPL,S_AND_T,AxleCounterCalibration,2026-08-26T00:00:00,5.0,60858.0,353
HIS-003611,AST-ENG-0074,SEC-RKMP-BPL,ENGINEERING,BallastCleaning,2024-08-02T00:00:00,3.3,56044.0,292
HIS-003612,AST-TRA-0311,SEC-RKMP-BPL,TRACTION,OHEInspection,2023-02-22T00:00:00,3.6,88024.0,400
HIS-003613,AST-ENG-0250,SEC-RKMP-BPL,ENGINEERING,JointWelding,2024-10-17T00:00:00,4.7,431683.0,118
HIS-003614,AST-ENG-0196,SEC-RKMP-BPL,ENGINEERING,BallastCleaning,2022-07-16T00:00:00,3.7,200718.0,204
HIS-003615,AST-ENG-0038,SEC-RKMP-BPL,ENGINEERING,RailGrinding,2021-09-21T00:00:00,4.9,310783.0,398
HIS-003616,AST-S_A-0319,SEC-RKMP-BPL,S_AND_T,PointMachineOverhaul,2024-12-29T00:00:00,5.0,602127.0,278
HIS-003617,AST-ENG-0415,SEC-RKMP-BPL,ENGINEERING,TrackTamping,2023-02-15T00:00:00,3.1,198626.0,494
HIS-003618,AST-S_A-0468,SEC-RKMP-BPL,S_AND_T,TurnoutAdjustment,2025-05-19T00:00:00,7.8,545694.0,377
HIS-003619,AST-S_A-0021,SEC-RKMP-BPL,S_AND_T,PointMachineOverhaul,2022-04-23T00:00:00,1.5,631741.0,171
HIS-003620,AST-TRA-0311,SEC-RKMP-BPL,TRACTION,OHEInspection,2025-01-13T00:00:00,4.2,252694.0,517
HIS-003621,AST-TRA-0104,SEC-RKMP-BPL,TRACTION,OHEInspection,2023-08-11T00:00:00,2.9,115479.0,320
HIS-003622,AST-S_A-0192,SEC-RKMP-BPL,S_AND_T,PointMachineOverhaul,2024-05-22T00:00:00,4.0,88771.0,451
HIS-003623,AST-ENG-0025,SEC-RKMP-BPL,ENGINEERING,BallastCleaning,2021-09-30T00:00:00,4.6,41955.0,400
HIS-003624,AST-ENG-0124,SEC-RKMP-BPL,ENGINEERING,RailGrinding,2023-03-27T00:00:00,1.3,330287.0,369
HIS-003625,AST-S_A-0017,SEC-RKMP-BPL,S_AND_T,SignalCableRenewal,2025-01-19T00:00:00,3.8,414177.0,412
HIS-003626,AST-TRA-0257,SEC-RKMP-BPL,TRACTION,DropperReplacement,2024-10-16T00:00:00,2.4,524449.0,262
HIS-003627,AST-TRA-0302,SEC-RKMP-BPL,TRACTION,InsulatorReplacement,2022-04-26T00:00:00,6.0,39640.0,300
HIS-003628,AST-ENG-0070,SEC-RKMP-BPL,ENGINEERING,JointWelding,2023-09-24T00:00:00,2.4,549098.0,363
HIS-003629,AST-ENG-0479,SEC-RKMP-BPL,ENGINEERING,JointWelding,2023-05-06T00:00:00,5.4,236348.0,172
HIS-003630,AST-S_A-0054,SEC-RKMP-BPL,S_AND_T,PointMachineOverhaul,2022-10-24T00:00:00,2.5,370083.0,265
HIS-003631,AST-TRA-0347,SEC-RKMP-BPL,TRACTION,DropperReplacement,2024-08-12T00:00:00,1.1,196597.0,405
HIS-003632,AST-S_A-0256,SEC-RKMP-BPL,S_AND_T,AxleCounterCalibration,2025-07-13T00:00:00,2.9,280167.0,426
HIS-003633,AST-TRA-0006,SEC-RKMP-BPL,TRACTION,DropperReplacement,2024-02-11T00:00:00,4.2,288284.0,332
HIS-003634,AST-S_A-0431,SEC-RKMP-BPL,S_AND_T,PointMachineOverhaul,2022-07-03T00:00:00,3.7,274157.0,389
HIS-003635,AST-S_A-0427,SEC-RKMP-BPL,S_AND_T,AxleCounterCalibration,2025-06-03T00:00:00,4.0,407753.0,397
HIS-003636,AST-S_A-0143,SEC-RKMP-BPL,S_AND_T,PointMachineOverhaul,2022-08-19T00:00:00,6.9,366626.0,419
HIS-003637,AST-TRA-0383,SEC-RKMP-BPL,TRACTION,ContactWireReplacement,2022-03-02T00:00:00,4.7,328886.0,399
HIS-003638,AST-S_A-0364,SEC-RKMP-BPL,S_AND_T,AxleCounterCalibration,2023-05-06T00:00:00,5.6,543149.0,351
HIS-003639,AST-S_A-0359,SEC-RKMP-BPL,S_AND_T,AxleCounterCalibration,2024-09-26T00:00:00,7.6,105551.0,220
HIS-003640,AST-ENG-0226,SEC-RKMP-BPL,ENGINEERING,BallastCleaning,2021-09-10T00:00:00,3.3,568099.0,362
HIS-003641,AST-ENG-0326,SEC-RKMP-BPL,ENGINEERING,TrackTamping,2024-10-20T00:00:00,1.2,48830.0,368
HIS-003642,AST-TRA-0348,SEC-RKMP-BPL,TRACTION,DropperReplacement,2022-06-17T00:00:00,2.2,307254.0,152
HIS-003643,AST-S_A-0378,SEC-RKMP-BPL,S_AND_T,SignalCableRenewal,2022-12-31T00:00:00,5.6,342497.0,301
HIS-003644,AST-ENG-0178,SEC-RKMP-BPL,ENGINEERING,SleeperRenewal,2022-04-17T00:00:00,2.4,368185.0,310
HIS-003645,AST-ENG-0110,SEC-RKMP-BPL,ENGINEERING,TrackTamping,2026-03-06T00:00:00,4.4,624723.0,331
HIS-003646,AST-ENG-0430,SEC-RKMP-BPL,ENGINEERING,BallastCleaning,2022-07-27T00:00:00,2.7,500593.0,349
HIS-003647,AST-ENG-0119,SEC-RKMP-BPL,ENGINEERING,SleeperRenewal,2023-02-15T00:00:00,7.2,610886.0,117
HIS-003648,AST-ENG-0322,SEC-RKMP-BPL,ENGINEERING,JointWelding,2025-01-25T00:00:00,6.9,116433.0,177
HIS-003649,AST-S_A-0044,SEC-RKMP-BPL,S_AND_T,PointMachineOverhaul,2025-10-08T00:00:00,4.4,388017.0,345
HIS-003650,AST-ENG-0064,SEC-RKMP-BPL,ENGINEERING,BallastCleaning,2022-07-01T00:00:00,4.8,599985.0,72
HIS-003651,AST-ENG-0461,SEC-RKMP-BPL,ENGINEERING,BallastCleaning,2022-04-14T00:00:00,8.0,214277.0,263
HIS-003652,AST-ENG-0443,SEC-RKMP-BPL,ENGINEERING,TrackTamping,2025-03-29T00:00:00,2.4,626291.0,345
HIS-003653,AST-ENG-0403,SEC-RKMP-BPL,ENGINEERING,SleeperRenewal,2024-11-23T00:00:00,1.2,102148.0,240
HIS-003654,AST-S_A-0017,SEC-RKMP-BPL,S_AND_T,SignalCableRenewal,2026-08-03T00:00:00,7.3,512180.0,421
HIS-003655,AST-ENG-0083,SEC-RKMP-BPL,ENGINEERING,TrackTamping,2022-06-19T00:00:00,6.3,103762.0,500
HIS-003656,AST-S_A-0027,SEC-RKMP-BPL,S_AND_T,TurnoutAdjustment,2026-04-06T00:00:00,2.8,48987.0,244
HIS-003657,AST-S_A-0490,SEC-RKMP-BPL,S_AND_T,TurnoutAdjustment,2022-02-22T00:00:00,1.7,585734.0,413
HIS-003658,AST-S_A-0175,SEC-RKMP-BPL,S_AND_T,TurnoutAdjustment,2024-11-26T00:00:00,7.4,487628.0,436
HIS-003659,AST-S_A-0481,SEC-RKMP-BPL,S_AND_T,PointMachineOverhaul,2022-06-27T00:00:00,5.3,380846.0,192
HIS-003660,AST-S_A-0103,SEC-RKMP-BPL,S_AND_T,TurnoutAdjustment,2025-02-26T00:00:00,5.9,221136.0,413
HIS-003661,AST-S_A-0089,SEC-RKMP-BPL,S_AND_T,TurnoutAdjustment,2025-05-17T00:00:00,7.6,226616.0,221
HIS-003662,AST-TRA-0455,SEC-RKMP-BPL,TRACTION,OHEInspection,2025-05-08T00:00:00,7.9,503417.0,292
HIS-003663,AST-S_A-0440,SEC-RKMP-BPL,S_AND_T,AxleCounterCalibration,2023-08-29T00:00:00,2.8,341566.0,10
HIS-003664,AST-TRA-0401,SEC-RKMP-BPL,TRACTION,ContactWireReplacement,2022-11-30T00:00:00,2.4,518006.0,198
HIS-003665,AST-S_A-0435,SEC-RKMP-BPL,S_AND_T,PointMachineOverhaul,2022-08-15T00:00:00,1.5,56030.0,532
HIS-003666,AST-TRA-0465,SEC-RKMP-BPL,TRACTION,OHEInspection,2022-02-09T00:00:00,6.1,337955.0,10
HIS-003667,AST-S_A-0129,SEC-RKMP-BPL,S_AND_T,SignalCableRenewal,2023-08-25T00:00:00,4.6,299716.0,135
HIS-003668,AST-TRA-0293,SEC-RKMP-BPL,TRACTION,DropperReplacement,2022-08-31T00:00:00,3.1,287892.0,153
HIS-003669,AST-TRA-0069,SEC-RKMP-BPL,TRACTION,InsulatorReplacement,2021-12-30T00:00:00,3.8,534960.0,494
HIS-003670,AST-ENG-0142,SEC-RKMP-BPL,ENGINEERING,JointWelding,2024-02-06T00:00:00,4.7,494504.0,10
HIS-003671,AST-TRA-0141,SEC-RKMP-BPL,TRACTION,InsulatorReplacement,2022-03-23T00:00:00,7.5,552607.0,295
HIS-003672,AST-S_A-0441,SEC-RKMP-BPL,S_AND_T,TurnoutAdjustment,2026-05-21T00:00:00,2.1,258299.0,330
HIS-003673,AST-S_A-0036,SEC-RKMP-BPL,S_AND_T,TurnoutAdjustment,2023-08-18T00:00:00,2.6,94202.0,270
HIS-003674,AST-ENG-0232,SEC-RKMP-BPL,ENGINEERING,RailGrinding,2021-10-05T00:00:00,1.6,482146.0,280
HIS-003675,AST-ENG-0182,SEC-RKMP-BPL,ENGINEERING,JointWelding,2024-05-29T00:00:00,5.1,155380.0,433
HIS-003676,AST-S_A-0471,SEC-RKMP-BPL,S_AND_T,TurnoutAdjustment,2025-03-08T00:00:00,6.6,577803.0,555
HIS-003677,AST-TRA-0077,SEC-RKMP-BPL,TRACTION,DropperReplacement,2024-09-21T00:00:00,1.9,46398.0,366
HIS-003678,AST-S_A-0008,SEC-RKMP-BPL,S_AND_T,PointMachineOverhaul,2024-12-11T00:00:00,3.1,110372.0,249
HIS-003679,AST-TRA-0293,SEC-RKMP-BPL,TRACTION,OHEInspection,2024-06-24T00:00:00,2.6,393603.0,135
HIS-003680,AST-S_A-0377,SEC-RKMP-BPL,S_AND_T,PointMachineOverhaul,2026-03-18T00:00:00,2.1,356888.0,495
HIS-003681,AST-ENG-0199,SEC-RKMP-BPL,ENGINEERING,BallastCleaning,2026-02-22T00:00:00,6.4,292777.0,192
HIS-003682,AST-S_A-0183,SEC-RKMP-BPL,S_AND_T,TurnoutAdjustment,2024-02-26T00:00:00,6.8,646116.0,437
HIS-003683,AST-ENG-0151,SEC-RKMP-BPL,ENGINEERING,SleeperRenewal,2021-12-20T00:00:00,2.5,223154.0,306
HIS-003684,AST-S_A-0287,SEC-RKMP-BPL,S_AND_T,AxleCounterCalibration,2025-10-07T00:00:00,3.2,381066.0,466
HIS-003685,AST-ENG-0101,SEC-RKMP-BPL,ENGINEERING,SleeperRenewal,2025-12-29T00:00:00,2.1,424567.0,172
HIS-003686,AST-TRA-0366,SEC-RKMP-BPL,TRACTION,DropperReplacement,2026-03-16T00:00:00,3.7,56644.0,367
HIS-003687,AST-ENG-0326,SEC-RKMP-BPL,ENGINEERING,RailGrinding,2024-05-04T00:00:00,6.2,342865.0,310
HIS-003688,AST-TRA-0285,SEC-RKMP-BPL,TRACTION,DropperReplacement,2025-03-02T00:00:00,3.2,56184.0,334
HIS-003689,AST-ENG-0109,SEC-RKMP-BPL,ENGINEERING,TrackTamping,2024-07-20T00:00:00,2.6,31217.0,248
HIS-003690,AST-ENG-0497,SEC-RKMP-BPL,ENGINEERING,TrackTamping,2025-10-08T00:00:00,2.6,324238.0,364
HIS-003691,AST-ENG-0155,SEC-RKMP-BPL,ENGINEERING,SleeperRenewal,2025-08-26T00:00:00,5.3,559219.0,174
HIS-003692,AST-ENG-0379,SEC-RKMP-BPL,ENGINEERING,TrackTamping,2024-10-14T00:00:00,1.6,81488.0,323
HIS-003693,AST-ENG-0196,SEC-RKMP-BPL,ENGINEERING,BallastCleaning,2022-03-03T00:00:00,1.9,166062.0,76
HIS-003694,AST-S_A-0188,SEC-RKMP-BPL,S_AND_T,PointMachineOverhaul,2024-09-21T00:00:00,7.4,547175.0,155
HIS-003695,AST-S_A-0044,SEC-RKMP-BPL,S_AND_T,TurnoutAdjustment,2025-12-13T00:00:00,6.4,185721.0,453
HIS-003696,AST-ENG-0430,SEC-RKMP-BPL,ENGINEERING,BallastCleaning,2025-03-03T00:00:00,2.2,333845.0,230
HIS-003697,AST-S_A-0485,SEC-RKMP-BPL,S_AND_T,PointMachineOverhaul,2022-05-05T00:00:00,1.6,383619.0,392
HIS-003698,AST-S_A-0382,SEC-RKMP-BPL,S_AND_T,AxleCounterCalibration,2022-12-19T00:00:00,5.1,207887.0,291
HIS-003699,AST-ENG-0253,SEC-RKMP-BPL,ENGINEERING,RailGrinding,2023-04-25T00:00:00,3.2,229673.0,228
HIS-003700,AST-TRA-0375,SEC-RKMP-BPL,TRACTION,OHEInspection,2025-08-23T00:00:00,1.2,285305.0,464
HIS-003701,AST-TRA-0159,SEC-RKMP-BPL,TRACTION,OHEInspection,2025-04-25T00:00:00,2.0,147483.0,207
HIS-003702,AST-S_A-0440,SEC-RKMP-BPL,S_AND_T,PointMachineOverhaul,2022-08-24T00:00:00,2.8,403303.0,259
HIS-003703,AST-S_A-0359,SEC-RKMP-BPL,S_AND_T,PointMachineOverhaul,2023-06-13T00:00:00,4.6,586214.0,90
HIS-003704,AST-S_A-0278,SEC-RKMP-BPL,S_AND_T,SignalCableRenewal,2024-05-30T00:00:00,6.6,38704.0,446
HIS-003705,AST-S_A-0171,SEC-RKMP-BPL,S_AND_T,TurnoutAdjustment,2022-10-20T00:00:00,6.0,524533.0,422
HIS-003706,AST-ENG-0236,SEC-RKMP-BPL,ENGINEERING,TrackTamping,2024-10-07T00:00:00,1.2,457267.0,93
HIS-003707,AST-S_A-0053,SEC-RKMP-BPL,S_AND_T,AxleCounterCalibration,2025-07-25T00:00:00,3.6,79628.0,261
HIS-003708,AST-TRA-0375,SEC-RKMP-BPL,TRACTION,ContactWireReplacement,2025-09-15T00:00:00,7.8,486934.0,410
HIS-003709,AST-S_A-0318,SEC-RKMP-BPL,S_AND_T,PointMachineOverhaul,2022-07-21T00:00:00,7.0,229794.0,10
HIS-003710,AST-S_A-0197,SEC-RKMP-BPL,S_AND_T,AxleCounterCalibration,2024-02-17T00:00:00,7.9,441883.0,250
HIS-003711,AST-TRA-0023,SEC-RKMP-BPL,TRACTION,InsulatorReplacement,2024-07-16T00:00:00,6.9,611554.0,488
HIS-003712,AST-TRA-0375,SEC-RKMP-BPL,TRACTION,InsulatorReplacement,2026-06-23T00:00:00,7.6,419765.0,231
HIS-003713,AST-S_A-0305,SEC-RKMP-BPL,S_AND_T,AxleCounterCalibration,2022-05-05T00:00:00,3.5,451888.0,99
HIS-003714,AST-ENG-0029,SEC-RKMP-BPL,ENGINEERING,JointWelding,2021-10-20T00:00:00,6.8,357918.0,281
HIS-003715,AST-ENG-0340,SEC-RKMP-BPL,ENGINEERING,RailGrinding,2024-06-23T00:00:00,4.2,56893.0,407
HIS-003716,AST-S_A-0499,SEC-RKMP-BPL,S_AND_T,PointMachineOverhaul,2026-01-02T00:00:00,5.4,153447.0,310
HIS-003717,AST-TRA-0204,SEC-RKMP-BPL,TRACTION,DropperReplacement,2024-09-18T00:00:00,1.2,337618.0,313
HIS-003718,AST-ENG-0262,SEC-RKMP-BPL,ENGINEERING,BallastCleaning,2026-06-07T00:00:00,3.4,60030.0,475
HIS-003719,AST-S_A-0129,SEC-RKMP-BPL,S_AND_T,AxleCounterCalibration,2024-06-29T00:00:00,6.3,557156.0,114
HIS-003720,AST-TRA-0024,SEC-RKMP-BPL,TRACTION,DropperReplacement,2021-10-14T00:00:00,1.6,486406.0,472
HIS-003721,AST-S_A-0467,SEC-RKMP-BPL,S_AND_T,TurnoutAdjustment,2023-06-30T00:00:00,3.0,521440.0,193
HIS-003722,AST-S_A-0463,SEC-RKMP-BPL,S_AND_T,SignalCableRenewal,2022-08-01T00:00:00,3.7,187662.0,505
HIS-003723,AST-S_A-0345,SEC-RKMP-BPL,S_AND_T,SignalCableRenewal,2023-01-27T00:00:00,5.6,53100.0,477
HIS-003724,AST-ENG-0461,SEC-RKMP-BPL,ENGINEERING,RailGrinding,2022-05-09T00:00:00,7.4,148164.0,411
HIS-003725,AST-S_A-0305,SEC-RKMP-BPL,S_AND_T,PointMachineOverhaul,2021-11-27T00:00:00,2.8,235673.0,133
HIS-003726,AST-ENG-0133,SEC-RKMP-BPL,ENGINEERING,BallastCleaning,2024-12-22T00:00:00,6.8,138588.0,179
HIS-003727,AST-ENG-0349,SEC-RKMP-BPL,ENGINEERING,BallastCleaning,2023-07-07T00:00:00,5.3,606130.0,418
HIS-003728,AST-S_A-0498,SEC-RKMP-BPL,S_AND_T,TurnoutAdjustment,2021-09-20T00:00:00,1.9,224871.0,256
HIS-003729,AST-TRA-0483,SEC-RKMP-BPL,TRACTION,OHEInspection,2025-08-10T00:00:00,5.4,153694.0,224
HIS-003730,AST-ENG-0137,SEC-RKMP-BPL,ENGINEERING,JointWelding,2025-08-03T00:00:00,3.8,486293.0,161
HIS-003731,AST-S_A-0414,SEC-RKMP-BPL,S_AND_T,TurnoutAdjustment,2026-01-10T00:00:00,6.3,559687.0,208
HIS-003732,AST-S_A-0210,SEC-RKMP-BPL,S_AND_T,TurnoutAdjustment,2023-08-19T00:00:00,5.9,353887.0,452
HIS-003733,AST-ENG-0385,SEC-RKMP-BPL,ENGINEERING,JointWelding,2024-10-30T00:00:00,4.1,376501.0,106
HIS-003734,AST-S_A-0319,SEC-RKMP-BPL,S_AND_T,PointMachineOverhaul,2024-11-15T00:00:00,1.4,527672.0,319
HIS-003735,AST-ENG-0280,SEC-RKMP-BPL,ENGINEERING,TrackTamping,2022-01-22T00:00:00,2.7,336730.0,167
HIS-003736,AST-TRA-0051,SEC-RKMP-BPL,TRACTION,InsulatorReplacement,2026-07-16T00:00:00,2.6,65106.0,283
HIS-003737,AST-ENG-0164,SEC-RKMP-BPL,ENGINEERING,SleeperRenewal,2023-08-15T00:00:00,2.4,465193.0,421
HIS-003738,AST-S_A-0467,SEC-RKMP-BPL,S_AND_T,PointMachineOverhaul,2023-11-26T00:00:00,2.1,121034.0,247
HIS-003739,AST-ENG-0299,SEC-RKMP-BPL,ENGINEERING,JointWelding,2022-04-19T00:00:00,1.2,590142.0,463
HIS-003740,AST-S_A-0364,SEC-RKMP-BPL,S_AND_T,TurnoutAdjustment,2021-11-17T00:00:00,1.5,72069.0,331
HIS-003741,AST-S_A-0057,SEC-RKMP-BPL,S_AND_T,SignalCableRenewal,2024-07-20T00:00:00,4.9,151145.0,163
HIS-003742,AST-ENG-0016,SEC-RKMP-BPL,ENGINEERING,JointWelding,2023-08-01T00:00:00,2.6,638764.0,239
HIS-003743,AST-TRA-0113,SEC-RKMP-BPL,TRACTION,DropperReplacement,2023-04-19T00:00:00,7.8,182016.0,609
HIS-003744,AST-S_A-0242,SEC-RKMP-BPL,S_AND_T,SignalCableRenewal,2023-11-16T00:00:00,5.5,250176.0,444
HIS-003745,AST-S_A-0144,SEC-RKMP-BPL,S_AND_T,AxleCounterCalibration,2026-04-17T00:00:00,6.7,281644.0,424
HIS-003746,AST-ENG-0433,SEC-RKMP-BPL,ENGINEERING,RailGrinding,2026-06-16T00:00:00,4.4,352168.0,454
HIS-003747,AST-S_A-0350,SEC-RKMP-BPL,S_AND_T,SignalCableRenewal,2026-03-05T00:00:00,4.0,241634.0,274
HIS-003748,AST-S_A-0224,SEC-RKMP-BPL,S_AND_T,TurnoutAdjustment,2025-08-01T00:00:00,3.2,55408.0,366
HIS-003749,AST-S_A-0260,SEC-RKMP-BPL,S_AND_T,SignalCableRenewal,2022-06-15T00:00:00,4.2,436012.0,231
HIS-003750,AST-ENG-0146,SEC-RKMP-BPL,ENGINEERING,BallastCleaning,2024-03-16T00:00:00,4.8,210641.0,223
HIS-003751,AST-ENG-0146,SEC-RKMP-BPL,ENGINEERING,SleeperRenewal,2024-01-14T00:00:00,5.3,557387.0,228
HIS-003752,AST-ENG-0020,SEC-RKMP-BPL,ENGINEERING,JointWelding,2022-03-15T00:00:00,4.4,631047.0,431
HIS-003753,AST-TRA-0051,SEC-RKMP-BPL,TRACTION,ContactWireReplacement,2023-12-12T00:00:00,5.9,345448.0,182
HIS-003754,AST-ENG-0155,SEC-RKMP-BPL,ENGINEERING,BallastCleaning,2024-11-10T00:00:00,2.1,159465.0,108
HIS-003755,AST-TRA-0267,SEC-RKMP-BPL,TRACTION,ContactWireReplacement,2023-12-26T00:00:00,5.3,144672.0,259
HIS-003756,AST-ENG-0325,SEC-RKMP-BPL,ENGINEERING,JointWelding,2023-06-10T00:00:00,2.2,432148.0,132
HIS-003757,AST-TRA-0078,SEC-RKMP-BPL,TRACTION,OHEInspection,2025-04-24T00:00:00,4.0,538089.0,533
HIS-003758,AST-S_A-0184,SEC-RKMP-BPL,S_AND_T,PointMachineOverhaul,2026-04-11T00:00:00,8.0,475589.0,86
HIS-003759,AST-S_A-0355,SEC-RKMP-BPL,S_AND_T,TurnoutAdjustment,2024-09-07T00:00:00,3.1,31682.0,249
HIS-003760,AST-ENG-0313,SEC-RKMP-BPL,ENGINEERING,TrackTamping,2026-06-29T00:00:00,5.2,508022.0,158
HIS-003761,AST-TRA-0285,SEC-RKMP-BPL,TRACTION,OHEInspection,2021-12-04T00:00:00,1.1,465210.0,383
HIS-003762,AST-S_A-0345,SEC-RKMP-BPL,S_AND_T,TurnoutAdjustment,2026-06-22T00:00:00,1.6,101013.0,450
HIS-003763,AST-S_A-0192,SEC-RKMP-BPL,S_AND_T,AxleCounterCalibration,2025-12-13T00:00:00,7.0,394040.0,272
HIS-003764,AST-S_A-0156,SEC-RKMP-BPL,S_AND_T,SignalCableRenewal,2026-08-12T00:00:00,2.5,437577.0,455
HIS-003765,AST-ENG-0235,SEC-RKMP-BPL,ENGINEERING,TrackTamping,2024-06-17T00:00:00,4.7,449339.0,491
HIS-003766,AST-ENG-0223,SEC-RKMP-BPL,ENGINEERING,RailGrinding,2024-08-23T00:00:00,6.9,441086.0,63
HIS-003767,AST-ENG-0118,SEC-RKMP-BPL,ENGINEERING,BallastCleaning,2022-09-28T00:00:00,1.4,404803.0,346
HIS-003768,AST-ENG-0241,SEC-RKMP-BPL,ENGINEERING,BallastCleaning,2022-10-11T00:00:00,1.6,316212.0,207
HIS-003769,AST-S_A-0117,SEC-RKMP-BPL,S_AND_T,SignalCableRenewal,2025-03-22T00:00:00,2.9,534844.0,418
HIS-003770,AST-S_A-0193,SEC-RKMP-BPL,S_AND_T,TurnoutAdjustment,2026-01-27T00:00:00,5.3,163232.0,375
HIS-003771,AST-TRA-0419,SEC-RKMP-BPL,TRACTION,InsulatorReplacement,2026-05-22T00:00:00,2.7,50868.0,319
HIS-003772,AST-ENG-0281,SEC-RKMP-BPL,ENGINEERING,BallastCleaning,2022-06-01T00:00:00,2.7,524788.0,338
HIS-003773,AST-TRA-0248,SEC-RKMP-BPL,TRACTION,OHEInspection,2024-04-23T00:00:00,6.9,547795.0,81
HIS-003774,AST-TRA-0365,SEC-RKMP-BPL,TRACTION,InsulatorReplacement,2023-07-08T00:00:00,3.5,624233.0,131
HIS-003775,AST-ENG-0223,SEC-RKMP-BPL,ENGINEERING,RailGrinding,2025-04-06T00:00:00,4.3,224695.0,213
HIS-003776,AST-TRA-0276,SEC-RKMP-BPL,TRACTION,DropperReplacement,2026-08-31T00:00:00,1.7,472291.0,394
HIS-003777,AST-ENG-0025,SEC-RKMP-BPL,ENGINEERING,RailGrinding,2025-03-28T00:00:00,7.7,95318.0,472
HIS-003778,AST-ENG-0487,SEC-RKMP-BPL,ENGINEERING,BallastCleaning,2023-04-29T00:00:00,2.5,358325.0,356
HIS-003779,AST-S_A-0467,SEC-RKMP-BPL,S_AND_T,PointMachineOverhaul,2021-10-08T00:00:00,6.5,296715.0,212
HIS-003780,AST-ENG-0349,SEC-RKMP-BPL,ENGINEERING,SleeperRenewal,2022-12-25T00:00:00,7.8,501912.0,556
HIS-003781,AST-TRA-0240,SEC-RKMP-BPL,TRACTION,DropperReplacement,2023-09-10T00:00:00,2.1,199744.0,187
HIS-003782,AST-TRA-0483,SEC-RKMP-BPL,TRACTION,DropperReplacement,2026-09-03T00:00:00,1.6,48962.0,82
HIS-003783,AST-S_A-0481,SEC-RKMP-BPL,S_AND_T,TurnoutAdjustment,2022-07-07T00:00:00,7.6,403717.0,310
HIS-003784,AST-TRA-0473,SEC-RKMP-BPL,TRACTION,DropperReplacement,2022-01-29T00:00:00,2.0,638380.0,128
HIS-003785,AST-S_A-0192,SEC-RKMP-BPL,S_AND_T,SignalCableRenewal,2026-07-15T00:00:00,6.4,82781.0,452
HIS-003786,AST-S_A-0459,SEC-RKMP-BPL,S_AND_T,AxleCounterCalibration,2024-06-14T00:00:00,4.8,612272.0,142
HIS-003787,AST-TRA-0023,SEC-RKMP-BPL,TRACTION,InsulatorReplacement,2025-01-02T00:00:00,6.4,51876.0,221
HIS-003788,AST-S_A-0377,SEC-RKMP-BPL,S_AND_T,PointMachineOverhaul,2023-07-15T00:00:00,2.9,52353.0,427
HIS-003789,AST-TRA-0276,SEC-RKMP-BPL,TRACTION,DropperReplacement,2023-10-03T00:00:00,3.8,273508.0,472
HIS-003790,AST-TRA-0474,SEC-RKMP-BPL,TRACTION,DropperReplacement,2026-08-29T00:00:00,6.4,230051.0,274
HIS-003791,AST-S_A-0467,SEC-RKMP-BPL,S_AND_T,PointMachineOverhaul,2024-06-16T00:00:00,6.1,188236.0,271
HIS-003792,AST-S_A-0216,SEC-RKMP-BPL,S_AND_T,SignalCableRenewal,2024-07-17T00:00:00,7.0,34618.0,159
HIS-003793,AST-TRA-0447,SEC-RKMP-BPL,TRACTION,InsulatorReplacement,2022-06-08T00:00:00,5.3,611663.0,436
HIS-003794,AST-ENG-0101,SEC-RKMP-BPL,ENGINEERING,TrackTamping,2026-03-23T00:00:00,6.2,285786.0,72
HIS-003795,AST-ENG-0331,SEC-RKMP-BPL,ENGINEERING,RailGrinding,2023-07-05T00:00:00,6.3,315809.0,395
HIS-003796,AST-ENG-0137,SEC-RKMP-BPL,ENGINEERING,JointWelding,2026-01-15T00:00:00,5.6,308298.0,271
HIS-003797,AST-S_A-0471,SEC-RKMP-BPL,S_AND_T,PointMachineOverhaul,2025-07-10T00:00:00,6.1,604995.0,404
HIS-003798,AST-TRA-0176,SEC-RKMP-BPL,TRACTION,OHEInspection,2026-03-19T00:00:00,5.7,440466.0,292
HIS-003799,AST-S_A-0233,SEC-RKMP-BPL,S_AND_T,AxleCounterCalibration,2022-03-06T00:00:00,7.6,362484.0,386
HIS-003800,AST-S_A-0129,SEC-RKMP-BPL,S_AND_T,PointMachineOverhaul,2023-11-14T00:00:00,1.7,591832.0,163
HIS-003801,AST-TRA-0294,SEC-RKMP-BPL,TRACTION,ContactWireReplacement,2021-12-02T00:00:00,4.4,53634.0,309
HIS-003802,AST-S_A-0476,SEC-RKMP-BPL,S_AND_T,SignalCableRenewal,2026-01-01T00:00:00,4.2,354687.0,289
HIS-003803,AST-TRA-0258,SEC-RKMP-BPL,TRACTION,OHEInspection,2022-02-07T00:00:00,5.9,277893.0,441
HIS-003804,AST-TRA-0473,SEC-RKMP-BPL,TRACTION,DropperReplacement,2022-06-17T00:00:00,6.0,646183.0,199
HIS-003805,AST-ENG-0335,SEC-RKMP-BPL,ENGINEERING,SleeperRenewal,2024-08-16T00:00:00,2.7,330553.0,423
HIS-003806,AST-ENG-0118,SEC-RKMP-BPL,ENGINEERING,BallastCleaning,2026-05-24T00:00:00,1.1,624968.0,329
HIS-003807,AST-TRA-0402,SEC-RKMP-BPL,TRACTION,InsulatorReplacement,2025-04-19T00:00:00,6.9,360396.0,282
HIS-003808,AST-S_A-0306,SEC-RKMP-BPL,S_AND_T,PointMachineOverhaul,2022-09-16T00:00:00,7.7,398921.0,299
HIS-003809,AST-ENG-0326,SEC-RKMP-BPL,ENGINEERING,RailGrinding,2026-01-26T00:00:00,5.3,242417.0,356
HIS-003810,AST-S_A-0485,SEC-RKMP-BPL,S_AND_T,TurnoutAdjustment,2023-08-17T00:00:00,7.3,582572.0,315
HIS-003811,AST-TRA-0213,SEC-RKMP-BPL,TRACTION,InsulatorReplacement,2023-04-06T00:00:00,7.0,431026.0,310
HIS-003812,AST-TRA-0051,SEC-RKMP-BPL,TRACTION,OHEInspection,2022-10-31T00:00:00,6.8,195001.0,186
HIS-003813,AST-ENG-0127,SEC-RKMP-BPL,ENGINEERING,JointWelding,2024-10-27T00:00:00,5.7,499505.0,416
HIS-003814,AST-S_A-0278,SEC-RKMP-BPL,S_AND_T,TurnoutAdjustment,2024-01-25T00:00:00,7.2,165809.0,568
HIS-003815,AST-ENG-0245,SEC-RKMP-BPL,ENGINEERING,TrackTamping,2023-03-22T00:00:00,1.1,202110.0,261
HIS-003816,AST-S_A-0372,SEC-RKMP-BPL,S_AND_T,TurnoutAdjustment,2024-05-25T00:00:00,2.6,282387.0,132
HIS-003817,AST-ENG-0055,SEC-RKMP-BPL,ENGINEERING,SleeperRenewal,2026-04-09T00:00:00,5.5,212454.0,174
HIS-003818,AST-ENG-0169,SEC-RKMP-BPL,ENGINEERING,RailGrinding,2026-04-20T00:00:00,5.3,353255.0,544
HIS-003819,AST-ENG-0407,SEC-RKMP-BPL,ENGINEERING,RailGrinding,2024-02-04T00:00:00,2.1,645192.0,325
HIS-003820,AST-TRA-0014,SEC-RKMP-BPL,TRACTION,OHEInspection,2025-01-01T00:00:00,3.9,289512.0,268
HIS-003821,AST-TRA-0069,SEC-RKMP-BPL,TRACTION,ContactWireReplacement,2026-02-13T00:00:00,2.3,234473.0,443
HIS-003822,AST-S_A-0332,SEC-RKMP-BPL,S_AND_T,SignalCableRenewal,2024-06-24T00:00:00,1.9,406038.0,258
HIS-003823,AST-TRA-0213,SEC-RKMP-BPL,TRACTION,OHEInspection,2024-10-28T00:00:00,5.3,526802.0,384
HIS-003824,AST-S_A-0233,SEC-RKMP-BPL,S_AND_T,TurnoutAdjustment,2025-03-18T00:00:00,1.8,511612.0,438
HIS-003825,AST-S_A-0165,SEC-RKMP-BPL,S_AND_T,SignalCableRenewal,2026-03-08T00:00:00,8.0,465542.0,203
HIS-003826,AST-TRA-0464,SEC-RKMP-BPL,TRACTION,OHEInspection,2023-01-18T00:00:00,1.6,304716.0,432
HIS-003827,AST-S_A-0197,SEC-RKMP-BPL,S_AND_T,PointMachineOverhaul,2025-09-28T00:00:00,2.9,538274.0,290
HIS-003828,AST-ENG-0421,SEC-RKMP-BPL,ENGINEERING,JointWelding,2025-05-22T00:00:00,6.5,552860.0,199
HIS-003829,AST-ENG-0236,SEC-RKMP-BPL,ENGINEERING,RailGrinding,2023-04-27T00:00:00,3.5,517427.0,82
HIS-003830,AST-S_A-0327,SEC-RKMP-BPL,S_AND_T,TurnoutAdjustment,2024-06-28T00:00:00,7.0,493387.0,513
HIS-003831,AST-S_A-0423,SEC-RKMP-BPL,S_AND_T,TurnoutAdjustment,2023-03-29T00:00:00,7.5,481351.0,390
HIS-003832,AST-ENG-0136,SEC-RKMP-BPL,ENGINEERING,RailGrinding,2025-12-29T00:00:00,1.3,593952.0,128
HIS-003833,AST-TRA-0195,SEC-RKMP-BPL,TRACTION,InsulatorReplacement,2024-03-05T00:00:00,6.7,282240.0,354
HIS-003834,AST-ENG-0064,SEC-RKMP-BPL,ENGINEERING,JointWelding,2024-06-09T00:00:00,3.8,338289.0,330
HIS-003835,AST-ENG-0416,SEC-RKMP-BPL,ENGINEERING,SleeperRenewal,2023-12-29T00:00:00,3.9,199610.0,230
HIS-003836,AST-TRA-0429,SEC-RKMP-BPL,TRACTION,ContactWireReplacement,2025-02-03T00:00:00,3.0,204726.0,167
HIS-003837,AST-TRA-0455,SEC-RKMP-BPL,TRACTION,InsulatorReplacement,2022-04-16T00:00:00,5.2,478394.0,240
HIS-003838,AST-ENG-0160,SEC-RKMP-BPL,ENGINEERING,SleeperRenewal,2022-09-08T00:00:00,4.8,381966.0,212
HIS-003839,AST-TRA-0401,SEC-RKMP-BPL,TRACTION,InsulatorReplacement,2026-01-13T00:00:00,7.4,452266.0,153
HIS-003840,AST-TRA-0321,SEC-RKMP-BPL,TRACTION,InsulatorReplacement,2026-01-01T00:00:00,3.9,643652.0,100
HIS-003841,AST-TRA-0113,SEC-RKMP-BPL,TRACTION,InsulatorReplacement,2022-01-10T00:00:00,1.6,112160.0,553
HIS-003842,AST-ENG-0478,SEC-RKMP-BPL,ENGINEERING,BallastCleaning,2023-11-08T00:00:00,2.3,167027.0,357
HIS-003843,AST-ENG-0190,SEC-RKMP-BPL,ENGINEERING,SleeperRenewal,2026-06-28T00:00:00,1.8,319360.0,225
HIS-003844,AST-S_A-0337,SEC-RKMP-BPL,S_AND_T,TurnoutAdjustment,2022-03-29T00:00:00,5.0,363278.0,235
HIS-003845,AST-ENG-0394,SEC-RKMP-BPL,ENGINEERING,SleeperRenewal,2024-10-20T00:00:00,1.2,591839.0,241
HIS-003846,AST-ENG-0484,SEC-RKMP-BPL,ENGINEERING,TrackTamping,2025-12-07T00:00:00,5.7,456068.0,190
HIS-003847,AST-S_A-0369,SEC-RKMP-BPL,S_AND_T,PointMachineOverhaul,2025-01-05T00:00:00,2.3,537665.0,432
HIS-003848,AST-TRA-0266,SEC-RKMP-BPL,TRACTION,DropperReplacement,2026-03-17T00:00:00,1.3,497063.0,319
HIS-003849,AST-ENG-0181,SEC-RKMP-BPL,ENGINEERING,RailGrinding,2026-02-15T00:00:00,4.7,271369.0,261
HIS-003850,AST-S_A-0278,SEC-RKMP-BPL,S_AND_T,SignalCableRenewal,2023-11-18T00:00:00,5.5,627498.0,416
HIS-003851,AST-TRA-0158,SEC-RKMP-BPL,TRACTION,OHEInspection,2026-06-08T00:00:00,6.4,293170.0,270
HIS-003852,AST-ENG-0421,SEC-RKMP-BPL,ENGINEERING,RailGrinding,2023-03-30T00:00:00,5.5,185894.0,279
HIS-003853,AST-S_A-0382,SEC-RKMP-BPL,S_AND_T,PointMachineOverhaul,2024-12-22T00:00:00,4.0,119803.0,312
HIS-003854,AST-ENG-0253,SEC-RKMP-BPL,ENGINEERING,TrackTamping,2025-10-08T00:00:00,1.5,267539.0,144
HIS-003855,AST-S_A-0387,SEC-RKMP-BPL,S_AND_T,AxleCounterCalibration,2021-10-25T00:00:00,1.4,156557.0,414
HIS-003856,AST-S_A-0022,SEC-RKMP-BPL,S_AND_T,TurnoutAdjustment,2022-08-04T00:00:00,6.9,635023.0,242
HIS-003857,AST-ENG-0385,SEC-RKMP-BPL,ENGINEERING,JointWelding,2023-06-29T00:00:00,5.9,365966.0,191
HIS-003858,AST-S_A-0386,SEC-RKMP-BPL,S_AND_T,AxleCounterCalibration,2023-08-20T00:00:00,2.9,269220.0,450
HIS-003859,AST-S_A-0030,SEC-RKMP-BPL,S_AND_T,TurnoutAdjustment,2024-12-20T00:00:00,4.6,510072.0,315
HIS-003860,AST-S_A-0314,SEC-RKMP-BPL,S_AND_T,TurnoutAdjustment,2023-11-02T00:00:00,5.9,600573.0,302
HIS-003861,AST-ENG-0442,SEC-RKMP-BPL,ENGINEERING,BallastCleaning,2022-03-31T00:00:00,2.4,582523.0,293
HIS-003862,AST-S_A-0027,SEC-RKMP-BPL,S_AND_T,TurnoutAdjustment,2022-09-23T00:00:00,2.0,452898.0,203
HIS-003863,AST-S_A-0336,SEC-RKMP-BPL,S_AND_T,AxleCounterCalibration,2026-04-15T00:00:00,5.3,428988.0,489
HIS-003864,AST-S_A-0355,SEC-RKMP-BPL,S_AND_T,AxleCounterCalibration,2026-03-13T00:00:00,6.9,302770.0,255
HIS-003865,AST-ENG-0451,SEC-RKMP-BPL,ENGINEERING,RailGrinding,2024-06-24T00:00:00,5.0,38361.0,359
HIS-003866,AST-ENG-0352,SEC-RKMP-BPL,ENGINEERING,JointWelding,2023-08-14T00:00:00,7.0,50512.0,267
HIS-003867,AST-TRA-0321,SEC-RKMP-BPL,TRACTION,OHEInspection,2022-02-28T00:00:00,4.8,374208.0,178
HIS-003868,AST-S_A-0238,SEC-RKMP-BPL,S_AND_T,SignalCableRenewal,2024-10-28T00:00:00,4.5,318502.0,197
HIS-003869,AST-TRA-0401,SEC-RKMP-BPL,TRACTION,ContactWireReplacement,2022-04-04T00:00:00,4.4,294316.0,10
HIS-003870,AST-ENG-0434,SEC-RKMP-BPL,ENGINEERING,JointWelding,2022-06-10T00:00:00,3.5,617740.0,161
HIS-003871,AST-S_A-0162,SEC-RKMP-BPL,S_AND_T,SignalCableRenewal,2021-12-21T00:00:00,5.1,356489.0,235
HIS-003872,AST-S_A-0234,SEC-RKMP-BPL,S_AND_T,TurnoutAdjustment,2024-04-17T00:00:00,2.4,77970.0,37
HIS-003873,AST-ENG-0334,SEC-RKMP-BPL,ENGINEERING,BallastCleaning,2023-12-07T00:00:00,4.6,76332.0,370
HIS-003874,AST-ENG-0272,SEC-RKMP-BPL,ENGINEERING,TrackTamping,2022-07-24T00:00:00,4.2,31108.0,456
HIS-003875,AST-S_A-0234,SEC-RKMP-BPL,S_AND_T,TurnoutAdjustment,2022-03-26T00:00:00,4.0,101773.0,31
HIS-003876,AST-TRA-0176,SEC-RKMP-BPL,TRACTION,OHEInspection,2025-01-07T00:00:00,1.6,417876.0,126
HIS-003877,AST-S_A-0090,SEC-RKMP-BPL,S_AND_T,AxleCounterCalibration,2025-12-31T00:00:00,3.7,609742.0,350
HIS-003878,AST-S_A-0179,SEC-RKMP-BPL,S_AND_T,TurnoutAdjustment,2021-10-20T00:00:00,6.6,455917.0,102
HIS-003879,AST-S_A-0144,SEC-RKMP-BPL,S_AND_T,SignalCableRenewal,2025-11-29T00:00:00,5.9,253948.0,605
HIS-003880,AST-TRA-0240,SEC-RKMP-BPL,TRACTION,DropperReplacement,2022-08-06T00:00:00,3.9,302317.0,215
HIS-003881,AST-S_A-0309,SEC-RKMP-BPL,S_AND_T,PointMachineOverhaul,2024-01-26T00:00:00,7.1,527956.0,583
HIS-003882,AST-S_A-0372,SEC-RKMP-BPL,S_AND_T,PointMachineOverhaul,2023-07-20T00:00:00,1.1,158880.0,50
HIS-003883,AST-ENG-0298,SEC-RKMP-BPL,ENGINEERING,RailGrinding,2025-04-13T00:00:00,1.8,539007.0,64
HIS-003884,AST-ENG-0335,SEC-RKMP-BPL,ENGINEERING,SleeperRenewal,2023-03-02T00:00:00,4.1,43903.0,344
HIS-003885,AST-ENG-0244,SEC-RKMP-BPL,ENGINEERING,RailGrinding,2024-12-27T00:00:00,7.3,249616.0,328
HIS-003886,AST-S_A-0427,SEC-RKMP-BPL,S_AND_T,PointMachineOverhaul,2023-06-12T00:00:00,6.6,442368.0,371
HIS-003887,AST-S_A-0373,SEC-RKMP-BPL,S_AND_T,AxleCounterCalibration,2023-03-23T00:00:00,2.6,315934.0,65
HIS-003888,AST-S_A-0103,SEC-RKMP-BPL,S_AND_T,TurnoutAdjustment,2023-01-26T00:00:00,1.5,368010.0,456
HIS-003889,AST-S_A-0270,SEC-RKMP-BPL,S_AND_T,AxleCounterCalibration,2024-05-20T00:00:00,6.9,400618.0,292
HIS-003890,AST-ENG-0448,SEC-RKMP-BPL,ENGINEERING,SleeperRenewal,2023-11-21T00:00:00,1.9,63767.0,388
HIS-003891,AST-ENG-0124,SEC-RKMP-BPL,ENGINEERING,TrackTamping,2024-01-10T00:00:00,6.2,291779.0,186
HIS-003892,AST-S_A-0297,SEC-RKMP-BPL,S_AND_T,AxleCounterCalibration,2023-02-19T00:00:00,3.3,186019.0,413
HIS-003893,AST-S_A-0408,SEC-RKMP-BPL,S_AND_T,TurnoutAdjustment,2023-09-15T00:00:00,7.6,321886.0,119
HIS-003894,AST-ENG-0073,SEC-RKMP-BPL,ENGINEERING,TrackTamping,2025-03-27T00:00:00,3.4,162594.0,458
HIS-003895,AST-S_A-0094,SEC-RKMP-BPL,S_AND_T,SignalCableRenewal,2025-03-16T00:00:00,2.4,614557.0,374
HIS-003896,AST-ENG-0109,SEC-RKMP-BPL,ENGINEERING,SleeperRenewal,2024-07-05T00:00:00,6.2,512992.0,317
HIS-003897,AST-TRA-0482,SEC-RKMP-BPL,TRACTION,ContactWireReplacement,2023-01-13T00:00:00,7.8,499926.0,18
HIS-003898,AST-ENG-0010,SEC-RKMP-BPL,ENGINEERING,BallastCleaning,2022-07-05T00:00:00,4.3,281142.0,123
HIS-003899,AST-ENG-0331,SEC-RKMP-BPL,ENGINEERING,SleeperRenewal,2026-08-24T00:00:00,2.3,158289.0,388
HIS-003900,AST-ENG-0223,SEC-RKMP-BPL,ENGINEERING,TrackTamping,2023-07-23T00:00:00,2.0,568805.0,191
HIS-003901,AST-S_A-0260,SEC-RKMP-BPL,S_AND_T,AxleCounterCalibration,2023-08-27T00:00:00,3.5,192450.0,260
HIS-003902,AST-TRA-0149,SEC-RKMP-BPL,TRACTION,InsulatorReplacement,2024-04-29T00:00:00,2.4,463497.0,426
HIS-003903,AST-ENG-0226,SEC-RKMP-BPL,ENGINEERING,RailGrinding,2026-09-02T00:00:00,4.7,186289.0,478
HIS-003904,AST-S_A-0126,SEC-RKMP-BPL,S_AND_T,TurnoutAdjustment,2022-09-30T00:00:00,3.1,575619.0,160
HIS-003905,AST-TRA-0365,SEC-RKMP-BPL,TRACTION,InsulatorReplacement,2026-09-06T00:00:00,7.9,483686.0,219
HIS-003906,AST-ENG-0259,SEC-RKMP-BPL,ENGINEERING,SleeperRenewal,2024-06-17T00:00:00,8.0,561312.0,413
HIS-003907,AST-TRA-0356,SEC-RKMP-BPL,TRACTION,OHEInspection,2025-03-21T00:00:00,5.0,437396.0,38
HIS-003908,AST-TRA-0482,SEC-RKMP-BPL,TRACTION,ContactWireReplacement,2022-05-13T00:00:00,7.3,505664.0,232
HIS-003909,AST-TRA-0050,SEC-RKMP-BPL,TRACTION,ContactWireReplacement,2023-03-25T00:00:00,5.1,260693.0,501
HIS-003910,AST-S_A-0170,SEC-RKMP-BPL,S_AND_T,SignalCableRenewal,2025-11-20T00:00:00,7.9,420958.0,376
HIS-003911,AST-TRA-0420,SEC-RKMP-BPL,TRACTION,OHEInspection,2025-08-22T00:00:00,6.9,96844.0,393
HIS-003912,AST-ENG-0011,SEC-RKMP-BPL,ENGINEERING,BallastCleaning,2022-05-17T00:00:00,7.7,606460.0,101
HIS-003913,AST-ENG-0181,SEC-RKMP-BPL,ENGINEERING,BallastCleaning,2023-07-15T00:00:00,3.7,73875.0,383
HIS-003914,AST-ENG-0362,SEC-RKMP-BPL,ENGINEERING,BallastCleaning,2024-10-24T00:00:00,6.8,46169.0,174
HIS-003915,AST-S_A-0166,SEC-RKMP-BPL,S_AND_T,PointMachineOverhaul,2023-05-14T00:00:00,4.1,642705.0,285
HIS-003916,AST-S_A-0022,SEC-RKMP-BPL,S_AND_T,PointMachineOverhaul,2023-01-16T00:00:00,2.5,87949.0,250
HIS-003917,AST-S_A-0026,SEC-RKMP-BPL,S_AND_T,SignalCableRenewal,2023-11-02T00:00:00,4.0,233117.0,365
HIS-003918,AST-S_A-0422,SEC-RKMP-BPL,S_AND_T,SignalCableRenewal,2026-06-25T00:00:00,5.2,451691.0,247
HIS-003919,AST-TRA-0177,SEC-RKMP-BPL,TRACTION,DropperReplacement,2025-07-22T00:00:00,2.8,47091.0,154
HIS-003920,AST-TRA-0150,SEC-RKMP-BPL,TRACTION,DropperReplacement,2022-03-30T00:00:00,7.7,295171.0,259
HIS-003921,AST-S_A-0035,SEC-RKMP-BPL,S_AND_T,AxleCounterCalibration,2024-10-09T00:00:00,2.1,119496.0,214
HIS-003922,AST-S_A-0409,SEC-RKMP-BPL,S_AND_T,SignalCableRenewal,2026-06-18T00:00:00,5.2,412510.0,462
HIS-003923,AST-S_A-0201,SEC-RKMP-BPL,S_AND_T,SignalCableRenewal,2022-10-09T00:00:00,6.8,595790.0,110
HIS-003924,AST-ENG-0304,SEC-RKMP-BPL,ENGINEERING,TrackTamping,2023-08-02T00:00:00,5.9,477557.0,234
HIS-003925,AST-S_A-0341,SEC-RKMP-BPL,S_AND_T,PointMachineOverhaul,2026-02-06T00:00:00,7.4,39908.0,487
HIS-003926,AST-S_A-0444,SEC-RKMP-BPL,S_AND_T,PointMachineOverhaul,2024-04-02T00:00:00,2.8,472623.0,236
HIS-003927,AST-S_A-0175,SEC-RKMP-BPL,S_AND_T,AxleCounterCalibration,2023-06-26T00:00:00,1.4,354715.0,442
HIS-003928,AST-S_A-0049,SEC-RKMP-BPL,S_AND_T,TurnoutAdjustment,2022-12-29T00:00:00,1.2,619918.0,349
HIS-003929,AST-TRA-0401,SEC-RKMP-BPL,TRACTION,InsulatorReplacement,2026-04-25T00:00:00,1.0,94369.0,19
HIS-003930,AST-TRA-0465,SEC-RKMP-BPL,TRACTION,OHEInspection,2024-02-02T00:00:00,3.9,457570.0,242
HIS-003931,AST-ENG-0055,SEC-RKMP-BPL,ENGINEERING,RailGrinding,2024-04-16T00:00:00,7.6,409343.0,97
HIS-003932,AST-ENG-0325,SEC-RKMP-BPL,ENGINEERING,BallastCleaning,2026-05-09T00:00:00,7.2,334463.0,199
HIS-003933,AST-ENG-0019,SEC-RKMP-BPL,ENGINEERING,SleeperRenewal,2023-05-21T00:00:00,5.3,78051.0,289
HIS-003934,AST-ENG-0244,SEC-RKMP-BPL,ENGINEERING,TrackTamping,2025-02-22T00:00:00,7.3,131325.0,359
HIS-003935,AST-ENG-0055,SEC-RKMP-BPL,ENGINEERING,BallastCleaning,2025-12-06T00:00:00,5.9,445544.0,187
HIS-003936,AST-S_A-0364,SEC-RKMP-BPL,S_AND_T,AxleCounterCalibration,2025-04-24T00:00:00,5.1,233012.0,306
HIS-003937,AST-TRA-0374,SEC-RKMP-BPL,TRACTION,InsulatorReplacement,2025-02-19T00:00:00,3.1,62863.0,359
HIS-003938,AST-S_A-0369,SEC-RKMP-BPL,S_AND_T,PointMachineOverhaul,2025-03-05T00:00:00,6.5,584999.0,464
HIS-003939,AST-S_A-0305,SEC-RKMP-BPL,S_AND_T,PointMachineOverhaul,2024-12-02T00:00:00,2.2,392895.0,121
HIS-003940,AST-TRA-0293,SEC-RKMP-BPL,TRACTION,ContactWireReplacement,2022-11-27T00:00:00,3.8,191320.0,49
HIS-003941,AST-S_A-0093,SEC-RKMP-BPL,S_AND_T,PointMachineOverhaul,2025-01-28T00:00:00,3.0,169703.0,523
HIS-003942,AST-ENG-0124,SEC-RKMP-BPL,ENGINEERING,TrackTamping,2025-01-31T00:00:00,5.9,216174.0,347
HIS-003943,AST-TRA-0284,SEC-RKMP-BPL,TRACTION,OHEInspection,2023-02-13T00:00:00,7.4,407835.0,279
HIS-003944,AST-ENG-0478,SEC-RKMP-BPL,ENGINEERING,SleeperRenewal,2023-02-12T00:00:00,6.5,225366.0,503
HIS-003945,AST-TRA-0122,SEC-RKMP-BPL,TRACTION,InsulatorReplacement,2026-05-02T00:00:00,7.7,391119.0,495
HIS-003946,AST-TRA-0429,SEC-RKMP-BPL,TRACTION,InsulatorReplacement,2024-05-24T00:00:00,4.5,152740.0,90
HIS-003947,AST-TRA-0392,SEC-RKMP-BPL,TRACTION,ContactWireReplacement,2024-11-20T00:00:00,2.6,223572.0,246
HIS-003948,AST-ENG-0070,SEC-RKMP-BPL,ENGINEERING,SleeperRenewal,2025-08-27T00:00:00,5.2,356522.0,339
HIS-003949,AST-TRA-0015,SEC-RKMP-BPL,TRACTION,InsulatorReplacement,2022-01-06T00:00:00,7.6,51980.0,220
HIS-003950,AST-S_A-0336,SEC-RKMP-BPL,S_AND_T,AxleCounterCalibration,2024-08-16T00:00:00,5.2,170527.0,533
HIS-003951,AST-ENG-0352,SEC-RKMP-BPL,ENGINEERING,RailGrinding,2021-11-09T00:00:00,1.5,574477.0,348
HIS-003952,AST-TRA-0168,SEC-RKMP-BPL,TRACTION,ContactWireReplacement,2022-02-19T00:00:00,5.7,255640.0,291
HIS-003953,AST-ENG-0037,SEC-RKMP-BPL,ENGINEERING,BallastCleaning,2022-03-27T00:00:00,2.6,162149.0,400
HIS-003954,AST-ENG-0200,SEC-RKMP-BPL,ENGINEERING,BallastCleaning,2022-07-07T00:00:00,6.8,535497.0,182
HIS-003955,AST-ENG-0001,SEC-RKMP-BPL,ENGINEERING,TrackTamping,2024-02-04T00:00:00,2.7,434639.0,224
HIS-003956,AST-S_A-0364,SEC-RKMP-BPL,S_AND_T,TurnoutAdjustment,2021-12-17T00:00:00,2.4,203312.0,349
HIS-003957,AST-S_A-0157,SEC-RKMP-BPL,S_AND_T,TurnoutAdjustment,2023-05-11T00:00:00,4.8,431290.0,269
HIS-003958,AST-TRA-0068,SEC-RKMP-BPL,TRACTION,ContactWireReplacement,2024-11-08T00:00:00,4.1,438889.0,10
HIS-003959,AST-S_A-0310,SEC-RKMP-BPL,S_AND_T,SignalCableRenewal,2023-08-30T00:00:00,1.4,116494.0,264
HIS-003960,AST-S_A-0009,SEC-RKMP-BPL,S_AND_T,PointMachineOverhaul,2023-09-12T00:00:00,1.7,205949.0,219
HIS-003961,AST-ENG-0457,SEC-RKMP-BPL,ENGINEERING,SleeperRenewal,2025-11-06T00:00:00,6.1,539604.0,151
HIS-003962,AST-S_A-0404,SEC-RKMP-BPL,S_AND_T,AxleCounterCalibration,2023-04-23T00:00:00,2.6,435481.0,404
HIS-003963,AST-TRA-0366,SEC-RKMP-BPL,TRACTION,ContactWireReplacement,2025-05-06T00:00:00,1.9,543427.0,384
HIS-003964,AST-S_A-0220,SEC-RKMP-BPL,S_AND_T,AxleCounterCalibration,2024-03-21T00:00:00,3.4,148979.0,186
HIS-003965,AST-S_A-0350,SEC-RKMP-BPL,S_AND_T,SignalCableRenewal,2026-02-07T00:00:00,3.0,491794.0,133
HIS-003966,AST-ENG-0430,SEC-RKMP-BPL,ENGINEERING,SleeperRenewal,2022-11-15T00:00:00,4.7,130279.0,307
HIS-003967,AST-S_A-0498,SEC-RKMP-BPL,S_AND_T,SignalCableRenewal,2022-09-02T00:00:00,2.6,72742.0,309
HIS-003968,AST-S_A-0067,SEC-RKMP-BPL,S_AND_T,SignalCableRenewal,2023-09-21T00:00:00,6.1,551721.0,91
HIS-003969,AST-ENG-0169,SEC-RKMP-BPL,ENGINEERING,JointWelding,2024-01-21T00:00:00,7.8,639545.0,340
HIS-003970,AST-TRA-0239,SEC-RKMP-BPL,TRACTION,DropperReplacement,2025-11-08T00:00:00,6.9,447730.0,386
HIS-003971,AST-TRA-0302,SEC-RKMP-BPL,TRACTION,InsulatorReplacement,2022-01-21T00:00:00,7.0,477041.0,310
HIS-003972,AST-TRA-0393,SEC-RKMP-BPL,TRACTION,ContactWireReplacement,2025-09-12T00:00:00,5.0,518049.0,109
HIS-003973,AST-S_A-0099,SEC-RKMP-BPL,S_AND_T,SignalCableRenewal,2022-08-02T00:00:00,6.2,410307.0,174
HIS-003974,AST-S_A-0296,SEC-RKMP-BPL,S_AND_T,AxleCounterCalibration,2025-04-14T00:00:00,1.1,575176.0,101
HIS-003975,AST-ENG-0280,SEC-RKMP-BPL,ENGINEERING,SleeperRenewal,2023-11-11T00:00:00,6.9,554499.0,73
HIS-003976,AST-S_A-0103,SEC-RKMP-BPL,S_AND_T,TurnoutAdjustment,2025-06-04T00:00:00,5.6,104777.0,374
HIS-003977,AST-TRA-0158,SEC-RKMP-BPL,TRACTION,OHEInspection,2023-07-29T00:00:00,4.9,461847.0,227
HIS-003978,AST-ENG-0172,SEC-RKMP-BPL,ENGINEERING,RailGrinding,2025-09-06T00:00:00,6.0,587190.0,463
HIS-003979,AST-S_A-0282,SEC-RKMP-BPL,S_AND_T,SignalCableRenewal,2024-02-23T00:00:00,6.2,455186.0,264
HIS-003980,AST-ENG-0253,SEC-RKMP-BPL,ENGINEERING,BallastCleaning,2021-12-10T00:00:00,7.1,594740.0,194
HIS-003981,AST-TRA-0014,SEC-RKMP-BPL,TRACTION,DropperReplacement,2024-02-20T00:00:00,5.4,316797.0,248
HIS-003982,AST-S_A-0427,SEC-RKMP-BPL,S_AND_T,TurnoutAdjustment,2024-02-07T00:00:00,5.2,112408.0,238
HIS-003983,AST-TRA-0051,SEC-RKMP-BPL,TRACTION,InsulatorReplacement,2025-05-26T00:00:00,7.6,388339.0,305
HIS-003984,AST-TRA-0159,SEC-RKMP-BPL,TRACTION,ContactWireReplacement,2024-04-28T00:00:00,2.4,61749.0,136
HIS-003985,AST-TRA-0015,SEC-RKMP-BPL,TRACTION,DropperReplacement,2024-09-18T00:00:00,1.6,161844.0,255
HIS-003986,AST-ENG-0281,SEC-RKMP-BPL,ENGINEERING,SleeperRenewal,2024-07-17T00:00:00,7.9,398703.0,236
HIS-003987,AST-S_A-0143,SEC-RKMP-BPL,S_AND_T,TurnoutAdjustment,2024-08-08T00:00:00,3.6,586803.0,375
HIS-003988,AST-S_A-0341,SEC-RKMP-BPL,S_AND_T,SignalCableRenewal,2022-01-23T00:00:00,5.2,511425.0,466
HIS-003989,AST-S_A-0328,SEC-RKMP-BPL,S_AND_T,SignalCableRenewal,2024-08-12T00:00:00,7.0,403871.0,317
HIS-003990,AST-ENG-0277,SEC-RKMP-BPL,ENGINEERING,TrackTamping,2021-10-18T00:00:00,4.4,468656.0,328
HIS-003991,AST-ENG-0155,SEC-RKMP-BPL,ENGINEERING,TrackTamping,2023-09-16T00:00:00,1.8,388297.0,282
HIS-003992,AST-ENG-0299,SEC-RKMP-BPL,ENGINEERING,BallastCleaning,2024-05-27T00:00:00,6.2,588623.0,314
HIS-003993,AST-TRA-0356,SEC-RKMP-BPL,TRACTION,DropperReplacement,2022-10-07T00:00:00,6.1,216650.0,10
HIS-003994,AST-TRA-0365,SEC-RKMP-BPL,TRACTION,InsulatorReplacement,2025-08-16T00:00:00,5.1,351713.0,273
HIS-003995,AST-ENG-0046,SEC-RKMP-BPL,ENGINEERING,JointWelding,2023-11-21T00:00:00,2.7,354917.0,10
HIS-003996,AST-TRA-0438,SEC-RKMP-BPL,TRACTION,InsulatorReplacement,2025-01-11T00:00:00,3.4,229208.0,108
HIS-003997,AST-TRA-0068,SEC-RKMP-BPL,TRACTION,OHEInspection,2022-05-14T00:00:00,2.1,540568.0,174
HIS-003998,AST-S_A-0400,SEC-RKMP-BPL,S_AND_T,SignalCableRenewal,2026-04-17T00:00:00,4.2,510494.0,233
HIS-003999,AST-ENG-0137,SEC-RKMP-BPL,ENGINEERING,BallastCleaning,2022-03-23T00:00:00,4.2,425565.0,161
HIS-004000,AST-ENG-0028,SEC-RKMP-BPL,ENGINEERING,SleeperRenewal,2024-01-19T00:00:00,5.4,436251.0,175
HIS-004001,AST-S_A-0179,SEC-RKMP-BPL,S_AND_T,SignalCableRenewal,2023-04-19T00:00:00,3.0,129146.0,218
HIS-004002,AST-S_A-0233,SEC-RKMP-BPL,S_AND_T,AxleCounterCalibration,2024-07-25T00:00:00,6.7,408282.0,463
HIS-004003,AST-TRA-0348,SEC-RKMP-BPL,TRACTION,DropperReplacement,2026-07-21T00:00:00,6.3,389218.0,356
HIS-004004,AST-S_A-0162,SEC-RKMP-BPL,S_AND_T,TurnoutAdjustment,2022-10-17T00:00:00,4.4,377962.0,178
HIS-004005,AST-S_A-0044,SEC-RKMP-BPL,S_AND_T,TurnoutAdjustment,2022-11-21T00:00:00,2.2,566359.0,418
HIS-004006,AST-S_A-0414,SEC-RKMP-BPL,S_AND_T,SignalCableRenewal,2026-07-29T00:00:00,6.3,129516.0,281
HIS-004007,AST-S_A-0036,SEC-RKMP-BPL,S_AND_T,PointMachineOverhaul,2021-10-13T00:00:00,6.0,414126.0,262
HIS-004008,AST-ENG-0196,SEC-RKMP-BPL,ENGINEERING,TrackTamping,2024-06-09T00:00:00,6.2,438670.0,196
HIS-004009,AST-TRA-0329,SEC-RKMP-BPL,TRACTION,OHEInspection,2022-07-21T00:00:00,3.0,197961.0,391
HIS-004010,AST-TRA-0482,SEC-RKMP-BPL,TRACTION,DropperReplacement,2023-02-09T00:00:00,2.4,48466.0,113
HIS-004011,AST-ENG-0070,SEC-RKMP-BPL,ENGINEERING,RailGrinding,2022-09-28T00:00:00,4.1,313536.0,445
HIS-004012,AST-S_A-0453,SEC-RKMP-BPL,S_AND_T,SignalCableRenewal,2026-08-26T00:00:00,1.9,170973.0,275
HIS-004013,AST-TRA-0500,SEC-RKMP-BPL,TRACTION,OHEInspection,2024-02-13T00:00:00,2.0,499874.0,485
HIS-004014,AST-S_A-0058,SEC-RKMP-BPL,S_AND_T,AxleCounterCalibration,2025-02-10T00:00:00,5.0,170386.0,425
HIS-004015,AST-ENG-0335,SEC-RKMP-BPL,ENGINEERING,RailGrinding,2025-11-16T00:00:00,1.1,630483.0,418
HIS-004016,AST-S_A-0323,SEC-RKMP-BPL,S_AND_T,PointMachineOverhaul,2026-08-28T00:00:00,5.0,330170.0,276
HIS-004017,AST-TRA-0375,SEC-RKMP-BPL,TRACTION,OHEInspection,2022-11-07T00:00:00,3.3,633343.0,371
HIS-004018,AST-S_A-0426,SEC-RKMP-BPL,S_AND_T,PointMachineOverhaul,2025-06-14T00:00:00,5.8,351209.0,418
HIS-004019,AST-S_A-0039,SEC-RKMP-BPL,S_AND_T,PointMachineOverhaul,2022-04-15T00:00:00,2.2,476599.0,166
HIS-004020,AST-S_A-0211,SEC-RKMP-BPL,S_AND_T,AxleCounterCalibration,2025-11-01T00:00:00,2.9,465871.0,300
HIS-004021,AST-S_A-0462,SEC-RKMP-BPL,S_AND_T,SignalCableRenewal,2022-04-05T00:00:00,2.3,379731.0,204
HIS-004022,AST-ENG-0002,SEC-RKMP-BPL,ENGINEERING,JointWelding,2022-03-13T00:00:00,1.4,298465.0,239
HIS-004023,AST-ENG-0379,SEC-RKMP-BPL,ENGINEERING,SleeperRenewal,2025-06-29T00:00:00,2.8,586709.0,321
HIS-004024,AST-S_A-0395,SEC-RKMP-BPL,S_AND_T,SignalCableRenewal,2023-01-09T00:00:00,2.9,331016.0,57
HIS-004025,AST-S_A-0040,SEC-RKMP-BPL,S_AND_T,AxleCounterCalibration,2022-10-27T00:00:00,4.0,593679.0,277
HIS-004026,AST-S_A-0364,SEC-RKMP-BPL,S_AND_T,TurnoutAdjustment,2023-04-05T00:00:00,4.0,76393.0,418
HIS-004027,AST-S_A-0436,SEC-RKMP-BPL,S_AND_T,AxleCounterCalibration,2024-12-10T00:00:00,3.8,477945.0,246
HIS-004028,AST-ENG-0358,SEC-RKMP-BPL,ENGINEERING,TrackTamping,2023-06-15T00:00:00,5.0,583816.0,302
HIS-004029,AST-S_A-0305,SEC-RKMP-BPL,S_AND_T,SignalCableRenewal,2024-01-10T00:00:00,3.6,465828.0,10
HIS-004030,AST-ENG-0370,SEC-RKMP-BPL,ENGINEERING,RailGrinding,2026-01-07T00:00:00,3.0,583758.0,235
HIS-004031,AST-TRA-0420,SEC-RKMP-BPL,TRACTION,ContactWireReplacement,2025-04-26T00:00:00,6.7,462553.0,239
HIS-004032,AST-S_A-0135,SEC-RKMP-BPL,S_AND_T,SignalCableRenewal,2022-11-03T00:00:00,5.6,239473.0,153
HIS-004033,AST-ENG-0352,SEC-RKMP-BPL,ENGINEERING,JointWelding,2021-09-14T00:00:00,3.2,580596.0,231
HIS-004034,AST-S_A-0175,SEC-RKMP-BPL,S_AND_T,AxleCounterCalibration,2023-03-04T00:00:00,6.9,314942.0,298
HIS-004035,AST-ENG-0056,SEC-RKMP-BPL,ENGINEERING,TrackTamping,2021-11-19T00:00:00,1.1,273054.0,208
HIS-004036,AST-ENG-0403,SEC-RKMP-BPL,ENGINEERING,JointWelding,2024-08-11T00:00:00,4.7,590783.0,326
HIS-004037,AST-S_A-0036,SEC-RKMP-BPL,S_AND_T,TurnoutAdjustment,2026-06-10T00:00:00,3.8,129551.0,458
HIS-004038,AST-S_A-0386,SEC-RKMP-BPL,S_AND_T,SignalCableRenewal,2025-10-07T00:00:00,3.2,513998.0,364
HIS-004039,AST-ENG-0047,SEC-RKMP-BPL,ENGINEERING,TrackTamping,2023-06-15T00:00:00,1.5,180825.0,69
HIS-004040,AST-ENG-0313,SEC-RKMP-BPL,ENGINEERING,BallastCleaning,2023-09-02T00:00:00,2.8,83602.0,166
HIS-004041,AST-S_A-0188,SEC-RKMP-BPL,S_AND_T,TurnoutAdjustment,2024-02-06T00:00:00,6.1,107055.0,203
HIS-004042,AST-TRA-0464,SEC-RKMP-BPL,TRACTION,OHEInspection,2022-01-27T00:00:00,1.2,117969.0,576
HIS-004043,AST-ENG-0371,SEC-RKMP-BPL,ENGINEERING,JointWelding,2024-02-17T00:00:00,7.3,619031.0,477
HIS-004044,AST-ENG-0109,SEC-RKMP-BPL,ENGINEERING,JointWelding,2026-01-19T00:00:00,7.1,325574.0,405
HIS-004045,AST-ENG-0119,SEC-RKMP-BPL,ENGINEERING,BallastCleaning,2022-05-27T00:00:00,3.8,108658.0,104
HIS-004046,AST-S_A-0174,SEC-RKMP-BPL,S_AND_T,TurnoutAdjustment,2023-05-05T00:00:00,5.3,167768.0,335
HIS-004047,AST-S_A-0251,SEC-RKMP-BPL,S_AND_T,TurnoutAdjustment,2023-08-30T00:00:00,3.9,47704.0,404
HIS-004048,AST-TRA-0122,SEC-RKMP-BPL,TRACTION,ContactWireReplacement,2025-03-01T00:00:00,1.7,156840.0,632
HIS-004049,AST-S_A-0161,SEC-RKMP-BPL,S_AND_T,SignalCableRenewal,2022-06-09T00:00:00,3.7,35998.0,294
HIS-004050,AST-S_A-0471,SEC-RKMP-BPL,S_AND_T,TurnoutAdjustment,2026-07-18T00:00:00,6.8,457191.0,350
HIS-004051,AST-S_A-0345,SEC-RKMP-BPL,S_AND_T,PointMachineOverhaul,2025-08-09T00:00:00,2.1,49538.0,379
HIS-004052,AST-ENG-0223,SEC-RKMP-BPL,ENGINEERING,RailGrinding,2022-10-07T00:00:00,3.5,431790.0,243
HIS-004053,AST-ENG-0092,SEC-RKMP-BPL,ENGINEERING,BallastCleaning,2022-08-10T00:00:00,6.1,416094.0,433
HIS-004054,AST-S_A-0345,SEC-RKMP-BPL,S_AND_T,AxleCounterCalibration,2026-07-12T00:00:00,4.0,77303.0,395
HIS-004055,AST-ENG-0173,SEC-RKMP-BPL,ENGINEERING,BallastCleaning,2026-03-21T00:00:00,3.9,211168.0,378
HIS-004056,AST-ENG-0397,SEC-RKMP-BPL,ENGINEERING,RailGrinding,2024-09-15T00:00:00,7.5,605863.0,270
HIS-004057,AST-S_A-0057,SEC-RKMP-BPL,S_AND_T,TurnoutAdjustment,2023-08-11T00:00:00,2.0,314313.0,215
HIS-004058,AST-TRA-0221,SEC-RKMP-BPL,TRACTION,InsulatorReplacement,2022-01-15T00:00:00,7.6,70854.0,377
HIS-004059,AST-TRA-0402,SEC-RKMP-BPL,TRACTION,OHEInspection,2023-05-04T00:00:00,3.5,271885.0,174
HIS-004060,AST-S_A-0126,SEC-RKMP-BPL,S_AND_T,AxleCounterCalibration,2025-03-15T00:00:00,1.1,137391.0,279
HIS-004061,AST-TRA-0168,SEC-RKMP-BPL,TRACTION,InsulatorReplacement,2023-05-16T00:00:00,1.1,467554.0,264
HIS-004062,AST-ENG-0151,SEC-RKMP-BPL,ENGINEERING,SleeperRenewal,2026-07-04T00:00:00,3.3,134236.0,256
HIS-004063,AST-TRA-0257,SEC-RKMP-BPL,TRACTION,DropperReplacement,2026-02-15T00:00:00,2.6,647084.0,141
HIS-004064,AST-ENG-0064,SEC-RKMP-BPL,ENGINEERING,SleeperRenewal,2022-12-30T00:00:00,3.1,104342.0,172
HIS-004065,AST-ENG-0272,SEC-RKMP-BPL,ENGINEERING,BallastCleaning,2023-06-03T00:00:00,3.7,592455.0,418
HIS-004066,AST-ENG-0466,SEC-RKMP-BPL,ENGINEERING,SleeperRenewal,2026-07-09T00:00:00,4.1,404485.0,226
HIS-004067,AST-TRA-0204,SEC-RKMP-BPL,TRACTION,DropperReplacement,2024-08-16T00:00:00,4.8,530117.0,395
HIS-004068,AST-ENG-0496,SEC-RKMP-BPL,ENGINEERING,JointWelding,2025-09-02T00:00:00,7.9,95132.0,362
HIS-004069,AST-TRA-0203,SEC-RKMP-BPL,TRACTION,DropperReplacement,2023-04-13T00:00:00,7.3,79290.0,292
HIS-004070,AST-ENG-0163,SEC-RKMP-BPL,ENGINEERING,RailGrinding,2024-11-12T00:00:00,1.7,569341.0,235
HIS-004071,AST-ENG-0371,SEC-RKMP-BPL,ENGINEERING,SleeperRenewal,2022-08-23T00:00:00,7.2,589712.0,434
HIS-004072,AST-ENG-0110,SEC-RKMP-BPL,ENGINEERING,TrackTamping,2022-04-18T00:00:00,7.0,78573.0,421
HIS-004073,AST-S_A-0147,SEC-RKMP-BPL,S_AND_T,TurnoutAdjustment,2023-07-27T00:00:00,7.0,73360.0,173
HIS-004074,AST-ENG-0254,SEC-RKMP-BPL,ENGINEERING,SleeperRenewal,2026-04-20T00:00:00,5.2,315410.0,55
HIS-004075,AST-TRA-0465,SEC-RKMP-BPL,TRACTION,OHEInspection,2022-08-31T00:00:00,1.2,135163.0,128
HIS-004076,AST-S_A-0175,SEC-RKMP-BPL,S_AND_T,TurnoutAdjustment,2021-11-03T00:00:00,6.3,86683.0,404
HIS-004077,AST-TRA-0303,SEC-RKMP-BPL,TRACTION,ContactWireReplacement,2026-09-05T00:00:00,5.4,463053.0,123
HIS-004078,AST-S_A-0170,SEC-RKMP-BPL,S_AND_T,AxleCounterCalibration,2023-01-10T00:00:00,1.0,137309.0,358
HIS-004079,AST-ENG-0376,SEC-RKMP-BPL,ENGINEERING,RailGrinding,2024-06-27T00:00:00,6.2,527110.0,414
HIS-004080,AST-TRA-0302,SEC-RKMP-BPL,TRACTION,DropperReplacement,2022-08-01T00:00:00,4.4,394755.0,219
HIS-004081,AST-S_A-0260,SEC-RKMP-BPL,S_AND_T,PointMachineOverhaul,2025-05-28T00:00:00,6.0,563955.0,195
HIS-004082,AST-ENG-0316,SEC-RKMP-BPL,ENGINEERING,RailGrinding,2024-03-26T00:00:00,1.1,278472.0,432
HIS-004083,AST-ENG-0451,SEC-RKMP-BPL,ENGINEERING,JointWelding,2022-06-21T00:00:00,5.3,48547.0,370
HIS-004084,AST-ENG-0290,SEC-RKMP-BPL,ENGINEERING,SleeperRenewal,2022-05-22T00:00:00,3.4,73082.0,597
HIS-004085,AST-ENG-0308,SEC-RKMP-BPL,ENGINEERING,RailGrinding,2026-01-22T00:00:00,7.4,143192.0,381
HIS-004086,AST-ENG-0037,SEC-RKMP-BPL,ENGINEERING,JointWelding,2024-03-12T00:00:00,7.0,213276.0,420
HIS-004087,AST-S_A-0237,SEC-RKMP-BPL,S_AND_T,AxleCounterCalibration,2025-01-08T00:00:00,4.2,383600.0,124
HIS-004088,AST-S_A-0480,SEC-RKMP-BPL,S_AND_T,SignalCableRenewal,2026-05-12T00:00:00,6.4,28751.0,184
HIS-004089,AST-ENG-0452,SEC-RKMP-BPL,ENGINEERING,RailGrinding,2025-04-23T00:00:00,6.8,429887.0,357
HIS-004090,AST-ENG-0484,SEC-RKMP-BPL,ENGINEERING,TrackTamping,2025-11-02T00:00:00,3.0,268972.0,147
HIS-004091,AST-S_A-0004,SEC-RKMP-BPL,S_AND_T,AxleCounterCalibration,2022-05-09T00:00:00,7.3,450155.0,156
HIS-004092,AST-S_A-0022,SEC-RKMP-BPL,S_AND_T,AxleCounterCalibration,2025-06-09T00:00:00,2.2,369625.0,373
HIS-004093,AST-S_A-0170,SEC-RKMP-BPL,S_AND_T,AxleCounterCalibration,2025-05-21T00:00:00,6.0,475386.0,381
HIS-004094,AST-S_A-0336,SEC-RKMP-BPL,S_AND_T,AxleCounterCalibration,2023-06-16T00:00:00,6.4,64220.0,571
HIS-004095,AST-ENG-0398,SEC-RKMP-BPL,ENGINEERING,TrackTamping,2025-02-14T00:00:00,5.3,406400.0,182
HIS-004096,AST-S_A-0400,SEC-RKMP-BPL,S_AND_T,TurnoutAdjustment,2023-11-30T00:00:00,5.0,529557.0,50
HIS-004097,AST-S_A-0040,SEC-RKMP-BPL,S_AND_T,PointMachineOverhaul,2022-04-18T00:00:00,6.0,406610.0,276
HIS-004098,AST-S_A-0292,SEC-RKMP-BPL,S_AND_T,AxleCounterCalibration,2023-06-20T00:00:00,6.9,343943.0,451
HIS-004099,AST-S_A-0225,SEC-RKMP-BPL,S_AND_T,PointMachineOverhaul,2022-11-29T00:00:00,6.5,192121.0,468
HIS-004100,AST-S_A-0350,SEC-RKMP-BPL,S_AND_T,SignalCableRenewal,2025-03-27T00:00:00,4.0,176987.0,126
HIS-004101,AST-S_A-0062,SEC-RKMP-BPL,S_AND_T,AxleCounterCalibration,2023-12-11T00:00:00,5.2,119610.0,297
HIS-004102,AST-ENG-0487,SEC-RKMP-BPL,ENGINEERING,JointWelding,2024-12-05T00:00:00,6.8,542395.0,370
HIS-004103,AST-S_A-0328,SEC-RKMP-BPL,S_AND_T,PointMachineOverhaul,2023-04-18T00:00:00,2.8,555559.0,321
HIS-004104,AST-TRA-0428,SEC-RKMP-BPL,TRACTION,DropperReplacement,2024-08-26T00:00:00,1.8,478055.0,162
HIS-004105,AST-TRA-0447,SEC-RKMP-BPL,TRACTION,ContactWireReplacement,2025-02-04T00:00:00,5.9,571906.0,215
HIS-004106,AST-TRA-0428,SEC-RKMP-BPL,TRACTION,DropperReplacement,2023-06-05T00:00:00,7.5,96451.0,218
HIS-004107,AST-TRA-0150,SEC-RKMP-BPL,TRACTION,DropperReplacement,2023-01-14T00:00:00,6.7,88546.0,347
HIS-004108,AST-ENG-0371,SEC-RKMP-BPL,ENGINEERING,TrackTamping,2024-07-14T00:00:00,7.7,484639.0,385
HIS-004109,AST-TRA-0312,SEC-RKMP-BPL,TRACTION,InsulatorReplacement,2023-02-20T00:00:00,2.9,597538.0,250
HIS-004110,AST-S_A-0499,SEC-RKMP-BPL,S_AND_T,AxleCounterCalibration,2024-10-06T00:00:00,2.2,215978.0,458
HIS-004111,AST-S_A-0048,SEC-RKMP-BPL,S_AND_T,TurnoutAdjustment,2023-11-01T00:00:00,2.7,382564.0,60
HIS-004112,AST-TRA-0068,SEC-RKMP-BPL,TRACTION,InsulatorReplacement,2022-04-23T00:00:00,5.3,427039.0,203
HIS-004113,AST-ENG-0173,SEC-RKMP-BPL,ENGINEERING,JointWelding,2023-04-13T00:00:00,6.9,371596.0,293
HIS-004114,AST-ENG-0020,SEC-RKMP-BPL,ENGINEERING,BallastCleaning,2023-05-18T00:00:00,3.8,75603.0,514
HIS-004115,AST-TRA-0140,SEC-RKMP-BPL,TRACTION,DropperReplacement,2023-09-21T00:00:00,7.5,227863.0,335
HIS-004116,AST-ENG-0461,SEC-RKMP-BPL,ENGINEERING,RailGrinding,2024-08-26T00:00:00,6.0,461917.0,258
HIS-004117,AST-S_A-0350,SEC-RKMP-BPL,S_AND_T,SignalCableRenewal,2026-04-08T00:00:00,5.3,208138.0,281
HIS-004118,AST-TRA-0204,SEC-RKMP-BPL,TRACTION,DropperReplacement,2022-03-03T00:00:00,3.0,410933.0,337
HIS-004119,AST-S_A-0044,SEC-RKMP-BPL,S_AND_T,TurnoutAdjustment,2022-10-20T00:00:00,1.6,370299.0,499
HIS-004120,AST-S_A-0165,SEC-RKMP-BPL,S_AND_T,AxleCounterCalibration,2022-09-10T00:00:00,5.7,414834.0,377
HIS-004121,AST-ENG-0352,SEC-RKMP-BPL,ENGINEERING,JointWelding,2024-09-06T00:00:00,2.0,423081.0,339
HIS-004122,AST-TRA-0069,SEC-RKMP-BPL,TRACTION,DropperReplacement,2024-04-18T00:00:00,7.4,264837.0,457
HIS-004123,AST-TRA-0276,SEC-RKMP-BPL,TRACTION,ContactWireReplacement,2024-06-06T00:00:00,7.0,58939.0,444
HIS-004124,AST-S_A-0399,SEC-RKMP-BPL,S_AND_T,PointMachineOverhaul,2024-12-29T00:00:00,2.6,354596.0,253
HIS-004125,AST-TRA-0419,SEC-RKMP-BPL,TRACTION,DropperReplacement,2026-02-09T00:00:00,4.8,167109.0,459
HIS-004126,AST-S_A-0426,SEC-RKMP-BPL,S_AND_T,PointMachineOverhaul,2025-12-29T00:00:00,1.2,67797.0,335
HIS-004127,AST-ENG-0380,SEC-RKMP-BPL,ENGINEERING,TrackTamping,2025-07-26T00:00:00,4.7,510947.0,401
HIS-004128,AST-ENG-0389,SEC-RKMP-BPL,ENGINEERING,RailGrinding,2024-04-10T00:00:00,1.5,485903.0,562
HIS-004129,AST-S_A-0107,SEC-RKMP-BPL,S_AND_T,PointMachineOverhaul,2026-05-15T00:00:00,2.9,95825.0,47
HIS-004130,AST-S_A-0129,SEC-RKMP-BPL,S_AND_T,AxleCounterCalibration,2026-04-05T00:00:00,6.9,359050.0,186
HIS-004131,AST-S_A-0198,SEC-RKMP-BPL,S_AND_T,TurnoutAdjustment,2022-08-28T00:00:00,4.9,272763.0,106
HIS-004132,AST-S_A-0225,SEC-RKMP-BPL,S_AND_T,TurnoutAdjustment,2025-03-19T00:00:00,7.4,204030.0,503
HIS-004133,AST-S_A-0264,SEC-RKMP-BPL,S_AND_T,TurnoutAdjustment,2026-04-29T00:00:00,7.4,576369.0,205
HIS-004134,AST-ENG-0091,SEC-RKMP-BPL,ENGINEERING,RailGrinding,2024-07-03T00:00:00,2.7,539440.0,502
HIS-004135,AST-S_A-0144,SEC-RKMP-BPL,S_AND_T,TurnoutAdjustment,2022-11-28T00:00:00,4.1,137414.0,487
HIS-004136,AST-ENG-0244,SEC-RKMP-BPL,ENGINEERING,JointWelding,2022-11-14T00:00:00,1.7,183622.0,393
HIS-004137,AST-S_A-0170,SEC-RKMP-BPL,S_AND_T,PointMachineOverhaul,2023-03-12T00:00:00,5.6,84445.0,225
HIS-004138,AST-TRA-0167,SEC-RKMP-BPL,TRACTION,InsulatorReplacement,2024-05-09T00:00:00,2.2,164090.0,282
HIS-004139,AST-TRA-0069,SEC-RKMP-BPL,TRACTION,ContactWireReplacement,2022-12-30T00:00:00,2.7,353587.0,470
HIS-004140,AST-S_A-0157,SEC-RKMP-BPL,S_AND_T,SignalCableRenewal,2022-01-11T00:00:00,2.0,431216.0,166
HIS-004141,AST-S_A-0017,SEC-RKMP-BPL,S_AND_T,PointMachineOverhaul,2024-10-13T00:00:00,3.4,577230.0,326
HIS-004142,AST-S_A-0040,SEC-RKMP-BPL,S_AND_T,PointMachineOverhaul,2022-05-16T00:00:00,1.7,458200.0,518
HIS-004143,AST-S_A-0225,SEC-RKMP-BPL,S_AND_T,AxleCounterCalibration,2026-04-15T00:00:00,4.8,278463.0,488
HIS-004144,AST-S_A-0351,SEC-RKMP-BPL,S_AND_T,AxleCounterCalibration,2021-11-03T00:00:00,3.6,601355.0,130
HIS-004145,AST-S_A-0351,SEC-RKMP-BPL,S_AND_T,AxleCounterCalibration,2026-01-15T00:00:00,2.0,496653.0,376
HIS-004146,AST-ENG-0425,SEC-RKMP-BPL,ENGINEERING,BallastCleaning,2023-10-22T00:00:00,2.6,524030.0,149
HIS-004147,AST-S_A-0337,SEC-RKMP-BPL,S_AND_T,AxleCounterCalibration,2024-08-16T00:00:00,4.2,28333.0,289
HIS-004148,AST-S_A-0049,SEC-RKMP-BPL,S_AND_T,TurnoutAdjustment,2022-07-31T00:00:00,5.7,647434.0,308
HIS-004149,AST-TRA-0303,SEC-RKMP-BPL,TRACTION,DropperReplacement,2022-10-30T00:00:00,3.5,286567.0,356
HIS-004150,AST-S_A-0399,SEC-RKMP-BPL,S_AND_T,TurnoutAdjustment,2025-03-14T00:00:00,7.8,41608.0,296
HIS-004151,AST-S_A-0076,SEC-RKMP-BPL,S_AND_T,PointMachineOverhaul,2025-03-15T00:00:00,5.4,461396.0,472
HIS-004152,AST-ENG-0358,SEC-RKMP-BPL,ENGINEERING,SleeperRenewal,2021-12-07T00:00:00,3.0,110516.0,237
HIS-004153,AST-TRA-0051,SEC-RKMP-BPL,TRACTION,DropperReplacement,2025-02-05T00:00:00,2.2,320507.0,317
HIS-004154,AST-S_A-0486,SEC-RKMP-BPL,S_AND_T,TurnoutAdjustment,2024-02-02T00:00:00,1.7,637512.0,212
HIS-004155,AST-S_A-0111,SEC-RKMP-BPL,S_AND_T,AxleCounterCalibration,2024-01-04T00:00:00,5.3,252953.0,63
HIS-004156,AST-S_A-0318,SEC-RKMP-BPL,S_AND_T,SignalCableRenewal,2023-01-08T00:00:00,4.4,552372.0,10
HIS-004157,AST-S_A-0485,SEC-RKMP-BPL,S_AND_T,AxleCounterCalibration,2024-03-02T00:00:00,1.3,245346.0,399
HIS-004158,AST-S_A-0108,SEC-RKMP-BPL,S_AND_T,PointMachineOverhaul,2026-06-06T00:00:00,1.5,370349.0,523
HIS-004159,AST-TRA-0176,SEC-RKMP-BPL,TRACTION,OHEInspection,2025-10-06T00:00:00,7.5,237005.0,265
HIS-004160,AST-S_A-0404,SEC-RKMP-BPL,S_AND_T,SignalCableRenewal,2022-09-09T00:00:00,3.6,619863.0,510
HIS-004161,AST-TRA-0177,SEC-RKMP-BPL,TRACTION,InsulatorReplacement,2024-05-08T00:00:00,6.9,304193.0,81
HIS-004162,AST-ENG-0451,SEC-RKMP-BPL,ENGINEERING,JointWelding,2025-04-20T00:00:00,2.3,136250.0,378
HIS-004163,AST-ENG-0496,SEC-RKMP-BPL,ENGINEERING,JointWelding,2025-07-29T00:00:00,3.7,349780.0,442
HIS-004164,AST-ENG-0254,SEC-RKMP-BPL,ENGINEERING,SleeperRenewal,2025-01-30T00:00:00,1.0,593527.0,193
HIS-004165,AST-ENG-0268,SEC-RKMP-BPL,ENGINEERING,TrackTamping,2026-08-24T00:00:00,7.9,101988.0,219
HIS-004166,AST-S_A-0206,SEC-RKMP-BPL,S_AND_T,SignalCableRenewal,2022-09-23T00:00:00,3.6,99169.0,274
HIS-004167,AST-S_A-0198,SEC-RKMP-BPL,S_AND_T,AxleCounterCalibration,2023-12-12T00:00:00,3.5,153820.0,240
HIS-004168,AST-S_A-0183,SEC-RKMP-BPL,S_AND_T,PointMachineOverhaul,2023-12-01T00:00:00,4.0,348129.0,380
HIS-004169,AST-TRA-0131,SEC-RKMP-BPL,TRACTION,DropperReplacement,2025-09-23T00:00:00,2.0,244663.0,202
HIS-004170,AST-S_A-0291,SEC-RKMP-BPL,S_AND_T,PointMachineOverhaul,2024-05-01T00:00:00,6.5,335937.0,78
HIS-004171,AST-S_A-0323,SEC-RKMP-BPL,S_AND_T,PointMachineOverhaul,2022-02-09T00:00:00,3.6,271180.0,372
HIS-004172,AST-S_A-0453,SEC-RKMP-BPL,S_AND_T,PointMachineOverhaul,2022-01-27T00:00:00,4.9,415570.0,229
HIS-004173,AST-S_A-0278,SEC-RKMP-BPL,S_AND_T,SignalCableRenewal,2023-11-21T00:00:00,6.5,226585.0,427
HIS-004174,AST-S_A-0495,SEC-RKMP-BPL,S_AND_T,PointMachineOverhaul,2025-10-14T00:00:00,2.2,643848.0,50
HIS-004175,AST-S_A-0108,SEC-RKMP-BPL,S_AND_T,TurnoutAdjustment,2023-09-28T00:00:00,5.6,297945.0,407
HIS-004176,AST-S_A-0287,SEC-RKMP-BPL,S_AND_T,PointMachineOverhaul,2024-02-15T00:00:00,3.9,52685.0,409
HIS-004177,AST-S_A-0152,SEC-RKMP-BPL,S_AND_T,PointMachineOverhaul,2025-11-08T00:00:00,5.0,303418.0,218
HIS-004178,AST-ENG-0262,SEC-RKMP-BPL,ENGINEERING,TrackTamping,2024-02-09T00:00:00,2.8,598908.0,396
HIS-004179,AST-S_A-0148,SEC-RKMP-BPL,S_AND_T,SignalCableRenewal,2023-12-14T00:00:00,5.6,422718.0,395
HIS-004180,AST-ENG-0101,SEC-RKMP-BPL,ENGINEERING,BallastCleaning,2026-01-21T00:00:00,1.0,368654.0,12
HIS-004181,AST-S_A-0234,SEC-RKMP-BPL,S_AND_T,SignalCableRenewal,2025-11-18T00:00:00,7.5,172509.0,234
HIS-004182,AST-S_A-0431,SEC-RKMP-BPL,S_AND_T,PointMachineOverhaul,2022-07-06T00:00:00,7.9,581911.0,312
HIS-004183,AST-TRA-0194,SEC-RKMP-BPL,TRACTION,DropperReplacement,2023-07-23T00:00:00,4.1,75996.0,424
HIS-004184,AST-ENG-0407,SEC-RKMP-BPL,ENGINEERING,TrackTamping,2024-06-27T00:00:00,4.5,320399.0,497
HIS-004185,AST-S_A-0237,SEC-RKMP-BPL,S_AND_T,TurnoutAdjustment,2022-09-30T00:00:00,7.1,196489.0,211
HIS-004186,AST-S_A-0009,SEC-RKMP-BPL,S_AND_T,TurnoutAdjustment,2024-01-28T00:00:00,2.2,644522.0,17
HIS-004187,AST-S_A-0436,SEC-RKMP-BPL,S_AND_T,AxleCounterCalibration,2024-04-14T00:00:00,4.6,158669.0,242
HIS-004188,AST-ENG-0055,SEC-RKMP-BPL,ENGINEERING,JointWelding,2023-03-31T00:00:00,3.6,386194.0,97
HIS-004189,AST-ENG-0082,SEC-RKMP-BPL,ENGINEERING,RailGrinding,2021-10-31T00:00:00,6.7,291644.0,333
HIS-004190,AST-TRA-0203,SEC-RKMP-BPL,TRACTION,OHEInspection,2026-01-21T00:00:00,5.9,122930.0,305
HIS-004191,AST-S_A-0192,SEC-RKMP-BPL,S_AND_T,SignalCableRenewal,2022-05-28T00:00:00,5.6,217526.0,381
HIS-004192,AST-TRA-0086,SEC-RKMP-BPL,TRACTION,ContactWireReplacement,2025-12-18T00:00:00,7.0,448093.0,189
HIS-004193,AST-S_A-0192,SEC-RKMP-BPL,S_AND_T,TurnoutAdjustment,2023-05-06T00:00:00,2.2,278600.0,466
HIS-004194,AST-S_A-0453,SEC-RKMP-BPL,S_AND_T,SignalCableRenewal,2021-09-17T00:00:00,3.8,505375.0,135
HIS-004195,AST-TRA-0464,SEC-RKMP-BPL,TRACTION,OHEInspection,2023-02-02T00:00:00,2.1,310560.0,510
HIS-004196,AST-TRA-0276,SEC-RKMP-BPL,TRACTION,InsulatorReplacement,2022-10-16T00:00:00,6.5,545849.0,279
HIS-004197,AST-ENG-0439,SEC-RKMP-BPL,ENGINEERING,JointWelding,2025-03-06T00:00:00,7.0,331751.0,308
HIS-004198,AST-S_A-0426,SEC-RKMP-BPL,S_AND_T,TurnoutAdjustment,2026-02-05T00:00:00,3.0,473285.0,292
HIS-004199,AST-S_A-0180,SEC-RKMP-BPL,S_AND_T,AxleCounterCalibration,2021-12-21T00:00:00,6.2,350036.0,561
HIS-004200,AST-ENG-0037,SEC-RKMP-BPL,ENGINEERING,TrackTamping,2023-01-23T00:00:00,2.6,272340.0,236
HIS-004201,AST-ENG-0226,SEC-RKMP-BPL,ENGINEERING,RailGrinding,2026-01-04T00:00:00,3.2,290287.0,432
HIS-004202,AST-ENG-0425,SEC-RKMP-BPL,ENGINEERING,TrackTamping,2025-09-06T00:00:00,5.4,260086.0,294
HIS-004203,AST-S_A-0207,SEC-RKMP-BPL,S_AND_T,PointMachineOverhaul,2024-08-23T00:00:00,4.9,232669.0,550
HIS-004204,AST-S_A-0477,SEC-RKMP-BPL,S_AND_T,SignalCableRenewal,2025-09-17T00:00:00,5.0,94976.0,247
HIS-004205,AST-S_A-0417,SEC-RKMP-BPL,S_AND_T,SignalCableRenewal,2025-01-22T00:00:00,2.8,251951.0,283
HIS-004206,AST-ENG-0299,SEC-RKMP-BPL,ENGINEERING,TrackTamping,2024-08-06T00:00:00,2.1,590665.0,359
HIS-004207,AST-S_A-0183,SEC-RKMP-BPL,S_AND_T,SignalCableRenewal,2022-03-12T00:00:00,7.3,212596.0,475
HIS-004208,AST-ENG-0209,SEC-RKMP-BPL,ENGINEERING,JointWelding,2025-10-06T00:00:00,2.8,553571.0,237
HIS-004209,AST-S_A-0400,SEC-RKMP-BPL,S_AND_T,TurnoutAdjustment,2023-01-02T00:00:00,3.5,476245.0,135
HIS-004210,AST-TRA-0473,SEC-RKMP-BPL,TRACTION,ContactWireReplacement,2023-04-25T00:00:00,1.5,329204.0,158
HIS-004211,AST-ENG-0253,SEC-RKMP-BPL,ENGINEERING,BallastCleaning,2024-01-28T00:00:00,2.0,153608.0,79
HIS-004212,AST-ENG-0367,SEC-RKMP-BPL,ENGINEERING,JointWelding,2025-03-01T00:00:00,2.9,112411.0,122
HIS-004213,AST-ENG-0349,SEC-RKMP-BPL,ENGINEERING,RailGrinding,2021-11-04T00:00:00,3.8,454477.0,350
HIS-004214,AST-TRA-0068,SEC-RKMP-BPL,TRACTION,OHEInspection,2024-05-04T00:00:00,3.1,342260.0,255
HIS-004215,AST-S_A-0354,SEC-RKMP-BPL,S_AND_T,SignalCableRenewal,2026-08-25T00:00:00,6.7,234186.0,415
HIS-004216,AST-S_A-0423,SEC-RKMP-BPL,S_AND_T,AxleCounterCalibration,2024-10-07T00:00:00,5.4,214646.0,308
HIS-004217,AST-ENG-0307,SEC-RKMP-BPL,ENGINEERING,RailGrinding,2024-09-28T00:00:00,6.0,273134.0,314
HIS-004218,AST-S_A-0422,SEC-RKMP-BPL,S_AND_T,AxleCounterCalibration,2024-08-12T00:00:00,5.6,169429.0,289
HIS-004219,AST-ENG-0226,SEC-RKMP-BPL,ENGINEERING,BallastCleaning,2023-07-20T00:00:00,3.6,530423.0,362
HIS-004220,AST-S_A-0395,SEC-RKMP-BPL,S_AND_T,PointMachineOverhaul,2021-12-20T00:00:00,7.1,206238.0,10
HIS-004221,AST-S_A-0400,SEC-RKMP-BPL,S_AND_T,PointMachineOverhaul,2023-11-11T00:00:00,4.7,545185.0,274
HIS-004222,AST-ENG-0160,SEC-RKMP-BPL,ENGINEERING,SleeperRenewal,2024-05-18T00:00:00,6.0,77116.0,140
HIS-004223,AST-S_A-0264,SEC-RKMP-BPL,S_AND_T,TurnoutAdjustment,2024-03-18T00:00:00,7.2,313087.0,206
HIS-004224,AST-S_A-0336,SEC-RKMP-BPL,S_AND_T,SignalCableRenewal,2025-01-08T00:00:00,2.5,484033.0,447
HIS-004225,AST-ENG-0172,SEC-RKMP-BPL,ENGINEERING,JointWelding,2026-04-20T00:00:00,2.0,396218.0,476
HIS-004226,AST-S_A-0468,SEC-RKMP-BPL,S_AND_T,TurnoutAdjustment,2023-11-10T00:00:00,2.5,119147.0,405
HIS-004227,AST-S_A-0463,SEC-RKMP-BPL,S_AND_T,AxleCounterCalibration,2022-07-03T00:00:00,2.1,617623.0,155
HIS-004228,AST-S_A-0008,SEC-RKMP-BPL,S_AND_T,TurnoutAdjustment,2022-05-19T00:00:00,1.5,212286.0,112
HIS-004229,AST-ENG-0259,SEC-RKMP-BPL,ENGINEERING,BallastCleaning,2022-03-12T00:00:00,4.7,148773.0,414
HIS-004230,AST-S_A-0306,SEC-RKMP-BPL,S_AND_T,PointMachineOverhaul,2026-01-13T00:00:00,6.4,351371.0,228
HIS-004231,AST-S_A-0171,SEC-RKMP-BPL,S_AND_T,SignalCableRenewal,2023-06-27T00:00:00,6.9,529442.0,240
HIS-004232,AST-TRA-0005,SEC-RKMP-BPL,TRACTION,ContactWireReplacement,2021-12-09T00:00:00,2.4,402529.0,395
HIS-004233,AST-ENG-0046,SEC-RKMP-BPL,ENGINEERING,BallastCleaning,2026-01-03T00:00:00,3.0,388024.0,169
HIS-004234,AST-ENG-0412,SEC-RKMP-BPL,ENGINEERING,RailGrinding,2024-11-22T00:00:00,1.5,401517.0,10
HIS-004235,AST-ENG-0241,SEC-RKMP-BPL,ENGINEERING,TrackTamping,2025-06-05T00:00:00,2.1,305533.0,285
HIS-004236,AST-S_A-0233,SEC-RKMP-BPL,S_AND_T,PointMachineOverhaul,2021-12-22T00:00:00,5.4,261416.0,296
HIS-004237,AST-TRA-0231,SEC-RKMP-BPL,TRACTION,DropperReplacement,2023-08-08T00:00:00,4.5,423774.0,288
HIS-004238,AST-S_A-0279,SEC-RKMP-BPL,S_AND_T,AxleCounterCalibration,2022-08-18T00:00:00,5.0,376756.0,601
HIS-004239,AST-ENG-0199,SEC-RKMP-BPL,ENGINEERING,RailGrinding,2022-10-01T00:00:00,3.7,529359.0,75
HIS-004240,AST-ENG-0055,SEC-RKMP-BPL,ENGINEERING,JointWelding,2024-05-25T00:00:00,6.5,522560.0,158
HIS-004241,AST-S_A-0126,SEC-RKMP-BPL,S_AND_T,SignalCableRenewal,2023-06-16T00:00:00,8.0,160585.0,214
HIS-004242,AST-S_A-0053,SEC-RKMP-BPL,S_AND_T,SignalCableRenewal,2024-11-08T00:00:00,6.5,215867.0,109
HIS-004243,AST-S_A-0436,SEC-RKMP-BPL,S_AND_T,TurnoutAdjustment,2023-01-09T00:00:00,2.1,387094.0,395
HIS-004244,AST-ENG-0034,SEC-RKMP-BPL,ENGINEERING,BallastCleaning,2025-05-07T00:00:00,6.9,187682.0,336
HIS-004245,AST-S_A-0495,SEC-RKMP-BPL,S_AND_T,TurnoutAdjustment,2026-07-10T00:00:00,7.0,307009.0,65
HIS-004246,AST-S_A-0188,SEC-RKMP-BPL,S_AND_T,SignalCableRenewal,2024-11-23T00:00:00,7.4,77374.0,286
HIS-004247,AST-ENG-0227,SEC-RKMP-BPL,ENGINEERING,BallastCleaning,2026-03-29T00:00:00,5.4,90065.0,151
HIS-004248,AST-S_A-0183,SEC-RKMP-BPL,S_AND_T,AxleCounterCalibration,2023-07-17T00:00:00,4.6,280136.0,652
HIS-004249,AST-S_A-0409,SEC-RKMP-BPL,S_AND_T,AxleCounterCalibration,2025-12-15T00:00:00,6.3,148772.0,473
HIS-004250,AST-TRA-0014,SEC-RKMP-BPL,TRACTION,InsulatorReplacement,2024-07-29T00:00:00,4.1,139560.0,161
HIS-004251,AST-ENG-0019,SEC-RKMP-BPL,ENGINEERING,TrackTamping,2023-06-15T00:00:00,6.5,183160.0,297
HIS-004252,AST-ENG-0259,SEC-RKMP-BPL,ENGINEERING,BallastCleaning,2022-09-20T00:00:00,7.8,621906.0,359
HIS-004253,AST-S_A-0405,SEC-RKMP-BPL,S_AND_T,PointMachineOverhaul,2026-07-12T00:00:00,6.0,274936.0,281
HIS-004254,AST-S_A-0126,SEC-RKMP-BPL,S_AND_T,AxleCounterCalibration,2024-04-15T00:00:00,6.4,28125.0,123
HIS-004255,AST-S_A-0314,SEC-RKMP-BPL,S_AND_T,PointMachineOverhaul,2022-04-18T00:00:00,5.6,511733.0,319
HIS-004256,AST-S_A-0081,SEC-RKMP-BPL,S_AND_T,SignalCableRenewal,2023-08-21T00:00:00,7.2,340750.0,145
HIS-004257,AST-ENG-0268,SEC-RKMP-BPL,ENGINEERING,RailGrinding,2023-12-09T00:00:00,3.2,111769.0,215
HIS-004258,AST-TRA-0365,SEC-RKMP-BPL,TRACTION,InsulatorReplacement,2026-06-16T00:00:00,5.2,629970.0,156
HIS-004259,AST-S_A-0444,SEC-RKMP-BPL,S_AND_T,AxleCounterCalibration,2022-10-14T00:00:00,2.5,305849.0,99
HIS-004260,AST-ENG-0145,SEC-RKMP-BPL,ENGINEERING,SleeperRenewal,2022-09-20T00:00:00,1.1,165948.0,163
HIS-004261,AST-S_A-0282,SEC-RKMP-BPL,S_AND_T,AxleCounterCalibration,2024-01-01T00:00:00,5.1,378418.0,461
HIS-004262,AST-S_A-0246,SEC-RKMP-BPL,S_AND_T,SignalCableRenewal,2024-05-11T00:00:00,3.1,297564.0,384
HIS-004263,AST-TRA-0392,SEC-RKMP-BPL,TRACTION,ContactWireReplacement,2023-03-09T00:00:00,2.1,518638.0,188
HIS-004264,AST-S_A-0351,SEC-RKMP-BPL,S_AND_T,PointMachineOverhaul,2022-03-14T00:00:00,1.5,76048.0,292
HIS-004265,AST-S_A-0021,SEC-RKMP-BPL,S_AND_T,TurnoutAdjustment,2022-08-21T00:00:00,6.8,426659.0,308
HIS-004266,AST-S_A-0305,SEC-RKMP-BPL,S_AND_T,PointMachineOverhaul,2025-12-28T00:00:00,3.8,223201.0,125
HIS-004267,AST-TRA-0168,SEC-RKMP-BPL,TRACTION,DropperReplacement,2023-10-14T00:00:00,1.4,509181.0,269
HIS-004268,AST-ENG-0010,SEC-RKMP-BPL,ENGINEERING,RailGrinding,2026-03-01T00:00:00,5.8,190331.0,150
HIS-004269,AST-ENG-0205,SEC-RKMP-BPL,ENGINEERING,RailGrinding,2023-08-20T00:00:00,7.9,500699.0,409
HIS-004270,AST-ENG-0322,SEC-RKMP-BPL,ENGINEERING,RailGrinding,2024-10-20T00:00:00,6.6,425635.0,231
HIS-004271,AST-TRA-0041,SEC-RKMP-BPL,TRACTION,OHEInspection,2024-07-08T00:00:00,3.3,330404.0,458
HIS-004272,AST-ENG-0289,SEC-RKMP-BPL,ENGINEERING,SleeperRenewal,2025-04-05T00:00:00,4.6,234813.0,457
HIS-004273,AST-ENG-0479,SEC-RKMP-BPL,ENGINEERING,TrackTamping,2022-08-29T00:00:00,5.5,294105.0,337
HIS-004274,AST-ENG-0002,SEC-RKMP-BPL,ENGINEERING,RailGrinding,2024-05-19T00:00:00,7.1,593626.0,270
HIS-004275,AST-S_A-0252,SEC-RKMP-BPL,S_AND_T,PointMachineOverhaul,2026-07-21T00:00:00,7.7,314037.0,286
HIS-004276,AST-ENG-0034,SEC-RKMP-BPL,ENGINEERING,TrackTamping,2024-07-31T00:00:00,4.2,417438.0,317
HIS-004277,AST-ENG-0034,SEC-RKMP-BPL,ENGINEERING,SleeperRenewal,2023-07-11T00:00:00,1.0,99715.0,200
HIS-004278,AST-ENG-0322,SEC-RKMP-BPL,ENGINEERING,BallastCleaning,2022-11-06T00:00:00,2.1,557591.0,315
HIS-004279,AST-ENG-0128,SEC-RKMP-BPL,ENGINEERING,JointWelding,2026-02-02T00:00:00,6.3,131412.0,10
HIS-004280,AST-S_A-0314,SEC-RKMP-BPL,S_AND_T,SignalCableRenewal,2024-09-13T00:00:00,6.5,212349.0,332
HIS-004281,AST-TRA-0456,SEC-RKMP-BPL,TRACTION,ContactWireReplacement,2024-03-26T00:00:00,1.9,378696.0,116
HIS-004282,AST-S_A-0233,SEC-RKMP-BPL,S_AND_T,AxleCounterCalibration,2022-12-25T00:00:00,6.3,390053.0,434
HIS-004283,AST-ENG-0209,SEC-RKMP-BPL,ENGINEERING,RailGrinding,2024-12-21T00:00:00,1.8,592016.0,197
HIS-004284,AST-ENG-0172,SEC-RKMP-BPL,ENGINEERING,RailGrinding,2022-06-22T00:00:00,3.8,361862.0,463
HIS-004285,AST-TRA-0005,SEC-RKMP-BPL,TRACTION,OHEInspection,2024-10-10T00:00:00,2.5,573862.0,362
HIS-004286,AST-ENG-0043,SEC-RKMP-BPL,ENGINEERING,RailGrinding,2024-08-06T00:00:00,5.4,460852.0,450
HIS-004287,AST-S_A-0031,SEC-RKMP-BPL,S_AND_T,SignalCableRenewal,2022-05-26T00:00:00,2.8,518454.0,416
HIS-004288,AST-ENG-0236,SEC-RKMP-BPL,ENGINEERING,TrackTamping,2024-03-27T00:00:00,3.6,161746.0,176
HIS-004289,AST-S_A-0423,SEC-RKMP-BPL,S_AND_T,TurnoutAdjustment,2022-07-10T00:00:00,3.2,163389.0,367
HIS-004290,AST-ENG-0199,SEC-RKMP-BPL,ENGINEERING,TrackTamping,2025-06-11T00:00:00,5.8,512650.0,124
HIS-004291,AST-TRA-0483,SEC-RKMP-BPL,TRACTION,InsulatorReplacement,2024-12-25T00:00:00,6.1,112878.0,123
HIS-004292,AST-ENG-0047,SEC-RKMP-BPL,ENGINEERING,JointWelding,2024-05-07T00:00:00,5.4,63003.0,34
HIS-004293,AST-ENG-0178,SEC-RKMP-BPL,ENGINEERING,JointWelding,2026-05-22T00:00:00,3.9,639768.0,306
HIS-004294,AST-ENG-0097,SEC-RKMP-BPL,ENGINEERING,SleeperRenewal,2022-05-19T00:00:00,3.2,595801.0,286
HIS-004295,AST-ENG-0209,SEC-RKMP-BPL,ENGINEERING,TrackTamping,2022-03-15T00:00:00,6.9,616310.0,312
HIS-004296,AST-S_A-0399,SEC-RKMP-BPL,S_AND_T,TurnoutAdjustment,2024-01-12T00:00:00,7.8,74816.0,213
HIS-004297,AST-S_A-0450,SEC-RKMP-BPL,S_AND_T,AxleCounterCalibration,2024-11-27T00:00:00,6.4,517581.0,418
HIS-004298,AST-S_A-0336,SEC-RKMP-BPL,S_AND_T,TurnoutAdjustment,2022-12-01T00:00:00,4.9,623998.0,431
HIS-004299,AST-S_A-0243,SEC-RKMP-BPL,S_AND_T,PointMachineOverhaul,2026-08-10T00:00:00,4.9,82929.0,164
HIS-004300,AST-ENG-0298,SEC-RKMP-BPL,ENGINEERING,TrackTamping,2025-08-05T00:00:00,4.0,365580.0,72
HIS-004301,AST-S_A-0431,SEC-RKMP-BPL,S_AND_T,AxleCounterCalibration,2021-10-25T00:00:00,3.1,384892.0,296
HIS-004302,AST-ENG-0443,SEC-RKMP-BPL,ENGINEERING,JointWelding,2022-10-23T00:00:00,2.1,137188.0,406
HIS-004303,AST-S_A-0480,SEC-RKMP-BPL,S_AND_T,PointMachineOverhaul,2026-07-28T00:00:00,2.5,620288.0,372
HIS-004304,AST-S_A-0171,SEC-RKMP-BPL,S_AND_T,SignalCableRenewal,2022-09-27T00:00:00,1.1,259875.0,332
HIS-004305,AST-S_A-0269,SEC-RKMP-BPL,S_AND_T,PointMachineOverhaul,2022-04-08T00:00:00,7.2,151944.0,558
HIS-004306,AST-ENG-0496,SEC-RKMP-BPL,ENGINEERING,JointWelding,2026-05-11T00:00:00,1.5,101539.0,544
HIS-004307,AST-S_A-0400,SEC-RKMP-BPL,S_AND_T,SignalCableRenewal,2022-12-13T00:00:00,5.4,84374.0,268
HIS-004308,AST-TRA-0249,SEC-RKMP-BPL,TRACTION,OHEInspection,2025-02-25T00:00:00,3.5,333719.0,262
HIS-004309,AST-S_A-0210,SEC-RKMP-BPL,S_AND_T,AxleCounterCalibration,2025-08-21T00:00:00,1.8,494703.0,316
HIS-004310,AST-ENG-0106,SEC-RKMP-BPL,ENGINEERING,JointWelding,2023-05-01T00:00:00,6.3,644179.0,450
HIS-004311,AST-S_A-0171,SEC-RKMP-BPL,S_AND_T,SignalCableRenewal,2026-03-03T00:00:00,1.9,82632.0,284
HIS-004312,AST-ENG-0047,SEC-RKMP-BPL,ENGINEERING,BallastCleaning,2024-09-18T00:00:00,1.4,492088.0,152
HIS-004313,AST-S_A-0485,SEC-RKMP-BPL,S_AND_T,PointMachineOverhaul,2023-06-03T00:00:00,2.2,102209.0,276
HIS-004314,AST-S_A-0409,SEC-RKMP-BPL,S_AND_T,TurnoutAdjustment,2023-08-07T00:00:00,1.6,377430.0,408
HIS-004315,AST-ENG-0151,SEC-RKMP-BPL,ENGINEERING,JointWelding,2023-12-12T00:00:00,6.2,542527.0,171
HIS-004316,AST-TRA-0150,SEC-RKMP-BPL,TRACTION,OHEInspection,2024-12-11T00:00:00,8.0,181711.0,207
HIS-004317,AST-ENG-0304,SEC-RKMP-BPL,ENGINEERING,RailGrinding,2022-07-11T00:00:00,1.9,484738.0,55
HIS-004318,AST-ENG-0380,SEC-RKMP-BPL,ENGINEERING,SleeperRenewal,2024-04-19T00:00:00,1.7,220574.0,402
HIS-004319,AST-ENG-0199,SEC-RKMP-BPL,ENGINEERING,BallastCleaning,2024-10-03T00:00:00,1.9,282658.0,37
HIS-004320,AST-S_A-0210,SEC-RKMP-BPL,S_AND_T,SignalCableRenewal,2025-04-19T00:00:00,1.1,120227.0,383
HIS-004321,AST-S_A-0192,SEC-RKMP-BPL,S_AND_T,TurnoutAdjustment,2023-03-11T00:00:00,5.9,162055.0,358
HIS-004322,AST-TRA-0474,SEC-RKMP-BPL,TRACTION,DropperReplacement,2022-04-21T00:00:00,7.4,223798.0,429
HIS-004323,AST-S_A-0108,SEC-RKMP-BPL,S_AND_T,AxleCounterCalibration,2026-08-02T00:00:00,3.3,424508.0,617
HIS-004324,AST-ENG-0182,SEC-RKMP-BPL,ENGINEERING,TrackTamping,2021-11-15T00:00:00,1.2,163483.0,474
HIS-004325,AST-TRA-0465,SEC-RKMP-BPL,TRACTION,InsulatorReplacement,2026-02-25T00:00:00,7.2,43822.0,192
HIS-004326,AST-S_A-0292,SEC-RKMP-BPL,S_AND_T,AxleCounterCalibration,2022-11-29T00:00:00,5.6,530554.0,377
HIS-004327,AST-ENG-0421,SEC-RKMP-BPL,ENGINEERING,BallastCleaning,2022-04-21T00:00:00,6.7,627770.0,276
HIS-004328,AST-S_A-0390,SEC-RKMP-BPL,S_AND_T,SignalCableRenewal,2026-05-08T00:00:00,5.6,260930.0,344
HIS-004329,AST-ENG-0001,SEC-RKMP-BPL,ENGINEERING,JointWelding,2021-11-15T00:00:00,4.5,233368.0,152
HIS-004330,AST-S_A-0111,SEC-RKMP-BPL,S_AND_T,AxleCounterCalibration,2024-07-23T00:00:00,4.3,284156.0,125
HIS-004331,AST-ENG-0124,SEC-RKMP-BPL,ENGINEERING,SleeperRenewal,2021-12-13T00:00:00,3.0,457912.0,298
HIS-004332,AST-S_A-0485,SEC-RKMP-BPL,S_AND_T,PointMachineOverhaul,2025-08-06T00:00:00,3.0,139325.0,318
HIS-004333,AST-ENG-0173,SEC-RKMP-BPL,ENGINEERING,BallastCleaning,2022-09-07T00:00:00,2.0,142297.0,351
HIS-004334,AST-TRA-0293,SEC-RKMP-BPL,TRACTION,ContactWireReplacement,2025-12-03T00:00:00,2.2,418593.0,10
HIS-004335,AST-S_A-0202,SEC-RKMP-BPL,S_AND_T,AxleCounterCalibration,2024-09-29T00:00:00,4.8,48338.0,302
HIS-004336,AST-S_A-0120,SEC-RKMP-BPL,S_AND_T,TurnoutAdjustment,2026-07-15T00:00:00,5.5,530791.0,381
HIS-004337,AST-TRA-0347,SEC-RKMP-BPL,TRACTION,OHEInspection,2022-09-27T00:00:00,1.3,554316.0,265
HIS-004338,AST-ENG-0043,SEC-RKMP-BPL,ENGINEERING,TrackTamping,2022-03-11T00:00:00,7.8,476172.0,415
HIS-004339,AST-TRA-0096,SEC-RKMP-BPL,TRACTION,ContactWireReplacement,2025-07-03T00:00:00,6.8,270480.0,94
HIS-004340,AST-TRA-0446,SEC-RKMP-BPL,TRACTION,ContactWireReplacement,2022-09-22T00:00:00,7.0,327347.0,385
HIS-004341,AST-TRA-0078,SEC-RKMP-BPL,TRACTION,OHEInspection,2022-10-02T00:00:00,7.6,566546.0,492
HIS-004342,AST-TRA-0131,SEC-RKMP-BPL,TRACTION,InsulatorReplacement,2025-12-02T00:00:00,4.0,611626.0,265
HIS-004343,AST-ENG-0416,SEC-RKMP-BPL,ENGINEERING,TrackTamping,2024-03-05T00:00:00,5.3,334934.0,356
HIS-004344,AST-TRA-0123,SEC-RKMP-BPL,TRACTION,OHEInspection,2026-07-20T00:00:00,1.8,170589.0,124
HIS-004345,AST-ENG-0191,SEC-RKMP-BPL,ENGINEERING,RailGrinding,2024-01-16T00:00:00,6.9,171703.0,497
HIS-004346,AST-TRA-0033,SEC-RKMP-BPL,TRACTION,DropperReplacement,2024-08-19T00:00:00,6.6,296986.0,234
HIS-004347,AST-S_A-0405,SEC-RKMP-BPL,S_AND_T,TurnoutAdjustment,2022-10-07T00:00:00,3.4,333550.0,315
HIS-004348,AST-S_A-0468,SEC-RKMP-BPL,S_AND_T,SignalCableRenewal,2022-09-19T00:00:00,2.8,597178.0,458
HIS-004349,AST-S_A-0342,SEC-RKMP-BPL,S_AND_T,AxleCounterCalibration,2023-08-12T00:00:00,4.4,472559.0,379
HIS-004350,AST-S_A-0390,SEC-RKMP-BPL,S_AND_T,SignalCableRenewal,2024-10-27T00:00:00,2.4,397154.0,399
HIS-004351,AST-ENG-0290,SEC-RKMP-BPL,ENGINEERING,RailGrinding,2025-11-24T00:00:00,7.4,624920.0,420
HIS-004352,AST-ENG-0092,SEC-RKMP-BPL,ENGINEERING,SleeperRenewal,2022-04-04T00:00:00,2.1,28506.0,578
HIS-004353,AST-S_A-0067,SEC-RKMP-BPL,S_AND_T,SignalCableRenewal,2023-12-23T00:00:00,2.3,188037.0,114
HIS-004354,AST-S_A-0364,SEC-RKMP-BPL,S_AND_T,SignalCableRenewal,2025-11-21T00:00:00,1.4,499091.0,218
HIS-004355,AST-ENG-0151,SEC-RKMP-BPL,ENGINEERING,TrackTamping,2026-02-18T00:00:00,3.9,209096.0,219
HIS-004356,AST-TRA-0420,SEC-RKMP-BPL,TRACTION,ContactWireReplacement,2022-04-22T00:00:00,6.8,182282.0,381
HIS-004357,AST-S_A-0004,SEC-RKMP-BPL,S_AND_T,AxleCounterCalibration,2025-07-06T00:00:00,7.6,47421.0,253
HIS-004358,AST-TRA-0078,SEC-RKMP-BPL,TRACTION,OHEInspection,2021-12-10T00:00:00,7.7,136298.0,498
HIS-004359,AST-S_A-0390,SEC-RKMP-BPL,S_AND_T,PointMachineOverhaul,2025-04-22T00:00:00,7.9,414222.0,332
HIS-004360,AST-S_A-0058,SEC-RKMP-BPL,S_AND_T,AxleCounterCalibration,2026-01-15T00:00:00,2.2,462143.0,483
HIS-004361,AST-TRA-0402,SEC-RKMP-BPL,TRACTION,OHEInspection,2026-08-18T00:00:00,5.0,521438.0,253
HIS-004362,AST-S_A-0292,SEC-RKMP-BPL,S_AND_T,TurnoutAdjustment,2021-10-03T00:00:00,7.5,540259.0,341
HIS-004363,AST-S_A-0387,SEC-RKMP-BPL,S_AND_T,PointMachineOverhaul,2023-04-28T00:00:00,2.0,489713.0,468
HIS-004364,AST-TRA-0500,SEC-RKMP-BPL,TRACTION,InsulatorReplacement,2022-02-20T00:00:00,6.4,618142.0,382
HIS-004365,AST-ENG-0271,SEC-RKMP-BPL,ENGINEERING,BallastCleaning,2025-07-31T00:00:00,4.6,67796.0,257
HIS-004366,AST-TRA-0042,SEC-RKMP-BPL,TRACTION,ContactWireReplacement,2026-07-11T00:00:00,6.1,256200.0,401
HIS-004367,AST-S_A-0351,SEC-RKMP-BPL,S_AND_T,PointMachineOverhaul,2025-06-16T00:00:00,6.1,174609.0,431
HIS-004368,AST-S_A-0156,SEC-RKMP-BPL,S_AND_T,TurnoutAdjustment,2023-05-06T00:00:00,2.1,286595.0,388
HIS-004369,AST-S_A-0279,SEC-RKMP-BPL,S_AND_T,PointMachineOverhaul,2025-05-22T00:00:00,1.2,612150.0,499
HIS-004370,AST-ENG-0151,SEC-RKMP-BPL,ENGINEERING,BallastCleaning,2024-11-02T00:00:00,2.3,543586.0,197
HIS-004371,AST-ENG-0052,SEC-RKMP-BPL,ENGINEERING,JointWelding,2026-07-17T00:00:00,1.5,68988.0,263
HIS-004372,AST-S_A-0179,SEC-RKMP-BPL,S_AND_T,PointMachineOverhaul,2026-06-23T00:00:00,7.4,596236.0,188
HIS-004373,AST-ENG-0191,SEC-RKMP-BPL,ENGINEERING,TrackTamping,2026-02-16T00:00:00,4.5,548457.0,221
HIS-004374,AST-ENG-0295,SEC-RKMP-BPL,ENGINEERING,JointWelding,2026-06-12T00:00:00,7.9,328922.0,301
HIS-004375,AST-ENG-0403,SEC-RKMP-BPL,ENGINEERING,BallastCleaning,2022-01-06T00:00:00,7.9,249571.0,289
HIS-004376,AST-ENG-0223,SEC-RKMP-BPL,ENGINEERING,RailGrinding,2022-08-10T00:00:00,3.5,228698.0,188
HIS-004377,AST-ENG-0370,SEC-RKMP-BPL,ENGINEERING,SleeperRenewal,2021-11-18T00:00:00,2.2,421673.0,67
HIS-004378,AST-ENG-0011,SEC-RKMP-BPL,ENGINEERING,BallastCleaning,2025-10-15T00:00:00,6.3,374153.0,113
HIS-004379,AST-TRA-0122,SEC-RKMP-BPL,TRACTION,OHEInspection,2025-11-23T00:00:00,2.9,431165.0,463
HIS-004380,AST-ENG-0025,SEC-RKMP-BPL,ENGINEERING,BallastCleaning,2022-10-29T00:00:00,4.2,87016.0,409
HIS-004381,AST-TRA-0491,SEC-RKMP-BPL,TRACTION,ContactWireReplacement,2026-06-14T00:00:00,7.3,551491.0,350
HIS-004382,AST-S_A-0062,SEC-RKMP-BPL,S_AND_T,TurnoutAdjustment,2025-09-01T00:00:00,6.9,175334.0,338
HIS-004383,AST-S_A-0498,SEC-RKMP-BPL,S_AND_T,TurnoutAdjustment,2024-07-31T00:00:00,7.7,195839.0,335
HIS-004384,AST-S_A-0057,SEC-RKMP-BPL,S_AND_T,SignalCableRenewal,2026-01-21T00:00:00,3.2,479136.0,89
HIS-004385,AST-S_A-0085,SEC-RKMP-BPL,S_AND_T,PointMachineOverhaul,2022-07-11T00:00:00,7.3,514553.0,187
HIS-004386,AST-ENG-0064,SEC-RKMP-BPL,ENGINEERING,RailGrinding,2023-02-15T00:00:00,5.0,545764.0,174
HIS-004387,AST-S_A-0363,SEC-RKMP-BPL,S_AND_T,PointMachineOverhaul,2026-06-28T00:00:00,4.5,461885.0,475
HIS-004388,AST-ENG-0484,SEC-RKMP-BPL,ENGINEERING,JointWelding,2023-05-15T00:00:00,5.4,192583.0,55
HIS-004389,AST-ENG-0110,SEC-RKMP-BPL,ENGINEERING,SleeperRenewal,2025-07-30T00:00:00,2.3,634830.0,391
HIS-004390,AST-TRA-0095,SEC-RKMP-BPL,TRACTION,DropperReplacement,2022-07-23T00:00:00,7.3,511224.0,211
HIS-004391,AST-S_A-0300,SEC-RKMP-BPL,S_AND_T,TurnoutAdjustment,2025-09-24T00:00:00,8.0,55289.0,399
HIS-004392,AST-TRA-0024,SEC-RKMP-BPL,TRACTION,DropperReplacement,2025-05-07T00:00:00,7.6,162280.0,377
HIS-004393,AST-ENG-0043,SEC-RKMP-BPL,ENGINEERING,BallastCleaning,2021-11-25T00:00:00,7.8,129587.0,474
HIS-004394,AST-S_A-0472,SEC-RKMP-BPL,S_AND_T,TurnoutAdjustment,2026-02-20T00:00:00,7.7,488259.0,18
HIS-004395,AST-S_A-0319,SEC-RKMP-BPL,S_AND_T,PointMachineOverhaul,2022-08-22T00:00:00,1.8,29340.0,354
HIS-004396,AST-ENG-0181,SEC-RKMP-BPL,ENGINEERING,BallastCleaning,2024-04-21T00:00:00,3.2,647079.0,238
HIS-004397,AST-S_A-0161,SEC-RKMP-BPL,S_AND_T,AxleCounterCalibration,2023-07-10T00:00:00,5.7,437839.0,280
HIS-004398,AST-ENG-0061,SEC-RKMP-BPL,ENGINEERING,JointWelding,2025-11-11T00:00:00,7.3,421701.0,356
HIS-004399,AST-S_A-0147,SEC-RKMP-BPL,S_AND_T,SignalCableRenewal,2025-08-20T00:00:00,5.8,618216.0,284
HIS-004400,AST-ENG-0245,SEC-RKMP-BPL,ENGINEERING,RailGrinding,2025-05-21T00:00:00,1.1,555294.0,263
HIS-004401,AST-TRA-0123,SEC-RKMP-BPL,TRACTION,ContactWireReplacement,2025-05-12T00:00:00,7.8,187502.0,120
HIS-004402,AST-S_A-0216,SEC-RKMP-BPL,S_AND_T,TurnoutAdjustment,2026-07-09T00:00:00,4.7,149959.0,119
HIS-004403,AST-ENG-0046,SEC-RKMP-BPL,ENGINEERING,JointWelding,2023-01-06T00:00:00,7.6,294340.0,192
HIS-004404,AST-S_A-0422,SEC-RKMP-BPL,S_AND_T,TurnoutAdjustment,2023-06-03T00:00:00,7.9,99336.0,134
HIS-004405,AST-ENG-0299,SEC-RKMP-BPL,ENGINEERING,SleeperRenewal,2023-07-12T00:00:00,2.9,632058.0,395
HIS-004406,AST-S_A-0414,SEC-RKMP-BPL,S_AND_T,AxleCounterCalibration,2024-12-05T00:00:00,1.0,269173.0,253
HIS-004407,AST-ENG-0073,SEC-RKMP-BPL,ENGINEERING,TrackTamping,2025-06-08T00:00:00,7.5,609219.0,348
HIS-004408,AST-TRA-0392,SEC-RKMP-BPL,TRACTION,InsulatorReplacement,2023-01-07T00:00:00,5.6,268590.0,139
HIS-004409,AST-ENG-0487,SEC-RKMP-BPL,ENGINEERING,TrackTamping,2022-02-22T00:00:00,3.3,301428.0,512
HIS-004410,AST-S_A-0165,SEC-RKMP-BPL,S_AND_T,TurnoutAdjustment,2024-06-18T00:00:00,7.2,336118.0,228
HIS-004411,AST-S_A-0093,SEC-RKMP-BPL,S_AND_T,SignalCableRenewal,2023-06-08T00:00:00,3.1,80166.0,414
HIS-004412,AST-TRA-0042,SEC-RKMP-BPL,TRACTION,OHEInspection,2022-10-15T00:00:00,7.7,516111.0,392
HIS-004413,AST-ENG-0469,SEC-RKMP-BPL,ENGINEERING,JointWelding,2022-11-27T00:00:00,5.6,243975.0,182
HIS-004414,AST-S_A-0310,SEC-RKMP-BPL,S_AND_T,SignalCableRenewal,2021-11-15T00:00:00,2.4,69830.0,257
HIS-004415,AST-ENG-0335,SEC-RKMP-BPL,ENGINEERING,TrackTamping,2025-09-23T00:00:00,6.4,171388.0,366
HIS-004416,AST-S_A-0057,SEC-RKMP-BPL,S_AND_T,PointMachineOverhaul,2025-01-29T00:00:00,6.1,265483.0,159
HIS-004417,AST-ENG-0052,SEC-RKMP-BPL,ENGINEERING,TrackTamping,2025-02-12T00:00:00,4.5,291504.0,390
HIS-004418,AST-TRA-0249,SEC-RKMP-BPL,TRACTION,InsulatorReplacement,2022-10-21T00:00:00,1.5,367699.0,383
HIS-004419,AST-TRA-0095,SEC-RKMP-BPL,TRACTION,ContactWireReplacement,2024-07-31T00:00:00,4.1,547696.0,411
HIS-004420,AST-ENG-0289,SEC-RKMP-BPL,ENGINEERING,RailGrinding,2022-04-26T00:00:00,5.9,68459.0,396
HIS-004421,AST-ENG-0025,SEC-RKMP-BPL,ENGINEERING,JointWelding,2024-06-29T00:00:00,1.1,598273.0,301
HIS-004422,AST-ENG-0124,SEC-RKMP-BPL,ENGINEERING,SleeperRenewal,2024-08-25T00:00:00,1.1,98762.0,301
HIS-004423,AST-ENG-0196,SEC-RKMP-BPL,ENGINEERING,SleeperRenewal,2022-05-17T00:00:00,4.2,158717.0,66
HIS-004424,AST-S_A-0003,SEC-RKMP-BPL,S_AND_T,PointMachineOverhaul,2026-03-11T00:00:00,3.0,535476.0,282
HIS-004425,AST-ENG-0205,SEC-RKMP-BPL,ENGINEERING,JointWelding,2022-03-02T00:00:00,6.4,226063.0,448
HIS-004426,AST-S_A-0225,SEC-RKMP-BPL,S_AND_T,PointMachineOverhaul,2024-03-12T00:00:00,7.6,405097.0,360
HIS-004427,AST-S_A-0057,SEC-RKMP-BPL,S_AND_T,TurnoutAdjustment,2024-07-04T00:00:00,5.8,295116.0,282
HIS-004428,AST-TRA-0204,SEC-RKMP-BPL,TRACTION,ContactWireReplacement,2023-11-01T00:00:00,5.2,459639.0,268
HIS-004429,AST-S_A-0445,SEC-RKMP-BPL,S_AND_T,AxleCounterCalibration,2024-06-20T00:00:00,5.9,142903.0,245
HIS-004430,AST-S_A-0314,SEC-RKMP-BPL,S_AND_T,PointMachineOverhaul,2025-09-01T00:00:00,1.8,187502.0,265
HIS-004431,AST-S_A-0261,SEC-RKMP-BPL,S_AND_T,PointMachineOverhaul,2022-08-03T00:00:00,5.3,473261.0,253
HIS-004432,AST-ENG-0286,SEC-RKMP-BPL,ENGINEERING,BallastCleaning,2023-08-22T00:00:00,4.4,304207.0,380
HIS-004433,AST-TRA-0239,SEC-RKMP-BPL,TRACTION,ContactWireReplacement,2025-06-24T00:00:00,1.9,548373.0,387
HIS-004434,AST-ENG-0466,SEC-RKMP-BPL,ENGINEERING,JointWelding,2023-10-05T00:00:00,5.7,564105.0,197
HIS-004435,AST-ENG-0379,SEC-RKMP-BPL,ENGINEERING,TrackTamping,2025-08-10T00:00:00,1.7,543311.0,200
HIS-004436,AST-ENG-0307,SEC-RKMP-BPL,ENGINEERING,RailGrinding,2023-11-24T00:00:00,5.3,85289.0,336
HIS-004437,AST-TRA-0465,SEC-RKMP-BPL,TRACTION,ContactWireReplacement,2026-02-23T00:00:00,7.9,494358.0,10
HIS-004438,AST-S_A-0278,SEC-RKMP-BPL,S_AND_T,PointMachineOverhaul,2023-12-12T00:00:00,7.4,86284.0,415
HIS-004439,AST-S_A-0238,SEC-RKMP-BPL,S_AND_T,AxleCounterCalibration,2025-05-28T00:00:00,4.0,97057.0,10
HIS-004440,AST-S_A-0323,SEC-RKMP-BPL,S_AND_T,AxleCounterCalibration,2024-02-09T00:00:00,2.5,360598.0,294
HIS-004441,AST-ENG-0016,SEC-RKMP-BPL,ENGINEERING,SleeperRenewal,2023-09-04T00:00:00,3.2,79635.0,251
HIS-004442,AST-TRA-0276,SEC-RKMP-BPL,TRACTION,InsulatorReplacement,2024-09-09T00:00:00,7.5,329805.0,497
HIS-004443,AST-S_A-0292,SEC-RKMP-BPL,S_AND_T,AxleCounterCalibration,2024-03-08T00:00:00,4.4,489952.0,413
HIS-004444,AST-TRA-0429,SEC-RKMP-BPL,TRACTION,OHEInspection,2026-02-19T00:00:00,1.8,44140.0,38
HIS-004445,AST-ENG-0461,SEC-RKMP-BPL,ENGINEERING,BallastCleaning,2022-11-21T00:00:00,1.8,611396.0,371
HIS-004446,AST-S_A-0252,SEC-RKMP-BPL,S_AND_T,SignalCableRenewal,2023-03-02T00:00:00,5.9,275501.0,341
HIS-004447,AST-TRA-0500,SEC-RKMP-BPL,TRACTION,DropperReplacement,2023-07-29T00:00:00,6.4,176705.0,490
HIS-004448,AST-ENG-0478,SEC-RKMP-BPL,ENGINEERING,BallastCleaning,2025-05-10T00:00:00,6.0,244737.0,416
HIS-004449,AST-TRA-0060,SEC-RKMP-BPL,TRACTION,InsulatorReplacement,2024-08-13T00:00:00,3.5,334623.0,409
HIS-004450,AST-TRA-0077,SEC-RKMP-BPL,TRACTION,OHEInspection,2022-06-07T00:00:00,1.9,303043.0,450
HIS-004451,AST-ENG-0209,SEC-RKMP-BPL,ENGINEERING,BallastCleaning,2021-09-28T00:00:00,1.4,567173.0,324
HIS-004452,AST-TRA-0258,SEC-RKMP-BPL,TRACTION,DropperReplacement,2025-08-26T00:00:00,3.4,624454.0,329
HIS-004453,AST-TRA-0401,SEC-RKMP-BPL,TRACTION,OHEInspection,2024-08-02T00:00:00,3.2,289753.0,281
HIS-004454,AST-S_A-0242,SEC-RKMP-BPL,S_AND_T,TurnoutAdjustment,2024-05-12T00:00:00,5.4,505150.0,337
HIS-004455,AST-TRA-0348,SEC-RKMP-BPL,TRACTION,DropperReplacement,2023-01-05T00:00:00,4.6,377350.0,182
HIS-004456,AST-TRA-0060,SEC-RKMP-BPL,TRACTION,OHEInspection,2022-02-22T00:00:00,3.4,471353.0,399
HIS-004457,AST-ENG-0308,SEC-RKMP-BPL,ENGINEERING,BallastCleaning,2023-05-27T00:00:00,1.6,46027.0,530
HIS-004458,AST-ENG-0394,SEC-RKMP-BPL,ENGINEERING,SleeperRenewal,2022-02-23T00:00:00,3.1,395922.0,412
HIS-004459,AST-TRA-0392,SEC-RKMP-BPL,TRACTION,OHEInspection,2022-09-08T00:00:00,3.0,400272.0,198
HIS-004460,AST-S_A-0017,SEC-RKMP-BPL,S_AND_T,SignalCableRenewal,2023-10-29T00:00:00,4.2,71546.0,454
HIS-004461,AST-S_A-0435,SEC-RKMP-BPL,S_AND_T,PointMachineOverhaul,2024-08-16T00:00:00,5.9,413836.0,370
HIS-004462,AST-S_A-0440,SEC-RKMP-BPL,S_AND_T,AxleCounterCalibration,2025-04-25T00:00:00,7.8,572917.0,144
HIS-004463,AST-TRA-0482,SEC-RKMP-BPL,TRACTION,DropperReplacement,2023-01-02T00:00:00,4.4,628341.0,107
HIS-004464,AST-ENG-0038,SEC-RKMP-BPL,ENGINEERING,JointWelding,2022-09-29T00:00:00,3.3,615791.0,313
HIS-004465,AST-ENG-0434,SEC-RKMP-BPL,ENGINEERING,TrackTamping,2026-05-12T00:00:00,4.5,249784.0,282
HIS-004466,AST-S_A-0463,SEC-RKMP-BPL,S_AND_T,AxleCounterCalibration,2025-04-30T00:00:00,6.8,407217.0,411
HIS-004467,AST-ENG-0325,SEC-RKMP-BPL,ENGINEERING,BallastCleaning,2023-08-19T00:00:00,4.1,83778.0,121
HIS-004468,AST-TRA-0033,SEC-RKMP-BPL,TRACTION,OHEInspection,2022-04-07T00:00:00,5.8,80661.0,151
HIS-004469,AST-S_A-0009,SEC-RKMP-BPL,S_AND_T,AxleCounterCalibration,2022-09-05T00:00:00,5.1,171358.0,10
HIS-004470,AST-S_A-0468,SEC-RKMP-BPL,S_AND_T,TurnoutAdjustment,2023-01-20T00:00:00,3.1,478033.0,506
HIS-004471,AST-ENG-0434,SEC-RKMP-BPL,ENGINEERING,SleeperRenewal,2022-12-18T00:00:00,6.1,630911.0,236
HIS-004472,AST-TRA-0347,SEC-RKMP-BPL,TRACTION,OHEInspection,2022-04-20T00:00:00,1.5,35825.0,319
HIS-004473,AST-S_A-0342,SEC-RKMP-BPL,S_AND_T,AxleCounterCalibration,2022-10-29T00:00:00,4.8,394272.0,231
HIS-004474,AST-ENG-0253,SEC-RKMP-BPL,ENGINEERING,BallastCleaning,2022-03-29T00:00:00,1.6,509139.0,218
HIS-004475,AST-S_A-0207,SEC-RKMP-BPL,S_AND_T,AxleCounterCalibration,2022-08-06T00:00:00,5.8,272588.0,443
HIS-004476,AST-ENG-0047,SEC-RKMP-BPL,ENGINEERING,BallastCleaning,2025-09-01T00:00:00,5.2,279060.0,10
HIS-004477,AST-S_A-0408,SEC-RKMP-BPL,S_AND_T,AxleCounterCalibration,2023-09-30T00:00:00,6.1,205255.0,65
HIS-004478,AST-S_A-0422,SEC-RKMP-BPL,S_AND_T,AxleCounterCalibration,2026-07-17T00:00:00,1.8,78200.0,273
HIS-004479,AST-S_A-0224,SEC-RKMP-BPL,S_AND_T,AxleCounterCalibration,2025-01-25T00:00:00,1.2,276390.0,262
HIS-004480,AST-S_A-0417,SEC-RKMP-BPL,S_AND_T,AxleCounterCalibration,2025-10-30T00:00:00,3.5,470722.0,211
HIS-004481,AST-S_A-0264,SEC-RKMP-BPL,S_AND_T,SignalCableRenewal,2023-10-26T00:00:00,5.6,69273.0,333
HIS-004482,AST-S_A-0044,SEC-RKMP-BPL,S_AND_T,SignalCableRenewal,2023-07-25T00:00:00,3.7,193265.0,462
HIS-004483,AST-S_A-0018,SEC-RKMP-BPL,S_AND_T,SignalCableRenewal,2021-09-20T00:00:00,5.5,402020.0,412
HIS-004484,AST-S_A-0449,SEC-RKMP-BPL,S_AND_T,AxleCounterCalibration,2024-05-24T00:00:00,6.6,388275.0,399
HIS-004485,AST-TRA-0042,SEC-RKMP-BPL,TRACTION,OHEInspection,2025-12-09T00:00:00,2.9,445833.0,525
HIS-004486,AST-S_A-0201,SEC-RKMP-BPL,S_AND_T,TurnoutAdjustment,2023-08-31T00:00:00,3.4,505185.0,296
HIS-004487,AST-S_A-0117,SEC-RKMP-BPL,S_AND_T,TurnoutAdjustment,2023-06-02T00:00:00,3.6,127222.0,373
HIS-004488,AST-S_A-0341,SEC-RKMP-BPL,S_AND_T,TurnoutAdjustment,2024-06-17T00:00:00,3.7,234969.0,494
HIS-004489,AST-ENG-0443,SEC-RKMP-BPL,ENGINEERING,JointWelding,2024-07-16T00:00:00,2.2,28150.0,378
HIS-004490,AST-TRA-0428,SEC-RKMP-BPL,TRACTION,OHEInspection,2023-08-29T00:00:00,7.1,178964.0,124
HIS-004491,AST-TRA-0194,SEC-RKMP-BPL,TRACTION,DropperReplacement,2024-07-13T00:00:00,3.7,297831.0,378
HIS-004492,AST-ENG-0092,SEC-RKMP-BPL,ENGINEERING,BallastCleaning,2022-02-22T00:00:00,1.3,593388.0,469
HIS-004493,AST-S_A-0202,SEC-RKMP-BPL,S_AND_T,AxleCounterCalibration,2022-12-06T00:00:00,7.3,34038.0,308
HIS-004494,AST-S_A-0355,SEC-RKMP-BPL,S_AND_T,SignalCableRenewal,2024-07-16T00:00:00,7.7,194156.0,333
HIS-004495,AST-S_A-0306,SEC-RKMP-BPL,S_AND_T,SignalCableRenewal,2022-07-21T00:00:00,4.1,99592.0,238
HIS-004496,AST-ENG-0389,SEC-RKMP-BPL,ENGINEERING,JointWelding,2023-01-15T00:00:00,3.2,247950.0,339
HIS-004497,AST-S_A-0450,SEC-RKMP-BPL,S_AND_T,AxleCounterCalibration,2023-01-02T00:00:00,2.7,342588.0,374
HIS-004498,AST-ENG-0127,SEC-RKMP-BPL,ENGINEERING,JointWelding,2023-03-26T00:00:00,3.9,486767.0,304
HIS-004499,AST-S_A-0265,SEC-RKMP-BPL,S_AND_T,AxleCounterCalibration,2025-11-17T00:00:00,4.7,228023.0,175
HIS-004500,AST-S_A-0309,SEC-RKMP-BPL,S_AND_T,PointMachineOverhaul,2023-10-18T00:00:00,5.4,435532.0,492
HIS-004501,AST-ENG-0191,SEC-RKMP-BPL,ENGINEERING,RailGrinding,2022-08-15T00:00:00,7.8,350221.0,315
HIS-004502,AST-ENG-0470,SEC-RKMP-BPL,ENGINEERING,BallastCleaning,2023-02-14T00:00:00,3.8,466217.0,302
HIS-004503,AST-ENG-0208,SEC-RKMP-BPL,ENGINEERING,SleeperRenewal,2026-08-26T00:00:00,3.6,375410.0,25
HIS-004504,AST-S_A-0458,SEC-RKMP-BPL,S_AND_T,AxleCounterCalibration,2022-03-03T00:00:00,4.7,35799.0,121
HIS-004505,AST-S_A-0175,SEC-RKMP-BPL,S_AND_T,PointMachineOverhaul,2022-08-24T00:00:00,1.8,588175.0,453
HIS-004506,AST-TRA-0303,SEC-RKMP-BPL,TRACTION,OHEInspection,2024-12-07T00:00:00,2.9,397159.0,211
HIS-004507,AST-S_A-0378,SEC-RKMP-BPL,S_AND_T,TurnoutAdjustment,2022-09-21T00:00:00,3.5,355206.0,137
HIS-004508,AST-S_A-0134,SEC-RKMP-BPL,S_AND_T,SignalCableRenewal,2021-11-05T00:00:00,3.4,254887.0,51
HIS-004509,AST-ENG-0209,SEC-RKMP-BPL,ENGINEERING,RailGrinding,2024-05-25T00:00:00,6.8,444612.0,163
HIS-004510,AST-S_A-0477,SEC-RKMP-BPL,S_AND_T,TurnoutAdjustment,2026-04-14T00:00:00,3.4,80146.0,143
HIS-004511,AST-ENG-0055,SEC-RKMP-BPL,ENGINEERING,BallastCleaning,2023-05-17T00:00:00,5.2,121427.0,225
HIS-004512,AST-TRA-0492,SEC-RKMP-BPL,TRACTION,InsulatorReplacement,2024-01-30T00:00:00,5.2,90911.0,172
HIS-004513,AST-TRA-0465,SEC-RKMP-BPL,TRACTION,OHEInspection,2025-10-19T00:00:00,3.6,267018.0,10
HIS-004514,AST-S_A-0120,SEC-RKMP-BPL,S_AND_T,AxleCounterCalibration,2024-10-28T00:00:00,6.7,327275.0,343
HIS-004515,AST-ENG-0325,SEC-RKMP-BPL,ENGINEERING,TrackTamping,2025-05-21T00:00:00,4.1,329071.0,217
HIS-004516,AST-S_A-0422,SEC-RKMP-BPL,S_AND_T,TurnoutAdjustment,2022-01-19T00:00:00,4.5,556207.0,379
HIS-004517,AST-TRA-0186,SEC-RKMP-BPL,TRACTION,InsulatorReplacement,2023-02-27T00:00:00,1.8,102100.0,141
HIS-004518,AST-ENG-0043,SEC-RKMP-BPL,ENGINEERING,RailGrinding,2025-02-07T00:00:00,4.2,602776.0,384
HIS-004519,AST-ENG-0295,SEC-RKMP-BPL,ENGINEERING,JointWelding,2025-03-01T00:00:00,5.9,469478.0,422
HIS-004520,AST-S_A-0224,SEC-RKMP-BPL,S_AND_T,SignalCableRenewal,2021-09-11T00:00:00,4.2,300377.0,349
HIS-004521,AST-ENG-0178,SEC-RKMP-BPL,ENGINEERING,RailGrinding,2022-04-07T00:00:00,2.4,163540.0,318
HIS-004522,AST-TRA-0140,SEC-RKMP-BPL,TRACTION,OHEInspection,2024-10-09T00:00:00,4.7,32231.0,243
HIS-004523,AST-TRA-0113,SEC-RKMP-BPL,TRACTION,InsulatorReplacement,2026-01-24T00:00:00,7.9,279811.0,382
HIS-004524,AST-S_A-0381,SEC-RKMP-BPL,S_AND_T,TurnoutAdjustment,2024-02-03T00:00:00,3.4,465832.0,273
HIS-004525,AST-TRA-0159,SEC-RKMP-BPL,TRACTION,OHEInspection,2024-05-03T00:00:00,2.0,28603.0,449
HIS-004526,AST-TRA-0231,SEC-RKMP-BPL,TRACTION,InsulatorReplacement,2022-04-21T00:00:00,5.4,492581.0,152
HIS-004527,AST-TRA-0257,SEC-RKMP-BPL,TRACTION,DropperReplacement,2022-07-19T00:00:00,7.2,466584.0,194
HIS-004528,AST-ENG-0055,SEC-RKMP-BPL,ENGINEERING,BallastCleaning,2025-06-23T00:00:00,8.0,524308.0,237
HIS-004529,AST-TRA-0411,SEC-RKMP-BPL,TRACTION,OHEInspection,2021-11-14T00:00:00,5.6,74966.0,271
HIS-004530,AST-ENG-0043,SEC-RKMP-BPL,ENGINEERING,JointWelding,2025-10-05T00:00:00,4.8,549507.0,289
HIS-004531,AST-TRA-0275,SEC-RKMP-BPL,TRACTION,InsulatorReplacement,2024-12-06T00:00:00,5.3,190188.0,459
HIS-004532,AST-S_A-0207,SEC-RKMP-BPL,S_AND_T,SignalCableRenewal,2025-05-02T00:00:00,1.4,422845.0,591
HIS-004533,AST-S_A-0081,SEC-RKMP-BPL,S_AND_T,PointMachineOverhaul,2026-04-11T00:00:00,5.2,38123.0,172
HIS-004534,AST-S_A-0207,SEC-RKMP-BPL,S_AND_T,PointMachineOverhaul,2023-10-07T00:00:00,1.3,337675.0,526
HIS-004535,AST-ENG-0430,SEC-RKMP-BPL,ENGINEERING,TrackTamping,2023-03-10T00:00:00,5.8,588427.0,262
HIS-004536,AST-S_A-0018,SEC-RKMP-BPL,S_AND_T,PointMachineOverhaul,2021-10-07T00:00:00,6.3,337786.0,217
HIS-004537,AST-ENG-0253,SEC-RKMP-BPL,ENGINEERING,TrackTamping,2022-12-16T00:00:00,7.7,452668.0,158
HIS-004538,AST-S_A-0426,SEC-RKMP-BPL,S_AND_T,PointMachineOverhaul,2022-03-11T00:00:00,4.7,72375.0,414
HIS-004539,AST-TRA-0267,SEC-RKMP-BPL,TRACTION,ContactWireReplacement,2023-02-27T00:00:00,6.2,386544.0,408
HIS-004540,AST-ENG-0496,SEC-RKMP-BPL,ENGINEERING,SleeperRenewal,2023-01-26T00:00:00,7.4,179471.0,360
HIS-004541,AST-ENG-0262,SEC-RKMP-BPL,ENGINEERING,TrackTamping,2023-01-27T00:00:00,2.8,276316.0,395
HIS-004542,AST-TRA-0095,SEC-RKMP-BPL,TRACTION,DropperReplacement,2021-12-14T00:00:00,3.0,49411.0,517
HIS-004543,AST-ENG-0088,SEC-RKMP-BPL,ENGINEERING,SleeperRenewal,2024-01-25T00:00:00,5.3,560197.0,551
HIS-004544,AST-ENG-0056,SEC-RKMP-BPL,ENGINEERING,JointWelding,2025-07-05T00:00:00,3.8,85499.0,258
HIS-004545,AST-S_A-0103,SEC-RKMP-BPL,S_AND_T,TurnoutAdjustment,2023-10-12T00:00:00,3.2,363977.0,450
HIS-004546,AST-TRA-0357,SEC-RKMP-BPL,TRACTION,OHEInspection,2023-07-09T00:00:00,4.2,182931.0,164
HIS-004547,AST-S_A-0318,SEC-RKMP-BPL,S_AND_T,SignalCableRenewal,2021-11-10T00:00:00,4.9,267618.0,149
HIS-004548,AST-ENG-0073,SEC-RKMP-BPL,ENGINEERING,TrackTamping,2026-07-22T00:00:00,4.0,475237.0,584
HIS-004549,AST-S_A-0381,SEC-RKMP-BPL,S_AND_T,SignalCableRenewal,2024-03-09T00:00:00,2.5,107410.0,343
HIS-004550,AST-S_A-0396,SEC-RKMP-BPL,S_AND_T,SignalCableRenewal,2022-12-23T00:00:00,1.0,188983.0,319
HIS-004551,AST-TRA-0303,SEC-RKMP-BPL,TRACTION,InsulatorReplacement,2023-01-10T00:00:00,2.8,117806.0,273
HIS-004552,AST-TRA-0482,SEC-RKMP-BPL,TRACTION,InsulatorReplacement,2026-05-05T00:00:00,7.1,525722.0,95
HIS-004553,AST-S_A-0008,SEC-RKMP-BPL,S_AND_T,SignalCableRenewal,2024-03-08T00:00:00,1.2,572777.0,246
HIS-004554,AST-TRA-0321,SEC-RKMP-BPL,TRACTION,OHEInspection,2021-09-22T00:00:00,4.5,511419.0,10
HIS-004555,AST-S_A-0431,SEC-RKMP-BPL,S_AND_T,SignalCableRenewal,2026-01-02T00:00:00,1.4,254072.0,344
HIS-004556,AST-S_A-0265,SEC-RKMP-BPL,S_AND_T,SignalCableRenewal,2026-07-13T00:00:00,3.8,503753.0,159
HIS-004557,AST-ENG-0397,SEC-RKMP-BPL,ENGINEERING,TrackTamping,2025-10-08T00:00:00,8.0,172133.0,229
HIS-004558,AST-S_A-0116,SEC-RKMP-BPL,S_AND_T,TurnoutAdjustment,2023-05-12T00:00:00,4.3,561457.0,113
HIS-004559,AST-ENG-0047,SEC-RKMP-BPL,ENGINEERING,JointWelding,2022-12-13T00:00:00,2.1,417075.0,47
HIS-004560,AST-ENG-0061,SEC-RKMP-BPL,ENGINEERING,JointWelding,2024-08-11T00:00:00,4.0,375965.0,276
HIS-004561,AST-ENG-0439,SEC-RKMP-BPL,ENGINEERING,BallastCleaning,2025-08-08T00:00:00,4.6,482304.0,252
HIS-004562,AST-S_A-0008,SEC-RKMP-BPL,S_AND_T,PointMachineOverhaul,2022-10-22T00:00:00,7.1,45765.0,237
HIS-004563,AST-ENG-0353,SEC-RKMP-BPL,ENGINEERING,RailGrinding,2025-11-20T00:00:00,6.4,497040.0,444
HIS-004564,AST-S_A-0247,SEC-RKMP-BPL,S_AND_T,AxleCounterCalibration,2023-12-19T00:00:00,3.8,185079.0,265
HIS-004565,AST-ENG-0038,SEC-RKMP-BPL,ENGINEERING,JointWelding,2025-12-14T00:00:00,5.4,95969.0,353
HIS-004566,AST-ENG-0109,SEC-RKMP-BPL,ENGINEERING,RailGrinding,2023-11-29T00:00:00,1.9,358138.0,105
HIS-004567,AST-TRA-0024,SEC-RKMP-BPL,TRACTION,InsulatorReplacement,2024-04-08T00:00:00,3.9,473151.0,330
HIS-004568,AST-ENG-0461,SEC-RKMP-BPL,ENGINEERING,SleeperRenewal,2022-03-14T00:00:00,7.5,585507.0,382
HIS-004569,AST-TRA-0492,SEC-RKMP-BPL,TRACTION,OHEInspection,2022-04-17T00:00:00,7.7,432266.0,304
HIS-004570,AST-ENG-0227,SEC-RKMP-BPL,ENGINEERING,TrackTamping,2022-09-30T00:00:00,1.7,241235.0,246
HIS-004571,AST-TRA-0069,SEC-RKMP-BPL,TRACTION,OHEInspection,2026-04-15T00:00:00,4.4,546548.0,455
HIS-004572,AST-S_A-0327,SEC-RKMP-BPL,S_AND_T,AxleCounterCalibration,2026-07-17T00:00:00,1.5,168039.0,406
HIS-004573,AST-S_A-0243,SEC-RKMP-BPL,S_AND_T,PointMachineOverhaul,2022-09-04T00:00:00,1.2,586666.0,144
HIS-004574,AST-ENG-0407,SEC-RKMP-BPL,ENGINEERING,TrackTamping,2023-02-20T00:00:00,7.1,528274.0,482
HIS-004575,AST-TRA-0410,SEC-RKMP-BPL,TRACTION,OHEInspection,2025-06-29T00:00:00,7.1,252135.0,228
HIS-004576,AST-S_A-0418,SEC-RKMP-BPL,S_AND_T,AxleCounterCalibration,2024-08-18T00:00:00,4.9,387949.0,260
HIS-004577,AST-S_A-0162,SEC-RKMP-BPL,S_AND_T,AxleCounterCalibration,2023-08-25T00:00:00,1.6,78175.0,216
HIS-004578,AST-S_A-0228,SEC-RKMP-BPL,S_AND_T,AxleCounterCalibration,2022-10-11T00:00:00,4.6,26482.0,178
HIS-004579,AST-ENG-0442,SEC-RKMP-BPL,ENGINEERING,BallastCleaning,2024-07-13T00:00:00,1.8,605809.0,371
HIS-004580,AST-ENG-0253,SEC-RKMP-BPL,ENGINEERING,JointWelding,2023-08-26T00:00:00,6.5,25363.0,152
HIS-004581,AST-S_A-0188,SEC-RKMP-BPL,S_AND_T,PointMachineOverhaul,2024-01-19T00:00:00,5.4,160163.0,401
HIS-004582,AST-S_A-0162,SEC-RKMP-BPL,S_AND_T,SignalCableRenewal,2025-01-14T00:00:00,6.5,248079.0,359
HIS-004583,AST-S_A-0120,SEC-RKMP-BPL,S_AND_T,AxleCounterCalibration,2022-09-25T00:00:00,7.3,581794.0,313
HIS-004584,AST-S_A-0125,SEC-RKMP-BPL,S_AND_T,TurnoutAdjustment,2026-03-17T00:00:00,4.9,439124.0,143
HIS-004585,AST-ENG-0172,SEC-RKMP-BPL,ENGINEERING,BallastCleaning,2024-05-06T00:00:00,1.5,125327.0,360
HIS-004586,AST-ENG-0028,SEC-RKMP-BPL,ENGINEERING,TrackTamping,2026-06-19T00:00:00,1.6,152221.0,253
HIS-004587,AST-ENG-0442,SEC-RKMP-BPL,ENGINEERING,BallastCleaning,2021-10-19T00:00:00,2.5,167743.0,340
HIS-004588,AST-ENG-0493,SEC-RKMP-BPL,ENGINEERING,RailGrinding,2022-05-14T00:00:00,2.0,144895.0,341
HIS-004589,AST-S_A-0066,SEC-RKMP-BPL,S_AND_T,SignalCableRenewal,2024-11-14T00:00:00,2.4,587512.0,10
HIS-004590,AST-ENG-0415,SEC-RKMP-BPL,ENGINEERING,SleeperRenewal,2024-09-29T00:00:00,4.5,354340.0,463
HIS-004591,AST-S_A-0067,SEC-RKMP-BPL,S_AND_T,PointMachineOverhaul,2021-09-14T00:00:00,4.1,81421.0,42
HIS-004592,AST-S_A-0162,SEC-RKMP-BPL,S_AND_T,SignalCableRenewal,2024-04-03T00:00:00,6.5,648514.0,236
HIS-004593,AST-TRA-0122,SEC-RKMP-BPL,TRACTION,ContactWireReplacement,2024-08-26T00:00:00,4.8,409042.0,308
HIS-004594,AST-TRA-0176,SEC-RKMP-BPL,TRACTION,OHEInspection,2024-08-03T00:00:00,3.6,541087.0,289
HIS-004595,AST-ENG-0398,SEC-RKMP-BPL,ENGINEERING,JointWelding,2022-10-25T00:00:00,2.5,70953.0,311
HIS-004596,AST-S_A-0306,SEC-RKMP-BPL,S_AND_T,SignalCableRenewal,2023-09-15T00:00:00,2.8,57592.0,253
HIS-004597,AST-S_A-0184,SEC-RKMP-BPL,S_AND_T,AxleCounterCalibration,2026-08-28T00:00:00,4.3,358130.0,102
HIS-004598,AST-S_A-0351,SEC-RKMP-BPL,S_AND_T,TurnoutAdjustment,2023-11-03T00:00:00,2.3,413179.0,342
HIS-004599,AST-TRA-0141,SEC-RKMP-BPL,TRACTION,ContactWireReplacement,2024-11-16T00:00:00,6.0,444086.0,253
HIS-004600,AST-ENG-0065,SEC-RKMP-BPL,ENGINEERING,JointWelding,2023-04-28T00:00:00,7.8,348787.0,212
HIS-004601,AST-TRA-0176,SEC-RKMP-BPL,TRACTION,DropperReplacement,2022-04-29T00:00:00,3.9,598069.0,256
HIS-004602,AST-S_A-0054,SEC-RKMP-BPL,S_AND_T,SignalCableRenewal,2024-10-17T00:00:00,6.6,139353.0,110
HIS-004603,AST-TRA-0482,SEC-RKMP-BPL,TRACTION,ContactWireReplacement,2022-11-28T00:00:00,4.4,222779.0,235
HIS-004604,AST-S_A-0269,SEC-RKMP-BPL,S_AND_T,SignalCableRenewal,2024-05-23T00:00:00,5.6,440659.0,461
HIS-004605,AST-TRA-0258,SEC-RKMP-BPL,TRACTION,InsulatorReplacement,2023-10-06T00:00:00,6.7,322362.0,340
HIS-004606,AST-ENG-0151,SEC-RKMP-BPL,ENGINEERING,TrackTamping,2023-09-05T00:00:00,4.8,484475.0,272
HIS-004607,AST-S_A-0454,SEC-RKMP-BPL,S_AND_T,AxleCounterCalibration,2021-11-12T00:00:00,7.1,373268.0,158
HIS-004608,AST-S_A-0274,SEC-RKMP-BPL,S_AND_T,TurnoutAdjustment,2025-02-01T00:00:00,1.1,233958.0,364
HIS-004609,AST-ENG-0343,SEC-RKMP-BPL,ENGINEERING,SleeperRenewal,2022-10-13T00:00:00,1.1,210939.0,364
HIS-004610,AST-S_A-0432,SEC-RKMP-BPL,S_AND_T,SignalCableRenewal,2026-08-22T00:00:00,1.1,225403.0,473
HIS-004611,AST-S_A-0081,SEC-RKMP-BPL,S_AND_T,TurnoutAdjustment,2026-05-03T00:00:00,2.6,139944.0,127
HIS-004612,AST-ENG-0272,SEC-RKMP-BPL,ENGINEERING,RailGrinding,2026-03-03T00:00:00,5.8,513635.0,456
HIS-004613,AST-S_A-0062,SEC-RKMP-BPL,S_AND_T,SignalCableRenewal,2023-04-07T00:00:00,5.5,307233.0,293
HIS-004614,AST-S_A-0084,SEC-RKMP-BPL,S_AND_T,PointMachineOverhaul,2024-11-09T00:00:00,1.1,307113.0,152
HIS-004615,AST-ENG-0196,SEC-RKMP-BPL,ENGINEERING,BallastCleaning,2025-07-21T00:00:00,1.6,415611.0,55
HIS-004616,AST-S_A-0274,SEC-RKMP-BPL,S_AND_T,SignalCableRenewal,2024-08-25T00:00:00,6.5,143986.0,457
HIS-004617,AST-S_A-0462,SEC-RKMP-BPL,S_AND_T,TurnoutAdjustment,2023-05-21T00:00:00,2.3,205468.0,394
HIS-004618,AST-ENG-0317,SEC-RKMP-BPL,ENGINEERING,TrackTamping,2021-11-12T00:00:00,1.9,170818.0,223
HIS-004619,AST-S_A-0404,SEC-RKMP-BPL,S_AND_T,TurnoutAdjustment,2024-07-26T00:00:00,2.1,645866.0,308
HIS-004620,AST-TRA-0096,SEC-RKMP-BPL,TRACTION,DropperReplacement,2022-04-28T00:00:00,7.9,361161.0,200
HIS-004621,AST-S_A-0345,SEC-RKMP-BPL,S_AND_T,SignalCableRenewal,2022-10-05T00:00:00,3.5,249000.0,261
HIS-004622,AST-S_A-0377,SEC-RKMP-BPL,S_AND_T,AxleCounterCalibration,2025-03-16T00:00:00,5.4,412403.0,449
HIS-004623,AST-TRA-0393,SEC-RKMP-BPL,TRACTION,InsulatorReplacement,2022-12-14T00:00:00,1.9,634786.0,23
HIS-004624,AST-ENG-0181,SEC-RKMP-BPL,ENGINEERING,SleeperRenewal,2023-04-10T00:00:00,2.0,367427.0,215
HIS-004625,AST-S_A-0337,SEC-RKMP-BPL,S_AND_T,PointMachineOverhaul,2021-10-02T00:00:00,4.6,134122.0,155
HIS-004626,AST-TRA-0267,SEC-RKMP-BPL,TRACTION,DropperReplacement,2024-08-01T00:00:00,7.8,347601.0,327
HIS-004627,AST-ENG-0164,SEC-RKMP-BPL,ENGINEERING,BallastCleaning,2025-03-02T00:00:00,7.3,345478.0,425
HIS-004628,AST-S_A-0193,SEC-RKMP-BPL,S_AND_T,PointMachineOverhaul,2025-12-03T00:00:00,1.0,243492.0,331
HIS-004629,AST-S_A-0013,SEC-RKMP-BPL,S_AND_T,SignalCableRenewal,2025-07-03T00:00:00,5.9,32256.0,518
HIS-004630,AST-TRA-0024,SEC-RKMP-BPL,TRACTION,ContactWireReplacement,2022-03-03T00:00:00,6.6,162543.0,279
HIS-004631,AST-ENG-0038,SEC-RKMP-BPL,ENGINEERING,JointWelding,2026-06-18T00:00:00,3.6,486534.0,419
HIS-004632,AST-ENG-0358,SEC-RKMP-BPL,ENGINEERING,RailGrinding,2022-04-13T00:00:00,8.0,251902.0,320
HIS-004633,AST-ENG-0028,SEC-RKMP-BPL,ENGINEERING,TrackTamping,2023-02-04T00:00:00,3.7,496534.0,351
HIS-004634,AST-S_A-0269,SEC-RKMP-BPL,S_AND_T,PointMachineOverhaul,2023-10-15T00:00:00,3.0,453580.0,376
HIS-004635,AST-S_A-0192,SEC-RKMP-BPL,S_AND_T,SignalCableRenewal,2022-07-08T00:00:00,4.3,222532.0,343
HIS-004636,AST-TRA-0284,SEC-RKMP-BPL,TRACTION,InsulatorReplacement,2022-10-28T00:00:00,1.5,125064.0,314
HIS-004637,AST-TRA-0212,SEC-RKMP-BPL,TRACTION,OHEInspection,2023-07-14T00:00:00,6.3,365210.0,140
HIS-004638,AST-ENG-0043,SEC-RKMP-BPL,ENGINEERING,BallastCleaning,2023-08-04T00:00:00,1.8,529940.0,489
HIS-004639,AST-TRA-0384,SEC-RKMP-BPL,TRACTION,InsulatorReplacement,2023-07-12T00:00:00,7.6,479313.0,300
HIS-004640,AST-TRA-0366,SEC-RKMP-BPL,TRACTION,InsulatorReplacement,2022-05-24T00:00:00,2.9,440833.0,326
HIS-004641,AST-TRA-0168,SEC-RKMP-BPL,TRACTION,ContactWireReplacement,2025-07-23T00:00:00,5.0,178708.0,367
HIS-004642,AST-ENG-0187,SEC-RKMP-BPL,ENGINEERING,SleeperRenewal,2026-08-27T00:00:00,7.0,499681.0,76
HIS-004643,AST-TRA-0185,SEC-RKMP-BPL,TRACTION,InsulatorReplacement,2021-09-14T00:00:00,6.6,185269.0,171
HIS-004644,AST-TRA-0194,SEC-RKMP-BPL,TRACTION,DropperReplacement,2026-07-16T00:00:00,1.7,243390.0,458
HIS-004645,AST-S_A-0138,SEC-RKMP-BPL,S_AND_T,SignalCableRenewal,2026-02-14T00:00:00,4.0,92942.0,374
HIS-004646,AST-ENG-0334,SEC-RKMP-BPL,ENGINEERING,RailGrinding,2024-06-07T00:00:00,2.7,576031.0,283
HIS-004647,AST-ENG-0469,SEC-RKMP-BPL,ENGINEERING,BallastCleaning,2022-02-15T00:00:00,3.5,473569.0,267
HIS-004648,AST-S_A-0237,SEC-RKMP-BPL,S_AND_T,AxleCounterCalibration,2023-01-11T00:00:00,7.0,337071.0,441
HIS-004649,AST-TRA-0240,SEC-RKMP-BPL,TRACTION,DropperReplacement,2025-05-29T00:00:00,6.5,265767.0,60
HIS-004650,AST-S_A-0327,SEC-RKMP-BPL,S_AND_T,TurnoutAdjustment,2026-01-02T00:00:00,6.5,390981.0,522
HIS-004651,AST-S_A-0454,SEC-RKMP-BPL,S_AND_T,SignalCableRenewal,2023-08-29T00:00:00,6.5,369643.0,153
HIS-004652,AST-ENG-0484,SEC-RKMP-BPL,ENGINEERING,SleeperRenewal,2025-10-28T00:00:00,7.8,74309.0,58
HIS-004653,AST-TRA-0015,SEC-RKMP-BPL,TRACTION,OHEInspection,2026-08-08T00:00:00,4.6,291036.0,379
HIS-004654,AST-ENG-0469,SEC-RKMP-BPL,ENGINEERING,BallastCleaning,2025-05-16T00:00:00,6.5,228569.0,268
HIS-004655,AST-ENG-0056,SEC-RKMP-BPL,ENGINEERING,SleeperRenewal,2024-09-12T00:00:00,6.3,533019.0,307
HIS-004656,AST-S_A-0135,SEC-RKMP-BPL,S_AND_T,SignalCableRenewal,2022-07-08T00:00:00,2.0,179082.0,252
HIS-004657,AST-S_A-0094,SEC-RKMP-BPL,S_AND_T,PointMachineOverhaul,2021-11-23T00:00:00,3.9,35432.0,425
HIS-004658,AST-S_A-0342,SEC-RKMP-BPL,S_AND_T,AxleCounterCalibration,2022-02-08T00:00:00,5.4,565848.0,403
HIS-004659,AST-S_A-0121,SEC-RKMP-BPL,S_AND_T,PointMachineOverhaul,2025-01-22T00:00:00,4.8,401995.0,256
HIS-004660,AST-TRA-0096,SEC-RKMP-BPL,TRACTION,DropperReplacement,2025-08-24T00:00:00,6.6,390849.0,90
HIS-004661,AST-ENG-0496,SEC-RKMP-BPL,ENGINEERING,RailGrinding,2023-03-06T00:00:00,5.7,437664.0,348
HIS-004662,AST-S_A-0242,SEC-RKMP-BPL,S_AND_T,PointMachineOverhaul,2021-10-04T00:00:00,7.6,396191.0,340
HIS-004663,AST-TRA-0095,SEC-RKMP-BPL,TRACTION,ContactWireReplacement,2022-04-04T00:00:00,3.5,579655.0,330
HIS-004664,AST-ENG-0406,SEC-RKMP-BPL,ENGINEERING,JointWelding,2023-10-08T00:00:00,4.6,127165.0,346
HIS-004665,AST-S_A-0256,SEC-RKMP-BPL,S_AND_T,PointMachineOverhaul,2024-09-15T00:00:00,4.6,191256.0,506
HIS-004666,AST-TRA-0374,SEC-RKMP-BPL,TRACTION,OHEInspection,2025-08-10T00:00:00,3.7,149706.0,287
HIS-004667,AST-TRA-0491,SEC-RKMP-BPL,TRACTION,ContactWireReplacement,2025-12-04T00:00:00,1.6,382033.0,358
HIS-004668,AST-S_A-0373,SEC-RKMP-BPL,S_AND_T,TurnoutAdjustment,2022-11-06T00:00:00,7.7,619949.0,200
HIS-004669,AST-ENG-0331,SEC-RKMP-BPL,ENGINEERING,SleeperRenewal,2026-04-10T00:00:00,3.8,372781.0,362
HIS-004670,AST-TRA-0042,SEC-RKMP-BPL,TRACTION,ContactWireReplacement,2023-03-23T00:00:00,1.3,632744.0,417
HIS-004671,AST-ENG-0316,SEC-RKMP-BPL,ENGINEERING,JointWelding,2024-01-09T00:00:00,2.1,377500.0,401
HIS-004672,AST-S_A-0417,SEC-RKMP-BPL,S_AND_T,TurnoutAdjustment,2022-01-06T00:00:00,7.7,287790.0,230
HIS-004673,AST-S_A-0233,SEC-RKMP-BPL,S_AND_T,PointMachineOverhaul,2024-10-05T00:00:00,6.4,372965.0,432
HIS-004674,AST-TRA-0240,SEC-RKMP-BPL,TRACTION,ContactWireReplacement,2023-07-19T00:00:00,3.0,323633.0,90
HIS-004675,AST-TRA-0042,SEC-RKMP-BPL,TRACTION,ContactWireReplacement,2022-06-10T00:00:00,2.9,313105.0,390
HIS-004676,AST-S_A-0499,SEC-RKMP-BPL,S_AND_T,PointMachineOverhaul,2023-10-21T00:00:00,7.6,576217.0,370
HIS-004677,AST-S_A-0494,SEC-RKMP-BPL,S_AND_T,SignalCableRenewal,2023-07-21T00:00:00,6.5,538350.0,152
HIS-004678,AST-ENG-0308,SEC-RKMP-BPL,ENGINEERING,RailGrinding,2025-02-17T00:00:00,7.6,107800.0,466
HIS-004679,AST-S_A-0256,SEC-RKMP-BPL,S_AND_T,PointMachineOverhaul,2024-12-19T00:00:00,4.7,640832.0,507
HIS-004680,AST-S_A-0170,SEC-RKMP-BPL,S_AND_T,TurnoutAdjustment,2025-12-24T00:00:00,6.9,122788.0,397
HIS-004681,AST-ENG-0092,SEC-RKMP-BPL,ENGINEERING,RailGrinding,2024-05-09T00:00:00,7.4,583919.0,441
HIS-004682,AST-S_A-0454,SEC-RKMP-BPL,S_AND_T,AxleCounterCalibration,2025-03-27T00:00:00,7.3,43759.0,225
HIS-004683,AST-S_A-0454,SEC-RKMP-BPL,S_AND_T,SignalCableRenewal,2024-07-01T00:00:00,7.3,365966.0,142
HIS-004684,AST-S_A-0048,SEC-RKMP-BPL,S_AND_T,PointMachineOverhaul,2023-04-02T00:00:00,4.3,385036.0,189
HIS-004685,AST-ENG-0425,SEC-RKMP-BPL,ENGINEERING,RailGrinding,2022-08-23T00:00:00,7.3,413300.0,313
HIS-004686,AST-ENG-0496,SEC-RKMP-BPL,ENGINEERING,TrackTamping,2026-03-17T00:00:00,7.1,447653.0,251
HIS-004687,AST-TRA-0429,SEC-RKMP-BPL,TRACTION,ContactWireReplacement,2024-04-15T00:00:00,1.1,36423.0,100
HIS-004688,AST-TRA-0068,SEC-RKMP-BPL,TRACTION,OHEInspection,2023-02-16T00:00:00,5.4,467226.0,116
HIS-004689,AST-S_A-0008,SEC-RKMP-BPL,S_AND_T,TurnoutAdjustment,2023-09-17T00:00:00,1.5,38031.0,119
HIS-004690,AST-S_A-0102,SEC-RKMP-BPL,S_AND_T,PointMachineOverhaul,2022-07-22T00:00:00,6.5,304539.0,233
HIS-004691,AST-TRA-0249,SEC-RKMP-BPL,TRACTION,OHEInspection,2026-02-18T00:00:00,7.2,166283.0,464
HIS-004692,AST-ENG-0082,SEC-RKMP-BPL,ENGINEERING,TrackTamping,2025-09-02T00:00:00,5.1,463271.0,211
HIS-004693,AST-ENG-0142,SEC-RKMP-BPL,ENGINEERING,TrackTamping,2021-10-02T00:00:00,2.0,224469.0,162
HIS-004694,AST-TRA-0114,SEC-RKMP-BPL,TRACTION,ContactWireReplacement,2022-10-18T00:00:00,4.8,116707.0,44
HIS-004695,AST-TRA-0032,SEC-RKMP-BPL,TRACTION,InsulatorReplacement,2022-04-02T00:00:00,7.4,283914.0,376
HIS-004696,AST-S_A-0130,SEC-RKMP-BPL,S_AND_T,TurnoutAdjustment,2023-11-24T00:00:00,2.0,644424.0,328
HIS-004697,AST-S_A-0197,SEC-RKMP-BPL,S_AND_T,TurnoutAdjustment,2025-06-05T00:00:00,3.4,251966.0,214
HIS-004698,AST-ENG-0074,SEC-RKMP-BPL,ENGINEERING,TrackTamping,2023-03-01T00:00:00,6.6,38765.0,369
HIS-004699,AST-ENG-0349,SEC-RKMP-BPL,ENGINEERING,TrackTamping,2022-08-08T00:00:00,5.5,534918.0,251
HIS-004700,AST-ENG-0241,SEC-RKMP-BPL,ENGINEERING,BallastCleaning,2025-01-20T00:00:00,2.2,266668.0,186
HIS-004701,AST-ENG-0367,SEC-RKMP-BPL,ENGINEERING,SleeperRenewal,2025-12-27T00:00:00,2.9,595966.0,186
HIS-004702,AST-S_A-0454,SEC-RKMP-BPL,S_AND_T,TurnoutAdjustment,2025-11-21T00:00:00,4.3,316078.0,234
HIS-004703,AST-ENG-0038,SEC-RKMP-BPL,ENGINEERING,BallastCleaning,2026-04-08T00:00:00,2.8,334105.0,358
HIS-004704,AST-ENG-0290,SEC-RKMP-BPL,ENGINEERING,JointWelding,2023-09-07T00:00:00,5.5,158369.0,521
HIS-004705,AST-TRA-0401,SEC-RKMP-BPL,TRACTION,InsulatorReplacement,2025-01-20T00:00:00,7.6,538944.0,10
HIS-004706,AST-ENG-0389,SEC-RKMP-BPL,ENGINEERING,RailGrinding,2023-09-23T00:00:00,5.5,155915.0,418
HIS-004707,AST-TRA-0302,SEC-RKMP-BPL,TRACTION,OHEInspection,2023-10-14T00:00:00,5.5,251462.0,209
HIS-004708,AST-ENG-0082,SEC-RKMP-BPL,ENGINEERING,BallastCleaning,2022-11-25T00:00:00,2.0,581715.0,66
HIS-004709,AST-ENG-0442,SEC-RKMP-BPL,ENGINEERING,SleeperRenewal,2022-03-15T00:00:00,1.1,58985.0,351
HIS-004710,AST-ENG-0484,SEC-RKMP-BPL,ENGINEERING,RailGrinding,2021-10-16T00:00:00,6.0,471915.0,265
HIS-004711,AST-S_A-0431,SEC-RKMP-BPL,S_AND_T,PointMachineOverhaul,2025-10-31T00:00:00,5.9,484330.0,322
HIS-004712,AST-ENG-0172,SEC-RKMP-BPL,ENGINEERING,BallastCleaning,2025-12-30T00:00:00,6.4,358331.0,458
HIS-004713,AST-S_A-0252,SEC-RKMP-BPL,S_AND_T,TurnoutAdjustment,2025-06-24T00:00:00,6.9,621184.0,241
HIS-004714,AST-S_A-0198,SEC-RKMP-BPL,S_AND_T,PointMachineOverhaul,2026-02-11T00:00:00,2.2,478460.0,232
HIS-004715,AST-TRA-0401,SEC-RKMP-BPL,TRACTION,ContactWireReplacement,2025-01-22T00:00:00,7.4,298894.0,10
HIS-004716,AST-TRA-0069,SEC-RKMP-BPL,TRACTION,OHEInspection,2023-09-11T00:00:00,6.8,624572.0,405
HIS-004717,AST-TRA-0168,SEC-RKMP-BPL,TRACTION,OHEInspection,2023-12-12T00:00:00,6.9,494484.0,278
HIS-004718,AST-TRA-0474,SEC-RKMP-BPL,TRACTION,DropperReplacement,2025-06-14T00:00:00,6.1,424452.0,371
HIS-004719,AST-S_A-0139,SEC-RKMP-BPL,S_AND_T,TurnoutAdjustment,2022-08-23T00:00:00,6.1,318842.0,488
HIS-004720,AST-S_A-0090,SEC-RKMP-BPL,S_AND_T,TurnoutAdjustment,2025-12-16T00:00:00,2.4,268985.0,281
HIS-004721,AST-S_A-0012,SEC-RKMP-BPL,S_AND_T,PointMachineOverhaul,2025-06-27T00:00:00,4.6,218004.0,204
HIS-004722,AST-ENG-0124,SEC-RKMP-BPL,ENGINEERING,TrackTamping,2022-05-17T00:00:00,1.3,627745.0,267
HIS-004723,AST-S_A-0355,SEC-RKMP-BPL,S_AND_T,TurnoutAdjustment,2025-06-14T00:00:00,6.6,520692.0,252
HIS-004724,AST-ENG-0136,SEC-RKMP-BPL,ENGINEERING,JointWelding,2022-04-03T00:00:00,2.0,120541.0,105
HIS-004725,AST-S_A-0480,SEC-RKMP-BPL,S_AND_T,SignalCableRenewal,2023-02-24T00:00:00,3.2,419091.0,351
HIS-004726,AST-S_A-0225,SEC-RKMP-BPL,S_AND_T,TurnoutAdjustment,2024-07-08T00:00:00,6.2,634411.0,528
HIS-004727,AST-S_A-0351,SEC-RKMP-BPL,S_AND_T,TurnoutAdjustment,2021-10-20T00:00:00,3.7,608926.0,130
HIS-004728,AST-S_A-0035,SEC-RKMP-BPL,S_AND_T,AxleCounterCalibration,2023-09-30T00:00:00,4.1,100685.0,246
HIS-004729,AST-ENG-0407,SEC-RKMP-BPL,ENGINEERING,RailGrinding,2023-11-25T00:00:00,3.6,362919.0,331
HIS-004730,AST-TRA-0258,SEC-RKMP-BPL,TRACTION,DropperReplacement,2022-09-16T00:00:00,3.9,71336.0,456
HIS-004731,AST-ENG-0335,SEC-RKMP-BPL,ENGINEERING,RailGrinding,2021-10-17T00:00:00,4.1,258755.0,412
HIS-004732,AST-ENG-0442,SEC-RKMP-BPL,ENGINEERING,BallastCleaning,2025-07-08T00:00:00,3.9,305856.0,333
HIS-004733,AST-ENG-0298,SEC-RKMP-BPL,ENGINEERING,RailGrinding,2026-07-07T00:00:00,4.4,471073.0,10
HIS-004734,AST-S_A-0135,SEC-RKMP-BPL,S_AND_T,SignalCableRenewal,2023-11-04T00:00:00,5.3,547951.0,234
HIS-004735,AST-TRA-0213,SEC-RKMP-BPL,TRACTION,OHEInspection,2023-12-01T00:00:00,5.0,625086.0,276
HIS-004736,AST-S_A-0318,SEC-RKMP-BPL,S_AND_T,AxleCounterCalibration,2025-07-01T00:00:00,2.4,180702.0,112
HIS-004737,AST-S_A-0328,SEC-RKMP-BPL,S_AND_T,SignalCableRenewal,2023-03-16T00:00:00,7.3,560955.0,387
HIS-004738,AST-ENG-0164,SEC-RKMP-BPL,ENGINEERING,SleeperRenewal,2022-01-20T00:00:00,2.0,630117.0,364
HIS-004739,AST-S_A-0476,SEC-RKMP-BPL,S_AND_T,TurnoutAdjustment,2021-11-23T00:00:00,6.6,446229.0,170
HIS-004740,AST-ENG-0169,SEC-RKMP-BPL,ENGINEERING,RailGrinding,2024-11-18T00:00:00,1.8,207137.0,442
HIS-004741,AST-ENG-0475,SEC-RKMP-BPL,ENGINEERING,TrackTamping,2026-08-22T00:00:00,7.8,98464.0,172
HIS-004742,AST-S_A-0328,SEC-RKMP-BPL,S_AND_T,SignalCableRenewal,2024-06-20T00:00:00,5.3,386924.0,422
HIS-004743,AST-S_A-0314,SEC-RKMP-BPL,S_AND_T,SignalCableRenewal,2025-03-30T00:00:00,4.8,223129.0,316
HIS-004744,AST-TRA-0420,SEC-RKMP-BPL,TRACTION,OHEInspection,2022-10-21T00:00:00,5.3,561459.0,460
HIS-004745,AST-S_A-0040,SEC-RKMP-BPL,S_AND_T,PointMachineOverhaul,2025-12-20T00:00:00,4.8,133743.0,287
HIS-004746,AST-TRA-0177,SEC-RKMP-BPL,TRACTION,ContactWireReplacement,2025-08-20T00:00:00,4.2,574983.0,167
HIS-004747,AST-ENG-0325,SEC-RKMP-BPL,ENGINEERING,TrackTamping,2025-03-06T00:00:00,2.3,495908.0,245
HIS-004748,AST-ENG-0470,SEC-RKMP-BPL,ENGINEERING,BallastCleaning,2022-10-17T00:00:00,6.2,341497.0,348
HIS-004749,AST-ENG-0268,SEC-RKMP-BPL,ENGINEERING,SleeperRenewal,2024-07-02T00:00:00,5.6,490640.0,306
HIS-004750,AST-S_A-0441,SEC-RKMP-BPL,S_AND_T,PointMachineOverhaul,2024-01-16T00:00:00,3.3,75052.0,204
HIS-004751,AST-S_A-0174,SEC-RKMP-BPL,S_AND_T,AxleCounterCalibration,2024-09-30T00:00:00,7.6,577238.0,241
HIS-004752,AST-S_A-0018,SEC-RKMP-BPL,S_AND_T,PointMachineOverhaul,2022-06-12T00:00:00,1.6,332784.0,479
HIS-004753,AST-TRA-0438,SEC-RKMP-BPL,TRACTION,InsulatorReplacement,2026-02-25T00:00:00,6.9,171300.0,203
HIS-004754,AST-ENG-0136,SEC-RKMP-BPL,ENGINEERING,TrackTamping,2026-06-01T00:00:00,3.1,411448.0,303
HIS-004755,AST-S_A-0323,SEC-RKMP-BPL,S_AND_T,PointMachineOverhaul,2024-02-20T00:00:00,6.6,617397.0,451
HIS-004756,AST-ENG-0227,SEC-RKMP-BPL,ENGINEERING,SleeperRenewal,2025-12-30T00:00:00,4.0,397415.0,295
HIS-004757,AST-ENG-0415,SEC-RKMP-BPL,ENGINEERING,RailGrinding,2026-08-31T00:00:00,4.4,94927.0,440
HIS-004758,AST-S_A-0462,SEC-RKMP-BPL,S_AND_T,SignalCableRenewal,2023-10-09T00:00:00,6.4,328999.0,292
HIS-004759,AST-S_A-0219,SEC-RKMP-BPL,S_AND_T,PointMachineOverhaul,2024-05-09T00:00:00,2.4,135670.0,454
HIS-004760,AST-S_A-0063,SEC-RKMP-BPL,S_AND_T,SignalCableRenewal,2022-09-24T00:00:00,4.3,482193.0,262
HIS-004761,AST-ENG-0416,SEC-RKMP-BPL,ENGINEERING,SleeperRenewal,2025-10-21T00:00:00,2.7,320538.0,225
HIS-004762,AST-TRA-0320,SEC-RKMP-BPL,TRACTION,InsulatorReplacement,2024-10-06T00:00:00,1.9,339633.0,467
HIS-004763,AST-S_A-0147,SEC-RKMP-BPL,S_AND_T,SignalCableRenewal,2024-02-17T00:00:00,5.0,49131.0,186
HIS-004764,AST-S_A-0107,SEC-RKMP-BPL,S_AND_T,AxleCounterCalibration,2024-07-11T00:00:00,2.0,202567.0,10
HIS-004765,AST-TRA-0167,SEC-RKMP-BPL,TRACTION,DropperReplacement,2023-03-25T00:00:00,1.8,517262.0,253
HIS-004766,AST-S_A-0179,SEC-RKMP-BPL,S_AND_T,AxleCounterCalibration,2025-05-10T00:00:00,7.6,171491.0,127
HIS-004767,AST-S_A-0314,SEC-RKMP-BPL,S_AND_T,SignalCableRenewal,2022-04-17T00:00:00,6.9,27835.0,392
HIS-004768,AST-S_A-0372,SEC-RKMP-BPL,S_AND_T,AxleCounterCalibration,2023-10-08T00:00:00,6.8,186479.0,71
HIS-004769,AST-S_A-0039,SEC-RKMP-BPL,S_AND_T,SignalCableRenewal,2024-01-24T00:00:00,1.3,525684.0,59
HIS-004770,AST-ENG-0097,SEC-RKMP-BPL,ENGINEERING,RailGrinding,2022-09-29T00:00:00,4.6,137398.0,190
HIS-004771,AST-S_A-0004,SEC-RKMP-BPL,S_AND_T,TurnoutAdjustment,2023-06-04T00:00:00,5.2,166120.0,202
HIS-004772,AST-TRA-0374,SEC-RKMP-BPL,TRACTION,OHEInspection,2021-10-03T00:00:00,6.7,302142.0,319
HIS-004773,AST-ENG-0353,SEC-RKMP-BPL,ENGINEERING,RailGrinding,2022-01-19T00:00:00,1.8,130567.0,426
HIS-004774,AST-S_A-0319,SEC-RKMP-BPL,S_AND_T,TurnoutAdjustment,2025-02-07T00:00:00,4.0,291101.0,303
HIS-004775,AST-ENG-0190,SEC-RKMP-BPL,ENGINEERING,TrackTamping,2022-12-07T00:00:00,3.5,203272.0,430
HIS-004776,AST-TRA-0239,SEC-RKMP-BPL,TRACTION,DropperReplacement,2024-10-08T00:00:00,7.0,385692.0,332
HIS-004777,AST-S_A-0189,SEC-RKMP-BPL,S_AND_T,AxleCounterCalibration,2025-04-12T00:00:00,2.6,46471.0,10
HIS-004778,AST-S_A-0444,SEC-RKMP-BPL,S_AND_T,AxleCounterCalibration,2021-12-01T00:00:00,5.0,546313.0,58
HIS-004779,AST-TRA-0212,SEC-RKMP-BPL,TRACTION,InsulatorReplacement,2024-10-20T00:00:00,4.9,287608.0,208
HIS-004780,AST-ENG-0010,SEC-RKMP-BPL,ENGINEERING,SleeperRenewal,2023-12-07T00:00:00,3.3,559293.0,229
HIS-004781,AST-S_A-0219,SEC-RKMP-BPL,S_AND_T,AxleCounterCalibration,2024-04-09T00:00:00,1.0,583225.0,494
HIS-004782,AST-ENG-0142,SEC-RKMP-BPL,ENGINEERING,BallastCleaning,2025-08-18T00:00:00,3.8,478067.0,236
HIS-004783,AST-ENG-0169,SEC-RKMP-BPL,ENGINEERING,BallastCleaning,2026-05-20T00:00:00,6.0,501706.0,350
HIS-004784,AST-S_A-0183,SEC-RKMP-BPL,S_AND_T,AxleCounterCalibration,2023-10-25T00:00:00,6.3,163594.0,567
HIS-004785,AST-TRA-0276,SEC-RKMP-BPL,TRACTION,OHEInspection,2026-06-05T00:00:00,4.6,536782.0,338
HIS-004786,AST-TRA-0366,SEC-RKMP-BPL,TRACTION,OHEInspection,2025-11-06T00:00:00,4.2,631786.0,262
HIS-004787,AST-ENG-0496,SEC-RKMP-BPL,ENGINEERING,BallastCleaning,2023-11-27T00:00:00,4.7,604459.0,392
HIS-004788,AST-S_A-0058,SEC-RKMP-BPL,S_AND_T,AxleCounterCalibration,2024-03-22T00:00:00,1.9,628293.0,402
HIS-004789,AST-ENG-0235,SEC-RKMP-BPL,ENGINEERING,TrackTamping,2026-04-21T00:00:00,3.8,528891.0,340
HIS-004790,AST-ENG-0241,SEC-RKMP-BPL,ENGINEERING,JointWelding,2026-02-26T00:00:00,6.6,322863.0,274
HIS-004791,AST-S_A-0027,SEC-RKMP-BPL,S_AND_T,SignalCableRenewal,2022-11-25T00:00:00,6.6,380857.0,269
HIS-004792,AST-S_A-0291,SEC-RKMP-BPL,S_AND_T,AxleCounterCalibration,2023-07-15T00:00:00,3.5,610313.0,213
HIS-004793,AST-S_A-0327,SEC-RKMP-BPL,S_AND_T,TurnoutAdjustment,2026-01-03T00:00:00,7.2,597672.0,369
HIS-004794,AST-S_A-0075,SEC-RKMP-BPL,S_AND_T,AxleCounterCalibration,2024-03-28T00:00:00,5.0,457482.0,181
HIS-004795,AST-ENG-0253,SEC-RKMP-BPL,ENGINEERING,SleeperRenewal,2024-12-11T00:00:00,5.6,378322.0,142
HIS-004796,AST-TRA-0005,SEC-RKMP-BPL,TRACTION,ContactWireReplacement,2023-06-11T00:00:00,4.2,102249.0,371
HIS-004797,AST-TRA-0303,SEC-RKMP-BPL,TRACTION,InsulatorReplacement,2023-12-15T00:00:00,2.3,399846.0,338
HIS-004798,AST-ENG-0208,SEC-RKMP-BPL,ENGINEERING,JointWelding,2024-10-14T00:00:00,6.7,299987.0,115
HIS-004799,AST-TRA-0024,SEC-RKMP-BPL,TRACTION,OHEInspection,2023-02-27T00:00:00,4.0,154417.0,318
HIS-004800,AST-ENG-0118,SEC-RKMP-BPL,ENGINEERING,RailGrinding,2025-06-17T00:00:00,6.2,214111.0,306
HIS-004801,AST-ENG-0155,SEC-RKMP-BPL,ENGINEERING,JointWelding,2021-10-20T00:00:00,5.8,560333.0,267
HIS-004802,AST-S_A-0201,SEC-RKMP-BPL,S_AND_T,TurnoutAdjustment,2023-11-10T00:00:00,6.3,160107.0,103
HIS-004803,AST-TRA-0329,SEC-RKMP-BPL,TRACTION,ContactWireReplacement,2023-12-21T00:00:00,1.4,536947.0,599
HIS-004804,AST-ENG-0424,SEC-RKMP-BPL,ENGINEERING,TrackTamping,2023-03-04T00:00:00,7.5,390303.0,323
HIS-004805,AST-ENG-0083,SEC-RKMP-BPL,ENGINEERING,BallastCleaning,2021-11-07T00:00:00,4.7,328326.0,459
HIS-004806,AST-S_A-0391,SEC-RKMP-BPL,S_AND_T,AxleCounterCalibration,2023-07-14T00:00:00,7.2,534942.0,435
HIS-004807,AST-ENG-0280,SEC-RKMP-BPL,ENGINEERING,JointWelding,2023-01-29T00:00:00,8.0,302371.0,142
HIS-004808,AST-ENG-0379,SEC-RKMP-BPL,ENGINEERING,SleeperRenewal,2023-05-09T00:00:00,3.3,485385.0,339
HIS-004809,AST-ENG-0232,SEC-RKMP-BPL,ENGINEERING,SleeperRenewal,2023-05-11T00:00:00,1.2,319472.0,162
HIS-004810,AST-TRA-0087,SEC-RKMP-BPL,TRACTION,OHEInspection,2025-03-23T00:00:00,6.6,489727.0,189
HIS-004811,AST-S_A-0264,SEC-RKMP-BPL,S_AND_T,PointMachineOverhaul,2026-05-09T00:00:00,1.5,281516.0,203
HIS-004812,AST-TRA-0150,SEC-RKMP-BPL,TRACTION,InsulatorReplacement,2022-06-05T00:00:00,7.1,551365.0,391
HIS-004813,AST-S_A-0067,SEC-RKMP-BPL,S_AND_T,AxleCounterCalibration,2022-11-08T00:00:00,5.5,371405.0,141
HIS-004814,AST-TRA-0464,SEC-RKMP-BPL,TRACTION,OHEInspection,2024-03-24T00:00:00,6.5,355388.0,506
HIS-004815,AST-ENG-0070,SEC-RKMP-BPL,ENGINEERING,SleeperRenewal,2022-10-05T00:00:00,6.5,43727.0,444
HIS-004816,AST-TRA-0428,SEC-RKMP-BPL,TRACTION,DropperReplacement,2024-01-22T00:00:00,2.2,555625.0,149
HIS-004817,AST-ENG-0263,SEC-RKMP-BPL,ENGINEERING,JointWelding,2026-07-05T00:00:00,5.4,81891.0,186
HIS-004818,AST-TRA-0330,SEC-RKMP-BPL,TRACTION,OHEInspection,2025-05-09T00:00:00,7.4,89264.0,241
HIS-004819,AST-S_A-0130,SEC-RKMP-BPL,S_AND_T,AxleCounterCalibration,2023-05-01T00:00:00,4.0,260385.0,333
HIS-004820,AST-S_A-0318,SEC-RKMP-BPL,S_AND_T,AxleCounterCalibration,2023-03-19T00:00:00,1.5,495646.0,203
HIS-004821,AST-ENG-0397,SEC-RKMP-BPL,ENGINEERING,BallastCleaning,2025-12-28T00:00:00,6.1,612814.0,100
HIS-004822,AST-ENG-0298,SEC-RKMP-BPL,ENGINEERING,BallastCleaning,2026-07-13T00:00:00,3.6,65353.0,26
HIS-004823,AST-ENG-0190,SEC-RKMP-BPL,ENGINEERING,JointWelding,2023-09-05T00:00:00,1.7,441107.0,275
HIS-004824,AST-S_A-0324,SEC-RKMP-BPL,S_AND_T,AxleCounterCalibration,2025-11-17T00:00:00,4.1,591199.0,555
HIS-004825,AST-TRA-0149,SEC-RKMP-BPL,TRACTION,ContactWireReplacement,2026-03-04T00:00:00,2.8,402105.0,386
HIS-004826,AST-S_A-0120,SEC-RKMP-BPL,S_AND_T,SignalCableRenewal,2026-06-27T00:00:00,1.5,476492.0,182
HIS-004827,AST-TRA-0222,SEC-RKMP-BPL,TRACTION,ContactWireReplacement,2026-03-17T00:00:00,6.5,295763.0,439
HIS-004828,AST-ENG-0056,SEC-RKMP-BPL,ENGINEERING,TrackTamping,2024-04-08T00:00:00,2.8,494331.0,354
HIS-004829,AST-S_A-0093,SEC-RKMP-BPL,S_AND_T,SignalCableRenewal,2022-10-03T00:00:00,5.8,310206.0,517
HIS-004830,AST-TRA-0446,SEC-RKMP-BPL,TRACTION,InsulatorReplacement,2023-04-06T00:00:00,5.5,71219.0,270
HIS-004831,AST-ENG-0191,SEC-RKMP-BPL,ENGINEERING,RailGrinding,2026-04-09T00:00:00,1.9,398094.0,350
HIS-004832,AST-TRA-0339,SEC-RKMP-BPL,TRACTION,DropperReplacement,2024-05-27T00:00:00,6.1,245719.0,165
HIS-004833,AST-ENG-0133,SEC-RKMP-BPL,ENGINEERING,JointWelding,2024-06-20T00:00:00,6.2,486127.0,292
HIS-004834,AST-ENG-0100,SEC-RKMP-BPL,ENGINEERING,JointWelding,2024-04-27T00:00:00,3.4,418166.0,461
HIS-004835,AST-S_A-0359,SEC-RKMP-BPL,S_AND_T,AxleCounterCalibration,2022-10-12T00:00:00,7.3,264400.0,136
HIS-004836,AST-S_A-0351,SEC-RKMP-BPL,S_AND_T,TurnoutAdjustment,2022-01-16T00:00:00,6.8,75137.0,269
HIS-004837,AST-ENG-0290,SEC-RKMP-BPL,ENGINEERING,BallastCleaning,2026-05-02T00:00:00,5.1,631813.0,437
HIS-004838,AST-TRA-0114,SEC-RKMP-BPL,TRACTION,InsulatorReplacement,2026-05-14T00:00:00,1.7,405975.0,185
HIS-004839,AST-S_A-0008,SEC-RKMP-BPL,S_AND_T,PointMachineOverhaul,2021-11-05T00:00:00,6.2,514941.0,257
HIS-004840,AST-S_A-0144,SEC-RKMP-BPL,S_AND_T,SignalCableRenewal,2022-04-06T00:00:00,5.3,44616.0,491
HIS-004841,AST-S_A-0323,SEC-RKMP-BPL,S_AND_T,TurnoutAdjustment,2024-05-31T00:00:00,2.3,336136.0,396
HIS-004842,AST-S_A-0494,SEC-RKMP-BPL,S_AND_T,SignalCableRenewal,2026-05-24T00:00:00,2.8,285584.0,178
HIS-004843,AST-ENG-0047,SEC-RKMP-BPL,ENGINEERING,SleeperRenewal,2022-03-01T00:00:00,2.1,376207.0,47
HIS-004844,AST-S_A-0071,SEC-RKMP-BPL,S_AND_T,AxleCounterCalibration,2022-05-05T00:00:00,5.2,393344.0,250
HIS-004845,AST-S_A-0364,SEC-RKMP-BPL,S_AND_T,PointMachineOverhaul,2022-07-06T00:00:00,1.7,505742.0,312
HIS-004846,AST-TRA-0456,SEC-RKMP-BPL,TRACTION,OHEInspection,2023-08-22T00:00:00,3.4,429529.0,204
HIS-004847,AST-S_A-0220,SEC-RKMP-BPL,S_AND_T,SignalCableRenewal,2023-08-03T00:00:00,3.5,583273.0,132
HIS-004848,AST-ENG-0007,SEC-RKMP-BPL,ENGINEERING,SleeperRenewal,2023-02-21T00:00:00,2.1,385306.0,347
HIS-004849,AST-TRA-0204,SEC-RKMP-BPL,TRACTION,DropperReplacement,2025-11-22T00:00:00,3.0,482322.0,257
HIS-004850,AST-TRA-0186,SEC-RKMP-BPL,TRACTION,OHEInspection,2023-08-31T00:00:00,5.9,76025.0,77
HIS-004851,AST-S_A-0108,SEC-RKMP-BPL,S_AND_T,SignalCableRenewal,2025-10-10T00:00:00,1.8,631229.0,533
HIS-004852,AST-S_A-0207,SEC-RKMP-BPL,S_AND_T,AxleCounterCalibration,2024-02-07T00:00:00,4.4,110813.0,487
HIS-004853,AST-ENG-0469,SEC-RKMP-BPL,ENGINEERING,TrackTamping,2021-10-14T00:00:00,6.0,126999.0,264
HIS-004854,AST-ENG-0007,SEC-RKMP-BPL,ENGINEERING,TrackTamping,2024-03-24T00:00:00,4.6,38493.0,203
HIS-004855,AST-TRA-0068,SEC-RKMP-BPL,TRACTION,InsulatorReplacement,2022-03-05T00:00:00,4.5,79418.0,97
HIS-004856,AST-ENG-0425,SEC-RKMP-BPL,ENGINEERING,SleeperRenewal,2023-02-02T00:00:00,2.6,272820.0,87
HIS-004857,AST-ENG-0172,SEC-RKMP-BPL,ENGINEERING,BallastCleaning,2022-09-19T00:00:00,7.2,581530.0,459
HIS-004858,AST-ENG-0163,SEC-RKMP-BPL,ENGINEERING,JointWelding,2026-05-10T00:00:00,7.1,309559.0,313
HIS-004859,AST-ENG-0235,SEC-RKMP-BPL,ENGINEERING,JointWelding,2025-03-26T00:00:00,5.9,590991.0,281
HIS-004860,AST-S_A-0156,SEC-RKMP-BPL,S_AND_T,SignalCableRenewal,2026-01-05T00:00:00,5.7,259003.0,329
HIS-004861,AST-S_A-0391,SEC-RKMP-BPL,S_AND_T,TurnoutAdjustment,2022-03-25T00:00:00,4.9,348517.0,460
HIS-004862,AST-ENG-0389,SEC-RKMP-BPL,ENGINEERING,SleeperRenewal,2021-10-26T00:00:00,2.2,333685.0,409
HIS-004863,AST-ENG-0101,SEC-RKMP-BPL,ENGINEERING,BallastCleaning,2024-06-05T00:00:00,7.9,215457.0,200
HIS-004864,AST-S_A-0305,SEC-RKMP-BPL,S_AND_T,SignalCableRenewal,2023-04-04T00:00:00,1.5,186676.0,10
HIS-004865,AST-S_A-0003,SEC-RKMP-BPL,S_AND_T,SignalCableRenewal,2025-01-15T00:00:00,4.7,494471.0,229
HIS-004866,AST-S_A-0036,SEC-RKMP-BPL,S_AND_T,SignalCableRenewal,2025-04-17T00:00:00,7.3,25425.0,319
HIS-004867,AST-TRA-0141,SEC-RKMP-BPL,TRACTION,OHEInspection,2025-10-09T00:00:00,6.8,499699.0,357
HIS-004868,AST-TRA-0194,SEC-RKMP-BPL,TRACTION,OHEInspection,2022-02-22T00:00:00,2.8,397775.0,299
HIS-004869,AST-ENG-0343,SEC-RKMP-BPL,ENGINEERING,SleeperRenewal,2026-06-17T00:00:00,4.8,340293.0,295
HIS-004870,AST-ENG-0065,SEC-RKMP-BPL,ENGINEERING,RailGrinding,2025-06-19T00:00:00,3.0,494387.0,176
HIS-004871,AST-ENG-0259,SEC-RKMP-BPL,ENGINEERING,JointWelding,2023-10-21T00:00:00,5.7,151506.0,221
HIS-004872,AST-S_A-0210,SEC-RKMP-BPL,S_AND_T,TurnoutAdjustment,2024-09-15T00:00:00,4.3,130868.0,402
HIS-004873,AST-ENG-0146,SEC-RKMP-BPL,ENGINEERING,JointWelding,2021-12-26T00:00:00,3.8,273459.0,243
HIS-004874,AST-S_A-0309,SEC-RKMP-BPL,S_AND_T,AxleCounterCalibration,2022-08-28T00:00:00,1.4,41760.0,434
HIS-004875,AST-ENG-0442,SEC-RKMP-BPL,ENGINEERING,RailGrinding,2023-04-26T00:00:00,5.5,545236.0,434
HIS-004876,AST-S_A-0094,SEC-RKMP-BPL,S_AND_T,AxleCounterCalibration,2022-02-13T00:00:00,5.0,254413.0,463
HIS-004877,AST-S_A-0431,SEC-RKMP-BPL,S_AND_T,PointMachineOverhaul,2022-03-18T00:00:00,4.3,114192.0,292
HIS-004878,AST-ENG-0214,SEC-RKMP-BPL,ENGINEERING,SleeperRenewal,2024-04-05T00:00:00,4.1,512929.0,63
HIS-004879,AST-S_A-0270,SEC-RKMP-BPL,S_AND_T,PointMachineOverhaul,2026-04-06T00:00:00,3.3,372521.0,159
HIS-004880,AST-ENG-0367,SEC-RKMP-BPL,ENGINEERING,BallastCleaning,2021-10-25T00:00:00,1.0,204834.0,230
HIS-004881,AST-TRA-0158,SEC-RKMP-BPL,TRACTION,OHEInspection,2023-11-13T00:00:00,6.4,244896.0,380
HIS-004882,AST-ENG-0344,SEC-RKMP-BPL,ENGINEERING,RailGrinding,2023-12-01T00:00:00,4.4,483062.0,305
HIS-004883,AST-TRA-0249,SEC-RKMP-BPL,TRACTION,DropperReplacement,2024-11-26T00:00:00,6.5,425737.0,462
HIS-004884,AST-S_A-0099,SEC-RKMP-BPL,S_AND_T,PointMachineOverhaul,2025-11-16T00:00:00,6.5,173391.0,179
HIS-004885,AST-S_A-0489,SEC-RKMP-BPL,S_AND_T,AxleCounterCalibration,2025-05-05T00:00:00,2.0,36619.0,196
HIS-004886,AST-TRA-0015,SEC-RKMP-BPL,TRACTION,InsulatorReplacement,2025-03-24T00:00:00,5.9,361795.0,211
HIS-004887,AST-S_A-0256,SEC-RKMP-BPL,S_AND_T,SignalCableRenewal,2022-06-20T00:00:00,3.9,64569.0,358
HIS-004888,AST-S_A-0414,SEC-RKMP-BPL,S_AND_T,PointMachineOverhaul,2025-10-04T00:00:00,4.9,467388.0,365
HIS-004889,AST-S_A-0215,SEC-RKMP-BPL,S_AND_T,AxleCounterCalibration,2024-11-02T00:00:00,5.8,646713.0,84
HIS-004890,AST-S_A-0300,SEC-RKMP-BPL,S_AND_T,AxleCounterCalibration,2025-09-27T00:00:00,5.2,73288.0,451
HIS-004891,AST-S_A-0363,SEC-RKMP-BPL,S_AND_T,TurnoutAdjustment,2022-04-09T00:00:00,6.6,254571.0,431
HIS-004892,AST-ENG-0331,SEC-RKMP-BPL,ENGINEERING,SleeperRenewal,2023-02-24T00:00:00,4.9,450807.0,363
HIS-004893,AST-S_A-0237,SEC-RKMP-BPL,S_AND_T,TurnoutAdjustment,2022-08-05T00:00:00,4.6,379324.0,402
HIS-004894,AST-S_A-0129,SEC-RKMP-BPL,S_AND_T,SignalCableRenewal,2026-02-10T00:00:00,6.0,36651.0,214
HIS-004895,AST-S_A-0062,SEC-RKMP-BPL,S_AND_T,PointMachineOverhaul,2023-07-09T00:00:00,2.1,413209.0,467
HIS-004896,AST-S_A-0360,SEC-RKMP-BPL,S_AND_T,AxleCounterCalibration,2023-10-26T00:00:00,4.3,488494.0,380
HIS-004897,AST-ENG-0100,SEC-RKMP-BPL,ENGINEERING,JointWelding,2023-12-11T00:00:00,2.6,78386.0,491
HIS-004898,AST-S_A-0012,SEC-RKMP-BPL,S_AND_T,TurnoutAdjustment,2023-06-03T00:00:00,3.3,534323.0,319
HIS-004899,AST-ENG-0010,SEC-RKMP-BPL,ENGINEERING,TrackTamping,2023-06-29T00:00:00,3.5,102408.0,134
HIS-004900,AST-ENG-0001,SEC-RKMP-BPL,ENGINEERING,SleeperRenewal,2025-03-21T00:00:00,2.0,270531.0,194
HIS-004901,AST-ENG-0370,SEC-RKMP-BPL,ENGINEERING,SleeperRenewal,2021-11-30T00:00:00,1.8,485679.0,173
HIS-004902,AST-S_A-0116,SEC-RKMP-BPL,S_AND_T,AxleCounterCalibration,2022-06-16T00:00:00,7.5,619288.0,158
HIS-004903,AST-S_A-0045,SEC-RKMP-BPL,S_AND_T,TurnoutAdjustment,2024-06-27T00:00:00,7.9,568200.0,467
HIS-004904,AST-S_A-0183,SEC-RKMP-BPL,S_AND_T,SignalCableRenewal,2026-02-09T00:00:00,4.9,465274.0,394
HIS-004905,AST-S_A-0044,SEC-RKMP-BPL,S_AND_T,SignalCableRenewal,2023-08-02T00:00:00,6.7,184642.0,423
HIS-004906,AST-ENG-0172,SEC-RKMP-BPL,ENGINEERING,BallastCleaning,2023-01-03T00:00:00,4.5,498278.0,531
HIS-004907,AST-S_A-0099,SEC-RKMP-BPL,S_AND_T,SignalCableRenewal,2024-10-24T00:00:00,6.6,186027.0,211
HIS-004908,AST-S_A-0462,SEC-RKMP-BPL,S_AND_T,TurnoutAdjustment,2026-04-22T00:00:00,6.7,473828.0,191
HIS-004909,AST-S_A-0432,SEC-RKMP-BPL,S_AND_T,TurnoutAdjustment,2023-10-17T00:00:00,5.2,248620.0,478
HIS-004910,AST-TRA-0473,SEC-RKMP-BPL,TRACTION,ContactWireReplacement,2025-04-04T00:00:00,6.1,631576.0,179
HIS-004911,AST-S_A-0103,SEC-RKMP-BPL,S_AND_T,SignalCableRenewal,2024-02-05T00:00:00,1.5,597951.0,405
HIS-004912,AST-TRA-0302,SEC-RKMP-BPL,TRACTION,ContactWireReplacement,2024-02-28T00:00:00,5.1,507766.0,210
HIS-004913,AST-ENG-0181,SEC-RKMP-BPL,ENGINEERING,JointWelding,2024-11-04T00:00:00,7.0,539703.0,237
HIS-004914,AST-ENG-0434,SEC-RKMP-BPL,ENGINEERING,RailGrinding,2023-04-02T00:00:00,7.9,189823.0,167
HIS-004915,AST-TRA-0159,SEC-RKMP-BPL,TRACTION,DropperReplacement,2022-06-07T00:00:00,1.1,93175.0,379
HIS-004916,AST-S_A-0414,SEC-RKMP-BPL,S_AND_T,TurnoutAdjustment,2023-06-26T00:00:00,5.9,342660.0,285
HIS-004917,AST-TRA-0005,SEC-RKMP-BPL,TRACTION,InsulatorReplacement,2025-06-21T00:00:00,4.5,477226.0,528
HIS-004918,AST-TRA-0150,SEC-RKMP-BPL,TRACTION,InsulatorReplacement,2025-06-27T00:00:00,3.9,93566.0,204
HIS-004919,AST-ENG-0223,SEC-RKMP-BPL,ENGINEERING,TrackTamping,2021-09-27T00:00:00,4.5,520864.0,84
HIS-004920,AST-TRA-0213,SEC-RKMP-BPL,TRACTION,DropperReplacement,2025-01-23T00:00:00,5.7,603365.0,360
HIS-004921,AST-ENG-0335,SEC-RKMP-BPL,ENGINEERING,SleeperRenewal,2025-05-02T00:00:00,5.4,526990.0,293
HIS-004922,AST-S_A-0417,SEC-RKMP-BPL,S_AND_T,TurnoutAdjustment,2023-09-19T00:00:00,2.9,131856.0,300
HIS-004923,AST-S_A-0363,SEC-RKMP-BPL,S_AND_T,TurnoutAdjustment,2022-05-21T00:00:00,6.0,129206.0,570
HIS-004924,AST-ENG-0052,SEC-RKMP-BPL,ENGINEERING,SleeperRenewal,2023-09-18T00:00:00,3.6,318161.0,254
HIS-004925,AST-S_A-0183,SEC-RKMP-BPL,S_AND_T,PointMachineOverhaul,2025-02-05T00:00:00,4.8,282045.0,472
HIS-004926,AST-S_A-0081,SEC-RKMP-BPL,S_AND_T,PointMachineOverhaul,2025-12-22T00:00:00,3.9,55127.0,232
HIS-004927,AST-ENG-0235,SEC-RKMP-BPL,ENGINEERING,BallastCleaning,2022-12-30T00:00:00,1.5,234289.0,448
HIS-004928,AST-ENG-0344,SEC-RKMP-BPL,ENGINEERING,TrackTamping,2025-03-16T00:00:00,3.1,321352.0,365
HIS-004929,AST-S_A-0180,SEC-RKMP-BPL,S_AND_T,SignalCableRenewal,2022-04-15T00:00:00,5.9,447313.0,486
HIS-004930,AST-ENG-0182,SEC-RKMP-BPL,ENGINEERING,BallastCleaning,2025-08-10T00:00:00,5.9,278939.0,443
HIS-004931,AST-ENG-0034,SEC-RKMP-BPL,ENGINEERING,JointWelding,2025-04-04T00:00:00,1.5,142234.0,363
HIS-004932,AST-S_A-0435,SEC-RKMP-BPL,S_AND_T,AxleCounterCalibration,2024-12-20T00:00:00,3.2,607379.0,432
HIS-004933,AST-TRA-0159,SEC-RKMP-BPL,TRACTION,InsulatorReplacement,2024-07-15T00:00:00,4.3,179111.0,268
HIS-004934,AST-TRA-0482,SEC-RKMP-BPL,TRACTION,OHEInspection,2025-03-06T00:00:00,3.1,405171.0,154
HIS-004935,AST-TRA-0096,SEC-RKMP-BPL,TRACTION,InsulatorReplacement,2025-03-30T00:00:00,4.9,313341.0,160
HIS-004936,AST-ENG-0304,SEC-RKMP-BPL,ENGINEERING,SleeperRenewal,2023-02-28T00:00:00,3.5,642071.0,312
HIS-004937,AST-TRA-0131,SEC-RKMP-BPL,TRACTION,ContactWireReplacement,2026-07-07T00:00:00,5.9,184023.0,315
HIS-004938,AST-S_A-0152,SEC-RKMP-BPL,S_AND_T,SignalCableRenewal,2025-04-11T00:00:00,6.1,547877.0,30
HIS-004939,AST-ENG-0056,SEC-RKMP-BPL,ENGINEERING,BallastCleaning,2023-01-11T00:00:00,3.9,187839.0,312
HIS-004940,AST-TRA-0032,SEC-RKMP-BPL,TRACTION,DropperReplacement,2025-07-19T00:00:00,1.6,610510.0,258
HIS-004941,AST-S_A-0090,SEC-RKMP-BPL,S_AND_T,TurnoutAdjustment,2022-06-29T00:00:00,5.2,100658.0,537
HIS-004942,AST-S_A-0243,SEC-RKMP-BPL,S_AND_T,AxleCounterCalibration,2022-01-04T00:00:00,3.8,146157.0,233
HIS-004943,AST-S_A-0237,SEC-RKMP-BPL,S_AND_T,SignalCableRenewal,2025-02-11T00:00:00,4.4,91174.0,240
HIS-004944,AST-S_A-0300,SEC-RKMP-BPL,S_AND_T,TurnoutAdjustment,2024-02-22T00:00:00,5.4,488372.0,312
HIS-004945,AST-ENG-0376,SEC-RKMP-BPL,ENGINEERING,RailGrinding,2024-04-19T00:00:00,3.6,244766.0,412
HIS-004946,AST-TRA-0275,SEC-RKMP-BPL,TRACTION,OHEInspection,2025-12-04T00:00:00,6.2,466256.0,541
HIS-004947,AST-ENG-0127,SEC-RKMP-BPL,ENGINEERING,SleeperRenewal,2022-10-17T00:00:00,3.3,112329.0,256
HIS-004948,AST-S_A-0117,SEC-RKMP-BPL,S_AND_T,PointMachineOverhaul,2022-02-16T00:00:00,5.4,543954.0,381
HIS-004949,AST-S_A-0355,SEC-RKMP-BPL,S_AND_T,PointMachineOverhaul,2023-11-19T00:00:00,7.0,222599.0,273
HIS-004950,AST-S_A-0279,SEC-RKMP-BPL,S_AND_T,PointMachineOverhaul,2026-01-11T00:00:00,5.7,60225.0,313
HIS-004951,AST-S_A-0328,SEC-RKMP-BPL,S_AND_T,SignalCableRenewal,2025-06-24T00:00:00,1.8,71905.0,419
HIS-004952,AST-S_A-0174,SEC-RKMP-BPL,S_AND_T,AxleCounterCalibration,2024-12-15T00:00:00,4.8,400518.0,169
HIS-004953,AST-TRA-0249,SEC-RKMP-BPL,TRACTION,DropperReplacement,2024-02-07T00:00:00,6.1,367494.0,471
HIS-004954,AST-S_A-0332,SEC-RKMP-BPL,S_AND_T,TurnoutAdjustment,2025-02-22T00:00:00,3.9,221032.0,267
HIS-004955,AST-ENG-0172,SEC-RKMP-BPL,ENGINEERING,SleeperRenewal,2023-06-09T00:00:00,3.1,43638.0,410
HIS-004956,AST-TRA-0275,SEC-RKMP-BPL,TRACTION,InsulatorReplacement,2026-06-21T00:00:00,2.9,451821.0,444
HIS-004957,AST-ENG-0038,SEC-RKMP-BPL,ENGINEERING,RailGrinding,2023-09-06T00:00:00,7.0,175829.0,323
HIS-004958,AST-ENG-0397,SEC-RKMP-BPL,ENGINEERING,TrackTamping,2026-09-05T00:00:00,2.0,599776.0,230
HIS-004959,AST-S_A-0247,SEC-RKMP-BPL,S_AND_T,AxleCounterCalibration,2026-07-09T00:00:00,3.2,570610.0,398
HIS-004960,AST-ENG-0208,SEC-RKMP-BPL,ENGINEERING,SleeperRenewal,2022-07-24T00:00:00,1.1,32882.0,31
HIS-004961,AST-ENG-0496,SEC-RKMP-BPL,ENGINEERING,BallastCleaning,2023-01-06T00:00:00,5.9,507913.0,425
HIS-004962,AST-TRA-0393,SEC-RKMP-BPL,TRACTION,OHEInspection,2024-06-23T00:00:00,7.5,63410.0,63
HIS-004963,AST-S_A-0459,SEC-RKMP-BPL,S_AND_T,SignalCableRenewal,2024-06-03T00:00:00,7.2,604288.0,159
HIS-004964,AST-S_A-0103,SEC-RKMP-BPL,S_AND_T,PointMachineOverhaul,2025-11-21T00:00:00,4.6,559382.0,398
HIS-004965,AST-S_A-0498,SEC-RKMP-BPL,S_AND_T,SignalCableRenewal,2021-12-01T00:00:00,7.2,109241.0,468
HIS-004966,AST-S_A-0444,SEC-RKMP-BPL,S_AND_T,SignalCableRenewal,2022-01-13T00:00:00,5.6,552435.0,76
HIS-004967,AST-S_A-0242,SEC-RKMP-BPL,S_AND_T,PointMachineOverhaul,2026-06-13T00:00:00,4.9,551754.0,381
HIS-004968,AST-ENG-0110,SEC-RKMP-BPL,ENGINEERING,RailGrinding,2022-07-02T00:00:00,5.3,376020.0,242
HIS-004969,AST-ENG-0271,SEC-RKMP-BPL,ENGINEERING,TrackTamping,2024-07-31T00:00:00,4.7,433176.0,126
HIS-004970,AST-ENG-0407,SEC-RKMP-BPL,ENGINEERING,JointWelding,2023-11-28T00:00:00,4.2,95647.0,367
HIS-004971,AST-S_A-0373,SEC-RKMP-BPL,S_AND_T,AxleCounterCalibration,2023-12-30T00:00:00,4.3,468666.0,102
HIS-004972,AST-S_A-0012,SEC-RKMP-BPL,S_AND_T,PointMachineOverhaul,2025-01-30T00:00:00,4.8,437549.0,254
HIS-004973,AST-ENG-0443,SEC-RKMP-BPL,ENGINEERING,TrackTamping,2023-09-14T00:00:00,4.5,641895.0,345
HIS-004974,AST-S_A-0076,SEC-RKMP-BPL,S_AND_T,TurnoutAdjustment,2022-05-15T00:00:00,6.5,234635.0,453
HIS-004975,AST-S_A-0234,SEC-RKMP-BPL,S_AND_T,TurnoutAdjustment,2021-12-20T00:00:00,4.8,273665.0,10
HIS-004976,AST-ENG-0380,SEC-RKMP-BPL,ENGINEERING,TrackTamping,2025-05-05T00:00:00,5.1,189157.0,310
HIS-004977,AST-S_A-0089,SEC-RKMP-BPL,S_AND_T,TurnoutAdjustment,2026-04-07T00:00:00,6.6,437182.0,147
HIS-004978,AST-ENG-0007,SEC-RKMP-BPL,ENGINEERING,JointWelding,2022-09-21T00:00:00,5.5,521595.0,133
HIS-004979,AST-ENG-0322,SEC-RKMP-BPL,ENGINEERING,TrackTamping,2022-06-18T00:00:00,1.4,414037.0,290
HIS-004980,AST-S_A-0369,SEC-RKMP-BPL,S_AND_T,SignalCableRenewal,2022-05-23T00:00:00,3.2,37721.0,383
HIS-004981,AST-TRA-0276,SEC-RKMP-BPL,TRACTION,DropperReplacement,2025-09-22T00:00:00,6.0,572534.0,396
HIS-004982,AST-ENG-0280,SEC-RKMP-BPL,ENGINEERING,SleeperRenewal,2026-07-07T00:00:00,6.8,501057.0,103
HIS-004983,AST-ENG-0295,SEC-RKMP-BPL,ENGINEERING,TrackTamping,2022-08-29T00:00:00,1.8,78011.0,315
HIS-004984,AST-S_A-0093,SEC-RKMP-BPL,S_AND_T,AxleCounterCalibration,2022-08-20T00:00:00,7.2,232541.0,479
HIS-004985,AST-S_A-0269,SEC-RKMP-BPL,S_AND_T,SignalCableRenewal,2022-04-24T00:00:00,3.7,509723.0,386
HIS-004986,AST-S_A-0454,SEC-RKMP-BPL,S_AND_T,PointMachineOverhaul,2022-01-09T00:00:00,7.3,303467.0,238
HIS-004987,AST-ENG-0424,SEC-RKMP-BPL,ENGINEERING,BallastCleaning,2023-01-10T00:00:00,3.5,463622.0,340
HIS-004988,AST-ENG-0415,SEC-RKMP-BPL,ENGINEERING,BallastCleaning,2022-05-02T00:00:00,4.8,532411.0,479
HIS-004989,AST-ENG-0443,SEC-RKMP-BPL,ENGINEERING,RailGrinding,2024-01-18T00:00:00,5.0,430455.0,222
HIS-004990,AST-S_A-0345,SEC-RKMP-BPL,S_AND_T,PointMachineOverhaul,2026-06-30T00:00:00,3.5,505360.0,404
HIS-004991,AST-ENG-0223,SEC-RKMP-BPL,ENGINEERING,RailGrinding,2023-06-22T00:00:00,5.3,120921.0,242
HIS-004992,AST-S_A-0363,SEC-RKMP-BPL,S_AND_T,AxleCounterCalibration,2022-11-04T00:00:00,7.8,313405.0,393
HIS-004993,AST-S_A-0328,SEC-RKMP-BPL,S_AND_T,AxleCounterCalibration,2024-11-24T00:00:00,5.7,500915.0,308
HIS-004994,AST-S_A-0099,SEC-RKMP-BPL,S_AND_T,TurnoutAdjustment,2022-03-03T00:00:00,1.1,300661.0,224
HIS-004995,AST-S_A-0387,SEC-RKMP-BPL,S_AND_T,PointMachineOverhaul,2026-02-01T00:00:00,1.6,89824.0,422
HIS-004996,AST-S_A-0012,SEC-RKMP-BPL,S_AND_T,TurnoutAdjustment,2023-08-25T00:00:00,4.8,46048.0,117
HIS-004997,AST-TRA-0005,SEC-RKMP-BPL,TRACTION,InsulatorReplacement,2022-02-19T00:00:00,7.4,438494.0,381
HIS-004998,AST-ENG-0461,SEC-RKMP-BPL,ENGINEERING,JointWelding,2025-02-01T00:00:00,6.8,320938.0,240
HIS-004999,AST-S_A-0099,SEC-RKMP-BPL,S_AND_T,PointMachineOverhaul,2026-02-12T00:00:00,7.5,77363.0,205
HIS-005000,AST-TRA-0015,SEC-RKMP-BPL,TRACTION,DropperReplacement,2026-02-01T00:00:00,1.6,146841.0,123
