task_id,asset_id,section_id,department,maintenance_type,work_type,severity,urgency,duration_hours,deadline,required_workers,required_machine,is_safety_critical
TSK-00001,AST-ENG-0387,SEC-RKMP-BPL,ENGINEERING,TrackTamping,TrackTamping,2,2,4.0,2026-10-19T02:00:00,15,DuomaticTampingMachine,False
TSK-00002,AST-S_A-0488,SEC-RKMP-BPL,S_AND_T,SignalCableRenewal,SignalCableRenewal,5,5,4.5,2026-11-16T04:00:00,14,CableTestingVan,True
TSK-00003,AST-TRA-0226,SEC-RKMP-BPL,TRACTION,InsulatorReplacement,InsulatorReplacement,3,4,3.5,2026-10-13T01:00:00,15,TowerWagon,False
TSK-00004,AST-ENG-0222,SEC-RKMP-BPL,ENGINEERING,BallastCleaning,BallastCleaning,5,5,3.5,2026-09-30T00:00:00,10,BallastCleaningMachine,True
TSK-00005,AST-S_A-0414,SEC-RKMP-BPL,S_AND_T,AxleCounterCalibration,AxleCounterCalibration,2,4,2.5,2026-11-05T00:00:00,13,SignalTestingKit,False
TSK-00006,AST-TRA-0447,SEC-RKMP-BPL,TRACTION,OHEInspection,OHEInspection,3,2,4.5,2026-11-18T04:00:00,5,TowerWagon,False
TSK-00007,AST-ENG-0078,SEC-RKMP-BPL,ENGINEERING,BallastCleaning,BallastCleaning,3,2,4.5,2026-11-09T05:00:00,13,BallastCleaningMachine,False
TSK-00008,AST-S_A-0186,SEC-RKMP-BPL,S_AND_T,AxleCounterCalibration,AxleCounterCalibration,5,5,1.5,2026-10-21T04:00:00,5,SignalTestingKit,True
TSK-00009,AST-TRA-0238,SEC-RKMP-BPL,TRACTION,DropperReplacement,DropperReplacement,2,4,2.5,2026-09-30T03:00:00,12,TowerWagon,False
TSK-00010,AST-ENG-0351,SEC-RKMP-BPL,ENGINEERING,SleeperRenewal,SleeperRenewal,4,3,1.5,2026-10-07T04:00:00,14,TrackRelayingTrain,False
TSK-00011,AST-S_A-0145,SEC-RKMP-BPL,S_AND_T,AxleCounterCalibration,AxleCounterCalibration,5,5,2.5,2026-11-09T03:00:00,4,SignalTestingKit,True
TSK-00012,AST-TRA-0004,SEC-RKMP-BPL,TRACTION,InsulatorReplacement,InsulatorReplacement,2,4,5.0,2026-11-19T04:00:00,12,TowerWagon,False
TSK-00013,AST-ENG-0230,SEC-RKMP-BPL,ENGINEERING,BallastCleaning,BallastCleaning,5,5,3.5,2026-10-30T00:00:00,4,BallastCleaningMachine,True
TSK-00014,AST-S_A-0335,SEC-RKMP-BPL,S_AND_T,PointMachineOverhaul,PointMachineOverhaul,3,3,4.0,2026-10-21T05:00:00,10,TowerWagon,False
TSK-00015,AST-TRA-0277,SEC-RKMP-BPL,TRACTION,DropperReplacement,DropperReplacement,5,5,1.5,2026-10-29T04:00:00,7,TowerWagon,True
TSK-00016,AST-ENG-0219,SEC-RKMP-BPL,ENGINEERING,RailGrinding,RailGrinding,2,2,6.0,2026-09-29T01:00:00,8,RailGrindingMachine,False
TSK-00017,AST-S_A-0030,SEC-RKMP-BPL,S_AND_T,AxleCounterCalibration,AxleCounterCalibration,2,3,5.0,2026-10-05T05:00:00,7,SignalTestingKit,False
TSK-00018,AST-TRA-0392,SEC-RKMP-BPL,TRACTION,DropperReplacement,DropperReplacement,2,2,6.0,2026-11-08T02:00:00,8,TowerWagon,False
TSK-00019,AST-ENG-0012,SEC-RKMP-BPL,ENGINEERING,RailGrinding,RailGrinding,4,2,1.5,2026-09-18T04:00:00,13,RailGrindingMachine,False
TSK-00020,AST-S_A-0251,SEC-RKMP-BPL,S_AND_T,AxleCounterCalibration,AxleCounterCalibration,2,3,6.0,2026-09-23T02:00:00,12,SignalTestingKit,False
TSK-00021,AST-TRA-0151,SEC-RKMP-BPL,TRACTION,ContactWireReplacement,ContactWireReplacement,5,5,4.5,2026-11-05T03:00:00,8,TowerWagon,True
TSK-00022,AST-ENG-0060,SEC-RKMP-BPL,ENGINEERING,RailGrinding,RailGrinding,3,2,3.0,2026-12-04T02:00:00,15,RailGrindingMachine,False
TSK-00023,AST-S_A-0485,SEC-RKMP-BPL,S_AND_T,AxleCounterCalibration,AxleCounterCalibration,4,2,2.5,2026-11-18T01:00:00,13,SignalTestingKit,False
TSK-00024,AST-TRA-0049,SEC-RKMP-BPL,TRACTION,ContactWireReplacement,ContactWireReplacement,4,2,3.5,2026-11-29T00:00:00,9,TowerWagon,False
TSK-00025,AST-ENG-0290,SEC-RKMP-BPL,ENGINEERING,JointWelding,JointWelding,3,4,3.5,2026-09-25T02:00:00,14,MobileFlashButtWeldingPlant,False
TSK-00026,AST-S_A-0217,SEC-RKMP-BPL,S_AND_T,SignalCableRenewal,SignalCableRenewal,3,2,2.5,2026-11-04T00:00:00,11,CableTestingVan,False
TSK-00027,AST-TRA-0208,SEC-RKMP-BPL,TRACTION,InsulatorReplacement,InsulatorReplacement,3,2,5.0,2026-09-13T01:00:00,9,TowerWagon,False
TSK-00028,AST-ENG-0052,SEC-RKMP-BPL,ENGINEERING,SleeperRenewal,SleeperRenewal,4,3,2.0,2026-11-01T04:00:00,5,TrackRelayingTrain,False
TSK-00029,AST-S_A-0174,SEC-RKMP-BPL,S_AND_T,PointMachineOverhaul,PointMachineOverhaul,3,3,4.0,2026-11-01T01:00:00,3,TowerWagon,False
TSK-00030,AST-TRA-0392,SEC-RKMP-BPL,TRACTION,OHEInspection,OHEInspection,3,4,1.5,2026-09-17T01:00:00,9,TowerWagon,False
TSK-00031,AST-ENG-0286,SEC-RKMP-BPL,ENGINEERING,TrackTamping,TrackTamping,3,3,3.5,2026-10-22T04:00:00,6,DuomaticTampingMachine,False
TSK-00032,AST-S_A-0220,SEC-RKMP-BPL,S_AND_T,AxleCounterCalibration,AxleCounterCalibration,3,2,2.5,2026-09-11T02:00:00,14,SignalTestingKit,False
TSK-00033,AST-TRA-0278,SEC-RKMP-BPL,TRACTION,OHEInspection,OHEInspection,2,3,2.5,2026-09-19T03:00:00,12,TowerWagon,False
TSK-00034,AST-ENG-0364,SEC-RKMP-BPL,ENGINEERING,SleeperRenewal,SleeperRenewal,4,2,6.0,2026-11-17T01:00:00,4,TrackRelayingTrain,False
TSK-00035,AST-S_A-0019,SEC-RKMP-BPL,S_AND_T,TurnoutAdjustment,TurnoutAdjustment,3,4,2.0,2026-10-29T03:00:00,8,,False
TSK-00036,AST-TRA-0159,SEC-RKMP-BPL,TRACTION,InsulatorReplacement,InsulatorReplacement,4,2,2.0,2026-12-03T03:00:00,7,TowerWagon,False
TSK-00037,AST-ENG-0469,SEC-RKMP-BPL,ENGINEERING,JointWelding,JointWelding,4,4,2.0,2026-09-24T03:00:00,3,MobileFlashButtWeldingPlant,False
TSK-00038,AST-S_A-0446,SEC-RKMP-BPL,S_AND_T,TurnoutAdjustment,TurnoutAdjustment,2,3,1.5,2026-11-15T05:00:00,15,,False
TSK-00039,AST-TRA-0158,SEC-RKMP-BPL,TRACTION,OHEInspection,OHEInspection,4,2,1.5,2026-11-17T02:00:00,12,TowerWagon,False
TSK-00040,AST-ENG-0374,SEC-RKMP-BPL,ENGINEERING,SleeperRenewal,SleeperRenewal,2,2,3.0,2026-10-03T00:00:00,16,TrackRelayingTrain,False
TSK-00041,AST-S_A-0416,SEC-RKMP-BPL,S_AND_T,TurnoutAdjustment,TurnoutAdjustment,4,4,6.0,2026-09-23T04:00:00,5,,False
TSK-00042,AST-TRA-0099,SEC-RKMP-BPL,TRACTION,ContactWireReplacement,ContactWireReplacement,3,3,2.5,2026-10-07T05:00:00,13,TowerWagon,False
TSK-00043,AST-ENG-0072,SEC-RKMP-BPL,ENGINEERING,BallastCleaning,BallastCleaning,5,5,6.0,2026-09-11T01:00:00,6,BallastCleaningMachine,True
TSK-00044,AST-S_A-0339,SEC-RKMP-BPL,S_AND_T,TurnoutAdjustment,TurnoutAdjustment,4,3,6.0,2026-09-20T01:00:00,10,,False
TSK-00045,AST-TRA-0100,SEC-RKMP-BPL,TRACTION,OHEInspection,OHEInspection,4,2,5.0,2026-11-20T00:00:00,13,TowerWagon,False
TSK-00046,AST-ENG-0062,SEC-RKMP-BPL,ENGINEERING,BallastCleaning,BallastCleaning,2,3,4.0,2026-12-01T00:00:00,8,BallastCleaningMachine,False
TSK-00047,AST-S_A-0332,SEC-RKMP-BPL,S_AND_T,SignalCableRenewal,SignalCableRenewal,3,2,2.5,2026-12-04T03:00:00,7,CableTestingVan,False
TSK-00048,AST-TRA-0278,SEC-RKMP-BPL,TRACTION,DropperReplacement,DropperReplacement,5,5,2.0,2026-11-05T05:00:00,4,TowerWagon,True
TSK-00049,AST-ENG-0210,SEC-RKMP-BPL,ENGINEERING,SleeperRenewal,SleeperRenewal,4,4,1.5,2026-12-04T00:00:00,11,TrackRelayingTrain,False
TSK-00050,AST-S_A-0234,SEC-RKMP-BPL,S_AND_T,PointMachineOverhaul,PointMachineOverhaul,5,5,4.0,2026-11-18T05:00:00,3,TowerWagon,True
TSK-00051,AST-TRA-0415,SEC-RKMP-BPL,TRACTION,OHEInspection,OHEInspection,4,3,2.5,2026-11-19T02:00:00,6,TowerWagon,False
TSK-00052,AST-ENG-0434,SEC-RKMP-BPL,ENGINEERING,JointWelding,JointWelding,4,3,4.5,2026-11-02T01:00:00,8,MobileFlashButtWeldingPlant,False
TSK-00053,AST-S_A-0326,SEC-RKMP-BPL,S_AND_T,TurnoutAdjustment,TurnoutAdjustment,2,2,6.0,2026-11-26T01:00:00,9,,False
TSK-00054,AST-TRA-0374,SEC-RKMP-BPL,TRACTION,InsulatorReplacement,InsulatorReplacement,5,5,5.0,2026-11-21T05:00:00,4,TowerWagon,True
TSK-00055,AST-ENG-0298,SEC-RKMP-BPL,ENGINEERING,BallastCleaning,BallastCleaning,4,2,3.0,2026-09-23T01:00:00,14,BallastCleaningMachine,False
TSK-00056,AST-S_A-0461,SEC-RKMP-BPL,S_AND_T,AxleCounterCalibration,AxleCounterCalibration,5,5,4.0,2026-09-24T00:00:00,6,SignalTestingKit,True
TSK-00057,AST-TRA-0058,SEC-RKMP-BPL,TRACTION,OHEInspection,OHEInspection,5,5,3.5,2026-09-11T04:00:00,3,TowerWagon,True
TSK-00058,AST-ENG-0027,SEC-RKMP-BPL,ENGINEERING,JointWelding,JointWelding,4,2,3.0,2026-11-01T03:00:00,12,MobileFlashButtWeldingPlant,False
TSK-00059,AST-S_A-0253,SEC-RKMP-BPL,S_AND_T,AxleCounterCalibration,AxleCounterCalibration,5,5,4.5,2026-11-26T04:00:00,14,SignalTestingKit,True
TSK-00060,AST-TRA-0091,SEC-RKMP-BPL,TRACTION,OHEInspection,OHEInspection,4,3,6.0,2026-10-01T01:00:00,6,TowerWagon,False
TSK-00061,AST-ENG-0025,SEC-RKMP-BPL,ENGINEERING,RailGrinding,RailGrinding,5,5,1.5,2026-10-13T05:00:00,10,RailGrindingMachine,True
TSK-00062,AST-S_A-0417,SEC-RKMP-BPL,S_AND_T,TurnoutAdjustment,TurnoutAdjustment,5,5,1.5,2026-09-14T02:00:00,15,,True
TSK-00063,AST-TRA-0422,SEC-RKMP-BPL,TRACTION,InsulatorReplacement,InsulatorReplacement,3,4,5.0,2026-11-29T01:00:00,16,TowerWagon,False
TSK-00064,AST-ENG-0322,SEC-RKMP-BPL,ENGINEERING,SleeperRenewal,SleeperRenewal,2,3,4.0,2026-11-18T04:00:00,4,TrackRelayingTrain,False
TSK-00065,AST-S_A-0429,SEC-RKMP-BPL,S_AND_T,AxleCounterCalibration,AxleCounterCalibration,2,2,5.0,2026-10-21T04:00:00,8,SignalTestingKit,False
TSK-00066,AST-TRA-0070,SEC-RKMP-BPL,TRACTION,ContactWireReplacement,ContactWireReplacement,3,3,3.0,2026-10-22T00:00:00,8,TowerWagon,False
TSK-00067,AST-ENG-0184,SEC-RKMP-BPL,ENGINEERING,BallastCleaning,BallastCleaning,2,2,4.5,2026-10-09T02:00:00,8,BallastCleaningMachine,False
TSK-00068,AST-S_A-0475,SEC-RKMP-BPL,S_AND_T,AxleCounterCalibration,AxleCounterCalibration,3,3,4.5,2026-11-30T05:00:00,9,SignalTestingKit,False
TSK-00069,AST-TRA-0425,SEC-RKMP-BPL,TRACTION,InsulatorReplacement,InsulatorReplacement,4,3,3.5,2026-11-07T01:00:00,14,TowerWagon,False
TSK-00070,AST-ENG-0145,SEC-RKMP-BPL,ENGINEERING,TrackTamping,TrackTamping,3,4,2.0,2026-11-14T00:00:00,5,DuomaticTampingMachine,False
TSK-00071,AST-S_A-0067,SEC-RKMP-BPL,S_AND_T,AxleCounterCalibration,AxleCounterCalibration,3,2,6.0,2026-11-03T03:00:00,4,SignalTestingKit,False
TSK-00072,AST-TRA-0468,SEC-RKMP-BPL,TRACTION,DropperReplacement,DropperReplacement,3,3,4.5,2026-09-22T05:00:00,16,TowerWagon,False
TSK-00073,AST-ENG-0392,SEC-RKMP-BPL,ENGINEERING,BallastCleaning,BallastCleaning,4,3,6.0,2026-11-19T05:00:00,16,BallastCleaningMachine,False
TSK-00074,AST-S_A-0048,SEC-RKMP-BPL,S_AND_T,TurnoutAdjustment,TurnoutAdjustment,2,3,3.5,2026-11-03T01:00:00,5,,False
TSK-00075,AST-TRA-0233,SEC-RKMP-BPL,TRACTION,OHEInspection,OHEInspection,3,3,4.5,2026-10-26T04:00:00,13,TowerWagon,False
TSK-00076,AST-ENG-0300,SEC-RKMP-BPL,ENGINEERING,RailGrinding,RailGrinding,5,5,2.0,2026-12-01T05:00:00,4,RailGrindingMachine,True
TSK-00077,AST-S_A-0044,SEC-RKMP-BPL,S_AND_T,SignalCableRenewal,SignalCableRenewal,2,4,3.5,2026-11-07T04:00:00,8,CableTestingVan,False
TSK-00078,AST-TRA-0167,SEC-RKMP-BPL,TRACTION,DropperReplacement,DropperReplacement,4,3,4.5,2026-11-28T04:00:00,13,TowerWagon,False
TSK-00079,AST-ENG-0158,SEC-RKMP-BPL,ENGINEERING,BallastCleaning,BallastCleaning,3,3,2.5,2026-09-24T05:00:00,5,BallastCleaningMachine,False
TSK-00080,AST-S_A-0192,SEC-RKMP-BPL,S_AND_T,SignalCableRenewal,SignalCableRenewal,3,4,2.0,2026-11-13T01:00:00,10,CableTestingVan,False
TSK-00081,AST-TRA-0240,SEC-RKMP-BPL,TRACTION,DropperReplacement,DropperReplacement,4,4,2.0,2026-10-13T03:00:00,16,TowerWagon,False
TSK-00082,AST-ENG-0060,SEC-RKMP-BPL,ENGINEERING,BallastCleaning,BallastCleaning,5,5,2.5,2026-11-24T05:00:00,11,BallastCleaningMachine,True
TSK-00083,AST-S_A-0295,SEC-RKMP-BPL,S_AND_T,PointMachineOverhaul,PointMachineOverhaul,4,4,1.5,2026-11-10T03:00:00,3,TowerWagon,False
TSK-00084,AST-TRA-0148,SEC-RKMP-BPL,TRACTION,OHEInspection,OHEInspection,3,4,6.0,2026-10-20T01:00:00,9,TowerWagon,False
TSK-00085,AST-ENG-0391,SEC-RKMP-BPL,ENGINEERING,SleeperRenewal,SleeperRenewal,4,2,3.5,2026-09-19T02:00:00,16,TrackRelayingTrain,False
TSK-00086,AST-S_A-0419,SEC-RKMP-BPL,S_AND_T,AxleCounterCalibration,AxleCounterCalibration,2,3,1.5,2026-09-19T03:00:00,16,SignalTestingKit,False
TSK-00087,AST-TRA-0046,SEC-RKMP-BPL,TRACTION,DropperReplacement,DropperReplacement,3,2,4.5,2026-11-28T05:00:00,3,TowerWagon,False
TSK-00088,AST-ENG-0389,SEC-RKMP-BPL,ENGINEERING,JointWelding,JointWelding,4,2,5.0,2026-09-27T00:00:00,15,MobileFlashButtWeldingPlant,False
TSK-00089,AST-S_A-0003,SEC-RKMP-BPL,S_AND_T,TurnoutAdjustment,TurnoutAdjustment,4,2,2.0,2026-09-14T04:00:00,11,,False
TSK-00090,AST-TRA-0425,SEC-RKMP-BPL,TRACTION,OHEInspection,OHEInspection,2,4,2.5,2026-09-15T04:00:00,14,TowerWagon,False
TSK-00091,AST-ENG-0350,SEC-RKMP-BPL,ENGINEERING,JointWelding,JointWelding,2,2,5.0,2026-11-23T02:00:00,3,MobileFlashButtWeldingPlant,False
TSK-00092,AST-S_A-0253,SEC-RKMP-BPL,S_AND_T,SignalCableRenewal,SignalCableRenewal,3,2,3.5,2026-11-15T03:00:00,11,CableTestingVan,False
TSK-00093,AST-TRA-0368,SEC-RKMP-BPL,TRACTION,InsulatorReplacement,InsulatorReplacement,3,4,1.5,2026-09-27T00:00:00,6,TowerWagon,False
TSK-00094,AST-ENG-0306,SEC-RKMP-BPL,ENGINEERING,SleeperRenewal,SleeperRenewal,5,5,3.5,2026-09-14T00:00:00,11,TrackRelayingTrain,True
TSK-00095,AST-S_A-0443,SEC-RKMP-BPL,S_AND_T,TurnoutAdjustment,TurnoutAdjustment,5,5,3.5,2026-11-12T02:00:00,5,,True
TSK-00096,AST-TRA-0092,SEC-RKMP-BPL,TRACTION,InsulatorReplacement,InsulatorReplacement,2,3,3.0,2026-12-06T03:00:00,9,TowerWagon,False
TSK-00097,AST-ENG-0287,SEC-RKMP-BPL,ENGINEERING,JointWelding,JointWelding,3,3,3.5,2026-09-22T01:00:00,16,MobileFlashButtWeldingPlant,False
TSK-00098,AST-S_A-0350,SEC-RKMP-BPL,S_AND_T,SignalCableRenewal,SignalCableRenewal,5,5,2.5,2026-11-06T02:00:00,16,CableTestingVan,True
TSK-00099,AST-TRA-0255,SEC-RKMP-BPL,TRACTION,OHEInspection,OHEInspection,5,5,4.5,2026-10-15T05:00:00,9,TowerWagon,True
TSK-00100,AST-ENG-0068,SEC-RKMP-BPL,ENGINEERING,JointWelding,JointWelding,4,3,6.0,2026-10-04T00:00:00,7,MobileFlashButtWeldingPlant,False
TSK-00101,AST-S_A-0318,SEC-RKMP-BPL,S_AND_T,PointMachineOverhaul,PointMachineOverhaul,4,3,6.0,2026-10-16T00:00:00,8,TowerWagon,False
TSK-00102,AST-TRA-0159,SEC-RKMP-BPL,TRACTION,DropperReplacement,DropperReplacement,2,2,6.0,2026-09-13T01:00:00,8,TowerWagon,False
TSK-00103,AST-ENG-0287,SEC-RKMP-BPL,ENGINEERING,TrackTamping,TrackTamping,3,3,3.0,2026-10-30T03:00:00,12,DuomaticTampingMachine,False
TSK-00104,AST-S_A-0159,SEC-RKMP-BPL,S_AND_T,SignalCableRenewal,SignalCableRenewal,3,3,2.5,2026-11-19T02:00:00,10,CableTestingVan,False
TSK-00105,AST-TRA-0181,SEC-RKMP-BPL,TRACTION,DropperReplacement,DropperReplacement,2,4,6.0,2026-10-25T04:00:00,13,TowerWagon,False
TSK-00106,AST-ENG-0252,SEC-RKMP-BPL,ENGINEERING,JointWelding,JointWelding,3,4,4.5,2026-10-26T01:00:00,14,MobileFlashButtWeldingPlant,False
TSK-00107,AST-S_A-0248,SEC-RKMP-BPL,S_AND_T,PointMachineOverhaul,PointMachineOverhaul,4,2,1.5,2026-09-20T00:00:00,4,TowerWagon,False
TSK-00108,AST-TRA-0141,SEC-RKMP-BPL,TRACTION,ContactWireReplacement,ContactWireReplacement,2,4,4.0,2026-10-09T02:00:00,5,TowerWagon,False
TSK-00109,AST-ENG-0008,SEC-RKMP-BPL,ENGINEERING,JointWelding,JointWelding,4,2,3.0,2026-11-22T04:00:00,14,MobileFlashButtWeldingPlant,False
TSK-00110,AST-S_A-0301,SEC-RKMP-BPL,S_AND_T,TurnoutAdjustment,TurnoutAdjustment,2,4,4.5,2026-09-20T03:00:00,8,,False
TSK-00111,AST-TRA-0387,SEC-RKMP-BPL,TRACTION,OHEInspection,OHEInspection,4,3,3.0,2026-10-07T04:00:00,12,TowerWagon,False
TSK-00112,AST-ENG-0321,SEC-RKMP-BPL,ENGINEERING,JointWelding,JointWelding,3,2,3.0,2026-09-10T04:00:00,5,MobileFlashButtWeldingPlant,False
TSK-00113,AST-S_A-0083,SEC-RKMP-BPL,S_AND_T,SignalCableRenewal,SignalCableRenewal,2,4,3.0,2026-11-23T05:00:00,16,CableTestingVan,False
TSK-00114,AST-TRA-0496,SEC-RKMP-BPL,TRACTION,InsulatorReplacement,InsulatorReplacement,2,2,4.0,2026-09-22T03:00:00,9,TowerWagon,False
TSK-00115,AST-ENG-0378,SEC-RKMP-BPL,ENGINEERING,JointWelding,JointWelding,5,5,1.5,2026-10-18T02:00:00,9,MobileFlashButtWeldingPlant,True
TSK-00116,AST-S_A-0091,SEC-RKMP-BPL,S_AND_T,PointMachineOverhaul,PointMachineOverhaul,2,2,2.5,2026-11-29T05:00:00,3,TowerWagon,False
TSK-00117,AST-TRA-0246,SEC-RKMP-BPL,TRACTION,ContactWireReplacement,ContactWireReplacement,5,5,6.0,2026-11-01T04:00:00,9,TowerWagon,True
TSK-00118,AST-ENG-0122,SEC-RKMP-BPL,ENGINEERING,RailGrinding,RailGrinding,3,4,5.0,2026-11-24T05:00:00,11,RailGrindingMachine,False
TSK-00119,AST-S_A-0382,SEC-RKMP-BPL,S_AND_T,AxleCounterCalibration,AxleCounterCalibration,4,3,4.0,2026-09-15T04:00:00,8,SignalTestingKit,False
TSK-00120,AST-TRA-0423,SEC-RKMP-BPL,TRACTION,InsulatorReplacement,InsulatorReplacement,3,3,2.5,2026-10-22T03:00:00,13,TowerWagon,False
TSK-00121,AST-ENG-0455,SEC-RKMP-BPL,ENGINEERING,BallastCleaning,BallastCleaning,3,3,2.5,2026-11-01T00:00:00,14,BallastCleaningMachine,False
TSK-00122,AST-S_A-0266,SEC-RKMP-BPL,S_AND_T,AxleCounterCalibration,AxleCounterCalibration,3,3,3.5,2026-09-19T00:00:00,8,SignalTestingKit,False
TSK-00123,AST-TRA-0089,SEC-RKMP-BPL,TRACTION,OHEInspection,OHEInspection,5,5,1.5,2026-10-10T01:00:00,5,TowerWagon,True
TSK-00124,AST-ENG-0464,SEC-RKMP-BPL,ENGINEERING,SleeperRenewal,SleeperRenewal,3,2,4.5,2026-10-19T02:00:00,7,TrackRelayingTrain,False
TSK-00125,AST-S_A-0140,SEC-RKMP-BPL,S_AND_T,PointMachineOverhaul,PointMachineOverhaul,4,3,2.0,2026-11-11T03:00:00,11,TowerWagon,False
TSK-00126,AST-TRA-0239,SEC-RKMP-BPL,TRACTION,InsulatorReplacement,InsulatorReplacement,2,4,6.0,2026-11-16T03:00:00,15,TowerWagon,False
TSK-00127,AST-ENG-0392,SEC-RKMP-BPL,ENGINEERING,SleeperRenewal,SleeperRenewal,4,3,3.5,2026-11-26T00:00:00,4,TrackRelayingTrain,False
TSK-00128,AST-S_A-0277,SEC-RKMP-BPL,S_AND_T,SignalCableRenewal,SignalCableRenewal,2,2,6.0,2026-11-07T02:00:00,16,CableTestingVan,False
TSK-00129,AST-TRA-0367,SEC-RKMP-BPL,TRACTION,InsulatorReplacement,InsulatorReplacement,5,5,6.0,2026-11-15T03:00:00,7,TowerWagon,True
TSK-00130,AST-ENG-0021,SEC-RKMP-BPL,ENGINEERING,RailGrinding,RailGrinding,4,3,3.5,2026-11-18T05:00:00,9,RailGrindingMachine,False
TSK-00131,AST-S_A-0489,SEC-RKMP-BPL,S_AND_T,PointMachineOverhaul,PointMachineOverhaul,5,5,2.5,2026-10-16T00:00:00,14,TowerWagon,True
TSK-00132,AST-TRA-0278,SEC-RKMP-BPL,TRACTION,ContactWireReplacement,ContactWireReplacement,2,2,3.5,2026-11-20T01:00:00,15,TowerWagon,False
TSK-00133,AST-ENG-0187,SEC-RKMP-BPL,ENGINEERING,TrackTamping,TrackTamping,4,4,6.0,2026-09-14T02:00:00,4,DuomaticTampingMachine,False
TSK-00134,AST-S_A-0387,SEC-RKMP-BPL,S_AND_T,SignalCableRenewal,SignalCableRenewal,3,2,1.5,2026-11-26T04:00:00,13,CableTestingVan,False
TSK-00135,AST-TRA-0118,SEC-RKMP-BPL,TRACTION,InsulatorReplacement,InsulatorReplacement,5,5,1.5,2026-11-04T01:00:00,15,TowerWagon,True
TSK-00136,AST-ENG-0258,SEC-RKMP-BPL,ENGINEERING,JointWelding,JointWelding,4,4,2.5,2026-11-09T03:00:00,3,MobileFlashButtWeldingPlant,False
TSK-00137,AST-S_A-0336,SEC-RKMP-BPL,S_AND_T,SignalCableRenewal,SignalCableRenewal,4,4,2.5,2026-10-01T02:00:00,14,CableTestingVan,False
TSK-00138,AST-TRA-0150,SEC-RKMP-BPL,TRACTION,InsulatorReplacement,InsulatorReplacement,3,4,4.5,2026-11-01T02:00:00,8,TowerWagon,False
TSK-00139,AST-ENG-0094,SEC-RKMP-BPL,ENGINEERING,JointWelding,JointWelding,3,4,4.5,2026-09-17T04:00:00,7,MobileFlashButtWeldingPlant,False
TSK-00140,AST-S_A-0500,SEC-RKMP-BPL,S_AND_T,SignalCableRenewal,SignalCableRenewal,5,5,4.0,2026-10-06T04:00:00,8,CableTestingVan,True
TSK-00141,AST-TRA-0288,SEC-RKMP-BPL,TRACTION,ContactWireReplacement,ContactWireReplacement,2,3,2.0,2026-12-07T05:00:00,12,TowerWagon,False
TSK-00142,AST-ENG-0458,SEC-RKMP-BPL,ENGINEERING,BallastCleaning,BallastCleaning,2,2,2.0,2026-10-24T02:00:00,4,BallastCleaningMachine,False
TSK-00143,AST-S_A-0101,SEC-RKMP-BPL,S_AND_T,PointMachineOverhaul,PointMachineOverhaul,4,3,3.5,2026-09-11T01:00:00,9,TowerWagon,False
TSK-00144,AST-TRA-0211,SEC-RKMP-BPL,TRACTION,OHEInspection,OHEInspection,4,2,5.0,2026-12-04T05:00:00,13,TowerWagon,False
TSK-00145,AST-ENG-0449,SEC-RKMP-BPL,ENGINEERING,RailGrinding,RailGrinding,2,3,3.0,2026-09-30T03:00:00,7,RailGrindingMachine,False
TSK-00146,AST-S_A-0372,SEC-RKMP-BPL,S_AND_T,AxleCounterCalibration,AxleCounterCalibration,4,2,2.0,2026-11-01T03:00:00,12,SignalTestingKit,False
TSK-00147,AST-TRA-0162,SEC-RKMP-BPL,TRACTION,OHEInspection,OHEInspection,2,3,2.0,2026-09-23T02:00:00,15,TowerWagon,False
TSK-00148,AST-ENG-0396,SEC-RKMP-BPL,ENGINEERING,RailGrinding,RailGrinding,4,4,4.0,2026-11-18T03:00:00,9,RailGrindingMachine,False
TSK-00149,AST-S_A-0338,SEC-RKMP-BPL,S_AND_T,SignalCableRenewal,SignalCableRenewal,3,2,2.5,2026-11-21T04:00:00,15,CableTestingVan,False
TSK-00150,AST-TRA-0282,SEC-RKMP-BPL,TRACTION,ContactWireReplacement,ContactWireReplacement,4,3,2.5,2026-09-19T02:00:00,12,TowerWagon,False
TSK-00151,AST-ENG-0217,SEC-RKMP-BPL,ENGINEERING,JointWelding,JointWelding,5,5,2.0,2026-09-13T05:00:00,16,MobileFlashButtWeldingPlant,True
TSK-00152,AST-S_A-0021,SEC-RKMP-BPL,S_AND_T,PointMachineOverhaul,PointMachineOverhaul,2,3,1.5,2026-10-01T03:00:00,3,TowerWagon,False
TSK-00153,AST-TRA-0157,SEC-RKMP-BPL,TRACTION,InsulatorReplacement,InsulatorReplacement,4,2,1.5,2026-09-14T05:00:00,4,TowerWagon,False
TSK-00154,AST-ENG-0350,SEC-RKMP-BPL,ENGINEERING,JointWelding,JointWelding,2,3,3.5,2026-09-28T05:00:00,7,MobileFlashButtWeldingPlant,False
TSK-00155,AST-S_A-0001,SEC-RKMP-BPL,S_AND_T,TurnoutAdjustment,TurnoutAdjustment,5,5,2.5,2026-09-19T02:00:00,15,,True
TSK-00156,AST-TRA-0255,SEC-RKMP-BPL,TRACTION,ContactWireReplacement,ContactWireReplacement,3,4,2.5,2026-10-23T00:00:00,7,TowerWagon,False
TSK-00157,AST-ENG-0421,SEC-RKMP-BPL,ENGINEERING,BallastCleaning,BallastCleaning,4,3,3.5,2026-10-03T01:00:00,7,BallastCleaningMachine,False
TSK-00158,AST-S_A-0342,SEC-RKMP-BPL,S_AND_T,AxleCounterCalibration,AxleCounterCalibration,3,2,3.0,2026-09-30T04:00:00,7,SignalTestingKit,False
TSK-00159,AST-TRA-0231,SEC-RKMP-BPL,TRACTION,OHEInspection,OHEInspection,5,5,5.0,2026-11-12T01:00:00,5,TowerWagon,True
TSK-00160,AST-ENG-0070,SEC-RKMP-BPL,ENGINEERING,RailGrinding,RailGrinding,5,5,1.5,2026-11-30T00:00:00,3,RailGrindingMachine,True
TSK-00161,AST-S_A-0016,SEC-RKMP-BPL,S_AND_T,AxleCounterCalibration,AxleCounterCalibration,2,3,2.0,2026-09-19T04:00:00,11,SignalTestingKit,False
TSK-00162,AST-TRA-0296,SEC-RKMP-BPL,TRACTION,ContactWireReplacement,ContactWireReplacement,3,3,4.5,2026-11-24T02:00:00,3,TowerWagon,False
TSK-00163,AST-ENG-0082,SEC-RKMP-BPL,ENGINEERING,BallastCleaning,BallastCleaning,2,4,6.0,2026-11-17T05:00:00,14,BallastCleaningMachine,False
TSK-00164,AST-S_A-0228,SEC-RKMP-BPL,S_AND_T,SignalCableRenewal,SignalCableRenewal,4,4,6.0,2026-11-02T05:00:00,16,CableTestingVan,False
TSK-00165,AST-TRA-0160,SEC-RKMP-BPL,TRACTION,ContactWireReplacement,ContactWireReplacement,3,3,3.5,2026-11-20T00:00:00,11,TowerWagon,False
TSK-00166,AST-ENG-0159,SEC-RKMP-BPL,ENGINEERING,SleeperRenewal,SleeperRenewal,3,2,5.0,2026-09-16T05:00:00,3,TrackRelayingTrain,False
TSK-00167,AST-S_A-0083,SEC-RKMP-BPL,S_AND_T,SignalCableRenewal,SignalCableRenewal,4,2,4.0,2026-11-13T05:00:00,12,CableTestingVan,False
TSK-00168,AST-TRA-0446,SEC-RKMP-BPL,TRACTION,ContactWireReplacement,ContactWireReplacement,5,5,2.0,2026-11-01T01:00:00,4,TowerWagon,True
TSK-00169,AST-ENG-0347,SEC-RKMP-BPL,ENGINEERING,SleeperRenewal,SleeperRenewal,2,2,1.5,2026-09-25T04:00:00,10,TrackRelayingTrain,False
TSK-00170,AST-S_A-0009,SEC-RKMP-BPL,S_AND_T,AxleCounterCalibration,AxleCounterCalibration,5,5,3.5,2026-12-07T03:00:00,11,SignalTestingKit,True
TSK-00171,AST-TRA-0449,SEC-RKMP-BPL,TRACTION,DropperReplacement,DropperReplacement,2,2,1.5,2026-11-27T02:00:00,10,TowerWagon,False
TSK-00172,AST-ENG-0026,SEC-RKMP-BPL,ENGINEERING,SleeperRenewal,SleeperRenewal,4,4,3.5,2026-11-01T00:00:00,7,TrackRelayingTrain,False
TSK-00173,AST-S_A-0010,SEC-RKMP-BPL,S_AND_T,TurnoutAdjustment,TurnoutAdjustment,4,2,1.5,2026-11-02T00:00:00,6,,False
TSK-00174,AST-TRA-0306,SEC-RKMP-BPL,TRACTION,DropperReplacement,DropperReplacement,3,4,2.0,2026-10-29T03:00:00,8,TowerWagon,False
TSK-00175,AST-ENG-0284,SEC-RKMP-BPL,ENGINEERING,SleeperRenewal,SleeperRenewal,4,3,2.5,2026-11-16T04:00:00,16,TrackRelayingTrain,False
TSK-00176,AST-S_A-0007,SEC-RKMP-BPL,S_AND_T,AxleCounterCalibration,AxleCounterCalibration,4,2,1.5,2026-11-19T02:00:00,10,SignalTestingKit,False
TSK-00177,AST-TRA-0445,SEC-RKMP-BPL,TRACTION,InsulatorReplacement,InsulatorReplacement,5,5,4.0,2026-10-15T00:00:00,12,TowerWagon,True
TSK-00178,AST-ENG-0481,SEC-RKMP-BPL,ENGINEERING,RailGrinding,RailGrinding,4,4,2.5,2026-09-25T04:00:00,5,RailGrindingMachine,False
TSK-00179,AST-S_A-0107,SEC-RKMP-BPL,S_AND_T,TurnoutAdjustment,TurnoutAdjustment,3,3,3.0,2026-10-21T05:00:00,13,,False
TSK-00180,AST-TRA-0259,SEC-RKMP-BPL,TRACTION,OHEInspection,OHEInspection,4,3,1.5,2026-11-15T03:00:00,13,TowerWagon,False
TSK-00181,AST-ENG-0053,SEC-RKMP-BPL,ENGINEERING,BallastCleaning,BallastCleaning,3,2,5.0,2026-11-29T04:00:00,15,BallastCleaningMachine,False
TSK-00182,AST-S_A-0103,SEC-RKMP-BPL,S_AND_T,TurnoutAdjustment,TurnoutAdjustment,4,3,3.0,2026-11-15T02:00:00,3,,False
TSK-00183,AST-TRA-0360,SEC-RKMP-BPL,TRACTION,InsulatorReplacement,InsulatorReplacement,3,3,6.0,2026-11-27T03:00:00,8,TowerWagon,False
TSK-00184,AST-ENG-0291,SEC-RKMP-BPL,ENGINEERING,BallastCleaning,BallastCleaning,3,3,3.0,2026-10-16T00:00:00,11,BallastCleaningMachine,False
TSK-00185,AST-S_A-0099,SEC-RKMP-BPL,S_AND_T,TurnoutAdjustment,TurnoutAdjustment,5,5,3.0,2026-10-13T02:00:00,8,,True
TSK-00186,AST-TRA-0082,SEC-RKMP-BPL,TRACTION,OHEInspection,OHEInspection,4,2,2.5,2026-11-09T00:00:00,7,TowerWagon,False
TSK-00187,AST-ENG-0050,SEC-RKMP-BPL,ENGINEERING,TrackTamping,TrackTamping,3,2,3.5,2026-11-16T03:00:00,15,DuomaticTampingMachine,False
TSK-00188,AST-S_A-0093,SEC-RKMP-BPL,S_AND_T,AxleCounterCalibration,AxleCounterCalibration,2,2,3.5,2026-10-26T00:00:00,9,SignalTestingKit,False
TSK-00189,AST-TRA-0241,SEC-RKMP-BPL,TRACTION,ContactWireReplacement,ContactWireReplacement,4,2,1.5,2026-12-04T01:00:00,12,TowerWagon,False
TSK-00190,AST-ENG-0127,SEC-RKMP-BPL,ENGINEERING,RailGrinding,RailGrinding,4,4,2.0,2026-10-06T01:00:00,13,RailGrindingMachine,False
TSK-00191,AST-S_A-0493,SEC-RKMP-BPL,S_AND_T,TurnoutAdjustment,TurnoutAdjustment,5,5,4.0,2026-12-06T02:00:00,16,,True
TSK-00192,AST-TRA-0069,SEC-RKMP-BPL,TRACTION,OHEInspection,OHEInspection,5,5,6.0,2026-10-07T01:00:00,10,TowerWagon,True
TSK-00193,AST-ENG-0423,SEC-RKMP-BPL,ENGINEERING,JointWelding,JointWelding,5,5,4.5,2026-11-03T02:00:00,10,MobileFlashButtWeldingPlant,True
TSK-00194,AST-S_A-0127,SEC-RKMP-BPL,S_AND_T,TurnoutAdjustment,TurnoutAdjustment,3,4,3.5,2026-09-24T00:00:00,14,,False
TSK-00195,AST-TRA-0149,SEC-RKMP-BPL,TRACTION,DropperReplacement,DropperReplacement,2,4,5.0,2026-10-13T05:00:00,8,TowerWagon,False
TSK-00196,AST-ENG-0104,SEC-RKMP-BPL,ENGINEERING,TrackTamping,TrackTamping,4,2,4.0,2026-12-02T02:00:00,4,DuomaticTampingMachine,False
TSK-00197,AST-S_A-0133,SEC-RKMP-BPL,S_AND_T,PointMachineOverhaul,PointMachineOverhaul,2,3,2.0,2026-11-24T03:00:00,5,TowerWagon,False
TSK-00198,AST-TRA-0123,SEC-RKMP-BPL,TRACTION,ContactWireReplacement,ContactWireReplacement,4,3,5.0,2026-11-12T00:00:00,14,TowerWagon,False
TSK-00199,AST-ENG-0266,SEC-RKMP-BPL,ENGINEERING,BallastCleaning,BallastCleaning,5,5,4.5,2026-10-02T01:00:00,6,BallastCleaningMachine,True
TSK-00200,AST-S_A-0471,SEC-RKMP-BPL,S_AND_T,TurnoutAdjustment,TurnoutAdjustment,2,3,1.5,2026-11-28T00:00:00,13,,False
TSK-00201,AST-TRA-0265,SEC-RKMP-BPL,TRACTION,OHEInspection,OHEInspection,5,5,3.0,2026-10-27T04:00:00,9,TowerWagon,True
TSK-00202,AST-ENG-0063,SEC-RKMP-BPL,ENGINEERING,RailGrinding,RailGrinding,2,2,2.0,2026-12-03T00:00:00,9,RailGrindingMachine,False
TSK-00203,AST-S_A-0278,SEC-RKMP-BPL,S_AND_T,PointMachineOverhaul,PointMachineOverhaul,5,5,6.0,2026-09-28T00:00:00,6,TowerWagon,True
TSK-00204,AST-TRA-0060,SEC-RKMP-BPL,TRACTION,OHEInspection,OHEInspection,2,3,2.0,2026-11-30T00:00:00,7,TowerWagon,False
TSK-00205,AST-ENG-0201,SEC-RKMP-BPL,ENGINEERING,JointWelding,JointWelding,2,4,3.5,2026-10-27T03:00:00,5,MobileFlashButtWeldingPlant,False
TSK-00206,AST-S_A-0371,SEC-RKMP-BPL,S_AND_T,AxleCounterCalibration,AxleCounterCalibration,4,3,3.0,2026-10-21T05:00:00,5,SignalTestingKit,False
TSK-00207,AST-TRA-0026,SEC-RKMP-BPL,TRACTION,DropperReplacement,DropperReplacement,2,4,6.0,2026-10-10T00:00:00,14,TowerWagon,False
TSK-00208,AST-ENG-0397,SEC-RKMP-BPL,ENGINEERING,SleeperRenewal,SleeperRenewal,2,3,5.0,2026-09-28T01:00:00,15,TrackRelayingTrain,False
TSK-00209,AST-S_A-0002,SEC-RKMP-BPL,S_AND_T,AxleCounterCalibration,AxleCounterCalibration,5,5,3.5,2026-12-07T01:00:00,6,SignalTestingKit,True
TSK-00210,AST-TRA-0230,SEC-RKMP-BPL,TRACTION,OHEInspection,OHEInspection,3,3,5.0,2026-09-21T02:00:00,5,TowerWagon,False
TSK-00211,AST-ENG-0461,SEC-RKMP-BPL,ENGINEERING,TrackTamping,TrackTamping,2,3,4.0,2026-10-08T02:00:00,13,DuomaticTampingMachine,False
TSK-00212,AST-S_A-0300,SEC-RKMP-BPL,S_AND_T,SignalCableRenewal,SignalCableRenewal,3,2,1.5,2026-10-22T03:00:00,16,CableTestingVan,False
TSK-00213,AST-TRA-0340,SEC-RKMP-BPL,TRACTION,ContactWireReplacement,ContactWireReplacement,2,4,6.0,2026-11-24T03:00:00,3,TowerWagon,False
TSK-00214,AST-ENG-0375,SEC-RKMP-BPL,ENGINEERING,SleeperRenewal,SleeperRenewal,2,2,2.5,2026-12-07T02:00:00,10,TrackRelayingTrain,False
TSK-00215,AST-S_A-0474,SEC-RKMP-BPL,S_AND_T,PointMachineOverhaul,PointMachineOverhaul,4,3,4.5,2026-10-12T04:00:00,13,TowerWagon,False
TSK-00216,AST-TRA-0360,SEC-RKMP-BPL,TRACTION,ContactWireReplacement,ContactWireReplacement,2,3,4.0,2026-10-25T04:00:00,15,TowerWagon,False
TSK-00217,AST-ENG-0172,SEC-RKMP-BPL,ENGINEERING,BallastCleaning,BallastCleaning,5,5,4.5,2026-10-16T02:00:00,9,BallastCleaningMachine,True
TSK-00218,AST-S_A-0046,SEC-RKMP-BPL,S_AND_T,AxleCounterCalibration,AxleCounterCalibration,2,2,2.5,2026-11-08T00:00:00,12,SignalTestingKit,False
TSK-00219,AST-TRA-0164,SEC-RKMP-BPL,TRACTION,InsulatorReplacement,InsulatorReplacement,4,2,5.0,2026-09-27T00:00:00,13,TowerWagon,False
TSK-00220,AST-ENG-0334,SEC-RKMP-BPL,ENGINEERING,JointWelding,JointWelding,5,5,2.0,2026-09-21T05:00:00,6,MobileFlashButtWeldingPlant,True
TSK-00221,AST-S_A-0142,SEC-RKMP-BPL,S_AND_T,PointMachineOverhaul,PointMachineOverhaul,4,3,2.5,2026-11-09T05:00:00,15,TowerWagon,False
TSK-00222,AST-TRA-0351,SEC-RKMP-BPL,TRACTION,DropperReplacement,DropperReplacement,2,3,4.5,2026-12-03T03:00:00,11,TowerWagon,False
TSK-00223,AST-ENG-0161,SEC-RKMP-BPL,ENGINEERING,TrackTamping,TrackTamping,3,2,4.5,2026-12-05T03:00:00,8,DuomaticTampingMachine,False
TSK-00224,AST-S_A-0201,SEC-RKMP-BPL,S_AND_T,SignalCableRenewal,SignalCableRenewal,2,4,4.5,2026-11-26T05:00:00,11,CableTestingVan,False
TSK-00225,AST-TRA-0427,SEC-RKMP-BPL,TRACTION,InsulatorReplacement,InsulatorReplacement,3,3,2.5,2026-10-08T05:00:00,10,TowerWagon,False
TSK-00226,AST-ENG-0168,SEC-RKMP-BPL,ENGINEERING,JointWelding,JointWelding,2,4,5.0,2026-10-01T02:00:00,15,MobileFlashButtWeldingPlant,False
TSK-00227,AST-S_A-0490,SEC-RKMP-BPL,S_AND_T,AxleCounterCalibration,AxleCounterCalibration,2,3,1.5,2026-11-15T05:00:00,13,SignalTestingKit,False
TSK-00228,AST-TRA-0229,SEC-RKMP-BPL,TRACTION,DropperReplacement,DropperReplacement,2,2,4.5,2026-10-01T03:00:00,12,TowerWagon,False
TSK-00229,AST-ENG-0293,SEC-RKMP-BPL,ENGINEERING,BallastCleaning,BallastCleaning,2,4,3.0,2026-10-16T01:00:00,6,BallastCleaningMachine,False
TSK-00230,AST-S_A-0084,SEC-RKMP-BPL,S_AND_T,SignalCableRenewal,SignalCableRenewal,2,4,3.0,2026-09-10T00:00:00,7,CableTestingVan,False
TSK-00231,AST-TRA-0070,SEC-RKMP-BPL,TRACTION,ContactWireReplacement,ContactWireReplacement,3,4,4.5,2026-11-17T03:00:00,4,TowerWagon,False
TSK-00232,AST-ENG-0097,SEC-RKMP-BPL,ENGINEERING,RailGrinding,RailGrinding,4,4,6.0,2026-09-23T00:00:00,8,RailGrindingMachine,False
TSK-00233,AST-S_A-0491,SEC-RKMP-BPL,S_AND_T,PointMachineOverhaul,PointMachineOverhaul,2,2,4.0,2026-09-16T05:00:00,4,TowerWagon,False
TSK-00234,AST-TRA-0443,SEC-RKMP-BPL,TRACTION,OHEInspection,OHEInspection,3,2,2.5,2026-11-08T02:00:00,4,TowerWagon,False
TSK-00235,AST-ENG-0212,SEC-RKMP-BPL,ENGINEERING,TrackTamping,TrackTamping,4,3,3.5,2026-10-29T01:00:00,10,DuomaticTampingMachine,False
TSK-00236,AST-S_A-0497,SEC-RKMP-BPL,S_AND_T,TurnoutAdjustment,TurnoutAdjustment,5,5,1.5,2026-12-07T00:00:00,10,,True
TSK-00237,AST-TRA-0364,SEC-RKMP-BPL,TRACTION,DropperReplacement,DropperReplacement,2,3,2.0,2026-12-05T01:00:00,7,TowerWagon,False
TSK-00238,AST-ENG-0026,SEC-RKMP-BPL,ENGINEERING,RailGrinding,RailGrinding,4,4,3.0,2026-11-08T04:00:00,7,RailGrindingMachine,False
TSK-00239,AST-S_A-0411,SEC-RKMP-BPL,S_AND_T,AxleCounterCalibration,AxleCounterCalibration,4,4,6.0,2026-10-17T02:00:00,7,SignalTestingKit,False
TSK-00240,AST-TRA-0246,SEC-RKMP-BPL,TRACTION,ContactWireReplacement,ContactWireReplacement,4,2,2.0,2026-11-28T01:00:00,5,TowerWagon,False
TSK-00241,AST-ENG-0077,SEC-RKMP-BPL,ENGINEERING,RailGrinding,RailGrinding,5,5,2.5,2026-10-27T01:00:00,3,RailGrindingMachine,True
TSK-00242,AST-S_A-0001,SEC-RKMP-BPL,S_AND_T,TurnoutAdjustment,TurnoutAdjustment,5,5,1.5,2026-10-18T05:00:00,13,,True
TSK-00243,AST-TRA-0327,SEC-RKMP-BPL,TRACTION,OHEInspection,OHEInspection,5,5,4.5,2026-11-22T02:00:00,5,TowerWagon,True
TSK-00244,AST-ENG-0431,SEC-RKMP-BPL,ENGINEERING,TrackTamping,TrackTamping,2,2,2.5,2026-11-22T03:00:00,10,DuomaticTampingMachine,False
TSK-00245,AST-S_A-0198,SEC-RKMP-BPL,S_AND_T,PointMachineOverhaul,PointMachineOverhaul,2,3,3.5,2026-11-14T03:00:00,6,TowerWagon,False
TSK-00246,AST-TRA-0376,SEC-RKMP-BPL,TRACTION,DropperReplacement,DropperReplacement,3,2,4.5,2026-10-21T01:00:00,8,TowerWagon,False
TSK-00247,AST-ENG-0376,SEC-RKMP-BPL,ENGINEERING,SleeperRenewal,SleeperRenewal,5,5,6.0,2026-09-20T04:00:00,4,TrackRelayingTrain,True
TSK-00248,AST-S_A-0088,SEC-RKMP-BPL,S_AND_T,TurnoutAdjustment,TurnoutAdjustment,4,2,1.5,2026-11-22T00:00:00,8,,False
TSK-00249,AST-TRA-0327,SEC-RKMP-BPL,TRACTION,InsulatorReplacement,InsulatorReplacement,4,4,2.0,2026-10-19T05:00:00,8,TowerWagon,False
TSK-00250,AST-ENG-0437,SEC-RKMP-BPL,ENGINEERING,JointWelding,JointWelding,4,2,3.5,2026-09-27T03:00:00,6,MobileFlashButtWeldingPlant,False
TSK-00251,AST-S_A-0368,SEC-RKMP-BPL,S_AND_T,PointMachineOverhaul,PointMachineOverhaul,3,4,1.5,2026-10-30T04:00:00,10,TowerWagon,False
TSK-00252,AST-TRA-0014,SEC-RKMP-BPL,TRACTION,OHEInspection,OHEInspection,3,2,3.5,2026-09-14T05:00:00,11,TowerWagon,False
TSK-00253,AST-ENG-0210,SEC-RKMP-BPL,ENGINEERING,RailGrinding,RailGrinding,2,3,2.5,2026-11-16T00:00:00,14,RailGrindingMachine,False
TSK-00254,AST-S_A-0136,SEC-RKMP-BPL,S_AND_T,AxleCounterCalibration,AxleCounterCalibration,3,4,2.0,2026-10-26T00:00:00,7,SignalTestingKit,False
TSK-00255,AST-TRA-0034,SEC-RKMP-BPL,TRACTION,InsulatorReplacement,InsulatorReplacement,4,3,3.0,2026-09-10T00:00:00,5,TowerWagon,False
TSK-00256,AST-ENG-0086,SEC-RKMP-BPL,ENGINEERING,SleeperRenewal,SleeperRenewal,4,4,5.0,2026-11-28T00:00:00,9,TrackRelayingTrain,False
TSK-00257,AST-S_A-0030,SEC-RKMP-BPL,S_AND_T,PointMachineOverhaul,PointMachineOverhaul,5,5,3.0,2026-09-29T02:00:00,11,TowerWagon,True
TSK-00258,AST-TRA-0340,SEC-RKMP-BPL,TRACTION,OHEInspection,OHEInspection,2,3,1.5,2026-09-29T05:00:00,4,TowerWagon,False
TSK-00259,AST-ENG-0089,SEC-RKMP-BPL,ENGINEERING,BallastCleaning,BallastCleaning,3,3,1.5,2026-09-21T03:00:00,15,BallastCleaningMachine,False
TSK-00260,AST-S_A-0028,SEC-RKMP-BPL,S_AND_T,TurnoutAdjustment,TurnoutAdjustment,3,2,3.5,2026-10-11T02:00:00,6,,False
TSK-00261,AST-TRA-0445,SEC-RKMP-BPL,TRACTION,InsulatorReplacement,InsulatorReplacement,5,5,1.5,2026-12-01T04:00:00,4,TowerWagon,True
TSK-00262,AST-ENG-0058,SEC-RKMP-BPL,ENGINEERING,TrackTamping,TrackTamping,4,4,3.5,2026-11-04T02:00:00,4,DuomaticTampingMachine,False
TSK-00263,AST-S_A-0410,SEC-RKMP-BPL,S_AND_T,TurnoutAdjustment,TurnoutAdjustment,5,5,4.5,2026-10-26T00:00:00,16,,True
TSK-00264,AST-TRA-0201,SEC-RKMP-BPL,TRACTION,ContactWireReplacement,ContactWireReplacement,4,4,1.5,2026-10-08T02:00:00,16,TowerWagon,False
TSK-00265,AST-ENG-0086,SEC-RKMP-BPL,ENGINEERING,JointWelding,JointWelding,2,4,5.0,2026-12-06T01:00:00,9,MobileFlashButtWeldingPlant,False
TSK-00266,AST-S_A-0191,SEC-RKMP-BPL,S_AND_T,AxleCounterCalibration,AxleCounterCalibration,5,5,5.0,2026-10-15T04:00:00,11,SignalTestingKit,True
TSK-00267,AST-TRA-0161,SEC-RKMP-BPL,TRACTION,DropperReplacement,DropperReplacement,2,3,2.0,2026-09-27T05:00:00,4,TowerWagon,False
TSK-00268,AST-ENG-0180,SEC-RKMP-BPL,ENGINEERING,BallastCleaning,BallastCleaning,3,4,4.5,2026-10-16T02:00:00,9,BallastCleaningMachine,False
TSK-00269,AST-S_A-0467,SEC-RKMP-BPL,S_AND_T,AxleCounterCalibration,AxleCounterCalibration,4,3,4.5,2026-10-14T04:00:00,7,SignalTestingKit,False
TSK-00270,AST-TRA-0231,SEC-RKMP-BPL,TRACTION,OHEInspection,OHEInspection,4,3,2.5,2026-11-07T02:00:00,10,TowerWagon,False
TSK-00271,AST-ENG-0190,SEC-RKMP-BPL,ENGINEERING,TrackTamping,TrackTamping,4,3,3.5,2026-09-18T01:00:00,5,DuomaticTampingMachine,False
TSK-00272,AST-S_A-0108,SEC-RKMP-BPL,S_AND_T,AxleCounterCalibration,AxleCounterCalibration,3,4,5.0,2026-10-30T04:00:00,13,SignalTestingKit,False
TSK-00273,AST-TRA-0464,SEC-RKMP-BPL,TRACTION,InsulatorReplacement,InsulatorReplacement,5,5,2.0,2026-11-02T00:00:00,12,TowerWagon,True
TSK-00274,AST-ENG-0473,SEC-RKMP-BPL,ENGINEERING,SleeperRenewal,SleeperRenewal,4,2,5.0,2026-10-14T00:00:00,15,TrackRelayingTrain,False
TSK-00275,AST-S_A-0020,SEC-RKMP-BPL,S_AND_T,SignalCableRenewal,SignalCableRenewal,5,5,6.0,2026-11-09T05:00:00,10,CableTestingVan,True
TSK-00276,AST-TRA-0372,SEC-RKMP-BPL,TRACTION,OHEInspection,OHEInspection,3,2,2.0,2026-11-24T01:00:00,9,TowerWagon,False
TSK-00277,AST-ENG-0394,SEC-RKMP-BPL,ENGINEERING,BallastCleaning,BallastCleaning,4,3,6.0,2026-10-09T05:00:00,15,BallastCleaningMachine,False
TSK-00278,AST-S_A-0136,SEC-RKMP-BPL,S_AND_T,TurnoutAdjustment,TurnoutAdjustment,2,3,4.5,2026-09-24T02:00:00,13,,False
TSK-00279,AST-TRA-0483,SEC-RKMP-BPL,TRACTION,ContactWireReplacement,ContactWireReplacement,5,5,1.5,2026-12-04T04:00:00,14,TowerWagon,True
TSK-00280,AST-ENG-0298,SEC-RKMP-BPL,ENGINEERING,JointWelding,JointWelding,5,5,6.0,2026-11-27T03:00:00,8,MobileFlashButtWeldingPlant,True
TSK-00281,AST-S_A-0406,SEC-RKMP-BPL,S_AND_T,PointMachineOverhaul,PointMachineOverhaul,4,3,3.5,2026-10-22T01:00:00,10,TowerWagon,False
TSK-00282,AST-TRA-0213,SEC-RKMP-BPL,TRACTION,InsulatorReplacement,InsulatorReplacement,5,5,6.0,2026-10-12T00:00:00,8,TowerWagon,True
TSK-00283,AST-ENG-0398,SEC-RKMP-BPL,ENGINEERING,JointWelding,JointWelding,4,4,2.0,2026-11-23T00:00:00,6,MobileFlashButtWeldingPlant,False
TSK-00284,AST-S_A-0012,SEC-RKMP-BPL,S_AND_T,TurnoutAdjustment,TurnoutAdjustment,3,2,6.0,2026-10-26T03:00:00,9,,False
TSK-00285,AST-TRA-0335,SEC-RKMP-BPL,TRACTION,DropperReplacement,DropperReplacement,5,5,2.0,2026-10-13T04:00:00,11,TowerWagon,True
TSK-00286,AST-ENG-0231,SEC-RKMP-BPL,ENGINEERING,BallastCleaning,BallastCleaning,5,5,6.0,2026-10-26T05:00:00,6,BallastCleaningMachine,True
TSK-00287,AST-S_A-0095,SEC-RKMP-BPL,S_AND_T,SignalCableRenewal,SignalCableRenewal,2,3,3.5,2026-10-10T01:00:00,4,CableTestingVan,False
TSK-00288,AST-TRA-0405,SEC-RKMP-BPL,TRACTION,ContactWireReplacement,ContactWireReplacement,4,4,3.0,2026-12-05T01:00:00,4,TowerWagon,False
TSK-00289,AST-ENG-0318,SEC-RKMP-BPL,ENGINEERING,JointWelding,JointWelding,5,5,3.0,2026-10-18T00:00:00,9,MobileFlashButtWeldingPlant,True
TSK-00290,AST-S_A-0268,SEC-RKMP-BPL,S_AND_T,TurnoutAdjustment,TurnoutAdjustment,5,5,3.0,2026-12-07T02:00:00,16,,True
TSK-00291,AST-TRA-0353,SEC-RKMP-BPL,TRACTION,ContactWireReplacement,ContactWireReplacement,5,5,3.5,2026-10-06T03:00:00,15,TowerWagon,True
TSK-00292,AST-ENG-0468,SEC-RKMP-BPL,ENGINEERING,RailGrinding,RailGrinding,5,5,4.5,2026-11-23T05:00:00,4,RailGrindingMachine,True
TSK-00293,AST-S_A-0418,SEC-RKMP-BPL,S_AND_T,TurnoutAdjustment,TurnoutAdjustment,4,3,6.0,2026-09-23T04:00:00,10,,False
TSK-00294,AST-TRA-0199,SEC-RKMP-BPL,TRACTION,DropperReplacement,DropperReplacement,2,2,5.0,2026-10-19T05:00:00,3,TowerWagon,False
TSK-00295,AST-ENG-0095,SEC-RKMP-BPL,ENGINEERING,SleeperRenewal,SleeperRenewal,5,5,3.5,2026-10-05T01:00:00,16,TrackRelayingTrain,True
TSK-00296,AST-S_A-0434,SEC-RKMP-BPL,S_AND_T,SignalCableRenewal,SignalCableRenewal,3,4,2.0,2026-11-11T03:00:00,14,CableTestingVan,False
TSK-00297,AST-TRA-0472,SEC-RKMP-BPL,TRACTION,OHEInspection,OHEInspection,3,3,4.0,2026-09-21T05:00:00,14,TowerWagon,False
TSK-00298,AST-ENG-0450,SEC-RKMP-BPL,ENGINEERING,JointWelding,JointWelding,3,3,2.0,2026-12-05T02:00:00,12,MobileFlashButtWeldingPlant,False
TSK-00299,AST-S_A-0194,SEC-RKMP-BPL,S_AND_T,AxleCounterCalibration,AxleCounterCalibration,5,5,2.5,2026-10-12T01:00:00,8,SignalTestingKit,True
TSK-00300,AST-TRA-0039,SEC-RKMP-BPL,TRACTION,DropperReplacement,DropperReplacement,4,3,4.0,2026-11-18T04:00:00,9,TowerWagon,False
TSK-00301,AST-ENG-0018,SEC-RKMP-BPL,ENGINEERING,TrackTamping,TrackTamping,4,2,2.5,2026-09-24T05:00:00,5,DuomaticTampingMachine,False
TSK-00302,AST-S_A-0258,SEC-RKMP-BPL,S_AND_T,PointMachineOverhaul,PointMachineOverhaul,3,2,4.0,2026-12-02T05:00:00,16,TowerWagon,False
TSK-00303,AST-TRA-0077,SEC-RKMP-BPL,TRACTION,OHEInspection,OHEInspection,3,4,6.0,2026-09-15T00:00:00,5,TowerWagon,False
TSK-00304,AST-ENG-0269,SEC-RKMP-BPL,ENGINEERING,RailGrinding,RailGrinding,4,3,4.0,2026-11-04T04:00:00,5,RailGrindingMachine,False
TSK-00305,AST-S_A-0433,SEC-RKMP-BPL,S_AND_T,SignalCableRenewal,SignalCableRenewal,5,5,4.0,2026-12-03T00:00:00,7,CableTestingVan,True
TSK-00306,AST-TRA-0113,SEC-RKMP-BPL,TRACTION,OHEInspection,OHEInspection,2,4,3.0,2026-10-18T03:00:00,16,TowerWagon,False
TSK-00307,AST-ENG-0271,SEC-RKMP-BPL,ENGINEERING,TrackTamping,TrackTamping,2,4,3.0,2026-09-26T03:00:00,7,DuomaticTampingMachine,False
TSK-00308,AST-S_A-0218,SEC-RKMP-BPL,S_AND_T,TurnoutAdjustment,TurnoutAdjustment,5,5,5.0,2026-09-30T04:00:00,13,,True
TSK-00309,AST-TRA-0469,SEC-RKMP-BPL,TRACTION,DropperReplacement,DropperReplacement,3,3,4.5,2026-09-26T04:00:00,4,TowerWagon,False
TSK-00310,AST-ENG-0255,SEC-RKMP-BPL,ENGINEERING,TrackTamping,TrackTamping,3,3,6.0,2026-10-18T01:00:00,16,DuomaticTampingMachine,False
TSK-00311,AST-S_A-0211,SEC-RKMP-BPL,S_AND_T,AxleCounterCalibration,AxleCounterCalibration,4,3,6.0,2026-09-15T04:00:00,11,SignalTestingKit,False
TSK-00312,AST-TRA-0026,SEC-RKMP-BPL,TRACTION,DropperReplacement,DropperReplacement,2,3,4.0,2026-12-06T00:00:00,9,TowerWagon,False
TSK-00313,AST-ENG-0031,SEC-RKMP-BPL,ENGINEERING,SleeperRenewal,SleeperRenewal,4,3,5.0,2026-11-22T04:00:00,12,TrackRelayingTrain,False
TSK-00314,AST-S_A-0319,SEC-RKMP-BPL,S_AND_T,PointMachineOverhaul,PointMachineOverhaul,3,3,2.0,2026-11-25T04:00:00,11,TowerWagon,False
TSK-00315,AST-TRA-0336,SEC-RKMP-BPL,TRACTION,InsulatorReplacement,InsulatorReplacement,3,4,6.0,2026-12-04T04:00:00,8,TowerWagon,False
TSK-00316,AST-ENG-0253,SEC-RKMP-BPL,ENGINEERING,RailGrinding,RailGrinding,3,4,1.5,2026-11-14T02:00:00,9,RailGrindingMachine,False
TSK-00317,AST-S_A-0066,SEC-RKMP-BPL,S_AND_T,PointMachineOverhaul,PointMachineOverhaul,2,4,3.0,2026-09-27T02:00:00,11,TowerWagon,False
TSK-00318,AST-TRA-0137,SEC-RKMP-BPL,TRACTION,DropperReplacement,DropperReplacement,5,5,4.0,2026-09-19T00:00:00,16,TowerWagon,True
TSK-00319,AST-ENG-0099,SEC-RKMP-BPL,ENGINEERING,RailGrinding,RailGrinding,4,4,3.0,2026-10-05T01:00:00,10,RailGrindingMachine,False
TSK-00320,AST-S_A-0355,SEC-RKMP-BPL,S_AND_T,TurnoutAdjustment,TurnoutAdjustment,4,2,5.0,2026-09-25T04:00:00,8,,False
TSK-00321,AST-TRA-0137,SEC-RKMP-BPL,TRACTION,OHEInspection,OHEInspection,4,4,2.5,2026-10-07T02:00:00,4,TowerWagon,False
TSK-00322,AST-ENG-0035,SEC-RKMP-BPL,ENGINEERING,TrackTamping,TrackTamping,2,4,3.0,2026-10-22T01:00:00,13,DuomaticTampingMachine,False
TSK-00323,AST-S_A-0225,SEC-RKMP-BPL,S_AND_T,TurnoutAdjustment,TurnoutAdjustment,2,2,3.0,2026-11-22T01:00:00,6,,False
TSK-00324,AST-TRA-0234,SEC-RKMP-BPL,TRACTION,ContactWireReplacement,ContactWireReplacement,2,2,3.0,2026-10-14T04:00:00,6,TowerWagon,False
TSK-00325,AST-ENG-0137,SEC-RKMP-BPL,ENGINEERING,TrackTamping,TrackTamping,4,3,3.0,2026-09-21T00:00:00,9,DuomaticTampingMachine,False
TSK-00326,AST-S_A-0118,SEC-RKMP-BPL,S_AND_T,AxleCounterCalibration,AxleCounterCalibration,3,3,3.5,2026-11-16T00:00:00,16,SignalTestingKit,False
TSK-00327,AST-TRA-0434,SEC-RKMP-BPL,TRACTION,ContactWireReplacement,ContactWireReplacement,4,4,4.0,2026-12-07T02:00:00,11,TowerWagon,False
TSK-00328,AST-ENG-0396,SEC-RKMP-BPL,ENGINEERING,BallastCleaning,BallastCleaning,5,5,3.0,2026-10-21T04:00:00,4,BallastCleaningMachine,True
TSK-00329,AST-S_A-0239,SEC-RKMP-BPL,S_AND_T,SignalCableRenewal,SignalCableRenewal,4,3,3.5,2026-10-23T02:00:00,8,CableTestingVan,False
TSK-00330,AST-TRA-0419,SEC-RKMP-BPL,TRACTION,DropperReplacement,DropperReplacement,2,4,6.0,2026-09-19T04:00:00,6,TowerWagon,False
TSK-00331,AST-ENG-0498,SEC-RKMP-BPL,ENGINEERING,SleeperRenewal,SleeperRenewal,2,3,4.5,2026-11-26T00:00:00,15,TrackRelayingTrain,False
TSK-00332,AST-S_A-0135,SEC-RKMP-BPL,S_AND_T,SignalCableRenewal,SignalCableRenewal,4,3,5.0,2026-11-02T03:00:00,16,CableTestingVan,False
TSK-00333,AST-TRA-0149,SEC-RKMP-BPL,TRACTION,DropperReplacement,DropperReplacement,5,5,2.0,2026-09-25T01:00:00,5,TowerWagon,True
TSK-00334,AST-ENG-0475,SEC-RKMP-BPL,ENGINEERING,SleeperRenewal,SleeperRenewal,4,2,4.5,2026-10-15T00:00:00,14,TrackRelayingTrain,False
TSK-00335,AST-S_A-0088,SEC-RKMP-BPL,S_AND_T,SignalCableRenewal,SignalCableRenewal,4,2,2.5,2026-11-21T05:00:00,6,CableTestingVan,False
TSK-00336,AST-TRA-0339,SEC-RKMP-BPL,TRACTION,OHEInspection,OHEInspection,3,4,6.0,2026-11-21T02:00:00,6,TowerWagon,False
TSK-00337,AST-ENG-0133,SEC-RKMP-BPL,ENGINEERING,BallastCleaning,BallastCleaning,4,4,1.5,2026-10-18T05:00:00,9,BallastCleaningMachine,False
TSK-00338,AST-S_A-0386,SEC-RKMP-BPL,S_AND_T,SignalCableRenewal,SignalCableRenewal,4,2,4.0,2026-10-13T04:00:00,14,CableTestingVan,False
TSK-00339,AST-TRA-0286,SEC-RKMP-BPL,TRACTION,DropperReplacement,DropperReplacement,4,3,3.0,2026-12-07T05:00:00,3,TowerWagon,False
TSK-00340,AST-ENG-0405,SEC-RKMP-BPL,ENGINEERING,SleeperRenewal,SleeperRenewal,2,3,4.5,2026-09-17T00:00:00,8,TrackRelayingTrain,False
TSK-00341,AST-S_A-0095,SEC-RKMP-BPL,S_AND_T,TurnoutAdjustment,TurnoutAdjustment,4,4,2.0,2026-09-27T03:00:00,8,,False
TSK-00342,AST-TRA-0322,SEC-RKMP-BPL,TRACTION,DropperReplacement,DropperReplacement,3,3,4.5,2026-11-10T00:00:00,16,TowerWagon,False
TSK-00343,AST-ENG-0462,SEC-RKMP-BPL,ENGINEERING,RailGrinding,RailGrinding,4,2,1.5,2026-10-01T05:00:00,13,RailGrindingMachine,False
TSK-00344,AST-S_A-0235,SEC-RKMP-BPL,S_AND_T,PointMachineOverhaul,PointMachineOverhaul,2,2,2.0,2026-09-27T01:00:00,5,TowerWagon,False
TSK-00345,AST-TRA-0399,SEC-RKMP-BPL,TRACTION,ContactWireReplacement,ContactWireReplacement,3,2,2.0,2026-11-29T03:00:00,14,TowerWagon,False
TSK-00346,AST-ENG-0128,SEC-RKMP-BPL,ENGINEERING,TrackTamping,TrackTamping,4,2,2.5,2026-09-22T00:00:00,16,DuomaticTampingMachine,False
TSK-00347,AST-S_A-0424,SEC-RKMP-BPL,S_AND_T,PointMachineOverhaul,PointMachineOverhaul,5,5,4.0,2026-10-15T01:00:00,3,TowerWagon,True
TSK-00348,AST-TRA-0320,SEC-RKMP-BPL,TRACTION,InsulatorReplacement,InsulatorReplacement,3,4,3.0,2026-11-18T00:00:00,5,TowerWagon,False
TSK-00349,AST-ENG-0425,SEC-RKMP-BPL,ENGINEERING,RailGrinding,RailGrinding,3,2,1.5,2026-09-30T03:00:00,3,RailGrindingMachine,False
TSK-00350,AST-S_A-0310,SEC-RKMP-BPL,S_AND_T,TurnoutAdjustment,TurnoutAdjustment,2,4,3.5,2026-11-16T03:00:00,4,,False
TSK-00351,AST-TRA-0365,SEC-RKMP-BPL,TRACTION,ContactWireReplacement,ContactWireReplacement,4,4,6.0,2026-10-19T00:00:00,15,TowerWagon,False
TSK-00352,AST-ENG-0411,SEC-RKMP-BPL,ENGINEERING,TrackTamping,TrackTamping,5,5,2.0,2026-11-15T03:00:00,7,DuomaticTampingMachine,True
TSK-00353,AST-S_A-0120,SEC-RKMP-BPL,S_AND_T,AxleCounterCalibration,AxleCounterCalibration,4,3,2.5,2026-10-24T04:00:00,10,SignalTestingKit,False
TSK-00354,AST-TRA-0394,SEC-RKMP-BPL,TRACTION,InsulatorReplacement,InsulatorReplacement,2,4,6.0,2026-11-30T04:00:00,6,TowerWagon,False
TSK-00355,AST-ENG-0262,SEC-RKMP-BPL,ENGINEERING,RailGrinding,RailGrinding,2,4,5.0,2026-09-26T02:00:00,14,RailGrindingMachine,False
TSK-00356,AST-S_A-0459,SEC-RKMP-BPL,S_AND_T,AxleCounterCalibration,AxleCounterCalibration,3,3,2.0,2026-12-06T02:00:00,7,SignalTestingKit,False
TSK-00357,AST-TRA-0494,SEC-RKMP-BPL,TRACTION,ContactWireReplacement,ContactWireReplacement,2,2,2.0,2026-09-18T03:00:00,8,TowerWagon,False
TSK-00358,AST-ENG-0394,SEC-RKMP-BPL,ENGINEERING,BallastCleaning,BallastCleaning,4,2,4.0,2026-10-14T03:00:00,16,BallastCleaningMachine,False
TSK-00359,AST-S_A-0386,SEC-RKMP-BPL,S_AND_T,TurnoutAdjustment,TurnoutAdjustment,4,4,2.0,2026-10-09T01:00:00,11,,False
TSK-00360,AST-TRA-0013,SEC-RKMP-BPL,TRACTION,InsulatorReplacement,InsulatorReplacement,3,3,3.5,2026-09-29T05:00:00,12,TowerWagon,False
TSK-00361,AST-ENG-0028,SEC-RKMP-BPL,ENGINEERING,BallastCleaning,BallastCleaning,5,5,3.5,2026-10-10T04:00:00,15,BallastCleaningMachine,True
TSK-00362,AST-S_A-0199,SEC-RKMP-BPL,S_AND_T,AxleCounterCalibration,AxleCounterCalibration,3,2,3.0,2026-12-03T05:00:00,3,SignalTestingKit,False
TSK-00363,AST-TRA-0434,SEC-RKMP-BPL,TRACTION,DropperReplacement,DropperReplacement,3,3,2.5,2026-11-15T04:00:00,15,TowerWagon,False
TSK-00364,AST-ENG-0390,SEC-RKMP-BPL,ENGINEERING,BallastCleaning,BallastCleaning,5,5,5.0,2026-10-01T04:00:00,6,BallastCleaningMachine,True
TSK-00365,AST-S_A-0480,SEC-RKMP-BPL,S_AND_T,PointMachineOverhaul,PointMachineOverhaul,4,3,3.0,2026-11-12T00:00:00,11,TowerWagon,False
TSK-00366,AST-TRA-0239,SEC-RKMP-BPL,TRACTION,ContactWireReplacement,ContactWireReplacement,2,4,2.0,2026-10-20T00:00:00,11,TowerWagon,False
TSK-00367,AST-ENG-0406,SEC-RKMP-BPL,ENGINEERING,JointWelding,JointWelding,5,5,1.5,2026-10-11T05:00:00,11,MobileFlashButtWeldingPlant,True
TSK-00368,AST-S_A-0487,SEC-RKMP-BPL,S_AND_T,PointMachineOverhaul,PointMachineOverhaul,4,2,2.0,2026-11-29T04:00:00,15,TowerWagon,False
TSK-00369,AST-TRA-0106,SEC-RKMP-BPL,TRACTION,OHEInspection,OHEInspection,5,5,2.0,2026-09-18T01:00:00,4,TowerWagon,True
TSK-00370,AST-ENG-0495,SEC-RKMP-BPL,ENGINEERING,TrackTamping,TrackTamping,4,3,1.5,2026-09-16T00:00:00,4,DuomaticTampingMachine,False
TSK-00371,AST-S_A-0388,SEC-RKMP-BPL,S_AND_T,TurnoutAdjustment,TurnoutAdjustment,3,3,1.5,2026-11-05T02:00:00,15,,False
TSK-00372,AST-TRA-0357,SEC-RKMP-BPL,TRACTION,InsulatorReplacement,InsulatorReplacement,2,2,3.0,2026-10-19T04:00:00,7,TowerWagon,False
TSK-00373,AST-ENG-0399,SEC-RKMP-BPL,ENGINEERING,BallastCleaning,BallastCleaning,4,4,5.0,2026-10-03T02:00:00,5,BallastCleaningMachine,False
TSK-00374,AST-S_A-0166,SEC-RKMP-BPL,S_AND_T,SignalCableRenewal,SignalCableRenewal,5,5,6.0,2026-11-10T03:00:00,14,CableTestingVan,True
TSK-00375,AST-TRA-0383,SEC-RKMP-BPL,TRACTION,InsulatorReplacement,InsulatorReplacement,3,4,2.0,2026-10-07T04:00:00,6,TowerWagon,False
TSK-00376,AST-ENG-0148,SEC-RKMP-BPL,ENGINEERING,TrackTamping,TrackTamping,2,3,6.0,2026-10-30T01:00:00,7,DuomaticTampingMachine,False
TSK-00377,AST-S_A-0306,SEC-RKMP-BPL,S_AND_T,PointMachineOverhaul,PointMachineOverhaul,3,4,2.0,2026-11-04T05:00:00,4,TowerWagon,False
TSK-00378,AST-TRA-0342,SEC-RKMP-BPL,TRACTION,DropperReplacement,DropperReplacement,3,2,4.0,2026-09-16T04:00:00,9,TowerWagon,False
TSK-00379,AST-ENG-0112,SEC-RKMP-BPL,ENGINEERING,JointWelding,JointWelding,4,4,2.5,2026-10-19T04:00:00,13,MobileFlashButtWeldingPlant,False
TSK-00380,AST-S_A-0273,SEC-RKMP-BPL,S_AND_T,PointMachineOverhaul,PointMachineOverhaul,2,3,1.5,2026-11-16T05:00:00,9,TowerWagon,False
TSK-00381,AST-TRA-0464,SEC-RKMP-BPL,TRACTION,DropperReplacement,DropperReplacement,4,4,6.0,2026-10-23T05:00:00,10,TowerWagon,False
TSK-00382,AST-ENG-0036,SEC-RKMP-BPL,ENGINEERING,TrackTamping,TrackTamping,3,3,3.0,2026-10-25T04:00:00,9,DuomaticTampingMachine,False
TSK-00383,AST-S_A-0235,SEC-RKMP-BPL,S_AND_T,SignalCableRenewal,SignalCableRenewal,5,5,6.0,2026-12-04T03:00:00,9,CableTestingVan,True
TSK-00384,AST-TRA-0109,SEC-RKMP-BPL,TRACTION,OHEInspection,OHEInspection,3,4,2.0,2026-09-18T03:00:00,3,TowerWagon,False
TSK-00385,AST-ENG-0367,SEC-RKMP-BPL,ENGINEERING,BallastCleaning,BallastCleaning,5,5,4.5,2026-09-12T01:00:00,10,BallastCleaningMachine,True
TSK-00386,AST-S_A-0471,SEC-RKMP-BPL,S_AND_T,TurnoutAdjustment,TurnoutAdjustment,3,3,6.0,2026-09-24T02:00:00,11,,False
TSK-00387,AST-TRA-0207,SEC-RKMP-BPL,TRACTION,OHEInspection,OHEInspection,4,3,2.5,2026-11-16T00:00:00,6,TowerWagon,False
TSK-00388,AST-ENG-0379,SEC-RKMP-BPL,ENGINEERING,TrackTamping,TrackTamping,4,2,3.5,2026-11-24T02:00:00,16,DuomaticTampingMachine,False
TSK-00389,AST-S_A-0126,SEC-RKMP-BPL,S_AND_T,PointMachineOverhaul,PointMachineOverhaul,2,4,4.5,2026-10-03T03:00:00,11,TowerWagon,False
TSK-00390,AST-TRA-0264,SEC-RKMP-BPL,TRACTION,ContactWireReplacement,ContactWireReplacement,2,2,3.0,2026-11-05T04:00:00,15,TowerWagon,False
TSK-00391,AST-ENG-0265,SEC-RKMP-BPL,ENGINEERING,RailGrinding,RailGrinding,2,4,4.5,2026-11-23T01:00:00,7,RailGrindingMachine,False
TSK-00392,AST-S_A-0493,SEC-RKMP-BPL,S_AND_T,PointMachineOverhaul,PointMachineOverhaul,2,2,6.0,2026-11-29T03:00:00,14,TowerWagon,False
TSK-00393,AST-TRA-0274,SEC-RKMP-BPL,TRACTION,DropperReplacement,DropperReplacement,3,3,1.5,2026-10-29T01:00:00,10,TowerWagon,False
TSK-00394,AST-ENG-0375,SEC-RKMP-BPL,ENGINEERING,SleeperRenewal,SleeperRenewal,5,5,5.0,2026-10-09T02:00:00,7,TrackRelayingTrain,True
TSK-00395,AST-S_A-0095,SEC-RKMP-BPL,S_AND_T,PointMachineOverhaul,PointMachineOverhaul,2,4,3.5,2026-11-24T05:00:00,9,TowerWagon,False
TSK-00396,AST-TRA-0277,SEC-RKMP-BPL,TRACTION,InsulatorReplacement,InsulatorReplacement,5,5,2.0,2026-09-11T05:00:00,7,TowerWagon,True
TSK-00397,AST-ENG-0328,SEC-RKMP-BPL,ENGINEERING,RailGrinding,RailGrinding,5,5,6.0,2026-10-04T04:00:00,3,RailGrindingMachine,True
TSK-00398,AST-S_A-0291,SEC-RKMP-BPL,S_AND_T,AxleCounterCalibration,AxleCounterCalibration,5,5,5.0,2026-09-11T00:00:00,14,SignalTestingKit,True
TSK-00399,AST-TRA-0304,SEC-RKMP-BPL,TRACTION,DropperReplacement,DropperReplacement,5,5,2.5,2026-10-19T04:00:00,9,TowerWagon,True
TSK-00400,AST-ENG-0402,SEC-RKMP-BPL,ENGINEERING,BallastCleaning,BallastCleaning,5,5,4.0,2026-11-28T00:00:00,3,BallastCleaningMachine,True
TSK-00401,AST-S_A-0452,SEC-RKMP-BPL,S_AND_T,SignalCableRenewal,SignalCableRenewal,4,3,3.0,2026-10-28T04:00:00,5,CableTestingVan,False
TSK-00402,AST-TRA-0363,SEC-RKMP-BPL,TRACTION,ContactWireReplacement,ContactWireReplacement,3,2,2.0,2026-11-02T05:00:00,16,TowerWagon,False
TSK-00403,AST-ENG-0239,SEC-RKMP-BPL,ENGINEERING,JointWelding,JointWelding,5,5,4.5,2026-10-12T04:00:00,6,MobileFlashButtWeldingPlant,True
TSK-00404,AST-S_A-0177,SEC-RKMP-BPL,S_AND_T,TurnoutAdjustment,TurnoutAdjustment,3,3,3.5,2026-11-12T02:00:00,3,,False
TSK-00405,AST-TRA-0306,SEC-RKMP-BPL,TRACTION,ContactWireReplacement,ContactWireReplacement,2,2,4.0,2026-11-18T03:00:00,14,TowerWagon,False
TSK-00406,AST-ENG-0238,SEC-RKMP-BPL,ENGINEERING,JointWelding,JointWelding,5,5,4.0,2026-11-02T04:00:00,6,MobileFlashButtWeldingPlant,True
TSK-00407,AST-S_A-0112,SEC-RKMP-BPL,S_AND_T,AxleCounterCalibration,AxleCounterCalibration,5,5,4.0,2026-10-20T00:00:00,8,SignalTestingKit,True
TSK-00408,AST-TRA-0413,SEC-RKMP-BPL,TRACTION,ContactWireReplacement,ContactWireReplacement,3,2,4.0,2026-12-01T02:00:00,5,TowerWagon,False
TSK-00409,AST-ENG-0463,SEC-RKMP-BPL,ENGINEERING,RailGrinding,RailGrinding,4,4,3.5,2026-12-03T03:00:00,3,RailGrindingMachine,False
TSK-00410,AST-S_A-0453,SEC-RKMP-BPL,S_AND_T,TurnoutAdjustment,TurnoutAdjustment,5,5,2.5,2026-12-05T01:00:00,10,,True
TSK-00411,AST-TRA-0425,SEC-RKMP-BPL,TRACTION,ContactWireReplacement,ContactWireReplacement,3,3,1.5,2026-11-03T05:00:00,11,TowerWagon,False
TSK-00412,AST-ENG-0077,SEC-RKMP-BPL,ENGINEERING,BallastCleaning,BallastCleaning,2,4,4.0,2026-11-14T04:00:00,4,BallastCleaningMachine,False
TSK-00413,AST-S_A-0237,SEC-RKMP-BPL,S_AND_T,SignalCableRenewal,SignalCableRenewal,2,4,4.5,2026-10-25T03:00:00,7,CableTestingVan,False
TSK-00414,AST-TRA-0185,SEC-RKMP-BPL,TRACTION,ContactWireReplacement,ContactWireReplacement,3,4,6.0,2026-09-25T02:00:00,6,TowerWagon,False
TSK-00415,AST-ENG-0368,SEC-RKMP-BPL,ENGINEERING,BallastCleaning,BallastCleaning,2,4,1.5,2026-09-29T05:00:00,15,BallastCleaningMachine,False
TSK-00416,AST-S_A-0121,SEC-RKMP-BPL,S_AND_T,AxleCounterCalibration,AxleCounterCalibration,2,4,4.0,2026-11-04T02:00:00,15,SignalTestingKit,False
TSK-00417,AST-TRA-0494,SEC-RKMP-BPL,TRACTION,DropperReplacement,DropperReplacement,4,3,3.5,2026-09-23T02:00:00,4,TowerWagon,False
TSK-00418,AST-ENG-0036,SEC-RKMP-BPL,ENGINEERING,RailGrinding,RailGrinding,3,3,3.0,2026-10-22T04:00:00,13,RailGrindingMachine,False
TSK-00419,AST-S_A-0423,SEC-RKMP-BPL,S_AND_T,TurnoutAdjustment,TurnoutAdjustment,4,4,4.5,2026-10-26T01:00:00,14,,False
TSK-00420,AST-TRA-0326,SEC-RKMP-BPL,TRACTION,OHEInspection,OHEInspection,2,2,2.0,2026-09-20T02:00:00,15,TowerWagon,False
TSK-00421,AST-ENG-0077,SEC-RKMP-BPL,ENGINEERING,RailGrinding,RailGrinding,3,2,2.0,2026-11-10T00:00:00,3,RailGrindingMachine,False
TSK-00422,AST-S_A-0221,SEC-RKMP-BPL,S_AND_T,TurnoutAdjustment,TurnoutAdjustment,3,2,4.5,2026-10-16T03:00:00,10,,False
TSK-00423,AST-TRA-0308,SEC-RKMP-BPL,TRACTION,DropperReplacement,DropperReplacement,5,5,2.5,2026-10-13T01:00:00,12,TowerWagon,True
TSK-00424,AST-ENG-0007,SEC-RKMP-BPL,ENGINEERING,BallastCleaning,BallastCleaning,4,4,3.5,2026-10-02T02:00:00,9,BallastCleaningMachine,False
TSK-00425,AST-S_A-0189,SEC-RKMP-BPL,S_AND_T,TurnoutAdjustment,TurnoutAdjustment,5,5,5.0,2026-10-27T01:00:00,11,,True
TSK-00426,AST-TRA-0258,SEC-RKMP-BPL,TRACTION,DropperReplacement,DropperReplacement,5,5,4.5,2026-10-10T05:00:00,8,TowerWagon,True
TSK-00427,AST-ENG-0392,SEC-RKMP-BPL,ENGINEERING,TrackTamping,TrackTamping,2,4,5.0,2026-12-02T01:00:00,3,DuomaticTampingMachine,False
TSK-00428,AST-S_A-0143,SEC-RKMP-BPL,S_AND_T,AxleCounterCalibration,AxleCounterCalibration,4,4,4.5,2026-11-19T03:00:00,11,SignalTestingKit,False
TSK-00429,AST-TRA-0022,SEC-RKMP-BPL,TRACTION,DropperReplacement,DropperReplacement,5,5,3.0,2026-10-19T05:00:00,10,TowerWagon,True
TSK-00430,AST-ENG-0169,SEC-RKMP-BPL,ENGINEERING,SleeperRenewal,SleeperRenewal,2,4,1.5,2026-12-06T01:00:00,3,TrackRelayingTrain,False
TSK-00431,AST-S_A-0162,SEC-RKMP-BPL,S_AND_T,SignalCableRenewal,SignalCableRenewal,2,2,1.5,2026-10-22T00:00:00,16,CableTestingVan,False
TSK-00432,AST-TRA-0026,SEC-RKMP-BPL,TRACTION,ContactWireReplacement,ContactWireReplacement,2,2,4.5,2026-12-03T05:00:00,6,TowerWagon,False
TSK-00433,AST-ENG-0212,SEC-RKMP-BPL,ENGINEERING,BallastCleaning,BallastCleaning,4,2,1.5,2026-12-01T04:00:00,10,BallastCleaningMachine,False
TSK-00434,AST-S_A-0253,SEC-RKMP-BPL,S_AND_T,AxleCounterCalibration,AxleCounterCalibration,3,4,4.5,2026-11-25T00:00:00,9,SignalTestingKit,False
TSK-00435,AST-TRA-0195,SEC-RKMP-BPL,TRACTION,InsulatorReplacement,InsulatorReplacement,5,5,2.5,2026-10-27T05:00:00,16,TowerWagon,True
TSK-00436,AST-ENG-0151,SEC-RKMP-BPL,ENGINEERING,SleeperRenewal,SleeperRenewal,4,4,2.0,2026-09-12T02:00:00,8,TrackRelayingTrain,False
TSK-00437,AST-S_A-0091,SEC-RKMP-BPL,S_AND_T,PointMachineOverhaul,PointMachineOverhaul,3,3,3.5,2026-11-09T02:00:00,6,TowerWagon,False
TSK-00438,AST-TRA-0359,SEC-RKMP-BPL,TRACTION,OHEInspection,OHEInspection,2,3,3.5,2026-10-21T03:00:00,8,TowerWagon,False
TSK-00439,AST-ENG-0107,SEC-RKMP-BPL,ENGINEERING,RailGrinding,RailGrinding,5,5,1.5,2026-11-29T02:00:00,7,RailGrindingMachine,True
TSK-00440,AST-S_A-0248,SEC-RKMP-BPL,S_AND_T,SignalCableRenewal,SignalCableRenewal,3,2,3.5,2026-09-21T05:00:00,6,CableTestingVan,False
TSK-00441,AST-TRA-0404,SEC-RKMP-BPL,TRACTION,OHEInspection,OHEInspection,3,4,6.0,2026-12-02T01:00:00,11,TowerWagon,False
TSK-00442,AST-ENG-0497,SEC-RKMP-BPL,ENGINEERING,SleeperRenewal,SleeperRenewal,4,3,3.5,2026-10-10T03:00:00,5,TrackRelayingTrain,False
TSK-00443,AST-S_A-0089,SEC-RKMP-BPL,S_AND_T,AxleCounterCalibration,AxleCounterCalibration,3,2,3.5,2026-11-03T02:00:00,3,SignalTestingKit,False
TSK-00444,AST-TRA-0020,SEC-RKMP-BPL,TRACTION,OHEInspection,OHEInspection,4,2,6.0,2026-09-19T04:00:00,6,TowerWagon,False
TSK-00445,AST-ENG-0140,SEC-RKMP-BPL,ENGINEERING,RailGrinding,RailGrinding,4,3,2.5,2026-09-27T05:00:00,8,RailGrindingMachine,False
TSK-00446,AST-S_A-0164,SEC-RKMP-BPL,S_AND_T,PointMachineOverhaul,PointMachineOverhaul,2,4,2.5,2026-09-17T03:00:00,3,TowerWagon,False
TSK-00447,AST-TRA-0496,SEC-RKMP-BPL,TRACTION,DropperReplacement,DropperReplacement,4,2,3.0,2026-12-01T00:00:00,10,TowerWagon,False
TSK-00448,AST-ENG-0387,SEC-RKMP-BPL,ENGINEERING,TrackTamping,TrackTamping,2,3,1.5,2026-11-17T04:00:00,14,DuomaticTampingMachine,False
TSK-00449,AST-S_A-0384,SEC-RKMP-BPL,S_AND_T,TurnoutAdjustment,TurnoutAdjustment,3,2,4.5,2026-11-20T04:00:00,7,,False
TSK-00450,AST-TRA-0498,SEC-RKMP-BPL,TRACTION,InsulatorReplacement,InsulatorReplacement,2,2,3.5,2026-11-17T00:00:00,4,TowerWagon,False
TSK-00451,AST-ENG-0386,SEC-RKMP-BPL,ENGINEERING,SleeperRenewal,SleeperRenewal,3,2,4.5,2026-11-20T04:00:00,11,TrackRelayingTrain,False
TSK-00452,AST-S_A-0138,SEC-RKMP-BPL,S_AND_T,AxleCounterCalibration,AxleCounterCalibration,3,2,6.0,2026-10-16T05:00:00,3,SignalTestingKit,False
TSK-00453,AST-TRA-0197,SEC-RKMP-BPL,TRACTION,InsulatorReplacement,InsulatorReplacement,4,4,5.0,2026-10-17T00:00:00,15,TowerWagon,False
TSK-00454,AST-ENG-0213,SEC-RKMP-BPL,ENGINEERING,JointWelding,JointWelding,3,2,4.5,2026-10-09T04:00:00,10,MobileFlashButtWeldingPlant,False
TSK-00455,AST-S_A-0252,SEC-RKMP-BPL,S_AND_T,PointMachineOverhaul,PointMachineOverhaul,3,3,1.5,2026-09-23T04:00:00,7,TowerWagon,False
TSK-00456,AST-TRA-0412,SEC-RKMP-BPL,TRACTION,OHEInspection,OHEInspection,3,4,6.0,2026-10-02T04:00:00,16,TowerWagon,False
TSK-00457,AST-ENG-0420,SEC-RKMP-BPL,ENGINEERING,BallastCleaning,BallastCleaning,5,5,2.0,2026-09-22T05:00:00,10,BallastCleaningMachine,True
TSK-00458,AST-S_A-0410,SEC-RKMP-BPL,S_AND_T,TurnoutAdjustment,TurnoutAdjustment,4,2,2.5,2026-10-31T01:00:00,6,,False
TSK-00459,AST-TRA-0282,SEC-RKMP-BPL,TRACTION,OHEInspection,OHEInspection,2,4,3.0,2026-11-13T01:00:00,3,TowerWagon,False
TSK-00460,AST-ENG-0034,SEC-RKMP-BPL,ENGINEERING,TrackTamping,TrackTamping,3,2,3.5,2026-10-25T01:00:00,6,DuomaticTampingMachine,False
TSK-00461,AST-S_A-0469,SEC-RKMP-BPL,S_AND_T,PointMachineOverhaul,PointMachineOverhaul,2,3,2.5,2026-11-28T01:00:00,5,TowerWagon,False
TSK-00462,AST-TRA-0360,SEC-RKMP-BPL,TRACTION,OHEInspection,OHEInspection,5,5,3.5,2026-10-19T02:00:00,5,TowerWagon,True
TSK-00463,AST-ENG-0500,SEC-RKMP-BPL,ENGINEERING,SleeperRenewal,SleeperRenewal,4,4,4.5,2026-10-20T01:00:00,15,TrackRelayingTrain,False
TSK-00464,AST-S_A-0044,SEC-RKMP-BPL,S_AND_T,AxleCounterCalibration,AxleCounterCalibration,3,2,6.0,2026-09-20T03:00:00,16,SignalTestingKit,False
TSK-00465,AST-TRA-0178,SEC-RKMP-BPL,TRACTION,OHEInspection,OHEInspection,5,5,4.5,2026-10-20T04:00:00,8,TowerWagon,True
TSK-00466,AST-ENG-0450,SEC-RKMP-BPL,ENGINEERING,BallastCleaning,BallastCleaning,5,5,5.0,2026-10-02T02:00:00,12,BallastCleaningMachine,True
TSK-00467,AST-S_A-0020,SEC-RKMP-BPL,S_AND_T,SignalCableRenewal,SignalCableRenewal,3,2,2.0,2026-11-07T00:00:00,7,CableTestingVan,False
TSK-00468,AST-TRA-0475,SEC-RKMP-BPL,TRACTION,InsulatorReplacement,InsulatorReplacement,5,5,5.0,2026-11-15T02:00:00,15,TowerWagon,True
TSK-00469,AST-ENG-0161,SEC-RKMP-BPL,ENGINEERING,JointWelding,JointWelding,4,2,6.0,2026-10-12T05:00:00,10,MobileFlashButtWeldingPlant,False
TSK-00470,AST-S_A-0185,SEC-RKMP-BPL,S_AND_T,PointMachineOverhaul,PointMachineOverhaul,5,5,3.5,2026-10-02T03:00:00,8,TowerWagon,True
TSK-00471,AST-TRA-0131,SEC-RKMP-BPL,TRACTION,DropperReplacement,DropperReplacement,4,3,2.5,2026-11-04T01:00:00,8,TowerWagon,False
TSK-00472,AST-ENG-0386,SEC-RKMP-BPL,ENGINEERING,JointWelding,JointWelding,2,3,1.5,2026-10-13T01:00:00,11,MobileFlashButtWeldingPlant,False
TSK-00473,AST-S_A-0455,SEC-RKMP-BPL,S_AND_T,TurnoutAdjustment,TurnoutAdjustment,4,4,6.0,2026-11-19T02:00:00,3,,False
TSK-00474,AST-TRA-0494,SEC-RKMP-BPL,TRACTION,DropperReplacement,DropperReplacement,2,2,5.0,2026-10-20T00:00:00,4,TowerWagon,False
TSK-00475,AST-ENG-0376,SEC-RKMP-BPL,ENGINEERING,SleeperRenewal,SleeperRenewal,3,3,1.5,2026-10-25T00:00:00,13,TrackRelayingTrain,False
TSK-00476,AST-S_A-0307,SEC-RKMP-BPL,S_AND_T,AxleCounterCalibration,AxleCounterCalibration,2,2,3.5,2026-11-16T03:00:00,14,SignalTestingKit,False
TSK-00477,AST-TRA-0279,SEC-RKMP-BPL,TRACTION,ContactWireReplacement,ContactWireReplacement,3,3,4.5,2026-09-29T00:00:00,15,TowerWagon,False
TSK-00478,AST-ENG-0095,SEC-RKMP-BPL,ENGINEERING,TrackTamping,TrackTamping,4,2,6.0,2026-10-10T04:00:00,12,DuomaticTampingMachine,False
TSK-00479,AST-S_A-0445,SEC-RKMP-BPL,S_AND_T,PointMachineOverhaul,PointMachineOverhaul,2,4,4.5,2026-11-17T00:00:00,5,TowerWagon,False
TSK-00480,AST-TRA-0355,SEC-RKMP-BPL,TRACTION,ContactWireReplacement,ContactWireReplacement,4,2,4.0,2026-11-03T01:00:00,7,TowerWagon,False
TSK-00481,AST-ENG-0365,SEC-RKMP-BPL,ENGINEERING,TrackTamping,TrackTamping,4,4,4.0,2026-09-13T05:00:00,3,DuomaticTampingMachine,False
TSK-00482,AST-S_A-0379,SEC-RKMP-BPL,S_AND_T,PointMachineOverhaul,PointMachineOverhaul,2,2,2.0,2026-10-21T01:00:00,9,TowerWagon,False
TSK-00483,AST-TRA-0261,SEC-RKMP-BPL,TRACTION,InsulatorReplacement,InsulatorReplacement,3,4,4.0,2026-10-18T01:00:00,11,TowerWagon,False
TSK-00484,AST-ENG-0040,SEC-RKMP-BPL,ENGINEERING,JointWelding,JointWelding,2,2,3.0,2026-10-14T00:00:00,5,MobileFlashButtWeldingPlant,False
TSK-00485,AST-S_A-0088,SEC-RKMP-BPL,S_AND_T,PointMachineOverhaul,PointMachineOverhaul,4,2,1.5,2026-11-17T04:00:00,9,TowerWagon,False
TSK-00486,AST-TRA-0034,SEC-RKMP-BPL,TRACTION,InsulatorReplacement,InsulatorReplacement,3,4,1.5,2026-10-15T04:00:00,4,TowerWagon,False
TSK-00487,AST-ENG-0105,SEC-RKMP-BPL,ENGINEERING,RailGrinding,RailGrinding,4,3,2.0,2026-09-27T00:00:00,11,RailGrindingMachine,False
TSK-00488,AST-S_A-0189,SEC-RKMP-BPL,S_AND_T,TurnoutAdjustment,TurnoutAdjustment,2,4,2.5,2026-11-22T01:00:00,4,,False
TSK-00489,AST-TRA-0435,SEC-RKMP-BPL,TRACTION,ContactWireReplacement,ContactWireReplacement,5,5,5.0,2026-10-12T03:00:00,10,TowerWagon,True
TSK-00490,AST-ENG-0086,SEC-RKMP-BPL,ENGINEERING,RailGrinding,RailGrinding,2,4,4.5,2026-09-16T03:00:00,13,RailGrindingMachine,False
TSK-00491,AST-S_A-0034,SEC-RKMP-BPL,S_AND_T,TurnoutAdjustment,TurnoutAdjustment,5,5,6.0,2026-11-25T04:00:00,14,,True
TSK-00492,AST-TRA-0012,SEC-RKMP-BPL,TRACTION,OHEInspection,OHEInspection,3,3,5.0,2026-09-15T03:00:00,14,TowerWagon,False
TSK-00493,AST-ENG-0214,SEC-RKMP-BPL,ENGINEERING,SleeperRenewal,SleeperRenewal,4,4,2.5,2026-11-19T05:00:00,9,TrackRelayingTrain,False
TSK-00494,AST-S_A-0076,SEC-RKMP-BPL,S_AND_T,PointMachineOverhaul,PointMachineOverhaul,2,4,4.0,2026-11-22T05:00:00,3,TowerWagon,False
TSK-00495,AST-TRA-0333,SEC-RKMP-BPL,TRACTION,ContactWireReplacement,ContactWireReplacement,2,3,6.0,2026-11-09T04:00:00,6,TowerWagon,False
TSK-00496,AST-ENG-0261,SEC-RKMP-BPL,ENGINEERING,RailGrinding,RailGrinding,4,2,2.5,2026-10-21T02:00:00,7,RailGrindingMachine,False
TSK-00497,AST-S_A-0183,SEC-RKMP-BPL,S_AND_T,AxleCounterCalibration,AxleCounterCalibration,3,2,1.5,2026-09-23T04:00:00,15,SignalTestingKit,False
TSK-00498,AST-TRA-0347,SEC-RKMP-BPL,TRACTION,OHEInspection,OHEInspection,5,5,6.0,2026-11-24T00:00:00,6,TowerWagon,True
TSK-00499,AST-ENG-0005,SEC-RKMP-BPL,ENGINEERING,BallastCleaning,BallastCleaning,2,2,2.0,2026-09-14T01:00:00,13,BallastCleaningMachine,False
TSK-00500,AST-S_A-0375,SEC-RKMP-BPL,S_AND_T,PointMachineOverhaul,PointMachineOverhaul,4,3,1.5,2026-09-16T05:00:00,11,TowerWagon,False
TSK-00501,AST-TRA-0006,SEC-RKMP-BPL,TRACTION,DropperReplacement,DropperReplacement,3,2,2.5,2026-11-01T01:00:00,16,TowerWagon,False
TSK-00502,AST-ENG-0062,SEC-RKMP-BPL,ENGINEERING,BallastCleaning,BallastCleaning,4,4,3.0,2026-10-29T03:00:00,11,BallastCleaningMachine,False
TSK-00503,AST-S_A-0447,SEC-RKMP-BPL,S_AND_T,PointMachineOverhaul,PointMachineOverhaul,4,2,3.0,2026-11-20T01:00:00,6,TowerWagon,False
TSK-00504,AST-TRA-0165,SEC-RKMP-BPL,TRACTION,InsulatorReplacement,InsulatorReplacement,3,3,3.5,2026-12-01T03:00:00,12,TowerWagon,False
TSK-00505,AST-ENG-0269,SEC-RKMP-BPL,ENGINEERING,TrackTamping,TrackTamping,4,3,6.0,2026-10-23T02:00:00,4,DuomaticTampingMachine,False
TSK-00506,AST-S_A-0034,SEC-RKMP-BPL,S_AND_T,TurnoutAdjustment,TurnoutAdjustment,5,5,5.0,2026-12-01T04:00:00,4,,True
TSK-00507,AST-TRA-0383,SEC-RKMP-BPL,TRACTION,InsulatorReplacement,InsulatorReplacement,2,2,5.0,2026-09-18T00:00:00,15,TowerWagon,False
TSK-00508,AST-ENG-0346,SEC-RKMP-BPL,ENGINEERING,TrackTamping,TrackTamping,4,4,5.0,2026-11-05T01:00:00,13,DuomaticTampingMachine,False
TSK-00509,AST-S_A-0294,SEC-RKMP-BPL,S_AND_T,AxleCounterCalibration,AxleCounterCalibration,2,3,3.5,2026-10-08T05:00:00,12,SignalTestingKit,False
TSK-00510,AST-TRA-0333,SEC-RKMP-BPL,TRACTION,ContactWireReplacement,ContactWireReplacement,3,2,3.0,2026-10-18T04:00:00,13,TowerWagon,False
TSK-00511,AST-ENG-0102,SEC-RKMP-BPL,ENGINEERING,TrackTamping,TrackTamping,2,2,4.5,2026-10-28T02:00:00,9,DuomaticTampingMachine,False
TSK-00512,AST-S_A-0203,SEC-RKMP-BPL,S_AND_T,PointMachineOverhaul,PointMachineOverhaul,3,4,5.0,2026-10-31T04:00:00,11,TowerWagon,False
TSK-00513,AST-TRA-0321,SEC-RKMP-BPL,TRACTION,ContactWireReplacement,ContactWireReplacement,2,3,2.5,2026-11-19T04:00:00,11,TowerWagon,False
TSK-00514,AST-ENG-0051,SEC-RKMP-BPL,ENGINEERING,SleeperRenewal,SleeperRenewal,3,4,1.5,2026-10-04T05:00:00,10,TrackRelayingTrain,False
TSK-00515,AST-S_A-0046,SEC-RKMP-BPL,S_AND_T,PointMachineOverhaul,PointMachineOverhaul,4,4,3.0,2026-11-01T01:00:00,6,TowerWagon,False
TSK-00516,AST-TRA-0297,SEC-RKMP-BPL,TRACTION,OHEInspection,OHEInspection,4,4,6.0,2026-11-01T01:00:00,7,TowerWagon,False
TSK-00517,AST-ENG-0362,SEC-RKMP-BPL,ENGINEERING,TrackTamping,TrackTamping,5,5,3.0,2026-10-26T01:00:00,8,DuomaticTampingMachine,True
TSK-00518,AST-S_A-0072,SEC-RKMP-BPL,S_AND_T,AxleCounterCalibration,AxleCounterCalibration,3,3,3.0,2026-09-27T00:00:00,8,SignalTestingKit,False
TSK-00519,AST-TRA-0118,SEC-RKMP-BPL,TRACTION,InsulatorReplacement,InsulatorReplacement,4,3,6.0,2026-09-19T01:00:00,7,TowerWagon,False
TSK-00520,AST-ENG-0387,SEC-RKMP-BPL,ENGINEERING,JointWelding,JointWelding,4,4,5.0,2026-11-20T03:00:00,4,MobileFlashButtWeldingPlant,False
TSK-00521,AST-S_A-0202,SEC-RKMP-BPL,S_AND_T,TurnoutAdjustment,TurnoutAdjustment,3,3,2.0,2026-09-14T05:00:00,15,,False
TSK-00522,AST-TRA-0277,SEC-RKMP-BPL,TRACTION,InsulatorReplacement,InsulatorReplacement,2,2,4.0,2026-09-28T04:00:00,14,TowerWagon,False
TSK-00523,AST-ENG-0342,SEC-RKMP-BPL,ENGINEERING,SleeperRenewal,SleeperRenewal,4,2,4.5,2026-12-03T02:00:00,14,TrackRelayingTrain,False
TSK-00524,AST-S_A-0471,SEC-RKMP-BPL,S_AND_T,SignalCableRenewal,SignalCableRenewal,4,3,4.0,2026-12-02T00:00:00,10,CableTestingVan,False
TSK-00525,AST-TRA-0210,SEC-RKMP-BPL,TRACTION,DropperReplacement,DropperReplacement,2,4,5.0,2026-09-20T01:00:00,4,TowerWagon,False
TSK-00526,AST-ENG-0073,SEC-RKMP-BPL,ENGINEERING,RailGrinding,RailGrinding,3,2,1.5,2026-09-30T05:00:00,10,RailGrindingMachine,False
TSK-00527,AST-S_A-0282,SEC-RKMP-BPL,S_AND_T,PointMachineOverhaul,PointMachineOverhaul,3,2,5.0,2026-10-12T04:00:00,11,TowerWagon,False
TSK-00528,AST-TRA-0457,SEC-RKMP-BPL,TRACTION,InsulatorReplacement,InsulatorReplacement,3,3,1.5,2026-11-29T05:00:00,14,TowerWagon,False
TSK-00529,AST-ENG-0320,SEC-RKMP-BPL,ENGINEERING,SleeperRenewal,SleeperRenewal,4,3,3.5,2026-11-10T03:00:00,3,TrackRelayingTrain,False
TSK-00530,AST-S_A-0391,SEC-RKMP-BPL,S_AND_T,TurnoutAdjustment,TurnoutAdjustment,2,3,2.0,2026-10-13T01:00:00,3,,False
TSK-00531,AST-TRA-0219,SEC-RKMP-BPL,TRACTION,ContactWireReplacement,ContactWireReplacement,4,3,3.5,2026-10-10T04:00:00,6,TowerWagon,False
TSK-00532,AST-ENG-0485,SEC-RKMP-BPL,ENGINEERING,TrackTamping,TrackTamping,3,3,3.0,2026-09-25T03:00:00,7,DuomaticTampingMachine,False
TSK-00533,AST-S_A-0250,SEC-RKMP-BPL,S_AND_T,TurnoutAdjustment,TurnoutAdjustment,3,4,1.5,2026-11-06T04:00:00,16,,False
TSK-00534,AST-TRA-0013,SEC-RKMP-BPL,TRACTION,InsulatorReplacement,InsulatorReplacement,5,5,2.5,2026-10-03T01:00:00,9,TowerWagon,True
TSK-00535,AST-ENG-0309,SEC-RKMP-BPL,ENGINEERING,JointWelding,JointWelding,4,3,4.0,2026-11-09T00:00:00,13,MobileFlashButtWeldingPlant,False
TSK-00536,AST-S_A-0199,SEC-RKMP-BPL,S_AND_T,PointMachineOverhaul,PointMachineOverhaul,2,4,3.5,2026-09-13T04:00:00,4,TowerWagon,False
TSK-00537,AST-TRA-0008,SEC-RKMP-BPL,TRACTION,OHEInspection,OHEInspection,3,3,4.0,2026-10-29T03:00:00,13,TowerWagon,False
TSK-00538,AST-ENG-0310,SEC-RKMP-BPL,ENGINEERING,TrackTamping,TrackTamping,5,5,2.5,2026-11-11T04:00:00,15,DuomaticTampingMachine,True
TSK-00539,AST-S_A-0464,SEC-RKMP-BPL,S_AND_T,TurnoutAdjustment,TurnoutAdjustment,5,5,3.0,2026-09-12T01:00:00,14,,True
TSK-00540,AST-TRA-0098,SEC-RKMP-BPL,TRACTION,DropperReplacement,DropperReplacement,2,2,3.0,2026-09-10T03:00:00,9,TowerWagon,False
TSK-00541,AST-ENG-0226,SEC-RKMP-BPL,ENGINEERING,RailGrinding,RailGrinding,4,3,1.5,2026-10-15T05:00:00,13,RailGrindingMachine,False
TSK-00542,AST-S_A-0063,SEC-RKMP-BPL,S_AND_T,AxleCounterCalibration,AxleCounterCalibration,5,5,5.0,2026-10-06T04:00:00,15,SignalTestingKit,True
TSK-00543,AST-TRA-0204,SEC-RKMP-BPL,TRACTION,OHEInspection,OHEInspection,4,4,6.0,2026-12-02T03:00:00,16,TowerWagon,False
TSK-00544,AST-ENG-0229,SEC-RKMP-BPL,ENGINEERING,BallastCleaning,BallastCleaning,5,5,4.5,2026-11-16T02:00:00,3,BallastCleaningMachine,True
TSK-00545,AST-S_A-0308,SEC-RKMP-BPL,S_AND_T,PointMachineOverhaul,PointMachineOverhaul,2,4,5.0,2026-09-30T04:00:00,12,TowerWagon,False
TSK-00546,AST-TRA-0410,SEC-RKMP-BPL,TRACTION,InsulatorReplacement,InsulatorReplacement,2,3,3.5,2026-10-23T01:00:00,13,TowerWagon,False
TSK-00547,AST-ENG-0099,SEC-RKMP-BPL,ENGINEERING,RailGrinding,RailGrinding,3,4,3.0,2026-11-25T03:00:00,14,RailGrindingMachine,False
TSK-00548,AST-S_A-0480,SEC-RKMP-BPL,S_AND_T,AxleCounterCalibration,AxleCounterCalibration,2,3,3.0,2026-09-30T03:00:00,16,SignalTestingKit,False
TSK-00549,AST-TRA-0281,SEC-RKMP-BPL,TRACTION,DropperReplacement,DropperReplacement,4,2,3.0,2026-10-10T00:00:00,7,TowerWagon,False
TSK-00550,AST-ENG-0249,SEC-RKMP-BPL,ENGINEERING,BallastCleaning,BallastCleaning,2,3,5.0,2026-11-28T03:00:00,11,BallastCleaningMachine,False
TSK-00551,AST-S_A-0233,SEC-RKMP-BPL,S_AND_T,TurnoutAdjustment,TurnoutAdjustment,5,5,4.0,2026-09-28T01:00:00,14,,True
TSK-00552,AST-TRA-0359,SEC-RKMP-BPL,TRACTION,DropperReplacement,DropperReplacement,2,2,5.0,2026-11-16T05:00:00,11,TowerWagon,False
TSK-00553,AST-ENG-0441,SEC-RKMP-BPL,ENGINEERING,JointWelding,JointWelding,2,4,3.0,2026-11-13T05:00:00,14,MobileFlashButtWeldingPlant,False
TSK-00554,AST-S_A-0497,SEC-RKMP-BPL,S_AND_T,TurnoutAdjustment,TurnoutAdjustment,2,3,2.0,2026-10-17T01:00:00,14,,False
TSK-00555,AST-TRA-0464,SEC-RKMP-BPL,TRACTION,InsulatorReplacement,InsulatorReplacement,5,5,2.0,2026-10-15T02:00:00,10,TowerWagon,True
TSK-00556,AST-ENG-0113,SEC-RKMP-BPL,ENGINEERING,SleeperRenewal,SleeperRenewal,3,2,2.5,2026-11-23T04:00:00,8,TrackRelayingTrain,False
TSK-00557,AST-S_A-0246,SEC-RKMP-BPL,S_AND_T,TurnoutAdjustment,TurnoutAdjustment,5,5,4.0,2026-11-20T02:00:00,15,,True
TSK-00558,AST-TRA-0288,SEC-RKMP-BPL,TRACTION,DropperReplacement,DropperReplacement,2,3,3.0,2026-10-21T01:00:00,11,TowerWagon,False
TSK-00559,AST-ENG-0236,SEC-RKMP-BPL,ENGINEERING,BallastCleaning,BallastCleaning,4,4,2.5,2026-10-31T01:00:00,10,BallastCleaningMachine,False
TSK-00560,AST-S_A-0373,SEC-RKMP-BPL,S_AND_T,SignalCableRenewal,SignalCableRenewal,2,2,1.5,2026-10-10T03:00:00,14,CableTestingVan,False
TSK-00561,AST-TRA-0292,SEC-RKMP-BPL,TRACTION,ContactWireReplacement,ContactWireReplacement,4,4,4.0,2026-10-05T04:00:00,13,TowerWagon,False
TSK-00562,AST-ENG-0128,SEC-RKMP-BPL,ENGINEERING,TrackTamping,TrackTamping,2,4,3.5,2026-10-25T00:00:00,16,DuomaticTampingMachine,False
TSK-00563,AST-S_A-0494,SEC-RKMP-BPL,S_AND_T,TurnoutAdjustment,TurnoutAdjustment,3,2,3.5,2026-11-26T01:00:00,5,,False
TSK-00564,AST-TRA-0197,SEC-RKMP-BPL,TRACTION,InsulatorReplacement,InsulatorReplacement,2,3,6.0,2026-11-26T05:00:00,12,TowerWagon,False
TSK-00565,AST-ENG-0407,SEC-RKMP-BPL,ENGINEERING,SleeperRenewal,SleeperRenewal,2,2,4.0,2026-11-12T00:00:00,9,TrackRelayingTrain,False
TSK-00566,AST-S_A-0086,SEC-RKMP-BPL,S_AND_T,PointMachineOverhaul,PointMachineOverhaul,2,2,4.0,2026-11-06T04:00:00,16,TowerWagon,False
TSK-00567,AST-TRA-0070,SEC-RKMP-BPL,TRACTION,InsulatorReplacement,InsulatorReplacement,3,4,1.5,2026-11-25T05:00:00,6,TowerWagon,False
TSK-00568,AST-ENG-0007,SEC-RKMP-BPL,ENGINEERING,BallastCleaning,BallastCleaning,2,3,3.0,2026-10-29T03:00:00,10,BallastCleaningMachine,False
TSK-00569,AST-S_A-0206,SEC-RKMP-BPL,S_AND_T,SignalCableRenewal,SignalCableRenewal,2,2,3.0,2026-09-24T01:00:00,13,CableTestingVan,False
TSK-00570,AST-TRA-0197,SEC-RKMP-BPL,TRACTION,ContactWireReplacement,ContactWireReplacement,2,3,3.5,2026-11-28T05:00:00,3,TowerWagon,False
TSK-00571,AST-ENG-0168,SEC-RKMP-BPL,ENGINEERING,TrackTamping,TrackTamping,5,5,3.5,2026-10-04T03:00:00,9,DuomaticTampingMachine,True
TSK-00572,AST-S_A-0265,SEC-RKMP-BPL,S_AND_T,TurnoutAdjustment,TurnoutAdjustment,5,5,2.5,2026-11-11T00:00:00,11,,True
TSK-00573,AST-TRA-0423,SEC-RKMP-BPL,TRACTION,OHEInspection,OHEInspection,3,4,3.5,2026-09-25T01:00:00,13,TowerWagon,False
TSK-00574,AST-ENG-0104,SEC-RKMP-BPL,ENGINEERING,TrackTamping,TrackTamping,5,5,4.5,2026-09-26T04:00:00,9,DuomaticTampingMachine,True
TSK-00575,AST-S_A-0113,SEC-RKMP-BPL,S_AND_T,AxleCounterCalibration,AxleCounterCalibration,5,5,1.5,2026-11-13T03:00:00,14,SignalTestingKit,True
TSK-00576,AST-TRA-0442,SEC-RKMP-BPL,TRACTION,DropperReplacement,DropperReplacement,3,4,3.0,2026-11-19T05:00:00,15,TowerWagon,False
TSK-00577,AST-ENG-0263,SEC-RKMP-BPL,ENGINEERING,BallastCleaning,BallastCleaning,5,5,3.0,2026-11-07T04:00:00,15,BallastCleaningMachine,True
TSK-00578,AST-S_A-0158,SEC-RKMP-BPL,S_AND_T,SignalCableRenewal,SignalCableRenewal,2,4,1.5,2026-09-16T03:00:00,16,CableTestingVan,False
TSK-00579,AST-TRA-0421,SEC-RKMP-BPL,TRACTION,ContactWireReplacement,ContactWireReplacement,2,4,5.0,2026-12-07T01:00:00,5,TowerWagon,False
TSK-00580,AST-ENG-0025,SEC-RKMP-BPL,ENGINEERING,TrackTamping,TrackTamping,3,3,2.0,2026-11-16T03:00:00,7,DuomaticTampingMachine,False
TSK-00581,AST-S_A-0130,SEC-RKMP-BPL,S_AND_T,TurnoutAdjustment,TurnoutAdjustment,5,5,3.5,2026-09-22T02:00:00,4,,True
TSK-00582,AST-TRA-0319,SEC-RKMP-BPL,TRACTION,ContactWireReplacement,ContactWireReplacement,2,4,2.0,2026-10-11T01:00:00,6,TowerWagon,False
TSK-00583,AST-ENG-0270,SEC-RKMP-BPL,ENGINEERING,SleeperRenewal,SleeperRenewal,4,2,4.0,2026-12-02T02:00:00,8,TrackRelayingTrain,False
TSK-00584,AST-S_A-0370,SEC-RKMP-BPL,S_AND_T,PointMachineOverhaul,PointMachineOverhaul,3,3,2.5,2026-12-06T04:00:00,14,TowerWagon,False
TSK-00585,AST-TRA-0177,SEC-RKMP-BPL,TRACTION,InsulatorReplacement,InsulatorReplacement,2,3,3.5,2026-11-09T04:00:00,13,TowerWagon,False
TSK-00586,AST-ENG-0031,SEC-RKMP-BPL,ENGINEERING,SleeperRenewal,SleeperRenewal,3,2,3.5,2026-11-02T03:00:00,4,TrackRelayingTrain,False
TSK-00587,AST-S_A-0366,SEC-RKMP-BPL,S_AND_T,SignalCableRenewal,SignalCableRenewal,5,5,5.0,2026-09-26T05:00:00,5,CableTestingVan,True
TSK-00588,AST-TRA-0437,SEC-RKMP-BPL,TRACTION,ContactWireReplacement,ContactWireReplacement,5,5,2.0,2026-11-10T02:00:00,3,TowerWagon,True
TSK-00589,AST-ENG-0280,SEC-RKMP-BPL,ENGINEERING,BallastCleaning,BallastCleaning,2,4,3.5,2026-10-05T04:00:00,11,BallastCleaningMachine,False
TSK-00590,AST-S_A-0144,SEC-RKMP-BPL,S_AND_T,AxleCounterCalibration,AxleCounterCalibration,4,4,4.5,2026-11-09T03:00:00,3,SignalTestingKit,False
TSK-00591,AST-TRA-0370,SEC-RKMP-BPL,TRACTION,InsulatorReplacement,InsulatorReplacement,3,4,1.5,2026-10-21T01:00:00,6,TowerWagon,False
TSK-00592,AST-ENG-0111,SEC-RKMP-BPL,ENGINEERING,TrackTamping,TrackTamping,4,4,5.0,2026-10-20T03:00:00,9,DuomaticTampingMachine,False
TSK-00593,AST-S_A-0322,SEC-RKMP-BPL,S_AND_T,PointMachineOverhaul,PointMachineOverhaul,3,2,6.0,2026-11-06T02:00:00,6,TowerWagon,False
TSK-00594,AST-TRA-0394,SEC-RKMP-BPL,TRACTION,ContactWireReplacement,ContactWireReplacement,4,2,3.0,2026-10-18T03:00:00,9,TowerWagon,False
TSK-00595,AST-ENG-0294,SEC-RKMP-BPL,ENGINEERING,RailGrinding,RailGrinding,4,3,5.0,2026-09-30T03:00:00,3,RailGrindingMachine,False
TSK-00596,AST-S_A-0191,SEC-RKMP-BPL,S_AND_T,SignalCableRenewal,SignalCableRenewal,3,4,2.5,2026-10-18T01:00:00,14,CableTestingVan,False
TSK-00597,AST-TRA-0470,SEC-RKMP-BPL,TRACTION,OHEInspection,OHEInspection,2,3,3.5,2026-11-07T05:00:00,9,TowerWagon,False
TSK-00598,AST-ENG-0208,SEC-RKMP-BPL,ENGINEERING,JointWelding,JointWelding,5,5,4.5,2026-10-26T01:00:00,7,MobileFlashButtWeldingPlant,True
TSK-00599,AST-S_A-0208,SEC-RKMP-BPL,S_AND_T,PointMachineOverhaul,PointMachineOverhaul,2,4,5.0,2026-09-21T05:00:00,8,TowerWagon,False
TSK-00600,AST-TRA-0019,SEC-RKMP-BPL,TRACTION,ContactWireReplacement,ContactWireReplacement,5,5,4.5,2026-11-04T05:00:00,9,TowerWagon,True
TSK-00601,AST-ENG-0125,SEC-RKMP-BPL,ENGINEERING,BallastCleaning,BallastCleaning,2,3,6.0,2026-09-20T05:00:00,6,BallastCleaningMachine,False
TSK-00602,AST-S_A-0265,SEC-RKMP-BPL,S_AND_T,PointMachineOverhaul,PointMachineOverhaul,5,5,3.5,2026-09-10T00:00:00,5,TowerWagon,True
TSK-00603,AST-TRA-0275,SEC-RKMP-BPL,TRACTION,OHEInspection,OHEInspection,3,2,2.5,2026-10-09T02:00:00,10,TowerWagon,False
TSK-00604,AST-ENG-0471,SEC-RKMP-BPL,ENGINEERING,BallastCleaning,BallastCleaning,5,5,3.0,2026-09-19T04:00:00,4,BallastCleaningMachine,True
TSK-00605,AST-S_A-0491,SEC-RKMP-BPL,S_AND_T,AxleCounterCalibration,AxleCounterCalibration,4,2,4.0,2026-11-03T03:00:00,11,SignalTestingKit,False
TSK-00606,AST-TRA-0488,SEC-RKMP-BPL,TRACTION,OHEInspection,OHEInspection,2,3,3.0,2026-09-28T05:00:00,11,TowerWagon,False
TSK-00607,AST-ENG-0466,SEC-RKMP-BPL,ENGINEERING,BallastCleaning,BallastCleaning,4,3,2.5,2026-09-23T02:00:00,16,BallastCleaningMachine,False
TSK-00608,AST-S_A-0484,SEC-RKMP-BPL,S_AND_T,PointMachineOverhaul,PointMachineOverhaul,3,4,4.0,2026-09-15T02:00:00,15,TowerWagon,False
TSK-00609,AST-TRA-0075,SEC-RKMP-BPL,TRACTION,InsulatorReplacement,InsulatorReplacement,2,2,3.5,2026-10-27T00:00:00,12,TowerWagon,False
TSK-00610,AST-ENG-0123,SEC-RKMP-BPL,ENGINEERING,JointWelding,JointWelding,4,4,2.5,2026-11-25T05:00:00,3,MobileFlashButtWeldingPlant,False
TSK-00611,AST-S_A-0004,SEC-RKMP-BPL,S_AND_T,SignalCableRenewal,SignalCableRenewal,5,5,5.0,2026-09-24T00:00:00,12,CableTestingVan,True
TSK-00612,AST-TRA-0295,SEC-RKMP-BPL,TRACTION,ContactWireReplacement,ContactWireReplacement,3,4,2.5,2026-11-09T02:00:00,11,TowerWagon,False
TSK-00613,AST-ENG-0298,SEC-RKMP-BPL,ENGINEERING,BallastCleaning,BallastCleaning,4,4,4.0,2026-09-28T05:00:00,10,BallastCleaningMachine,False
TSK-00614,AST-S_A-0236,SEC-RKMP-BPL,S_AND_T,AxleCounterCalibration,AxleCounterCalibration,3,2,4.5,2026-10-08T04:00:00,4,SignalTestingKit,False
TSK-00615,AST-TRA-0494,SEC-RKMP-BPL,TRACTION,ContactWireReplacement,ContactWireReplacement,5,5,5.0,2026-09-29T00:00:00,14,TowerWagon,True
TSK-00616,AST-ENG-0142,SEC-RKMP-BPL,ENGINEERING,SleeperRenewal,SleeperRenewal,2,4,4.5,2026-10-17T00:00:00,7,TrackRelayingTrain,False
TSK-00617,AST-S_A-0438,SEC-RKMP-BPL,S_AND_T,SignalCableRenewal,SignalCableRenewal,5,5,6.0,2026-09-23T00:00:00,13,CableTestingVan,True
TSK-00618,AST-TRA-0457,SEC-RKMP-BPL,TRACTION,OHEInspection,OHEInspection,5,5,5.0,2026-10-26T01:00:00,7,TowerWagon,True
TSK-00619,AST-ENG-0006,SEC-RKMP-BPL,ENGINEERING,BallastCleaning,BallastCleaning,3,4,2.5,2026-10-02T04:00:00,15,BallastCleaningMachine,False
TSK-00620,AST-S_A-0051,SEC-RKMP-BPL,S_AND_T,AxleCounterCalibration,AxleCounterCalibration,3,2,4.5,2026-11-01T00:00:00,6,SignalTestingKit,False
TSK-00621,AST-TRA-0142,SEC-RKMP-BPL,TRACTION,InsulatorReplacement,InsulatorReplacement,2,3,2.0,2026-10-31T05:00:00,5,TowerWagon,False
TSK-00622,AST-ENG-0065,SEC-RKMP-BPL,ENGINEERING,RailGrinding,RailGrinding,2,3,2.5,2026-12-01T05:00:00,10,RailGrindingMachine,False
TSK-00623,AST-S_A-0356,SEC-RKMP-BPL,S_AND_T,SignalCableRenewal,SignalCableRenewal,4,2,2.0,2026-11-12T03:00:00,15,CableTestingVan,False
TSK-00624,AST-TRA-0050,SEC-RKMP-BPL,TRACTION,DropperReplacement,DropperReplacement,3,2,4.5,2026-11-02T01:00:00,3,TowerWagon,False
TSK-00625,AST-ENG-0275,SEC-RKMP-BPL,ENGINEERING,JointWelding,JointWelding,4,4,6.0,2026-09-24T01:00:00,11,MobileFlashButtWeldingPlant,False
TSK-00626,AST-S_A-0155,SEC-RKMP-BPL,S_AND_T,TurnoutAdjustment,TurnoutAdjustment,4,3,6.0,2026-10-28T05:00:00,10,,False
TSK-00627,AST-TRA-0106,SEC-RKMP-BPL,TRACTION,ContactWireReplacement,ContactWireReplacement,3,3,5.0,2026-12-06T04:00:00,4,TowerWagon,False
TSK-00628,AST-ENG-0123,SEC-RKMP-BPL,ENGINEERING,BallastCleaning,BallastCleaning,3,3,2.5,2026-11-15T00:00:00,4,BallastCleaningMachine,False
TSK-00629,AST-S_A-0056,SEC-RKMP-BPL,S_AND_T,SignalCableRenewal,SignalCableRenewal,2,4,2.5,2026-09-17T04:00:00,13,CableTestingVan,False
TSK-00630,AST-TRA-0382,SEC-RKMP-BPL,TRACTION,OHEInspection,OHEInspection,4,4,3.5,2026-11-11T03:00:00,6,TowerWagon,False
TSK-00631,AST-ENG-0046,SEC-RKMP-BPL,ENGINEERING,RailGrinding,RailGrinding,3,4,4.0,2026-10-09T02:00:00,6,RailGrindingMachine,False
TSK-00632,AST-S_A-0238,SEC-RKMP-BPL,S_AND_T,SignalCableRenewal,SignalCableRenewal,5,5,2.0,2026-10-30T01:00:00,7,CableTestingVan,True
TSK-00633,AST-TRA-0134,SEC-RKMP-BPL,TRACTION,OHEInspection,OHEInspection,3,4,5.0,2026-11-25T00:00:00,11,TowerWagon,False
TSK-00634,AST-ENG-0033,SEC-RKMP-BPL,ENGINEERING,RailGrinding,RailGrinding,2,4,3.0,2026-10-02T02:00:00,6,RailGrindingMachine,False
TSK-00635,AST-S_A-0309,SEC-RKMP-BPL,S_AND_T,SignalCableRenewal,SignalCableRenewal,4,3,6.0,2026-09-10T01:00:00,5,CableTestingVan,False
TSK-00636,AST-TRA-0463,SEC-RKMP-BPL,TRACTION,ContactWireReplacement,ContactWireReplacement,2,4,4.5,2026-11-17T02:00:00,9,TowerWagon,False
TSK-00637,AST-ENG-0231,SEC-RKMP-BPL,ENGINEERING,TrackTamping,TrackTamping,2,4,2.5,2026-11-06T04:00:00,15,DuomaticTampingMachine,False
TSK-00638,AST-S_A-0049,SEC-RKMP-BPL,S_AND_T,PointMachineOverhaul,PointMachineOverhaul,4,3,5.0,2026-11-06T00:00:00,13,TowerWagon,False
TSK-00639,AST-TRA-0309,SEC-RKMP-BPL,TRACTION,OHEInspection,OHEInspection,2,3,2.0,2026-09-23T05:00:00,6,TowerWagon,False
TSK-00640,AST-ENG-0221,SEC-RKMP-BPL,ENGINEERING,JointWelding,JointWelding,2,3,2.0,2026-10-01T00:00:00,15,MobileFlashButtWeldingPlant,False
TSK-00641,AST-S_A-0205,SEC-RKMP-BPL,S_AND_T,AxleCounterCalibration,AxleCounterCalibration,2,2,4.0,2026-09-26T00:00:00,13,SignalTestingKit,False
TSK-00642,AST-TRA-0483,SEC-RKMP-BPL,TRACTION,DropperReplacement,DropperReplacement,2,4,1.5,2026-11-21T03:00:00,13,TowerWagon,False
TSK-00643,AST-ENG-0169,SEC-RKMP-BPL,ENGINEERING,SleeperRenewal,SleeperRenewal,2,2,1.5,2026-11-03T00:00:00,11,TrackRelayingTrain,False
TSK-00644,AST-S_A-0057,SEC-RKMP-BPL,S_AND_T,TurnoutAdjustment,TurnoutAdjustment,3,2,2.5,2026-11-07T01:00:00,13,,False
TSK-00645,AST-TRA-0103,SEC-RKMP-BPL,TRACTION,InsulatorReplacement,InsulatorReplacement,3,4,3.5,2026-10-20T04:00:00,10,TowerWagon,False
TSK-00646,AST-ENG-0459,SEC-RKMP-BPL,ENGINEERING,TrackTamping,TrackTamping,4,2,2.0,2026-11-24T02:00:00,16,DuomaticTampingMachine,False
TSK-00647,AST-S_A-0042,SEC-RKMP-BPL,S_AND_T,PointMachineOverhaul,PointMachineOverhaul,5,5,2.5,2026-10-14T03:00:00,6,TowerWagon,True
TSK-00648,AST-TRA-0477,SEC-RKMP-BPL,TRACTION,InsulatorReplacement,InsulatorReplacement,2,3,2.0,2026-09-27T00:00:00,16,TowerWagon,False
TSK-00649,AST-ENG-0339,SEC-RKMP-BPL,ENGINEERING,TrackTamping,TrackTamping,5,5,4.0,2026-10-09T04:00:00,12,DuomaticTampingMachine,True
TSK-00650,AST-S_A-0469,SEC-RKMP-BPL,S_AND_T,TurnoutAdjustment,TurnoutAdjustment,3,3,2.5,2026-10-06T04:00:00,6,,False
TSK-00651,AST-TRA-0226,SEC-RKMP-BPL,TRACTION,ContactWireReplacement,ContactWireReplacement,4,2,3.5,2026-11-05T00:00:00,5,TowerWagon,False
TSK-00652,AST-ENG-0137,SEC-RKMP-BPL,ENGINEERING,JointWelding,JointWelding,4,3,4.0,2026-09-24T05:00:00,7,MobileFlashButtWeldingPlant,False
TSK-00653,AST-S_A-0096,SEC-RKMP-BPL,S_AND_T,TurnoutAdjustment,TurnoutAdjustment,5,5,4.5,2026-09-27T01:00:00,10,,True
TSK-00654,AST-TRA-0345,SEC-RKMP-BPL,TRACTION,DropperReplacement,DropperReplacement,3,2,4.5,2026-12-03T00:00:00,8,TowerWagon,False
TSK-00655,AST-ENG-0022,SEC-RKMP-BPL,ENGINEERING,SleeperRenewal,SleeperRenewal,3,2,2.5,2026-11-13T03:00:00,13,TrackRelayingTrain,False
TSK-00656,AST-S_A-0389,SEC-RKMP-BPL,S_AND_T,TurnoutAdjustment,TurnoutAdjustment,5,5,1.5,2026-10-13T00:00:00,7,,True
TSK-00657,AST-TRA-0499,SEC-RKMP-BPL,TRACTION,OHEInspection,OHEInspection,2,4,1.5,2026-09-15T01:00:00,14,TowerWagon,False
TSK-00658,AST-ENG-0356,SEC-RKMP-BPL,ENGINEERING,TrackTamping,TrackTamping,5,5,2.0,2026-11-25T01:00:00,5,DuomaticTampingMachine,True
TSK-00659,AST-S_A-0300,SEC-RKMP-BPL,S_AND_T,TurnoutAdjustment,TurnoutAdjustment,5,5,2.5,2026-10-11T04:00:00,4,,True
TSK-00660,AST-TRA-0166,SEC-RKMP-BPL,TRACTION,OHEInspection,OHEInspection,3,2,1.5,2026-09-16T05:00:00,3,TowerWagon,False
TSK-00661,AST-ENG-0492,SEC-RKMP-BPL,ENGINEERING,SleeperRenewal,SleeperRenewal,2,3,2.0,2026-12-04T05:00:00,4,TrackRelayingTrain,False
TSK-00662,AST-S_A-0346,SEC-RKMP-BPL,S_AND_T,TurnoutAdjustment,TurnoutAdjustment,5,5,2.5,2026-09-18T00:00:00,5,,True
TSK-00663,AST-TRA-0303,SEC-RKMP-BPL,TRACTION,InsulatorReplacement,InsulatorReplacement,3,4,2.5,2026-12-06T03:00:00,12,TowerWagon,False
TSK-00664,AST-ENG-0340,SEC-RKMP-BPL,ENGINEERING,BallastCleaning,BallastCleaning,4,2,3.0,2026-09-13T00:00:00,15,BallastCleaningMachine,False
TSK-00665,AST-S_A-0254,SEC-RKMP-BPL,S_AND_T,TurnoutAdjustment,TurnoutAdjustment,4,2,4.0,2026-12-02T04:00:00,6,,False
TSK-00666,AST-TRA-0029,SEC-RKMP-BPL,TRACTION,ContactWireReplacement,ContactWireReplacement,2,2,6.0,2026-09-17T05:00:00,13,TowerWagon,False
TSK-00667,AST-ENG-0145,SEC-RKMP-BPL,ENGINEERING,BallastCleaning,BallastCleaning,3,4,2.5,2026-09-27T03:00:00,3,BallastCleaningMachine,False
TSK-00668,AST-S_A-0324,SEC-RKMP-BPL,S_AND_T,TurnoutAdjustment,TurnoutAdjustment,5,5,4.5,2026-10-14T01:00:00,10,,True
TSK-00669,AST-TRA-0078,SEC-RKMP-BPL,TRACTION,DropperReplacement,DropperReplacement,4,4,4.0,2026-12-01T03:00:00,13,TowerWagon,False
TSK-00670,AST-ENG-0325,SEC-RKMP-BPL,ENGINEERING,SleeperRenewal,SleeperRenewal,5,5,3.5,2026-12-01T05:00:00,8,TrackRelayingTrain,True
TSK-00671,AST-S_A-0032,SEC-RKMP-BPL,S_AND_T,TurnoutAdjustment,TurnoutAdjustment,2,4,2.0,2026-09-19T05:00:00,4,,False
TSK-00672,AST-TRA-0396,SEC-RKMP-BPL,TRACTION,InsulatorReplacement,InsulatorReplacement,2,3,6.0,2026-11-01T04:00:00,5,TowerWagon,False
TSK-00673,AST-ENG-0007,SEC-RKMP-BPL,ENGINEERING,SleeperRenewal,SleeperRenewal,3,4,5.0,2026-10-04T00:00:00,7,TrackRelayingTrain,False
TSK-00674,AST-S_A-0380,SEC-RKMP-BPL,S_AND_T,TurnoutAdjustment,TurnoutAdjustment,4,4,2.5,2026-11-10T01:00:00,4,,False
TSK-00675,AST-TRA-0098,SEC-RKMP-BPL,TRACTION,OHEInspection,OHEInspection,2,2,2.5,2026-11-06T02:00:00,9,TowerWagon,False
TSK-00676,AST-ENG-0260,SEC-RKMP-BPL,ENGINEERING,TrackTamping,TrackTamping,5,5,3.0,2026-09-18T03:00:00,5,DuomaticTampingMachine,True
TSK-00677,AST-S_A-0478,SEC-RKMP-BPL,S_AND_T,PointMachineOverhaul,PointMachineOverhaul,3,4,2.5,2026-10-05T01:00:00,7,TowerWagon,False
TSK-00678,AST-TRA-0282,SEC-RKMP-BPL,TRACTION,InsulatorReplacement,InsulatorReplacement,5,5,4.5,2026-11-30T04:00:00,7,TowerWagon,True
TSK-00679,AST-ENG-0279,SEC-RKMP-BPL,ENGINEERING,JointWelding,JointWelding,2,3,2.5,2026-10-10T01:00:00,14,MobileFlashButtWeldingPlant,False
TSK-00680,AST-S_A-0486,SEC-RKMP-BPL,S_AND_T,TurnoutAdjustment,TurnoutAdjustment,4,2,3.5,2026-10-29T02:00:00,6,,False
TSK-00681,AST-TRA-0403,SEC-RKMP-BPL,TRACTION,OHEInspection,OHEInspection,2,2,1.5,2026-09-19T04:00:00,7,TowerWagon,False
TSK-00682,AST-ENG-0040,SEC-RKMP-BPL,ENGINEERING,TrackTamping,TrackTamping,4,3,2.0,2026-11-10T01:00:00,4,DuomaticTampingMachine,False
TSK-00683,AST-S_A-0115,SEC-RKMP-BPL,S_AND_T,TurnoutAdjustment,TurnoutAdjustment,2,2,3.5,2026-09-26T05:00:00,13,,False
TSK-00684,AST-TRA-0480,SEC-RKMP-BPL,TRACTION,InsulatorReplacement,InsulatorReplacement,3,4,2.5,2026-11-01T01:00:00,11,TowerWagon,False
TSK-00685,AST-ENG-0410,SEC-RKMP-BPL,ENGINEERING,BallastCleaning,BallastCleaning,4,2,2.0,2026-10-23T02:00:00,10,BallastCleaningMachine,False
TSK-00686,AST-S_A-0333,SEC-RKMP-BPL,S_AND_T,SignalCableRenewal,SignalCableRenewal,5,5,3.5,2026-09-12T00:00:00,6,CableTestingVan,True
TSK-00687,AST-TRA-0096,SEC-RKMP-BPL,TRACTION,ContactWireReplacement,ContactWireReplacement,2,2,5.0,2026-11-05T00:00:00,11,TowerWagon,False
TSK-00688,AST-ENG-0217,SEC-RKMP-BPL,ENGINEERING,TrackTamping,TrackTamping,3,3,3.5,2026-10-11T03:00:00,13,DuomaticTampingMachine,False
TSK-00689,AST-S_A-0244,SEC-RKMP-BPL,S_AND_T,TurnoutAdjustment,TurnoutAdjustment,4,3,1.5,2026-12-05T02:00:00,13,,False
TSK-00690,AST-TRA-0014,SEC-RKMP-BPL,TRACTION,ContactWireReplacement,ContactWireReplacement,4,4,2.0,2026-12-02T02:00:00,7,TowerWagon,False
TSK-00691,AST-ENG-0360,SEC-RKMP-BPL,ENGINEERING,TrackTamping,TrackTamping,5,5,3.0,2026-09-14T05:00:00,3,DuomaticTampingMachine,True
TSK-00692,AST-S_A-0300,SEC-RKMP-BPL,S_AND_T,PointMachineOverhaul,PointMachineOverhaul,3,3,2.5,2026-09-16T00:00:00,16,TowerWagon,False
TSK-00693,AST-TRA-0309,SEC-RKMP-BPL,TRACTION,InsulatorReplacement,InsulatorReplacement,4,2,3.0,2026-10-05T02:00:00,3,TowerWagon,False
TSK-00694,AST-ENG-0043,SEC-RKMP-BPL,ENGINEERING,TrackTamping,TrackTamping,4,4,5.0,2026-10-07T01:00:00,3,DuomaticTampingMachine,False
TSK-00695,AST-S_A-0401,SEC-RKMP-BPL,S_AND_T,TurnoutAdjustment,TurnoutAdjustment,2,4,3.5,2026-11-02T01:00:00,14,,False
TSK-00696,AST-TRA-0254,SEC-RKMP-BPL,TRACTION,InsulatorReplacement,InsulatorReplacement,4,2,4.0,2026-09-29T00:00:00,16,TowerWagon,False
TSK-00697,AST-ENG-0122,SEC-RKMP-BPL,ENGINEERING,TrackTamping,TrackTamping,3,4,3.5,2026-10-12T01:00:00,7,DuomaticTampingMachine,False
TSK-00698,AST-S_A-0147,SEC-RKMP-BPL,S_AND_T,AxleCounterCalibration,AxleCounterCalibration,3,2,6.0,2026-10-26T01:00:00,7,SignalTestingKit,False
TSK-00699,AST-TRA-0052,SEC-RKMP-BPL,TRACTION,ContactWireReplacement,ContactWireReplacement,2,3,4.5,2026-10-24T02:00:00,12,TowerWagon,False
TSK-00700,AST-ENG-0387,SEC-RKMP-BPL,ENGINEERING,JointWelding,JointWelding,5,5,2.5,2026-10-14T05:00:00,3,MobileFlashButtWeldingPlant,True
TSK-00701,AST-S_A-0020,SEC-RKMP-BPL,S_AND_T,AxleCounterCalibration,AxleCounterCalibration,3,3,1.5,2026-10-09T01:00:00,9,SignalTestingKit,False
TSK-00702,AST-TRA-0241,SEC-RKMP-BPL,TRACTION,InsulatorReplacement,InsulatorReplacement,2,3,4.0,2026-11-09T01:00:00,12,TowerWagon,False
TSK-00703,AST-ENG-0293,SEC-RKMP-BPL,ENGINEERING,RailGrinding,RailGrinding,3,4,5.0,2026-11-02T00:00:00,7,RailGrindingMachine,False
TSK-00704,AST-S_A-0324,SEC-RKMP-BPL,S_AND_T,PointMachineOverhaul,PointMachineOverhaul,3,2,3.0,2026-09-22T02:00:00,9,TowerWagon,False
TSK-00705,AST-TRA-0428,SEC-RKMP-BPL,TRACTION,InsulatorReplacement,InsulatorReplacement,3,2,1.5,2026-09-24T02:00:00,10,TowerWagon,False
TSK-00706,AST-ENG-0458,SEC-RKMP-BPL,ENGINEERING,SleeperRenewal,SleeperRenewal,2,4,3.5,2026-10-20T01:00:00,16,TrackRelayingTrain,False
TSK-00707,AST-S_A-0462,SEC-RKMP-BPL,S_AND_T,PointMachineOverhaul,PointMachineOverhaul,4,3,4.0,2026-10-29T03:00:00,5,TowerWagon,False
TSK-00708,AST-TRA-0473,SEC-RKMP-BPL,TRACTION,InsulatorReplacement,InsulatorReplacement,5,5,3.5,2026-10-19T00:00:00,6,TowerWagon,True
TSK-00709,AST-ENG-0350,SEC-RKMP-BPL,ENGINEERING,RailGrinding,RailGrinding,4,4,2.5,2026-12-05T03:00:00,3,RailGrindingMachine,False
TSK-00710,AST-S_A-0038,SEC-RKMP-BPL,S_AND_T,AxleCounterCalibration,AxleCounterCalibration,4,2,4.5,2026-09-19T00:00:00,12,SignalTestingKit,False
TSK-00711,AST-TRA-0418,SEC-RKMP-BPL,TRACTION,DropperReplacement,DropperReplacement,4,4,3.0,2026-10-26T02:00:00,15,TowerWagon,False
TSK-00712,AST-ENG-0258,SEC-RKMP-BPL,ENGINEERING,BallastCleaning,BallastCleaning,5,5,3.0,2026-10-02T05:00:00,10,BallastCleaningMachine,True
TSK-00713,AST-S_A-0330,SEC-RKMP-BPL,S_AND_T,AxleCounterCalibration,AxleCounterCalibration,5,5,6.0,2026-09-21T03:00:00,10,SignalTestingKit,True
TSK-00714,AST-TRA-0150,SEC-RKMP-BPL,TRACTION,OHEInspection,OHEInspection,4,2,4.0,2026-09-30T02:00:00,11,TowerWagon,False
TSK-00715,AST-ENG-0426,SEC-RKMP-BPL,ENGINEERING,TrackTamping,TrackTamping,2,3,2.5,2026-11-25T02:00:00,7,DuomaticTampingMachine,False
TSK-00716,AST-S_A-0078,SEC-RKMP-BPL,S_AND_T,PointMachineOverhaul,PointMachineOverhaul,4,4,3.0,2026-10-27T04:00:00,4,TowerWagon,False
TSK-00717,AST-TRA-0411,SEC-RKMP-BPL,TRACTION,OHEInspection,OHEInspection,3,2,4.5,2026-10-30T01:00:00,10,TowerWagon,False
TSK-00718,AST-ENG-0038,SEC-RKMP-BPL,ENGINEERING,SleeperRenewal,SleeperRenewal,3,2,2.0,2026-10-30T05:00:00,7,TrackRelayingTrain,False
TSK-00719,AST-S_A-0299,SEC-RKMP-BPL,S_AND_T,SignalCableRenewal,SignalCableRenewal,5,5,2.5,2026-10-03T04:00:00,5,CableTestingVan,True
TSK-00720,AST-TRA-0183,SEC-RKMP-BPL,TRACTION,InsulatorReplacement,InsulatorReplacement,4,4,1.5,2026-11-27T00:00:00,7,TowerWagon,False
TSK-00721,AST-ENG-0165,SEC-RKMP-BPL,ENGINEERING,RailGrinding,RailGrinding,3,2,6.0,2026-11-22T00:00:00,12,RailGrindingMachine,False
TSK-00722,AST-S_A-0018,SEC-RKMP-BPL,S_AND_T,TurnoutAdjustment,TurnoutAdjustment,2,4,2.0,2026-12-07T03:00:00,13,,False
TSK-00723,AST-TRA-0011,SEC-RKMP-BPL,TRACTION,ContactWireReplacement,ContactWireReplacement,3,2,1.5,2026-11-19T01:00:00,9,TowerWagon,False
TSK-00724,AST-ENG-0145,SEC-RKMP-BPL,ENGINEERING,RailGrinding,RailGrinding,3,2,4.5,2026-11-15T00:00:00,14,RailGrindingMachine,False
TSK-00725,AST-S_A-0156,SEC-RKMP-BPL,S_AND_T,PointMachineOverhaul,PointMachineOverhaul,4,3,5.0,2026-12-05T04:00:00,9,TowerWagon,False
TSK-00726,AST-TRA-0205,SEC-RKMP-BPL,TRACTION,OHEInspection,OHEInspection,3,4,3.0,2026-10-29T04:00:00,9,TowerWagon,False
TSK-00727,AST-ENG-0467,SEC-RKMP-BPL,ENGINEERING,TrackTamping,TrackTamping,2,4,2.5,2026-10-30T01:00:00,9,DuomaticTampingMachine,False
TSK-00728,AST-S_A-0282,SEC-RKMP-BPL,S_AND_T,AxleCounterCalibration,AxleCounterCalibration,2,4,3.5,2026-11-11T01:00:00,13,SignalTestingKit,False
TSK-00729,AST-TRA-0105,SEC-RKMP-BPL,TRACTION,InsulatorReplacement,InsulatorReplacement,5,5,4.0,2026-10-24T01:00:00,11,TowerWagon,True
TSK-00730,AST-ENG-0428,SEC-RKMP-BPL,ENGINEERING,JointWelding,JointWelding,2,4,3.5,2026-11-03T02:00:00,4,MobileFlashButtWeldingPlant,False
TSK-00731,AST-S_A-0380,SEC-RKMP-BPL,S_AND_T,SignalCableRenewal,SignalCableRenewal,4,3,3.0,2026-10-14T02:00:00,14,CableTestingVan,False
TSK-00732,AST-TRA-0001,SEC-RKMP-BPL,TRACTION,OHEInspection,OHEInspection,4,3,4.0,2026-11-06T05:00:00,13,TowerWagon,False
TSK-00733,AST-ENG-0405,SEC-RKMP-BPL,ENGINEERING,BallastCleaning,BallastCleaning,3,4,4.0,2026-11-09T02:00:00,6,BallastCleaningMachine,False
TSK-00734,AST-S_A-0494,SEC-RKMP-BPL,S_AND_T,TurnoutAdjustment,TurnoutAdjustment,4,3,2.5,2026-12-05T02:00:00,15,,False
TSK-00735,AST-TRA-0087,SEC-RKMP-BPL,TRACTION,InsulatorReplacement,InsulatorReplacement,3,4,1.5,2026-10-28T04:00:00,13,TowerWagon,False
TSK-00736,AST-ENG-0055,SEC-RKMP-BPL,ENGINEERING,JointWelding,JointWelding,4,2,4.0,2026-10-13T04:00:00,10,MobileFlashButtWeldingPlant,False
TSK-00737,AST-S_A-0077,SEC-RKMP-BPL,S_AND_T,AxleCounterCalibration,AxleCounterCalibration,5,5,3.0,2026-11-23T05:00:00,9,SignalTestingKit,True
TSK-00738,AST-TRA-0009,SEC-RKMP-BPL,TRACTION,InsulatorReplacement,InsulatorReplacement,2,4,1.5,2026-10-22T00:00:00,5,TowerWagon,False
TSK-00739,AST-ENG-0115,SEC-RKMP-BPL,ENGINEERING,SleeperRenewal,SleeperRenewal,3,4,4.5,2026-11-01T04:00:00,5,TrackRelayingTrain,False
TSK-00740,AST-S_A-0273,SEC-RKMP-BPL,S_AND_T,SignalCableRenewal,SignalCableRenewal,3,3,3.5,2026-11-27T02:00:00,6,CableTestingVan,False
TSK-00741,AST-TRA-0241,SEC-RKMP-BPL,TRACTION,OHEInspection,OHEInspection,3,4,6.0,2026-12-07T00:00:00,4,TowerWagon,False
TSK-00742,AST-ENG-0277,SEC-RKMP-BPL,ENGINEERING,SleeperRenewal,SleeperRenewal,2,4,2.5,2026-10-10T00:00:00,10,TrackRelayingTrain,False
TSK-00743,AST-S_A-0250,SEC-RKMP-BPL,S_AND_T,AxleCounterCalibration,AxleCounterCalibration,3,4,3.5,2026-12-01T03:00:00,11,SignalTestingKit,False
TSK-00744,AST-TRA-0252,SEC-RKMP-BPL,TRACTION,DropperReplacement,DropperReplacement,2,4,1.5,2026-11-29T05:00:00,5,TowerWagon,False
TSK-00745,AST-ENG-0431,SEC-RKMP-BPL,ENGINEERING,SleeperRenewal,SleeperRenewal,2,4,1.5,2026-10-22T03:00:00,14,TrackRelayingTrain,False
TSK-00746,AST-S_A-0071,SEC-RKMP-BPL,S_AND_T,AxleCounterCalibration,AxleCounterCalibration,3,3,2.5,2026-10-07T05:00:00,9,SignalTestingKit,False
TSK-00747,AST-TRA-0411,SEC-RKMP-BPL,TRACTION,ContactWireReplacement,ContactWireReplacement,5,5,3.0,2026-10-02T04:00:00,13,TowerWagon,True
TSK-00748,AST-ENG-0383,SEC-RKMP-BPL,ENGINEERING,TrackTamping,TrackTamping,3,4,4.0,2026-11-19T03:00:00,8,DuomaticTampingMachine,False
TSK-00749,AST-S_A-0401,SEC-RKMP-BPL,S_AND_T,AxleCounterCalibration,AxleCounterCalibration,3,2,6.0,2026-10-14T00:00:00,9,SignalTestingKit,False
TSK-00750,AST-TRA-0402,SEC-RKMP-BPL,TRACTION,OHEInspection,OHEInspection,5,5,1.5,2026-10-09T01:00:00,14,TowerWagon,True
TSK-00751,AST-ENG-0023,SEC-RKMP-BPL,ENGINEERING,RailGrinding,RailGrinding,2,4,3.5,2026-12-07T03:00:00,15,RailGrindingMachine,False
TSK-00752,AST-S_A-0220,SEC-RKMP-BPL,S_AND_T,TurnoutAdjustment,TurnoutAdjustment,4,2,4.5,2026-10-05T01:00:00,4,,False
TSK-00753,AST-TRA-0468,SEC-RKMP-BPL,TRACTION,OHEInspection,OHEInspection,3,2,4.5,2026-09-10T03:00:00,5,TowerWagon,False
TSK-00754,AST-ENG-0113,SEC-RKMP-BPL,ENGINEERING,RailGrinding,RailGrinding,2,4,3.0,2026-11-07T02:00:00,7,RailGrindingMachine,False
TSK-00755,AST-S_A-0302,SEC-RKMP-BPL,S_AND_T,AxleCounterCalibration,AxleCounterCalibration,5,5,4.0,2026-11-10T02:00:00,8,SignalTestingKit,True
TSK-00756,AST-TRA-0161,SEC-RKMP-BPL,TRACTION,InsulatorReplacement,InsulatorReplacement,4,3,2.5,2026-12-04T03:00:00,11,TowerWagon,False
TSK-00757,AST-ENG-0418,SEC-RKMP-BPL,ENGINEERING,TrackTamping,TrackTamping,2,4,3.0,2026-11-08T02:00:00,10,DuomaticTampingMachine,False
TSK-00758,AST-S_A-0322,SEC-RKMP-BPL,S_AND_T,AxleCounterCalibration,AxleCounterCalibration,3,3,2.0,2026-09-26T01:00:00,4,SignalTestingKit,False
TSK-00759,AST-TRA-0208,SEC-RKMP-BPL,TRACTION,InsulatorReplacement,InsulatorReplacement,2,2,3.5,2026-11-01T01:00:00,3,TowerWagon,False
TSK-00760,AST-ENG-0403,SEC-RKMP-BPL,ENGINEERING,RailGrinding,RailGrinding,5,5,3.5,2026-10-27T03:00:00,6,RailGrindingMachine,True
TSK-00761,AST-S_A-0408,SEC-RKMP-BPL,S_AND_T,TurnoutAdjustment,TurnoutAdjustment,2,3,4.0,2026-09-25T02:00:00,3,,False
TSK-00762,AST-TRA-0195,SEC-RKMP-BPL,TRACTION,ContactWireReplacement,ContactWireReplacement,4,2,2.5,2026-10-01T02:00:00,15,TowerWagon,False
TSK-00763,AST-ENG-0155,SEC-RKMP-BPL,ENGINEERING,JointWelding,JointWelding,5,5,3.5,2026-09-28T04:00:00,7,MobileFlashButtWeldingPlant,True
TSK-00764,AST-S_A-0080,SEC-RKMP-BPL,S_AND_T,SignalCableRenewal,SignalCableRenewal,5,5,6.0,2026-10-17T04:00:00,15,CableTestingVan,True
TSK-00765,AST-TRA-0107,SEC-RKMP-BPL,TRACTION,ContactWireReplacement,ContactWireReplacement,3,2,6.0,2026-11-29T02:00:00,15,TowerWagon,False
TSK-00766,AST-ENG-0210,SEC-RKMP-BPL,ENGINEERING,RailGrinding,RailGrinding,2,3,3.0,2026-09-28T02:00:00,4,RailGrindingMachine,False
TSK-00767,AST-S_A-0180,SEC-RKMP-BPL,S_AND_T,AxleCounterCalibration,AxleCounterCalibration,4,4,5.0,2026-11-03T04:00:00,7,SignalTestingKit,False
TSK-00768,AST-TRA-0440,SEC-RKMP-BPL,TRACTION,InsulatorReplacement,InsulatorReplacement,4,2,3.0,2026-10-08T05:00:00,11,TowerWagon,False
TSK-00769,AST-ENG-0369,SEC-RKMP-BPL,ENGINEERING,TrackTamping,TrackTamping,2,2,1.5,2026-09-25T05:00:00,8,DuomaticTampingMachine,False
TSK-00770,AST-S_A-0048,SEC-RKMP-BPL,S_AND_T,AxleCounterCalibration,AxleCounterCalibration,3,3,4.0,2026-10-10T02:00:00,16,SignalTestingKit,False
TSK-00771,AST-TRA-0020,SEC-RKMP-BPL,TRACTION,DropperReplacement,DropperReplacement,2,4,2.5,2026-11-02T03:00:00,4,TowerWagon,False
TSK-00772,AST-ENG-0212,SEC-RKMP-BPL,ENGINEERING,JointWelding,JointWelding,5,5,2.5,2026-10-06T03:00:00,3,MobileFlashButtWeldingPlant,True
TSK-00773,AST-S_A-0216,SEC-RKMP-BPL,S_AND_T,TurnoutAdjustment,TurnoutAdjustment,4,4,4.5,2026-11-27T00:00:00,6,,False
TSK-00774,AST-TRA-0031,SEC-RKMP-BPL,TRACTION,DropperReplacement,DropperReplacement,4,3,1.5,2026-09-23T03:00:00,7,TowerWagon,False
TSK-00775,AST-ENG-0368,SEC-RKMP-BPL,ENGINEERING,JointWelding,JointWelding,3,4,4.5,2026-11-26T01:00:00,13,MobileFlashButtWeldingPlant,False
TSK-00776,AST-S_A-0427,SEC-RKMP-BPL,S_AND_T,AxleCounterCalibration,AxleCounterCalibration,4,4,6.0,2026-11-23T02:00:00,13,SignalTestingKit,False
TSK-00777,AST-TRA-0238,SEC-RKMP-BPL,TRACTION,DropperReplacement,DropperReplacement,2,3,2.0,2026-11-05T03:00:00,10,TowerWagon,False
TSK-00778,AST-ENG-0410,SEC-RKMP-BPL,ENGINEERING,SleeperRenewal,SleeperRenewal,3,4,5.0,2026-11-20T05:00:00,16,TrackRelayingTrain,False
TSK-00779,AST-S_A-0379,SEC-RKMP-BPL,S_AND_T,TurnoutAdjustment,TurnoutAdjustment,3,3,3.5,2026-12-02T01:00:00,15,,False
TSK-00780,AST-TRA-0084,SEC-RKMP-BPL,TRACTION,InsulatorReplacement,InsulatorReplacement,4,4,4.5,2026-12-05T01:00:00,6,TowerWagon,False
TSK-00781,AST-ENG-0221,SEC-RKMP-BPL,ENGINEERING,SleeperRenewal,SleeperRenewal,4,3,4.0,2026-09-28T02:00:00,5,TrackRelayingTrain,False
TSK-00782,AST-S_A-0046,SEC-RKMP-BPL,S_AND_T,TurnoutAdjustment,TurnoutAdjustment,4,2,2.0,2026-11-12T01:00:00,6,,False
TSK-00783,AST-TRA-0101,SEC-RKMP-BPL,TRACTION,DropperReplacement,DropperReplacement,2,4,5.0,2026-09-17T04:00:00,10,TowerWagon,False
TSK-00784,AST-ENG-0233,SEC-RKMP-BPL,ENGINEERING,SleeperRenewal,SleeperRenewal,2,4,3.0,2026-10-10T02:00:00,6,TrackRelayingTrain,False
TSK-00785,AST-S_A-0083,SEC-RKMP-BPL,S_AND_T,TurnoutAdjustment,TurnoutAdjustment,5,5,2.0,2026-12-06T02:00:00,7,,True
TSK-00786,AST-TRA-0125,SEC-RKMP-BPL,TRACTION,OHEInspection,OHEInspection,2,3,5.0,2026-09-15T02:00:00,14,TowerWagon,False
TSK-00787,AST-ENG-0332,SEC-RKMP-BPL,ENGINEERING,RailGrinding,RailGrinding,3,4,2.5,2026-11-05T03:00:00,16,RailGrindingMachine,False
TSK-00788,AST-S_A-0409,SEC-RKMP-BPL,S_AND_T,SignalCableRenewal,SignalCableRenewal,3,2,3.5,2026-11-19T02:00:00,9,CableTestingVan,False
TSK-00789,AST-TRA-0380,SEC-RKMP-BPL,TRACTION,InsulatorReplacement,InsulatorReplacement,2,4,1.5,2026-12-04T03:00:00,4,TowerWagon,False
TSK-00790,AST-ENG-0114,SEC-RKMP-BPL,ENGINEERING,BallastCleaning,BallastCleaning,3,2,3.0,2026-10-26T04:00:00,15,BallastCleaningMachine,False
TSK-00791,AST-S_A-0175,SEC-RKMP-BPL,S_AND_T,AxleCounterCalibration,AxleCounterCalibration,2,2,4.0,2026-11-11T00:00:00,6,SignalTestingKit,False
TSK-00792,AST-TRA-0077,SEC-RKMP-BPL,TRACTION,InsulatorReplacement,InsulatorReplacement,3,4,1.5,2026-10-30T00:00:00,12,TowerWagon,False
TSK-00793,AST-ENG-0208,SEC-RKMP-BPL,ENGINEERING,SleeperRenewal,SleeperRenewal,2,2,1.5,2026-10-04T00:00:00,3,TrackRelayingTrain,False
TSK-00794,AST-S_A-0090,SEC-RKMP-BPL,S_AND_T,SignalCableRenewal,SignalCableRenewal,4,3,2.5,2026-09-11T00:00:00,5,CableTestingVan,False
TSK-00795,AST-TRA-0468,SEC-RKMP-BPL,TRACTION,DropperReplacement,DropperReplacement,5,5,2.5,2026-11-20T05:00:00,10,TowerWagon,True
TSK-00796,AST-ENG-0283,SEC-RKMP-BPL,ENGINEERING,JointWelding,JointWelding,4,3,2.0,2026-09-15T04:00:00,9,MobileFlashButtWeldingPlant,False
TSK-00797,AST-S_A-0140,SEC-RKMP-BPL,S_AND_T,TurnoutAdjustment,TurnoutAdjustment,3,3,2.0,2026-11-10T04:00:00,14,,False
TSK-00798,AST-TRA-0270,SEC-RKMP-BPL,TRACTION,ContactWireReplacement,ContactWireReplacement,2,2,4.0,2026-09-12T03:00:00,13,TowerWagon,False
TSK-00799,AST-ENG-0164,SEC-RKMP-BPL,ENGINEERING,TrackTamping,TrackTamping,3,3,5.0,2026-12-02T03:00:00,11,DuomaticTampingMachine,False
TSK-00800,AST-S_A-0207,SEC-RKMP-BPL,S_AND_T,AxleCounterCalibration,AxleCounterCalibration,4,4,4.0,2026-10-21T01:00:00,7,SignalTestingKit,False
TSK-00801,AST-TRA-0020,SEC-RKMP-BPL,TRACTION,InsulatorReplacement,InsulatorReplacement,4,3,4.5,2026-11-19T02:00:00,6,TowerWagon,False
TSK-00802,AST-ENG-0327,SEC-RKMP-BPL,ENGINEERING,BallastCleaning,BallastCleaning,3,4,1.5,2026-11-03T00:00:00,16,BallastCleaningMachine,False
TSK-00803,AST-S_A-0353,SEC-RKMP-BPL,S_AND_T,SignalCableRenewal,SignalCableRenewal,3,2,3.5,2026-10-01T00:00:00,6,CableTestingVan,False
TSK-00804,AST-TRA-0184,SEC-RKMP-BPL,TRACTION,InsulatorReplacement,InsulatorReplacement,3,4,5.0,2026-10-14T02:00:00,11,TowerWagon,False
TSK-00805,AST-ENG-0219,SEC-RKMP-BPL,ENGINEERING,TrackTamping,TrackTamping,4,2,4.5,2026-11-11T02:00:00,4,DuomaticTampingMachine,False
TSK-00806,AST-S_A-0338,SEC-RKMP-BPL,S_AND_T,AxleCounterCalibration,AxleCounterCalibration,2,3,1.5,2026-10-10T01:00:00,16,SignalTestingKit,False
TSK-00807,AST-TRA-0129,SEC-RKMP-BPL,TRACTION,ContactWireReplacement,ContactWireReplacement,4,2,2.0,2026-11-04T04:00:00,9,TowerWagon,False
TSK-00808,AST-ENG-0056,SEC-RKMP-BPL,ENGINEERING,TrackTamping,TrackTamping,2,2,5.0,2026-09-20T03:00:00,16,DuomaticTampingMachine,False
TSK-00809,AST-S_A-0477,SEC-RKMP-BPL,S_AND_T,TurnoutAdjustment,TurnoutAdjustment,3,4,2.0,2026-09-11T04:00:00,8,,False
TSK-00810,AST-TRA-0357,SEC-RKMP-BPL,TRACTION,OHEInspection,OHEInspection,5,5,5.0,2026-10-21T01:00:00,16,TowerWagon,True
TSK-00811,AST-ENG-0494,SEC-RKMP-BPL,ENGINEERING,BallastCleaning,BallastCleaning,3,2,1.5,2026-11-24T04:00:00,16,BallastCleaningMachine,False
TSK-00812,AST-S_A-0332,SEC-RKMP-BPL,S_AND_T,AxleCounterCalibration,AxleCounterCalibration,4,3,3.5,2026-10-25T04:00:00,10,SignalTestingKit,False
TSK-00813,AST-TRA-0156,SEC-RKMP-BPL,TRACTION,DropperReplacement,DropperReplacement,5,5,1.5,2026-10-15T05:00:00,4,TowerWagon,True
TSK-00814,AST-ENG-0072,SEC-RKMP-BPL,ENGINEERING,BallastCleaning,BallastCleaning,2,3,4.5,2026-11-21T04:00:00,12,BallastCleaningMachine,False
TSK-00815,AST-S_A-0335,SEC-RKMP-BPL,S_AND_T,SignalCableRenewal,SignalCableRenewal,4,4,1.5,2026-11-21T02:00:00,15,CableTestingVan,False
TSK-00816,AST-TRA-0256,SEC-RKMP-BPL,TRACTION,ContactWireReplacement,ContactWireReplacement,3,3,1.5,2026-10-22T04:00:00,15,TowerWagon,False
TSK-00817,AST-ENG-0153,SEC-RKMP-BPL,ENGINEERING,TrackTamping,TrackTamping,4,3,3.0,2026-10-26T05:00:00,10,DuomaticTampingMachine,False
TSK-00818,AST-S_A-0109,SEC-RKMP-BPL,S_AND_T,PointMachineOverhaul,PointMachineOverhaul,2,2,5.0,2026-11-26T01:00:00,7,TowerWagon,False
TSK-00819,AST-TRA-0281,SEC-RKMP-BPL,TRACTION,OHEInspection,OHEInspection,5,5,2.5,2026-10-27T04:00:00,14,TowerWagon,True
TSK-00820,AST-ENG-0455,SEC-RKMP-BPL,ENGINEERING,TrackTamping,TrackTamping,4,2,4.0,2026-10-27T04:00:00,11,DuomaticTampingMachine,False
TSK-00821,AST-S_A-0249,SEC-RKMP-BPL,S_AND_T,SignalCableRenewal,SignalCableRenewal,3,3,1.5,2026-10-03T02:00:00,7,CableTestingVan,False
TSK-00822,AST-TRA-0047,SEC-RKMP-BPL,TRACTION,InsulatorReplacement,InsulatorReplacement,5,5,3.0,2026-09-16T05:00:00,5,TowerWagon,True
TSK-00823,AST-ENG-0305,SEC-RKMP-BPL,ENGINEERING,RailGrinding,RailGrinding,4,2,5.0,2026-09-25T01:00:00,15,RailGrindingMachine,False
TSK-00824,AST-S_A-0438,SEC-RKMP-BPL,S_AND_T,AxleCounterCalibration,AxleCounterCalibration,3,4,5.0,2026-10-06T00:00:00,8,SignalTestingKit,False
TSK-00825,AST-TRA-0358,SEC-RKMP-BPL,TRACTION,InsulatorReplacement,InsulatorReplacement,2,4,2.0,2026-09-16T00:00:00,11,TowerWagon,False
TSK-00826,AST-ENG-0054,SEC-RKMP-BPL,ENGINEERING,SleeperRenewal,SleeperRenewal,5,5,1.5,2026-10-15T02:00:00,7,TrackRelayingTrain,True
TSK-00827,AST-S_A-0348,SEC-RKMP-BPL,S_AND_T,TurnoutAdjustment,TurnoutAdjustment,5,5,6.0,2026-10-04T05:00:00,7,,True
TSK-00828,AST-TRA-0249,SEC-RKMP-BPL,TRACTION,OHEInspection,OHEInspection,5,5,4.0,2026-09-24T01:00:00,9,TowerWagon,True
TSK-00829,AST-ENG-0477,SEC-RKMP-BPL,ENGINEERING,SleeperRenewal,SleeperRenewal,5,5,4.0,2026-09-22T05:00:00,10,TrackRelayingTrain,True
TSK-00830,AST-S_A-0039,SEC-RKMP-BPL,S_AND_T,SignalCableRenewal,SignalCableRenewal,5,5,4.0,2026-09-28T05:00:00,3,CableTestingVan,True
TSK-00831,AST-TRA-0247,SEC-RKMP-BPL,TRACTION,DropperReplacement,DropperReplacement,2,3,6.0,2026-11-07T02:00:00,4,TowerWagon,False
TSK-00832,AST-ENG-0118,SEC-RKMP-BPL,ENGINEERING,RailGrinding,RailGrinding,2,3,1.5,2026-10-13T01:00:00,4,RailGrindingMachine,False
TSK-00833,AST-S_A-0496,SEC-RKMP-BPL,S_AND_T,TurnoutAdjustment,TurnoutAdjustment,4,2,3.5,2026-12-07T05:00:00,16,,False
TSK-00834,AST-TRA-0162,SEC-RKMP-BPL,TRACTION,InsulatorReplacement,InsulatorReplacement,5,5,1.5,2026-10-01T01:00:00,3,TowerWagon,True
TSK-00835,AST-ENG-0227,SEC-RKMP-BPL,ENGINEERING,JointWelding,JointWelding,2,3,4.5,2026-10-10T00:00:00,5,MobileFlashButtWeldingPlant,False
TSK-00836,AST-S_A-0426,SEC-RKMP-BPL,S_AND_T,AxleCounterCalibration,AxleCounterCalibration,5,5,3.0,2026-10-01T01:00:00,10,SignalTestingKit,True
TSK-00837,AST-TRA-0248,SEC-RKMP-BPL,TRACTION,ContactWireReplacement,ContactWireReplacement,2,2,5.0,2026-09-23T02:00:00,5,TowerWagon,False
TSK-00838,AST-ENG-0087,SEC-RKMP-BPL,ENGINEERING,JointWelding,JointWelding,2,3,2.0,2026-12-01T03:00:00,3,MobileFlashButtWeldingPlant,False
TSK-00839,AST-S_A-0126,SEC-RKMP-BPL,S_AND_T,SignalCableRenewal,SignalCableRenewal,4,2,5.0,2026-10-20T05:00:00,4,CableTestingVan,False
TSK-00840,AST-TRA-0097,SEC-RKMP-BPL,TRACTION,InsulatorReplacement,InsulatorReplacement,2,4,3.0,2026-10-08T02:00:00,15,TowerWagon,False
TSK-00841,AST-ENG-0326,SEC-RKMP-BPL,ENGINEERING,BallastCleaning,BallastCleaning,3,3,4.5,2026-11-08T03:00:00,9,BallastCleaningMachine,False
TSK-00842,AST-S_A-0178,SEC-RKMP-BPL,S_AND_T,TurnoutAdjustment,TurnoutAdjustment,5,5,4.5,2026-11-05T01:00:00,10,,True
TSK-00843,AST-TRA-0197,SEC-RKMP-BPL,TRACTION,ContactWireReplacement,ContactWireReplacement,2,4,4.0,2026-10-07T04:00:00,14,TowerWagon,False
TSK-00844,AST-ENG-0222,SEC-RKMP-BPL,ENGINEERING,JointWelding,JointWelding,4,3,3.5,2026-11-16T04:00:00,4,MobileFlashButtWeldingPlant,False
TSK-00845,AST-S_A-0130,SEC-RKMP-BPL,S_AND_T,SignalCableRenewal,SignalCableRenewal,2,4,4.0,2026-10-01T02:00:00,6,CableTestingVan,False
TSK-00846,AST-TRA-0475,SEC-RKMP-BPL,TRACTION,OHEInspection,OHEInspection,3,4,2.0,2026-11-08T01:00:00,10,TowerWagon,False
TSK-00847,AST-ENG-0425,SEC-RKMP-BPL,ENGINEERING,RailGrinding,RailGrinding,3,4,2.0,2026-10-06T01:00:00,16,RailGrindingMachine,False
TSK-00848,AST-S_A-0484,SEC-RKMP-BPL,S_AND_T,PointMachineOverhaul,PointMachineOverhaul,2,2,4.5,2026-11-11T04:00:00,5,TowerWagon,False
TSK-00849,AST-TRA-0395,SEC-RKMP-BPL,TRACTION,ContactWireReplacement,ContactWireReplacement,4,2,4.0,2026-10-05T04:00:00,12,TowerWagon,False
TSK-00850,AST-ENG-0197,SEC-RKMP-BPL,ENGINEERING,SleeperRenewal,SleeperRenewal,5,5,3.0,2026-11-06T03:00:00,8,TrackRelayingTrain,True
TSK-00851,AST-S_A-0015,SEC-RKMP-BPL,S_AND_T,TurnoutAdjustment,TurnoutAdjustment,2,2,5.0,2026-10-16T02:00:00,12,,False
TSK-00852,AST-TRA-0226,SEC-RKMP-BPL,TRACTION,InsulatorReplacement,InsulatorReplacement,2,2,2.0,2026-10-12T02:00:00,6,TowerWagon,False
TSK-00853,AST-ENG-0271,SEC-RKMP-BPL,ENGINEERING,BallastCleaning,BallastCleaning,2,2,5.0,2026-12-01T01:00:00,10,BallastCleaningMachine,False
TSK-00854,AST-S_A-0090,SEC-RKMP-BPL,S_AND_T,SignalCableRenewal,SignalCableRenewal,3,2,3.5,2026-09-18T04:00:00,13,CableTestingVan,False
TSK-00855,AST-TRA-0110,SEC-RKMP-BPL,TRACTION,ContactWireReplacement,ContactWireReplacement,3,4,2.0,2026-10-08T01:00:00,11,TowerWagon,False
TSK-00856,AST-ENG-0453,SEC-RKMP-BPL,ENGINEERING,BallastCleaning,BallastCleaning,3,2,3.0,2026-10-06T03:00:00,12,BallastCleaningMachine,False
TSK-00857,AST-S_A-0454,SEC-RKMP-BPL,S_AND_T,PointMachineOverhaul,PointMachineOverhaul,3,4,4.5,2026-09-18T05:00:00,12,TowerWagon,False
TSK-00858,AST-TRA-0260,SEC-RKMP-BPL,TRACTION,OHEInspection,OHEInspection,3,3,2.5,2026-10-08T03:00:00,14,TowerWagon,False
TSK-00859,AST-ENG-0384,SEC-RKMP-BPL,ENGINEERING,RailGrinding,RailGrinding,4,2,2.5,2026-10-03T05:00:00,11,RailGrindingMachine,False
TSK-00860,AST-S_A-0242,SEC-RKMP-BPL,S_AND_T,SignalCableRenewal,SignalCableRenewal,3,3,4.5,2026-12-03T03:00:00,14,CableTestingVan,False
TSK-00861,AST-TRA-0499,SEC-RKMP-BPL,TRACTION,OHEInspection,OHEInspection,3,4,4.0,2026-09-23T00:00:00,10,TowerWagon,False
TSK-00862,AST-ENG-0455,SEC-RKMP-BPL,ENGINEERING,BallastCleaning,BallastCleaning,2,3,4.0,2026-11-14T04:00:00,11,BallastCleaningMachine,False
TSK-00863,AST-S_A-0255,SEC-RKMP-BPL,S_AND_T,TurnoutAdjustment,TurnoutAdjustment,4,4,3.0,2026-09-11T00:00:00,10,,False
TSK-00864,AST-TRA-0398,SEC-RKMP-BPL,TRACTION,ContactWireReplacement,ContactWireReplacement,5,5,4.0,2026-10-14T00:00:00,10,TowerWagon,True
TSK-00865,AST-ENG-0192,SEC-RKMP-BPL,ENGINEERING,TrackTamping,TrackTamping,5,5,3.5,2026-10-22T02:00:00,6,DuomaticTampingMachine,True
TSK-00866,AST-S_A-0346,SEC-RKMP-BPL,S_AND_T,TurnoutAdjustment,TurnoutAdjustment,3,3,5.0,2026-10-18T00:00:00,8,,False
TSK-00867,AST-TRA-0220,SEC-RKMP-BPL,TRACTION,OHEInspection,OHEInspection,5,5,3.5,2026-10-22T04:00:00,11,TowerWagon,True
TSK-00868,AST-ENG-0454,SEC-RKMP-BPL,ENGINEERING,BallastCleaning,BallastCleaning,3,3,1.5,2026-09-16T04:00:00,9,BallastCleaningMachine,False
TSK-00869,AST-S_A-0141,SEC-RKMP-BPL,S_AND_T,SignalCableRenewal,SignalCableRenewal,2,2,3.5,2026-11-25T01:00:00,8,CableTestingVan,False
TSK-00870,AST-TRA-0010,SEC-RKMP-BPL,TRACTION,DropperReplacement,DropperReplacement,4,4,6.0,2026-10-15T02:00:00,10,TowerWagon,False
TSK-00871,AST-ENG-0354,SEC-RKMP-BPL,ENGINEERING,RailGrinding,RailGrinding,2,3,2.5,2026-12-07T01:00:00,7,RailGrindingMachine,False
TSK-00872,AST-S_A-0306,SEC-RKMP-BPL,S_AND_T,PointMachineOverhaul,PointMachineOverhaul,2,4,4.0,2026-12-06T05:00:00,12,TowerWagon,False
TSK-00873,AST-TRA-0064,SEC-RKMP-BPL,TRACTION,InsulatorReplacement,InsulatorReplacement,4,4,5.0,2026-11-11T02:00:00,9,TowerWagon,False
TSK-00874,AST-ENG-0053,SEC-RKMP-BPL,ENGINEERING,SleeperRenewal,SleeperRenewal,2,2,6.0,2026-09-21T01:00:00,3,TrackRelayingTrain,False
TSK-00875,AST-S_A-0362,SEC-RKMP-BPL,S_AND_T,PointMachineOverhaul,PointMachineOverhaul,4,3,6.0,2026-10-29T03:00:00,14,TowerWagon,False
TSK-00876,AST-TRA-0059,SEC-RKMP-BPL,TRACTION,InsulatorReplacement,InsulatorReplacement,5,5,1.5,2026-11-27T04:00:00,5,TowerWagon,True
TSK-00877,AST-ENG-0103,SEC-RKMP-BPL,ENGINEERING,SleeperRenewal,SleeperRenewal,2,4,1.5,2026-11-20T05:00:00,4,TrackRelayingTrain,False
TSK-00878,AST-S_A-0376,SEC-RKMP-BPL,S_AND_T,AxleCounterCalibration,AxleCounterCalibration,4,2,2.5,2026-09-26T04:00:00,3,SignalTestingKit,False
TSK-00879,AST-TRA-0350,SEC-RKMP-BPL,TRACTION,InsulatorReplacement,InsulatorReplacement,5,5,2.5,2026-10-11T00:00:00,9,TowerWagon,True
TSK-00880,AST-ENG-0284,SEC-RKMP-BPL,ENGINEERING,BallastCleaning,BallastCleaning,5,5,1.5,2026-09-26T00:00:00,12,BallastCleaningMachine,True
TSK-00881,AST-S_A-0488,SEC-RKMP-BPL,S_AND_T,TurnoutAdjustment,TurnoutAdjustment,5,5,2.5,2026-11-09T02:00:00,5,,True
TSK-00882,AST-TRA-0168,SEC-RKMP-BPL,TRACTION,DropperReplacement,DropperReplacement,4,3,3.5,2026-09-23T04:00:00,6,TowerWagon,False
TSK-00883,AST-ENG-0089,SEC-RKMP-BPL,ENGINEERING,JointWelding,JointWelding,4,2,6.0,2026-10-29T02:00:00,6,MobileFlashButtWeldingPlant,False
TSK-00884,AST-S_A-0367,SEC-RKMP-BPL,S_AND_T,PointMachineOverhaul,PointMachineOverhaul,5,5,3.0,2026-11-17T04:00:00,3,TowerWagon,True
TSK-00885,AST-TRA-0193,SEC-RKMP-BPL,TRACTION,OHEInspection,OHEInspection,3,4,5.0,2026-11-26T02:00:00,10,TowerWagon,False
TSK-00886,AST-ENG-0415,SEC-RKMP-BPL,ENGINEERING,JointWelding,JointWelding,3,2,2.0,2026-10-22T02:00:00,10,MobileFlashButtWeldingPlant,False
TSK-00887,AST-S_A-0428,SEC-RKMP-BPL,S_AND_T,PointMachineOverhaul,PointMachineOverhaul,2,3,2.5,2026-09-11T05:00:00,5,TowerWagon,False
TSK-00888,AST-TRA-0075,SEC-RKMP-BPL,TRACTION,OHEInspection,OHEInspection,4,2,2.0,2026-09-26T02:00:00,10,TowerWagon,False
TSK-00889,AST-ENG-0016,SEC-RKMP-BPL,ENGINEERING,JointWelding,JointWelding,3,4,4.0,2026-10-21T03:00:00,16,MobileFlashButtWeldingPlant,False
TSK-00890,AST-S_A-0444,SEC-RKMP-BPL,S_AND_T,SignalCableRenewal,SignalCableRenewal,4,3,3.0,2026-10-05T03:00:00,14,CableTestingVan,False
TSK-00891,AST-TRA-0212,SEC-RKMP-BPL,TRACTION,OHEInspection,OHEInspection,3,4,3.5,2026-11-21T03:00:00,14,TowerWagon,False
TSK-00892,AST-ENG-0240,SEC-RKMP-BPL,ENGINEERING,BallastCleaning,BallastCleaning,4,2,2.0,2026-11-20T04:00:00,15,BallastCleaningMachine,False
TSK-00893,AST-S_A-0203,SEC-RKMP-BPL,S_AND_T,SignalCableRenewal,SignalCableRenewal,4,2,6.0,2026-11-25T05:00:00,7,CableTestingVan,False
TSK-00894,AST-TRA-0178,SEC-RKMP-BPL,TRACTION,InsulatorReplacement,InsulatorReplacement,4,2,2.0,2026-11-03T04:00:00,4,TowerWagon,False
TSK-00895,AST-ENG-0455,SEC-RKMP-BPL,ENGINEERING,JointWelding,JointWelding,2,2,6.0,2026-09-29T03:00:00,16,MobileFlashButtWeldingPlant,False
TSK-00896,AST-S_A-0033,SEC-RKMP-BPL,S_AND_T,PointMachineOverhaul,PointMachineOverhaul,3,3,2.0,2026-09-16T04:00:00,11,TowerWagon,False
TSK-00897,AST-TRA-0223,SEC-RKMP-BPL,TRACTION,ContactWireReplacement,ContactWireReplacement,4,3,2.0,2026-11-01T05:00:00,10,TowerWagon,False
TSK-00898,AST-ENG-0357,SEC-RKMP-BPL,ENGINEERING,RailGrinding,RailGrinding,5,5,2.0,2026-12-07T01:00:00,7,RailGrindingMachine,True
TSK-00899,AST-S_A-0063,SEC-RKMP-BPL,S_AND_T,TurnoutAdjustment,TurnoutAdjustment,2,3,3.0,2026-10-29T01:00:00,7,,False
TSK-00900,AST-TRA-0261,SEC-RKMP-BPL,TRACTION,ContactWireReplacement,ContactWireReplacement,2,2,5.0,2026-11-20T01:00:00,6,TowerWagon,False
TSK-00901,AST-ENG-0310,SEC-RKMP-BPL,ENGINEERING,BallastCleaning,BallastCleaning,4,3,3.0,2026-12-02T04:00:00,14,BallastCleaningMachine,False
TSK-00902,AST-S_A-0413,SEC-RKMP-BPL,S_AND_T,SignalCableRenewal,SignalCableRenewal,5,5,6.0,2026-10-29T00:00:00,11,CableTestingVan,True
TSK-00903,AST-TRA-0101,SEC-RKMP-BPL,TRACTION,InsulatorReplacement,InsulatorReplacement,3,4,6.0,2026-10-29T01:00:00,3,TowerWagon,False
TSK-00904,AST-ENG-0461,SEC-RKMP-BPL,ENGINEERING,RailGrinding,RailGrinding,5,5,6.0,2026-09-19T03:00:00,16,RailGrindingMachine,True
TSK-00905,AST-S_A-0238,SEC-RKMP-BPL,S_AND_T,AxleCounterCalibration,AxleCounterCalibration,5,5,1.5,2026-11-23T04:00:00,3,SignalTestingKit,True
TSK-00906,AST-TRA-0013,SEC-RKMP-BPL,TRACTION,InsulatorReplacement,InsulatorReplacement,5,5,5.0,2026-10-25T03:00:00,14,TowerWagon,True
TSK-00907,AST-ENG-0063,SEC-RKMP-BPL,ENGINEERING,TrackTamping,TrackTamping,3,4,4.5,2026-10-30T00:00:00,6,DuomaticTampingMachine,False
TSK-00908,AST-S_A-0384,SEC-RKMP-BPL,S_AND_T,AxleCounterCalibration,AxleCounterCalibration,3,2,3.5,2026-11-27T04:00:00,10,SignalTestingKit,False
TSK-00909,AST-TRA-0035,SEC-RKMP-BPL,TRACTION,InsulatorReplacement,InsulatorReplacement,2,4,4.5,2026-11-07T03:00:00,3,TowerWagon,False
TSK-00910,AST-ENG-0477,SEC-RKMP-BPL,ENGINEERING,JointWelding,JointWelding,4,2,3.5,2026-10-07T04:00:00,9,MobileFlashButtWeldingPlant,False
TSK-00911,AST-S_A-0271,SEC-RKMP-BPL,S_AND_T,AxleCounterCalibration,AxleCounterCalibration,3,2,6.0,2026-11-07T05:00:00,16,SignalTestingKit,False
TSK-00912,AST-TRA-0238,SEC-RKMP-BPL,TRACTION,OHEInspection,OHEInspection,2,2,5.0,2026-11-01T02:00:00,5,TowerWagon,False
TSK-00913,AST-ENG-0060,SEC-RKMP-BPL,ENGINEERING,JointWelding,JointWelding,2,2,3.0,2026-10-25T00:00:00,5,MobileFlashButtWeldingPlant,False
TSK-00914,AST-S_A-0362,SEC-RKMP-BPL,S_AND_T,PointMachineOverhaul,PointMachineOverhaul,5,5,4.5,2026-09-27T04:00:00,15,TowerWagon,True
TSK-00915,AST-TRA-0261,SEC-RKMP-BPL,TRACTION,InsulatorReplacement,InsulatorReplacement,2,4,4.5,2026-10-08T01:00:00,6,TowerWagon,False
TSK-00916,AST-ENG-0458,SEC-RKMP-BPL,ENGINEERING,BallastCleaning,BallastCleaning,2,3,3.5,2026-10-06T03:00:00,5,BallastCleaningMachine,False
TSK-00917,AST-S_A-0101,SEC-RKMP-BPL,S_AND_T,SignalCableRenewal,SignalCableRenewal,2,3,2.0,2026-11-16T01:00:00,10,CableTestingVan,False
TSK-00918,AST-TRA-0220,SEC-RKMP-BPL,TRACTION,DropperReplacement,DropperReplacement,5,5,4.0,2026-09-26T02:00:00,13,TowerWagon,True
TSK-00919,AST-ENG-0390,SEC-RKMP-BPL,ENGINEERING,JointWelding,JointWelding,5,5,4.5,2026-11-20T04:00:00,13,MobileFlashButtWeldingPlant,True
TSK-00920,AST-S_A-0137,SEC-RKMP-BPL,S_AND_T,SignalCableRenewal,SignalCableRenewal,3,3,4.5,2026-10-21T05:00:00,11,CableTestingVan,False
TSK-00921,AST-TRA-0438,SEC-RKMP-BPL,TRACTION,OHEInspection,OHEInspection,5,5,4.5,2026-09-24T02:00:00,8,TowerWagon,True
TSK-00922,AST-ENG-0372,SEC-RKMP-BPL,ENGINEERING,SleeperRenewal,SleeperRenewal,4,3,2.5,2026-09-23T03:00:00,6,TrackRelayingTrain,False
TSK-00923,AST-S_A-0007,SEC-RKMP-BPL,S_AND_T,AxleCounterCalibration,AxleCounterCalibration,3,2,2.5,2026-09-10T04:00:00,10,SignalTestingKit,False
TSK-00924,AST-TRA-0307,SEC-RKMP-BPL,TRACTION,DropperReplacement,DropperReplacement,3,2,2.5,2026-09-30T02:00:00,11,TowerWagon,False
TSK-00925,AST-ENG-0070,SEC-RKMP-BPL,ENGINEERING,BallastCleaning,BallastCleaning,4,4,2.0,2026-10-01T01:00:00,3,BallastCleaningMachine,False
TSK-00926,AST-S_A-0416,SEC-RKMP-BPL,S_AND_T,AxleCounterCalibration,AxleCounterCalibration,4,4,1.5,2026-10-13T04:00:00,11,SignalTestingKit,False
TSK-00927,AST-TRA-0119,SEC-RKMP-BPL,TRACTION,OHEInspection,OHEInspection,5,5,2.5,2026-10-06T02:00:00,7,TowerWagon,True
TSK-00928,AST-ENG-0158,SEC-RKMP-BPL,ENGINEERING,RailGrinding,RailGrinding,5,5,2.0,2026-11-27T04:00:00,15,RailGrindingMachine,True
TSK-00929,AST-S_A-0230,SEC-RKMP-BPL,S_AND_T,AxleCounterCalibration,AxleCounterCalibration,4,2,4.5,2026-10-13T02:00:00,9,SignalTestingKit,False
TSK-00930,AST-TRA-0422,SEC-RKMP-BPL,TRACTION,ContactWireReplacement,ContactWireReplacement,2,3,4.0,2026-12-05T03:00:00,12,TowerWagon,False
TSK-00931,AST-ENG-0168,SEC-RKMP-BPL,ENGINEERING,RailGrinding,RailGrinding,5,5,4.5,2026-09-23T04:00:00,11,RailGrindingMachine,True
TSK-00932,AST-S_A-0413,SEC-RKMP-BPL,S_AND_T,SignalCableRenewal,SignalCableRenewal,2,4,4.5,2026-10-17T03:00:00,8,CableTestingVan,False
TSK-00933,AST-TRA-0088,SEC-RKMP-BPL,TRACTION,DropperReplacement,DropperReplacement,4,4,5.0,2026-09-23T03:00:00,5,TowerWagon,False
TSK-00934,AST-ENG-0118,SEC-RKMP-BPL,ENGINEERING,JointWelding,JointWelding,2,2,1.5,2026-11-29T05:00:00,6,MobileFlashButtWeldingPlant,False
TSK-00935,AST-S_A-0248,SEC-RKMP-BPL,S_AND_T,AxleCounterCalibration,AxleCounterCalibration,3,4,2.0,2026-11-07T02:00:00,10,SignalTestingKit,False
TSK-00936,AST-TRA-0486,SEC-RKMP-BPL,TRACTION,OHEInspection,OHEInspection,4,2,3.5,2026-10-20T05:00:00,11,TowerWagon,False
TSK-00937,AST-ENG-0433,SEC-RKMP-BPL,ENGINEERING,RailGrinding,RailGrinding,5,5,4.0,2026-10-04T01:00:00,13,RailGrindingMachine,True
TSK-00938,AST-S_A-0145,SEC-RKMP-BPL,S_AND_T,AxleCounterCalibration,AxleCounterCalibration,2,4,4.5,2026-10-27T05:00:00,10,SignalTestingKit,False
TSK-00939,AST-TRA-0054,SEC-RKMP-BPL,TRACTION,DropperReplacement,DropperReplacement,2,3,1.5,2026-10-04T00:00:00,8,TowerWagon,False
TSK-00940,AST-ENG-0429,SEC-RKMP-BPL,ENGINEERING,RailGrinding,RailGrinding,4,3,1.5,2026-11-17T02:00:00,3,RailGrindingMachine,False
TSK-00941,AST-S_A-0231,SEC-RKMP-BPL,S_AND_T,AxleCounterCalibration,AxleCounterCalibration,4,2,1.5,2026-09-21T02:00:00,8,SignalTestingKit,False
TSK-00942,AST-TRA-0379,SEC-RKMP-BPL,TRACTION,OHEInspection,OHEInspection,4,4,2.0,2026-10-08T04:00:00,11,TowerWagon,False
TSK-00943,AST-ENG-0062,SEC-RKMP-BPL,ENGINEERING,JointWelding,JointWelding,4,2,4.0,2026-09-20T01:00:00,7,MobileFlashButtWeldingPlant,False
TSK-00944,AST-S_A-0382,SEC-RKMP-BPL,S_AND_T,SignalCableRenewal,SignalCableRenewal,4,4,6.0,2026-10-01T04:00:00,4,CableTestingVan,False
TSK-00945,AST-TRA-0426,SEC-RKMP-BPL,TRACTION,InsulatorReplacement,InsulatorReplacement,4,4,3.0,2026-11-14T00:00:00,10,TowerWagon,False
TSK-00946,AST-ENG-0118,SEC-RKMP-BPL,ENGINEERING,JointWelding,JointWelding,3,3,6.0,2026-10-29T04:00:00,13,MobileFlashButtWeldingPlant,False
TSK-00947,AST-S_A-0241,SEC-RKMP-BPL,S_AND_T,AxleCounterCalibration,AxleCounterCalibration,3,4,3.5,2026-10-24T00:00:00,4,SignalTestingKit,False
TSK-00948,AST-TRA-0071,SEC-RKMP-BPL,TRACTION,DropperReplacement,DropperReplacement,5,5,1.5,2026-10-12T05:00:00,3,TowerWagon,True
TSK-00949,AST-ENG-0495,SEC-RKMP-BPL,ENGINEERING,BallastCleaning,BallastCleaning,4,4,4.5,2026-10-23T00:00:00,7,BallastCleaningMachine,False
TSK-00950,AST-S_A-0127,SEC-RKMP-BPL,S_AND_T,TurnoutAdjustment,TurnoutAdjustment,5,5,2.0,2026-11-13T02:00:00,6,,True
TSK-00951,AST-TRA-0342,SEC-RKMP-BPL,TRACTION,OHEInspection,OHEInspection,2,4,2.5,2026-09-10T02:00:00,12,TowerWagon,False
TSK-00952,AST-ENG-0385,SEC-RKMP-BPL,ENGINEERING,JointWelding,JointWelding,3,4,3.5,2026-11-13T02:00:00,3,MobileFlashButtWeldingPlant,False
TSK-00953,AST-S_A-0122,SEC-RKMP-BPL,S_AND_T,AxleCounterCalibration,AxleCounterCalibration,5,5,1.5,2026-10-04T05:00:00,14,SignalTestingKit,True
TSK-00954,AST-TRA-0331,SEC-RKMP-BPL,TRACTION,DropperReplacement,DropperReplacement,4,3,6.0,2026-11-16T01:00:00,3,TowerWagon,False
TSK-00955,AST-ENG-0152,SEC-RKMP-BPL,ENGINEERING,BallastCleaning,BallastCleaning,3,4,1.5,2026-11-26T04:00:00,5,BallastCleaningMachine,False
TSK-00956,AST-S_A-0096,SEC-RKMP-BPL,S_AND_T,AxleCounterCalibration,AxleCounterCalibration,3,2,2.5,2026-11-22T05:00:00,4,SignalTestingKit,False
TSK-00957,AST-TRA-0339,SEC-RKMP-BPL,TRACTION,DropperReplacement,DropperReplacement,4,4,4.0,2026-11-19T05:00:00,14,TowerWagon,False
TSK-00958,AST-ENG-0385,SEC-RKMP-BPL,ENGINEERING,BallastCleaning,BallastCleaning,2,4,1.5,2026-10-25T02:00:00,15,BallastCleaningMachine,False
TSK-00959,AST-S_A-0118,SEC-RKMP-BPL,S_AND_T,AxleCounterCalibration,AxleCounterCalibration,3,2,5.0,2026-10-24T05:00:00,13,SignalTestingKit,False
TSK-00960,AST-TRA-0490,SEC-RKMP-BPL,TRACTION,ContactWireReplacement,ContactWireReplacement,2,3,5.0,2026-10-18T01:00:00,5,TowerWagon,False
TSK-00961,AST-ENG-0312,SEC-RKMP-BPL,ENGINEERING,BallastCleaning,BallastCleaning,3,4,3.0,2026-12-01T03:00:00,16,BallastCleaningMachine,False
TSK-00962,AST-S_A-0161,SEC-RKMP-BPL,S_AND_T,SignalCableRenewal,SignalCableRenewal,5,5,6.0,2026-11-25T05:00:00,6,CableTestingVan,True
TSK-00963,AST-TRA-0487,SEC-RKMP-BPL,TRACTION,ContactWireReplacement,ContactWireReplacement,4,3,2.0,2026-11-25T02:00:00,7,TowerWagon,False
TSK-00964,AST-ENG-0162,SEC-RKMP-BPL,ENGINEERING,JointWelding,JointWelding,3,3,3.5,2026-10-05T03:00:00,4,MobileFlashButtWeldingPlant,False
TSK-00965,AST-S_A-0257,SEC-RKMP-BPL,S_AND_T,SignalCableRenewal,SignalCableRenewal,4,4,2.5,2026-09-29T03:00:00,16,CableTestingVan,False
TSK-00966,AST-TRA-0055,SEC-RKMP-BPL,TRACTION,DropperReplacement,DropperReplacement,3,2,4.0,2026-11-04T01:00:00,14,TowerWagon,False
TSK-00967,AST-ENG-0133,SEC-RKMP-BPL,ENGINEERING,TrackTamping,TrackTamping,3,2,3.0,2026-10-04T00:00:00,9,DuomaticTampingMachine,False
TSK-00968,AST-S_A-0325,SEC-RKMP-BPL,S_AND_T,SignalCableRenewal,SignalCableRenewal,2,2,6.0,2026-09-14T05:00:00,7,CableTestingVan,False
TSK-00969,AST-TRA-0111,SEC-RKMP-BPL,TRACTION,InsulatorReplacement,InsulatorReplacement,3,2,3.5,2026-09-27T00:00:00,3,TowerWagon,False
TSK-00970,AST-ENG-0137,SEC-RKMP-BPL,ENGINEERING,RailGrinding,RailGrinding,4,2,4.0,2026-12-07T04:00:00,15,RailGrindingMachine,False
TSK-00971,AST-S_A-0232,SEC-RKMP-BPL,S_AND_T,AxleCounterCalibration,AxleCounterCalibration,5,5,2.0,2026-11-24T03:00:00,14,SignalTestingKit,True
TSK-00972,AST-TRA-0063,SEC-RKMP-BPL,TRACTION,DropperReplacement,DropperReplacement,2,2,4.0,2026-10-17T04:00:00,15,TowerWagon,False
TSK-00973,AST-ENG-0288,SEC-RKMP-BPL,ENGINEERING,JointWelding,JointWelding,3,3,3.5,2026-09-23T01:00:00,12,MobileFlashButtWeldingPlant,False
TSK-00974,AST-S_A-0042,SEC-RKMP-BPL,S_AND_T,TurnoutAdjustment,TurnoutAdjustment,4,3,3.0,2026-10-31T00:00:00,8,,False
TSK-00975,AST-TRA-0438,SEC-RKMP-BPL,TRACTION,OHEInspection,OHEInspection,4,2,4.5,2026-10-04T04:00:00,5,TowerWagon,False
TSK-00976,AST-ENG-0141,SEC-RKMP-BPL,ENGINEERING,JointWelding,JointWelding,5,5,1.5,2026-11-07T04:00:00,4,MobileFlashButtWeldingPlant,True
TSK-00977,AST-S_A-0067,SEC-RKMP-BPL,S_AND_T,PointMachineOverhaul,PointMachineOverhaul,4,2,4.5,2026-09-16T04:00:00,15,TowerWagon,False
TSK-00978,AST-TRA-0381,SEC-RKMP-BPL,TRACTION,OHEInspection,OHEInspection,2,2,3.0,2026-11-14T04:00:00,16,TowerWagon,False
TSK-00979,AST-ENG-0227,SEC-RKMP-BPL,ENGINEERING,RailGrinding,RailGrinding,4,2,3.0,2026-11-25T04:00:00,13,RailGrindingMachine,False
TSK-00980,AST-S_A-0364,SEC-RKMP-BPL,S_AND_T,PointMachineOverhaul,PointMachineOverhaul,3,3,5.0,2026-11-25T02:00:00,8,TowerWagon,False
TSK-00981,AST-TRA-0240,SEC-RKMP-BPL,TRACTION,ContactWireReplacement,ContactWireReplacement,4,3,2.5,2026-10-26T05:00:00,13,TowerWagon,False
TSK-00982,AST-ENG-0172,SEC-RKMP-BPL,ENGINEERING,SleeperRenewal,SleeperRenewal,4,2,5.0,2026-10-13T01:00:00,4,TrackRelayingTrain,False
TSK-00983,AST-S_A-0214,SEC-RKMP-BPL,S_AND_T,SignalCableRenewal,SignalCableRenewal,3,2,3.0,2026-09-24T00:00:00,7,CableTestingVan,False
TSK-00984,AST-TRA-0306,SEC-RKMP-BPL,TRACTION,OHEInspection,OHEInspection,5,5,3.0,2026-11-29T02:00:00,10,TowerWagon,True
TSK-00985,AST-ENG-0173,SEC-RKMP-BPL,ENGINEERING,JointWelding,JointWelding,5,5,3.0,2026-11-01T00:00:00,10,MobileFlashButtWeldingPlant,True
TSK-00986,AST-S_A-0224,SEC-RKMP-BPL,S_AND_T,PointMachineOverhaul,PointMachineOverhaul,4,2,2.0,2026-10-28T04:00:00,6,TowerWagon,False
TSK-00987,AST-TRA-0169,SEC-RKMP-BPL,TRACTION,InsulatorReplacement,InsulatorReplacement,4,3,4.5,2026-11-20T01:00:00,6,TowerWagon,False
TSK-00988,AST-ENG-0159,SEC-RKMP-BPL,ENGINEERING,TrackTamping,TrackTamping,4,4,3.0,2026-11-30T00:00:00,7,DuomaticTampingMachine,False
TSK-00989,AST-S_A-0373,SEC-RKMP-BPL,S_AND_T,PointMachineOverhaul,PointMachineOverhaul,5,5,4.5,2026-11-09T01:00:00,3,TowerWagon,True
TSK-00990,AST-TRA-0320,SEC-RKMP-BPL,TRACTION,OHEInspection,OHEInspection,3,2,4.0,2026-09-28T00:00:00,6,TowerWagon,False
TSK-00991,AST-ENG-0036,SEC-RKMP-BPL,ENGINEERING,BallastCleaning,BallastCleaning,3,4,2.5,2026-09-13T03:00:00,9,BallastCleaningMachine,False
TSK-00992,AST-S_A-0056,SEC-RKMP-BPL,S_AND_T,AxleCounterCalibration,AxleCounterCalibration,2,3,6.0,2026-09-27T01:00:00,10,SignalTestingKit,False
TSK-00993,AST-TRA-0463,SEC-RKMP-BPL,TRACTION,InsulatorReplacement,InsulatorReplacement,3,2,2.0,2026-10-28T02:00:00,8,TowerWagon,False
TSK-00994,AST-ENG-0467,SEC-RKMP-BPL,ENGINEERING,JointWelding,JointWelding,4,3,2.5,2026-10-24T05:00:00,10,MobileFlashButtWeldingPlant,False
TSK-00995,AST-S_A-0220,SEC-RKMP-BPL,S_AND_T,TurnoutAdjustment,TurnoutAdjustment,4,2,4.5,2026-10-04T03:00:00,12,,False
TSK-00996,AST-TRA-0355,SEC-RKMP-BPL,TRACTION,DropperReplacement,DropperReplacement,5,5,1.5,2026-11-06T01:00:00,8,TowerWagon,True
TSK-00997,AST-ENG-0224,SEC-RKMP-BPL,ENGINEERING,TrackTamping,TrackTamping,3,2,6.0,2026-09-10T04:00:00,4,DuomaticTampingMachine,False
TSK-00998,AST-S_A-0138,SEC-RKMP-BPL,S_AND_T,AxleCounterCalibration,AxleCounterCalibration,4,4,4.5,2026-11-07T03:00:00,7,SignalTestingKit,False
TSK-00999,AST-TRA-0293,SEC-RKMP-BPL,TRACTION,ContactWireReplacement,ContactWireReplacement,4,4,3.0,2026-12-05T05:00:00,15,TowerWagon,False
TSK-01000,AST-ENG-0069,SEC-RKMP-BPL,ENGINEERING,RailGrinding,RailGrinding,5,5,2.0,2026-11-09T02:00:00,9,RailGrindingMachine,True
