movement_id,train_id,section_id,arrival_time,departure_time,direction
MOV-000001,TRN-12047,SEC-RKMP-BPL,2026-09-09T15:15:00,2026-09-09T15:38:00,DOWN
MOV-000002,TRN-12006,SEC-RKMP-BPL,2026-09-09T16:00:00,2026-09-09T16:16:00,DOWN
MOV-000003,TRN-12059,SEC-RKMP-BPL,2026-09-09T17:45:00,2026-09-09T18:14:00,DOWN
MOV-000004,TRN-12031,SEC-RKMP-BPL,2026-09-09T03:45:00,2026-09-09T04:09:00,DOWN
MOV-000005,TRN-12023,SEC-RKMP-BPL,2026-09-09T04:45:00,2026-09-09T05:15:00,DOWN
MOV-000006,TRN-12025,SEC-RKMP-BPL,2026-09-09T19:30:00,2026-09-09T19:53:00,UP
MOV-000007,TRN-12014,SEC-RKMP-BPL,2026-09-09T02:30:00,2026-09-09T03:02:00,UP
MOV-000008,TRN-12052,SEC-RKMP-BPL,2026-09-09T19:15:00,2026-09-09T19:42:00,UP
MOV-000009,TRN-12046,SEC-RKMP-BPL,2026-09-09T16:15:00,2026-09-09T16:31:00,DOWN
MOV-000010,TRN-12027,SEC-RKMP-BPL,2026-09-09T21:30:00,2026-09-09T22:00:00,DOWN
MOV-000011,TRN-12012,SEC-RKMP-BPL,2026-09-09T08:15:00,2026-09-09T08:39:00,UP
MOV-000012,TRN-12033,SEC-RKMP-BPL,2026-09-09T03:30:00,2026-09-09T03:58:00,DOWN
MOV-000013,TRN-12045,SEC-RKMP-BPL,2026-09-09T08:45:00,2026-09-09T09:08:00,UP
MOV-000014,TRN-12055,SEC-RKMP-BPL,2026-09-09T08:00:00,2026-09-09T08:24:00,DOWN
MOV-000015,TRN-12012,SEC-RKMP-BPL,2026-09-09T11:00:00,2026-09-09T11:28:00,UP
MOV-000016,TRN-12020,SEC-RKMP-BPL,2026-09-09T05:30:00,2026-09-09T05:58:00,DOWN
MOV-000017,TRN-12027,SEC-RKMP-BPL,2026-09-09T03:45:00,2026-09-09T04:12:00,DOWN
MOV-000018,TRN-12006,SEC-RKMP-BPL,2026-09-09T07:45:00,2026-09-09T08:16:00,UP
MOV-000019,TRN-12049,SEC-RKMP-BPL,2026-09-09T20:15:00,2026-09-09T20:47:00,UP
MOV-000020,TRN-12015,SEC-RKMP-BPL,2026-09-09T16:30:00,2026-09-09T16:47:00,DOWN
MOV-000021,TRN-12012,SEC-RKMP-BPL,2026-09-09T19:00:00,2026-09-09T19:30:00,DOWN
MOV-000022,TRN-12047,SEC-RKMP-BPL,2026-09-09T15:15:00,2026-09-09T15:44:00,UP
MOV-000023,TRN-12047,SEC-RKMP-BPL,2026-09-09T13:15:00,2026-09-09T13:40:00,DOWN
MOV-000024,TRN-12003,SEC-RKMP-BPL,2026-09-09T03:00:00,2026-09-09T03:17:00,UP
MOV-000025,TRN-12041,SEC-RKMP-BPL,2026-09-09T15:15:00,2026-09-09T15:47:00,DOWN
MOV-000026,TRN-12005,SEC-RKMP-BPL,2026-09-09T18:30:00,2026-09-09T18:57:00,DOWN
MOV-000027,TRN-12034,SEC-RKMP-BPL,2026-09-09T02:30:00,2026-09-09T03:00:00,UP
MOV-000028,TRN-12037,SEC-RKMP-BPL,2026-09-09T00:15:00,2026-09-09T00:38:00,DOWN
MOV-000029,TRN-12013,SEC-RKMP-BPL,2026-09-09T06:15:00,2026-09-09T06:49:00,DOWN
MOV-000030,TRN-12003,SEC-RKMP-BPL,2026-09-09T05:45:00,2026-09-09T06:01:00,DOWN
MOV-000031,TRN-12017,SEC-RKMP-BPL,2026-09-09T22:15:00,2026-09-09T22:38:00,DOWN
MOV-000032,TRN-12008,SEC-RKMP-BPL,2026-09-09T13:30:00,2026-09-09T14:00:00,DOWN
MOV-000033,TRN-12040,SEC-RKMP-BPL,2026-09-09T09:15:00,2026-09-09T09:38:00,DOWN
MOV-000034,TRN-12020,SEC-RKMP-BPL,2026-09-09T04:15:00,2026-09-09T04:30:00,UP
MOV-000035,TRN-12006,SEC-RKMP-BPL,2026-09-09T18:30:00,2026-09-09T18:58:00,UP
MOV-000036,TRN-12044,SEC-RKMP-BPL,2026-09-09T03:45:00,2026-09-09T04:10:00,DOWN
MOV-000037,TRN-12010,SEC-RKMP-BPL,2026-09-09T11:30:00,2026-09-09T11:54:00,UP
MOV-000038,TRN-12010,SEC-RKMP-BPL,2026-09-09T09:00:00,2026-09-09T09:21:00,DOWN
MOV-000039,TRN-12038,SEC-RKMP-BPL,2026-09-09T14:15:00,2026-09-09T14:49:00,UP
MOV-000040,TRN-12021,SEC-RKMP-BPL,2026-09-09T02:15:00,2026-09-09T02:49:00,UP
MOV-000041,TRN-12055,SEC-RKMP-BPL,2026-09-09T11:30:00,2026-09-09T11:54:00,UP
MOV-000042,TRN-12046,SEC-RKMP-BPL,2026-09-09T23:15:00,2026-09-09T23:45:00,UP
MOV-000043,TRN-12044,SEC-RKMP-BPL,2026-09-09T18:15:00,2026-09-09T18:44:00,UP
MOV-000044,TRN-12005,SEC-RKMP-BPL,2026-09-09T02:15:00,2026-09-09T02:48:00,UP
MOV-000045,TRN-12028,SEC-RKMP-BPL,2026-09-09T16:00:00,2026-09-09T16:29:00,UP
MOV-000046,TRN-12049,SEC-RKMP-BPL,2026-09-09T13:30:00,2026-09-09T13:48:00,UP
MOV-000047,TRN-12052,SEC-RKMP-BPL,2026-09-09T00:45:00,2026-09-09T01:09:00,DOWN
MOV-000048,TRN-12040,SEC-RKMP-BPL,2026-09-09T10:15:00,2026-09-09T10:42:00,UP
MOV-000049,TRN-12036,SEC-RKMP-BPL,2026-09-09T02:30:00,2026-09-09T02:57:00,UP
MOV-000050,TRN-12046,SEC-RKMP-BPL,2026-09-09T09:45:00,2026-09-09T10:00:00,UP
MOV-000051,TRN-12030,SEC-RKMP-BPL,2026-09-09T04:15:00,2026-09-09T04:43:00,UP
MOV-000052,TRN-12007,SEC-RKMP-BPL,2026-09-10T04:30:00,2026-09-10T05:00:00,UP
MOV-000053,TRN-12018,SEC-RKMP-BPL,2026-09-10T22:45:00,2026-09-10T23:11:00,UP
MOV-000054,TRN-12021,SEC-RKMP-BPL,2026-09-10T14:30:00,2026-09-10T14:50:00,UP
MOV-000055,TRN-12010,SEC-RKMP-BPL,2026-09-10T23:15:00,2026-09-10T23:39:00,UP
MOV-000056,TRN-12047,SEC-RKMP-BPL,2026-09-10T01:00:00,2026-09-10T01:20:00,UP
MOV-000057,TRN-12041,SEC-RKMP-BPL,2026-09-10T11:15:00,2026-09-10T11:48:00,UP
MOV-000058,TRN-12035,SEC-RKMP-BPL,2026-09-10T13:15:00,2026-09-10T13:46:00,UP
MOV-000059,TRN-12058,SEC-RKMP-BPL,2026-09-10T07:30:00,2026-09-10T07:55:00,DOWN
MOV-000060,TRN-12027,SEC-RKMP-BPL,2026-09-10T06:00:00,2026-09-10T06:22:00,DOWN
MOV-000061,TRN-12001,SEC-RKMP-BPL,2026-09-10T21:30:00,2026-09-10T21:47:00,UP
MOV-000062,TRN-12034,SEC-RKMP-BPL,2026-09-10T07:00:00,2026-09-10T07:28:00,DOWN
MOV-000063,TRN-12008,SEC-RKMP-BPL,2026-09-10T06:00:00,2026-09-10T06:28:00,DOWN
MOV-000064,TRN-12044,SEC-RKMP-BPL,2026-09-10T22:45:00,2026-09-10T23:06:00,UP
MOV-000065,TRN-12037,SEC-RKMP-BPL,2026-09-10T21:45:00,2026-09-10T22:04:00,UP
MOV-000066,TRN-12003,SEC-RKMP-BPL,2026-09-10T03:30:00,2026-09-10T03:55:00,UP
MOV-000067,TRN-12019,SEC-RKMP-BPL,2026-09-10T19:15:00,2026-09-10T19:46:00,DOWN
MOV-000068,TRN-12020,SEC-RKMP-BPL,2026-09-10T04:45:00,2026-09-10T05:12:00,UP
MOV-000069,TRN-12038,SEC-RKMP-BPL,2026-09-10T12:45:00,2026-09-10T13:05:00,DOWN
MOV-000070,TRN-12057,SEC-RKMP-BPL,2026-09-10T04:00:00,2026-09-10T04:25:00,UP
MOV-000071,TRN-12018,SEC-RKMP-BPL,2026-09-10T10:45:00,2026-09-10T11:19:00,UP
MOV-000072,TRN-12054,SEC-RKMP-BPL,2026-09-10T02:30:00,2026-09-10T03:01:00,DOWN
MOV-000073,TRN-12014,SEC-RKMP-BPL,2026-09-10T21:00:00,2026-09-10T21:25:00,UP
MOV-000074,TRN-12019,SEC-RKMP-BPL,2026-09-10T00:45:00,2026-09-10T01:06:00,DOWN
MOV-000075,TRN-12025,SEC-RKMP-BPL,2026-09-10T08:45:00,2026-09-10T09:01:00,DOWN
MOV-000076,TRN-12045,SEC-RKMP-BPL,2026-09-10T09:15:00,2026-09-10T09:30:00,DOWN
MOV-000077,TRN-12057,SEC-RKMP-BPL,2026-09-10T05:00:00,2026-09-10T05:17:00,UP
MOV-000078,TRN-12050,SEC-RKMP-BPL,2026-09-10T21:00:00,2026-09-10T21:29:00,UP
MOV-000079,TRN-12023,SEC-RKMP-BPL,2026-09-10T14:30:00,2026-09-10T15:02:00,UP
MOV-000080,TRN-12012,SEC-RKMP-BPL,2026-09-10T06:15:00,2026-09-10T06:49:00,DOWN
MOV-000081,TRN-12020,SEC-RKMP-BPL,2026-09-10T23:15:00,2026-09-10T23:40:00,UP
MOV-000082,TRN-12009,SEC-RKMP-BPL,2026-09-10T22:00:00,2026-09-10T22:18:00,UP
MOV-000083,TRN-12017,SEC-RKMP-BPL,2026-09-10T03:00:00,2026-09-10T03:28:00,DOWN
MOV-000084,TRN-12008,SEC-RKMP-BPL,2026-09-10T07:30:00,2026-09-10T08:03:00,DOWN
MOV-000085,TRN-12046,SEC-RKMP-BPL,2026-09-10T13:15:00,2026-09-10T13:33:00,DOWN
MOV-000086,TRN-12049,SEC-RKMP-BPL,2026-09-10T00:30:00,2026-09-10T00:46:00,DOWN
MOV-000087,TRN-12050,SEC-RKMP-BPL,2026-09-10T03:15:00,2026-09-10T03:32:00,DOWN
MOV-000088,TRN-12056,SEC-RKMP-BPL,2026-09-10T01:15:00,2026-09-10T01:49:00,UP
MOV-000089,TRN-12008,SEC-RKMP-BPL,2026-09-10T11:30:00,2026-09-10T11:58:00,UP
MOV-000090,TRN-12058,SEC-RKMP-BPL,2026-09-10T12:15:00,2026-09-10T12:49:00,DOWN
MOV-000091,TRN-12030,SEC-RKMP-BPL,2026-09-10T00:30:00,2026-09-10T00:56:00,UP
MOV-000092,TRN-12039,SEC-RKMP-BPL,2026-09-10T20:00:00,2026-09-10T20:29:00,UP
MOV-000093,TRN-12045,SEC-RKMP-BPL,2026-09-10T10:00:00,2026-09-10T10:34:00,UP
MOV-000094,TRN-12036,SEC-RKMP-BPL,2026-09-10T04:45:00,2026-09-10T05:14:00,DOWN
MOV-000095,TRN-12026,SEC-RKMP-BPL,2026-09-10T11:30:00,2026-09-10T12:00:00,DOWN
MOV-000096,TRN-12002,SEC-RKMP-BPL,2026-09-10T15:00:00,2026-09-10T15:20:00,DOWN
MOV-000097,TRN-12016,SEC-RKMP-BPL,2026-09-10T19:15:00,2026-09-10T19:34:00,UP
MOV-000098,TRN-12032,SEC-RKMP-BPL,2026-09-10T18:30:00,2026-09-10T19:03:00,DOWN
MOV-000099,TRN-12046,SEC-RKMP-BPL,2026-09-10T14:15:00,2026-09-10T14:38:00,UP
MOV-000100,TRN-12023,SEC-RKMP-BPL,2026-09-10T22:15:00,2026-09-10T22:32:00,DOWN
MOV-000101,TRN-12058,SEC-RKMP-BPL,2026-09-10T20:15:00,2026-09-10T20:39:00,DOWN
MOV-000102,TRN-12015,SEC-RKMP-BPL,2026-09-10T06:00:00,2026-09-10T06:34:00,DOWN
MOV-000103,TRN-12051,SEC-RKMP-BPL,2026-09-10T19:45:00,2026-09-10T20:02:00,DOWN
MOV-000104,TRN-12004,SEC-RKMP-BPL,2026-09-10T11:30:00,2026-09-10T11:52:00,UP
MOV-000105,TRN-12012,SEC-RKMP-BPL,2026-09-10T19:15:00,2026-09-10T19:36:00,DOWN
MOV-000106,TRN-12009,SEC-RKMP-BPL,2026-09-10T21:45:00,2026-09-10T22:11:00,UP
MOV-000107,TRN-12010,SEC-RKMP-BPL,2026-09-10T06:30:00,2026-09-10T06:48:00,UP
MOV-000108,TRN-12007,SEC-RKMP-BPL,2026-09-10T12:00:00,2026-09-10T12:29:00,UP
MOV-000109,TRN-12012,SEC-RKMP-BPL,2026-09-10T04:45:00,2026-09-10T05:01:00,UP
MOV-000110,TRN-12036,SEC-RKMP-BPL,2026-09-10T12:30:00,2026-09-10T13:01:00,UP
MOV-000111,TRN-12050,SEC-RKMP-BPL,2026-09-10T07:45:00,2026-09-10T08:10:00,DOWN
MOV-000112,TRN-12048,SEC-RKMP-BPL,2026-09-11T20:30:00,2026-09-11T20:45:00,UP
MOV-000113,TRN-12011,SEC-RKMP-BPL,2026-09-11T21:00:00,2026-09-11T21:19:00,UP
MOV-000114,TRN-12039,SEC-RKMP-BPL,2026-09-11T13:45:00,2026-09-11T14:08:00,UP
MOV-000115,TRN-12003,SEC-RKMP-BPL,2026-09-11T00:15:00,2026-09-11T00:48:00,DOWN
MOV-000116,TRN-12054,SEC-RKMP-BPL,2026-09-11T02:00:00,2026-09-11T02:31:00,UP
MOV-000117,TRN-12004,SEC-RKMP-BPL,2026-09-11T09:45:00,2026-09-11T10:13:00,UP
MOV-000118,TRN-12051,SEC-RKMP-BPL,2026-09-11T20:45:00,2026-09-11T21:18:00,UP
MOV-000119,TRN-12059,SEC-RKMP-BPL,2026-09-11T07:45:00,2026-09-11T08:11:00,DOWN
MOV-000120,TRN-12038,SEC-RKMP-BPL,2026-09-11T15:30:00,2026-09-11T16:00:00,DOWN
MOV-000121,TRN-12009,SEC-RKMP-BPL,2026-09-11T19:30:00,2026-09-11T19:51:00,DOWN
MOV-000122,TRN-12059,SEC-RKMP-BPL,2026-09-11T20:45:00,2026-09-11T21:09:00,DOWN
MOV-000123,TRN-12024,SEC-RKMP-BPL,2026-09-11T16:30:00,2026-09-11T16:49:00,UP
MOV-000124,TRN-12004,SEC-RKMP-BPL,2026-09-11T03:15:00,2026-09-11T03:39:00,UP
MOV-000125,TRN-12026,SEC-RKMP-BPL,2026-09-11T14:00:00,2026-09-11T14:21:00,UP
MOV-000126,TRN-12031,SEC-RKMP-BPL,2026-09-11T08:30:00,2026-09-11T08:51:00,UP
MOV-000127,TRN-12023,SEC-RKMP-BPL,2026-09-11T04:30:00,2026-09-11T04:49:00,UP
MOV-000128,TRN-12048,SEC-RKMP-BPL,2026-09-11T22:30:00,2026-09-11T23:03:00,DOWN
MOV-000129,TRN-12029,SEC-RKMP-BPL,2026-09-11T18:15:00,2026-09-11T18:39:00,DOWN
MOV-000130,TRN-12058,SEC-RKMP-BPL,2026-09-11T20:15:00,2026-09-11T20:43:00,UP
MOV-000131,TRN-12049,SEC-RKMP-BPL,2026-09-11T13:30:00,2026-09-11T14:00:00,DOWN
MOV-000132,TRN-12005,SEC-RKMP-BPL,2026-09-11T06:00:00,2026-09-11T06:29:00,UP
MOV-000133,TRN-12013,SEC-RKMP-BPL,2026-09-11T14:30:00,2026-09-11T14:55:00,DOWN
MOV-000134,TRN-12056,SEC-RKMP-BPL,2026-09-11T03:45:00,2026-09-11T04:12:00,DOWN
MOV-000135,TRN-12006,SEC-RKMP-BPL,2026-09-11T14:30:00,2026-09-11T14:56:00,UP
MOV-000136,TRN-12032,SEC-RKMP-BPL,2026-09-11T22:30:00,2026-09-11T22:47:00,DOWN
MOV-000137,TRN-12058,SEC-RKMP-BPL,2026-09-11T04:45:00,2026-09-11T05:08:00,DOWN
MOV-000138,TRN-12027,SEC-RKMP-BPL,2026-09-11T18:45:00,2026-09-11T19:15:00,DOWN
MOV-000139,TRN-12057,SEC-RKMP-BPL,2026-09-11T02:15:00,2026-09-11T02:44:00,DOWN
MOV-000140,TRN-12004,SEC-RKMP-BPL,2026-09-11T02:30:00,2026-09-11T02:57:00,UP
MOV-000141,TRN-12011,SEC-RKMP-BPL,2026-09-11T03:30:00,2026-09-11T03:45:00,DOWN
MOV-000142,TRN-12029,SEC-RKMP-BPL,2026-09-11T11:30:00,2026-09-11T11:55:00,DOWN
MOV-000143,TRN-12046,SEC-RKMP-BPL,2026-09-11T22:45:00,2026-09-11T23:10:00,UP
MOV-000144,TRN-12015,SEC-RKMP-BPL,2026-09-11T14:00:00,2026-09-11T14:33:00,DOWN
MOV-000145,TRN-12008,SEC-RKMP-BPL,2026-09-11T18:00:00,2026-09-11T18:29:00,UP
MOV-000146,TRN-12030,SEC-RKMP-BPL,2026-09-11T15:30:00,2026-09-11T15:53:00,DOWN
MOV-000147,TRN-12047,SEC-RKMP-BPL,2026-09-11T04:30:00,2026-09-11T04:59:00,UP
MOV-000148,TRN-12045,SEC-RKMP-BPL,2026-09-11T21:45:00,2026-09-11T22:15:00,DOWN
MOV-000149,TRN-12017,SEC-RKMP-BPL,2026-09-11T19:15:00,2026-09-11T19:40:00,UP
MOV-000150,TRN-12019,SEC-RKMP-BPL,2026-09-11T03:45:00,2026-09-11T04:02:00,UP
MOV-000151,TRN-12057,SEC-RKMP-BPL,2026-09-11T13:15:00,2026-09-11T13:44:00,UP
MOV-000152,TRN-12008,SEC-RKMP-BPL,2026-09-11T17:00:00,2026-09-11T17:26:00,DOWN
MOV-000153,TRN-12057,SEC-RKMP-BPL,2026-09-11T08:45:00,2026-09-11T09:12:00,UP
MOV-000154,TRN-12009,SEC-RKMP-BPL,2026-09-11T09:30:00,2026-09-11T10:04:00,UP
MOV-000155,TRN-12044,SEC-RKMP-BPL,2026-09-11T20:45:00,2026-09-11T21:08:00,UP
MOV-000156,TRN-12017,SEC-RKMP-BPL,2026-09-11T20:45:00,2026-09-11T21:12:00,UP
MOV-000157,TRN-12008,SEC-RKMP-BPL,2026-09-11T11:30:00,2026-09-11T11:45:00,DOWN
MOV-000158,TRN-12033,SEC-RKMP-BPL,2026-09-11T00:00:00,2026-09-11T00:24:00,DOWN
MOV-000159,TRN-12050,SEC-RKMP-BPL,2026-09-11T10:15:00,2026-09-11T10:49:00,UP
MOV-000160,TRN-12019,SEC-RKMP-BPL,2026-09-11T10:00:00,2026-09-11T10:21:00,DOWN
MOV-000161,TRN-12056,SEC-RKMP-BPL,2026-09-11T17:45:00,2026-09-11T18:10:00,UP
MOV-000162,TRN-12024,SEC-RKMP-BPL,2026-09-11T23:00:00,2026-09-11T23:32:00,DOWN
MOV-000163,TRN-12018,SEC-RKMP-BPL,2026-09-11T18:45:00,2026-09-11T19:00:00,UP
MOV-000164,TRN-12040,SEC-RKMP-BPL,2026-09-11T23:00:00,2026-09-11T23:28:00,UP
MOV-000165,TRN-12040,SEC-RKMP-BPL,2026-09-11T14:00:00,2026-09-11T14:28:00,DOWN
MOV-000166,TRN-12052,SEC-RKMP-BPL,2026-09-11T00:00:00,2026-09-11T00:19:00,UP
MOV-000167,TRN-12009,SEC-RKMP-BPL,2026-09-11T20:45:00,2026-09-11T21:16:00,UP
MOV-000168,TRN-12001,SEC-RKMP-BPL,2026-09-11T21:15:00,2026-09-11T21:43:00,DOWN
MOV-000169,TRN-12003,SEC-RKMP-BPL,2026-09-11T00:00:00,2026-09-11T00:18:00,UP
MOV-000170,TRN-12050,SEC-RKMP-BPL,2026-09-11T14:45:00,2026-09-11T15:16:00,DOWN
MOV-000171,TRN-12015,SEC-RKMP-BPL,2026-09-11T06:45:00,2026-09-11T07:04:00,UP
MOV-000172,TRN-12041,SEC-RKMP-BPL,2026-09-11T19:45:00,2026-09-11T20:18:00,UP
MOV-000173,TRN-12047,SEC-RKMP-BPL,2026-09-11T20:30:00,2026-09-11T21:01:00,DOWN
MOV-000174,TRN-12027,SEC-RKMP-BPL,2026-09-11T00:15:00,2026-09-11T00:34:00,UP
MOV-000175,TRN-12042,SEC-RKMP-BPL,2026-09-12T12:30:00,2026-09-12T12:59:00,DOWN
MOV-000176,TRN-12038,SEC-RKMP-BPL,2026-09-12T02:45:00,2026-09-12T03:08:00,UP
MOV-000177,TRN-12049,SEC-RKMP-BPL,2026-09-12T17:00:00,2026-09-12T17:18:00,UP
MOV-000178,TRN-12017,SEC-RKMP-BPL,2026-09-12T02:30:00,2026-09-12T02:55:00,DOWN
MOV-000179,TRN-12045,SEC-RKMP-BPL,2026-09-12T14:30:00,2026-09-12T14:46:00,UP
MOV-000180,TRN-12037,SEC-RKMP-BPL,2026-09-12T00:00:00,2026-09-12T00:19:00,DOWN
MOV-000181,TRN-12028,SEC-RKMP-BPL,2026-09-12T17:15:00,2026-09-12T17:33:00,UP
MOV-000182,TRN-12006,SEC-RKMP-BPL,2026-09-12T18:00:00,2026-09-12T18:22:00,DOWN
MOV-000183,TRN-12036,SEC-RKMP-BPL,2026-09-12T11:30:00,2026-09-12T12:00:00,UP
MOV-000184,TRN-12039,SEC-RKMP-BPL,2026-09-12T20:30:00,2026-09-12T20:53:00,UP
MOV-000185,TRN-12015,SEC-RKMP-BPL,2026-09-12T22:30:00,2026-09-12T22:51:00,UP
MOV-000186,TRN-12035,SEC-RKMP-BPL,2026-09-12T12:30:00,2026-09-12T12:50:00,DOWN
MOV-000187,TRN-12027,SEC-RKMP-BPL,2026-09-12T22:00:00,2026-09-12T22:17:00,UP
MOV-000188,TRN-12031,SEC-RKMP-BPL,2026-09-12T16:15:00,2026-09-12T16:48:00,UP
MOV-000189,TRN-12008,SEC-RKMP-BPL,2026-09-12T02:45:00,2026-09-12T03:02:00,DOWN
MOV-000190,TRN-12017,SEC-RKMP-BPL,2026-09-12T02:15:00,2026-09-12T02:42:00,UP
MOV-000191,TRN-12048,SEC-RKMP-BPL,2026-09-12T14:15:00,2026-09-12T14:42:00,DOWN
MOV-000192,TRN-12025,SEC-RKMP-BPL,2026-09-12T03:15:00,2026-09-12T03:46:00,UP
MOV-000193,TRN-12057,SEC-RKMP-BPL,2026-09-12T14:30:00,2026-09-12T14:51:00,DOWN
MOV-000194,TRN-12003,SEC-RKMP-BPL,2026-09-12T07:15:00,2026-09-12T07:39:00,UP
MOV-000195,TRN-12009,SEC-RKMP-BPL,2026-09-12T05:00:00,2026-09-12T05:26:00,UP
MOV-000196,TRN-12034,SEC-RKMP-BPL,2026-09-12T14:30:00,2026-09-12T14:55:00,DOWN
MOV-000197,TRN-12036,SEC-RKMP-BPL,2026-09-12T15:30:00,2026-09-12T15:51:00,UP
MOV-000198,TRN-12048,SEC-RKMP-BPL,2026-09-12T08:30:00,2026-09-12T08:48:00,UP
MOV-000199,TRN-12032,SEC-RKMP-BPL,2026-09-12T15:30:00,2026-09-12T15:52:00,DOWN
MOV-000200,TRN-12031,SEC-RKMP-BPL,2026-09-12T19:30:00,2026-09-12T19:56:00,DOWN
MOV-000201,TRN-12008,SEC-RKMP-BPL,2026-09-12T22:45:00,2026-09-12T23:10:00,DOWN
MOV-000202,TRN-12032,SEC-RKMP-BPL,2026-09-12T06:45:00,2026-09-12T07:04:00,UP
MOV-000203,TRN-12032,SEC-RKMP-BPL,2026-09-12T20:15:00,2026-09-12T20:39:00,UP
MOV-000204,TRN-12007,SEC-RKMP-BPL,2026-09-12T01:00:00,2026-09-12T01:32:00,DOWN
MOV-000205,TRN-12050,SEC-RKMP-BPL,2026-09-12T01:00:00,2026-09-12T01:20:00,DOWN
MOV-000206,TRN-12021,SEC-RKMP-BPL,2026-09-12T11:00:00,2026-09-12T11:29:00,UP
MOV-000207,TRN-12004,SEC-RKMP-BPL,2026-09-12T17:45:00,2026-09-12T18:00:00,UP
MOV-000208,TRN-12050,SEC-RKMP-BPL,2026-09-12T16:45:00,2026-09-12T17:08:00,UP
MOV-000209,TRN-12043,SEC-RKMP-BPL,2026-09-12T03:00:00,2026-09-12T03:27:00,DOWN
MOV-000210,TRN-12008,SEC-RKMP-BPL,2026-09-12T12:15:00,2026-09-12T12:40:00,DOWN
MOV-000211,TRN-12005,SEC-RKMP-BPL,2026-09-12T23:15:00,2026-09-12T23:45:00,UP
MOV-000212,TRN-12019,SEC-RKMP-BPL,2026-09-12T18:30:00,2026-09-12T18:47:00,DOWN
MOV-000213,TRN-12046,SEC-RKMP-BPL,2026-09-12T09:45:00,2026-09-12T10:12:00,UP
MOV-000214,TRN-12001,SEC-RKMP-BPL,2026-09-12T16:00:00,2026-09-12T16:30:00,DOWN
MOV-000215,TRN-12029,SEC-RKMP-BPL,2026-09-12T03:30:00,2026-09-12T03:48:00,UP
MOV-000216,TRN-12051,SEC-RKMP-BPL,2026-09-12T22:45:00,2026-09-12T23:19:00,DOWN
MOV-000217,TRN-12013,SEC-RKMP-BPL,2026-09-12T20:45:00,2026-09-12T21:19:00,DOWN
MOV-000218,TRN-12009,SEC-RKMP-BPL,2026-09-12T12:15:00,2026-09-12T12:46:00,UP
MOV-000219,TRN-12020,SEC-RKMP-BPL,2026-09-12T01:45:00,2026-09-12T02:15:00,UP
MOV-000220,TRN-12027,SEC-RKMP-BPL,2026-09-12T11:15:00,2026-09-12T11:48:00,UP
MOV-000221,TRN-12019,SEC-RKMP-BPL,2026-09-12T04:00:00,2026-09-12T04:33:00,DOWN
MOV-000222,TRN-12003,SEC-RKMP-BPL,2026-09-12T15:00:00,2026-09-12T15:18:00,UP
MOV-000223,TRN-12012,SEC-RKMP-BPL,2026-09-12T11:45:00,2026-09-12T12:11:00,DOWN
MOV-000224,TRN-12030,SEC-RKMP-BPL,2026-09-12T00:00:00,2026-09-12T00:20:00,UP
MOV-000225,TRN-12051,SEC-RKMP-BPL,2026-09-12T20:45:00,2026-09-12T21:12:00,DOWN
MOV-000226,TRN-12025,SEC-RKMP-BPL,2026-09-13T16:45:00,2026-09-13T17:15:00,DOWN
MOV-000227,TRN-12004,SEC-RKMP-BPL,2026-09-13T17:15:00,2026-09-13T17:44:00,DOWN
MOV-000228,TRN-12053,SEC-RKMP-BPL,2026-09-13T08:45:00,2026-09-13T09:16:00,UP
MOV-000229,TRN-12029,SEC-RKMP-BPL,2026-09-13T12:45:00,2026-09-13T13:13:00,DOWN
MOV-000230,TRN-12023,SEC-RKMP-BPL,2026-09-13T12:15:00,2026-09-13T12:48:00,UP
MOV-000231,TRN-12036,SEC-RKMP-BPL,2026-09-13T02:45:00,2026-09-13T03:07:00,UP
MOV-000232,TRN-12035,SEC-RKMP-BPL,2026-09-13T11:45:00,2026-09-13T12:10:00,DOWN
MOV-000233,TRN-12007,SEC-RKMP-BPL,2026-09-13T00:15:00,2026-09-13T00:49:00,DOWN
MOV-000234,TRN-12038,SEC-RKMP-BPL,2026-09-13T15:15:00,2026-09-13T15:33:00,UP
MOV-000235,TRN-12021,SEC-RKMP-BPL,2026-09-13T07:00:00,2026-09-13T07:20:00,UP
MOV-000236,TRN-12037,SEC-RKMP-BPL,2026-09-13T22:30:00,2026-09-13T22:53:00,UP
MOV-000237,TRN-12019,SEC-RKMP-BPL,2026-09-13T03:30:00,2026-09-13T03:56:00,UP
MOV-000238,TRN-12025,SEC-RKMP-BPL,2026-09-13T06:00:00,2026-09-13T06:29:00,DOWN
MOV-000239,TRN-12039,SEC-RKMP-BPL,2026-09-13T17:45:00,2026-09-13T18:16:00,DOWN
MOV-000240,TRN-12053,SEC-RKMP-BPL,2026-09-13T11:45:00,2026-09-13T12:15:00,DOWN
MOV-000241,TRN-12055,SEC-RKMP-BPL,2026-09-13T12:30:00,2026-09-13T12:50:00,DOWN
MOV-000242,TRN-12038,SEC-RKMP-BPL,2026-09-13T18:15:00,2026-09-13T18:47:00,UP
MOV-000243,TRN-12007,SEC-RKMP-BPL,2026-09-13T12:30:00,2026-09-13T13:01:00,UP
MOV-000244,TRN-12039,SEC-RKMP-BPL,2026-09-13T13:45:00,2026-09-13T14:13:00,UP
MOV-000245,TRN-12059,SEC-RKMP-BPL,2026-09-13T02:45:00,2026-09-13T03:03:00,UP
MOV-000246,TRN-12050,SEC-RKMP-BPL,2026-09-13T17:45:00,2026-09-13T18:14:00,DOWN
MOV-000247,TRN-12021,SEC-RKMP-BPL,2026-09-13T00:00:00,2026-09-13T00:20:00,UP
MOV-000248,TRN-12031,SEC-RKMP-BPL,2026-09-13T18:45:00,2026-09-13T19:09:00,DOWN
MOV-000249,TRN-12060,SEC-RKMP-BPL,2026-09-13T20:15:00,2026-09-13T20:36:00,DOWN
MOV-000250,TRN-12015,SEC-RKMP-BPL,2026-09-13T09:00:00,2026-09-13T09:30:00,DOWN
MOV-000251,TRN-12006,SEC-RKMP-BPL,2026-09-13T05:30:00,2026-09-13T05:55:00,DOWN
MOV-000252,TRN-12016,SEC-RKMP-BPL,2026-09-13T22:15:00,2026-09-13T22:46:00,UP
MOV-000253,TRN-12003,SEC-RKMP-BPL,2026-09-13T01:15:00,2026-09-13T01:49:00,UP
MOV-000254,TRN-12023,SEC-RKMP-BPL,2026-09-13T02:45:00,2026-09-13T03:13:00,DOWN
MOV-000255,TRN-12043,SEC-RKMP-BPL,2026-09-13T15:45:00,2026-09-13T16:00:00,DOWN
MOV-000256,TRN-12045,SEC-RKMP-BPL,2026-09-13T17:15:00,2026-09-13T17:46:00,UP
MOV-000257,TRN-12003,SEC-RKMP-BPL,2026-09-13T21:00:00,2026-09-13T21:17:00,DOWN
MOV-000258,TRN-12015,SEC-RKMP-BPL,2026-09-13T20:15:00,2026-09-13T20:30:00,DOWN
MOV-000259,TRN-12031,SEC-RKMP-BPL,2026-09-13T06:30:00,2026-09-13T06:55:00,UP
MOV-000260,TRN-12046,SEC-RKMP-BPL,2026-09-13T09:30:00,2026-09-13T10:02:00,DOWN
MOV-000261,TRN-12041,SEC-RKMP-BPL,2026-09-13T06:00:00,2026-09-13T06:23:00,DOWN
MOV-000262,TRN-12032,SEC-RKMP-BPL,2026-09-13T08:45:00,2026-09-13T09:17:00,DOWN
MOV-000263,TRN-12018,SEC-RKMP-BPL,2026-09-13T17:30:00,2026-09-13T17:53:00,UP
MOV-000264,TRN-12007,SEC-RKMP-BPL,2026-09-13T06:30:00,2026-09-13T07:02:00,DOWN
MOV-000265,TRN-12012,SEC-RKMP-BPL,2026-09-13T16:00:00,2026-09-13T16:28:00,UP
MOV-000266,TRN-12027,SEC-RKMP-BPL,2026-09-13T17:15:00,2026-09-13T17:46:00,DOWN
MOV-000267,TRN-12060,SEC-RKMP-BPL,2026-09-13T15:15:00,2026-09-13T15:45:00,UP
MOV-000268,TRN-12033,SEC-RKMP-BPL,2026-09-13T03:00:00,2026-09-13T03:26:00,UP
MOV-000269,TRN-12060,SEC-RKMP-BPL,2026-09-13T20:30:00,2026-09-13T20:59:00,DOWN
MOV-000270,TRN-12004,SEC-RKMP-BPL,2026-09-13T09:15:00,2026-09-13T09:48:00,UP
MOV-000271,TRN-12030,SEC-RKMP-BPL,2026-09-13T08:00:00,2026-09-13T08:17:00,UP
MOV-000272,TRN-12005,SEC-RKMP-BPL,2026-09-13T01:15:00,2026-09-13T01:34:00,DOWN
MOV-000273,TRN-12002,SEC-RKMP-BPL,2026-09-13T07:15:00,2026-09-13T07:49:00,DOWN
MOV-000274,TRN-12053,SEC-RKMP-BPL,2026-09-13T08:15:00,2026-09-13T08:38:00,DOWN
MOV-000275,TRN-12058,SEC-RKMP-BPL,2026-09-13T23:45:00,2026-09-14T00:10:00,DOWN
MOV-000276,TRN-12059,SEC-RKMP-BPL,2026-09-13T06:15:00,2026-09-13T06:47:00,UP
MOV-000277,TRN-12015,SEC-RKMP-BPL,2026-09-13T13:15:00,2026-09-13T13:47:00,DOWN
MOV-000278,TRN-12019,SEC-RKMP-BPL,2026-09-13T12:45:00,2026-09-13T13:14:00,UP
MOV-000279,TRN-12036,SEC-RKMP-BPL,2026-09-13T14:30:00,2026-09-13T14:45:00,UP
MOV-000280,TRN-12052,SEC-RKMP-BPL,2026-09-13T05:15:00,2026-09-13T05:36:00,UP
MOV-000281,TRN-12010,SEC-RKMP-BPL,2026-09-13T08:45:00,2026-09-13T09:00:00,UP
MOV-000282,TRN-12004,SEC-RKMP-BPL,2026-09-13T13:15:00,2026-09-13T13:45:00,DOWN
MOV-000283,TRN-12048,SEC-RKMP-BPL,2026-09-13T15:15:00,2026-09-13T15:47:00,UP
MOV-000284,TRN-12057,SEC-RKMP-BPL,2026-09-13T23:30:00,2026-09-13T23:58:00,UP
MOV-000285,TRN-12041,SEC-RKMP-BPL,2026-09-14T21:15:00,2026-09-14T21:45:00,UP
MOV-000286,TRN-12012,SEC-RKMP-BPL,2026-09-14T04:30:00,2026-09-14T04:51:00,UP
MOV-000287,TRN-12026,SEC-RKMP-BPL,2026-09-14T15:15:00,2026-09-14T15:49:00,DOWN
MOV-000288,TRN-12031,SEC-RKMP-BPL,2026-09-14T22:15:00,2026-09-14T22:32:00,UP
MOV-000289,TRN-12057,SEC-RKMP-BPL,2026-09-14T23:30:00,2026-09-14T23:47:00,UP
MOV-000290,TRN-12003,SEC-RKMP-BPL,2026-09-14T01:00:00,2026-09-14T01:26:00,UP
MOV-000291,TRN-12060,SEC-RKMP-BPL,2026-09-14T10:15:00,2026-09-14T10:40:00,DOWN
MOV-000292,TRN-12019,SEC-RKMP-BPL,2026-09-14T01:00:00,2026-09-14T01:32:00,UP
MOV-000293,TRN-12039,SEC-RKMP-BPL,2026-09-14T09:45:00,2026-09-14T10:01:00,DOWN
MOV-000294,TRN-12042,SEC-RKMP-BPL,2026-09-14T10:00:00,2026-09-14T10:34:00,UP
MOV-000295,TRN-12030,SEC-RKMP-BPL,2026-09-14T09:00:00,2026-09-14T09:23:00,UP
MOV-000296,TRN-12001,SEC-RKMP-BPL,2026-09-14T06:00:00,2026-09-14T06:23:00,DOWN
MOV-000297,TRN-12010,SEC-RKMP-BPL,2026-09-14T00:00:00,2026-09-14T00:25:00,UP
MOV-000298,TRN-12030,SEC-RKMP-BPL,2026-09-14T00:15:00,2026-09-14T00:38:00,UP
MOV-000299,TRN-12034,SEC-RKMP-BPL,2026-09-14T18:15:00,2026-09-14T18:46:00,DOWN
MOV-000300,TRN-12016,SEC-RKMP-BPL,2026-09-14T05:15:00,2026-09-14T05:41:00,UP
MOV-000301,TRN-12055,SEC-RKMP-BPL,2026-09-14T11:45:00,2026-09-14T12:13:00,UP
MOV-000302,TRN-12014,SEC-RKMP-BPL,2026-09-14T17:15:00,2026-09-14T17:34:00,DOWN
MOV-000303,TRN-12029,SEC-RKMP-BPL,2026-09-14T01:15:00,2026-09-14T01:39:00,DOWN
MOV-000304,TRN-12043,SEC-RKMP-BPL,2026-09-14T04:00:00,2026-09-14T04:27:00,UP
MOV-000305,TRN-12020,SEC-RKMP-BPL,2026-09-14T03:00:00,2026-09-14T03:33:00,UP
MOV-000306,TRN-12001,SEC-RKMP-BPL,2026-09-14T22:00:00,2026-09-14T22:31:00,UP
MOV-000307,TRN-12010,SEC-RKMP-BPL,2026-09-14T02:30:00,2026-09-14T02:57:00,UP
MOV-000308,TRN-12015,SEC-RKMP-BPL,2026-09-14T02:30:00,2026-09-14T02:49:00,DOWN
MOV-000309,TRN-12042,SEC-RKMP-BPL,2026-09-14T20:15:00,2026-09-14T20:30:00,UP
MOV-000310,TRN-12052,SEC-RKMP-BPL,2026-09-14T12:30:00,2026-09-14T12:54:00,UP
MOV-000311,TRN-12054,SEC-RKMP-BPL,2026-09-14T18:45:00,2026-09-14T19:17:00,UP
MOV-000312,TRN-12016,SEC-RKMP-BPL,2026-09-14T05:45:00,2026-09-14T06:11:00,UP
MOV-000313,TRN-12059,SEC-RKMP-BPL,2026-09-14T14:45:00,2026-09-14T15:19:00,UP
MOV-000314,TRN-12022,SEC-RKMP-BPL,2026-09-14T17:45:00,2026-09-14T18:02:00,UP
MOV-000315,TRN-12033,SEC-RKMP-BPL,2026-09-14T19:00:00,2026-09-14T19:27:00,UP
MOV-000316,TRN-12013,SEC-RKMP-BPL,2026-09-14T12:15:00,2026-09-14T12:42:00,UP
MOV-000317,TRN-12050,SEC-RKMP-BPL,2026-09-14T01:45:00,2026-09-14T02:00:00,DOWN
MOV-000318,TRN-12021,SEC-RKMP-BPL,2026-09-14T09:00:00,2026-09-14T09:29:00,UP
MOV-000319,TRN-12040,SEC-RKMP-BPL,2026-09-14T17:45:00,2026-09-14T18:14:00,UP
MOV-000320,TRN-12045,SEC-RKMP-BPL,2026-09-14T19:15:00,2026-09-14T19:32:00,DOWN
MOV-000321,TRN-12009,SEC-RKMP-BPL,2026-09-14T14:00:00,2026-09-14T14:17:00,DOWN
MOV-000322,TRN-12009,SEC-RKMP-BPL,2026-09-14T16:30:00,2026-09-14T16:46:00,UP
MOV-000323,TRN-12048,SEC-RKMP-BPL,2026-09-14T12:00:00,2026-09-14T12:34:00,UP
MOV-000324,TRN-12001,SEC-RKMP-BPL,2026-09-14T22:00:00,2026-09-14T22:26:00,DOWN
MOV-000325,TRN-12035,SEC-RKMP-BPL,2026-09-14T14:15:00,2026-09-14T14:32:00,DOWN
MOV-000326,TRN-12054,SEC-RKMP-BPL,2026-09-14T02:45:00,2026-09-14T03:08:00,DOWN
MOV-000327,TRN-12010,SEC-RKMP-BPL,2026-09-14T14:00:00,2026-09-14T14:20:00,DOWN
MOV-000328,TRN-12004,SEC-RKMP-BPL,2026-09-14T10:30:00,2026-09-14T10:47:00,UP
MOV-000329,TRN-12021,SEC-RKMP-BPL,2026-09-14T15:45:00,2026-09-14T16:16:00,UP
MOV-000330,TRN-12002,SEC-RKMP-BPL,2026-09-14T01:30:00,2026-09-14T01:48:00,UP
MOV-000331,TRN-12051,SEC-RKMP-BPL,2026-09-14T20:45:00,2026-09-14T21:05:00,DOWN
MOV-000332,TRN-12037,SEC-RKMP-BPL,2026-09-14T04:30:00,2026-09-14T04:55:00,UP
MOV-000333,TRN-12046,SEC-RKMP-BPL,2026-09-14T16:30:00,2026-09-14T16:59:00,DOWN
MOV-000334,TRN-12035,SEC-RKMP-BPL,2026-09-14T06:45:00,2026-09-14T07:14:00,DOWN
MOV-000335,TRN-12009,SEC-RKMP-BPL,2026-09-14T10:45:00,2026-09-14T11:10:00,DOWN
MOV-000336,TRN-12001,SEC-RKMP-BPL,2026-09-14T00:45:00,2026-09-14T01:07:00,DOWN
MOV-000337,TRN-12026,SEC-RKMP-BPL,2026-09-14T09:45:00,2026-09-14T10:01:00,DOWN
MOV-000338,TRN-12054,SEC-RKMP-BPL,2026-09-14T15:15:00,2026-09-14T15:33:00,DOWN
MOV-000339,TRN-12029,SEC-RKMP-BPL,2026-09-14T03:15:00,2026-09-14T03:49:00,UP
MOV-000340,TRN-12011,SEC-RKMP-BPL,2026-09-14T16:00:00,2026-09-14T16:33:00,DOWN
MOV-000341,TRN-12060,SEC-RKMP-BPL,2026-09-14T21:00:00,2026-09-14T21:19:00,UP
MOV-000342,TRN-12029,SEC-RKMP-BPL,2026-09-14T21:30:00,2026-09-14T21:57:00,DOWN
MOV-000343,TRN-12039,SEC-RKMP-BPL,2026-09-14T09:15:00,2026-09-14T09:40:00,UP
MOV-000344,TRN-12045,SEC-RKMP-BPL,2026-09-14T15:30:00,2026-09-14T15:55:00,DOWN
MOV-000345,TRN-12057,SEC-RKMP-BPL,2026-09-14T13:15:00,2026-09-14T13:32:00,DOWN
MOV-000346,TRN-12055,SEC-RKMP-BPL,2026-09-14T16:45:00,2026-09-14T17:17:00,DOWN
MOV-000347,TRN-12006,SEC-RKMP-BPL,2026-09-15T00:00:00,2026-09-15T00:23:00,DOWN
MOV-000348,TRN-12028,SEC-RKMP-BPL,2026-09-15T00:00:00,2026-09-15T00:34:00,DOWN
MOV-000349,TRN-12023,SEC-RKMP-BPL,2026-09-15T19:30:00,2026-09-15T20:03:00,DOWN
MOV-000350,TRN-12038,SEC-RKMP-BPL,2026-09-15T09:30:00,2026-09-15T09:51:00,UP
MOV-000351,TRN-12037,SEC-RKMP-BPL,2026-09-15T13:30:00,2026-09-15T13:52:00,UP
MOV-000352,TRN-12001,SEC-RKMP-BPL,2026-09-15T14:30:00,2026-09-15T15:03:00,DOWN
MOV-000353,TRN-12029,SEC-RKMP-BPL,2026-09-15T01:00:00,2026-09-15T01:21:00,UP
MOV-000354,TRN-12022,SEC-RKMP-BPL,2026-09-15T09:45:00,2026-09-15T10:02:00,UP
MOV-000355,TRN-12010,SEC-RKMP-BPL,2026-09-15T07:30:00,2026-09-15T07:45:00,UP
MOV-000356,TRN-12002,SEC-RKMP-BPL,2026-09-15T22:30:00,2026-09-15T22:49:00,UP
MOV-000357,TRN-12006,SEC-RKMP-BPL,2026-09-15T11:45:00,2026-09-15T12:11:00,DOWN
MOV-000358,TRN-12021,SEC-RKMP-BPL,2026-09-15T06:15:00,2026-09-15T06:34:00,DOWN
MOV-000359,TRN-12012,SEC-RKMP-BPL,2026-09-15T11:30:00,2026-09-15T11:46:00,UP
MOV-000360,TRN-12028,SEC-RKMP-BPL,2026-09-15T06:00:00,2026-09-15T06:15:00,UP
MOV-000361,TRN-12029,SEC-RKMP-BPL,2026-09-15T02:45:00,2026-09-15T03:04:00,DOWN
MOV-000362,TRN-12041,SEC-RKMP-BPL,2026-09-15T11:45:00,2026-09-15T12:02:00,UP
MOV-000363,TRN-12016,SEC-RKMP-BPL,2026-09-15T03:15:00,2026-09-15T03:36:00,DOWN
MOV-000364,TRN-12019,SEC-RKMP-BPL,2026-09-15T21:45:00,2026-09-15T22:18:00,UP
MOV-000365,TRN-12060,SEC-RKMP-BPL,2026-09-15T14:45:00,2026-09-15T15:07:00,DOWN
MOV-000366,TRN-12036,SEC-RKMP-BPL,2026-09-15T01:15:00,2026-09-15T01:32:00,DOWN
MOV-000367,TRN-12019,SEC-RKMP-BPL,2026-09-15T05:30:00,2026-09-15T05:53:00,UP
MOV-000368,TRN-12049,SEC-RKMP-BPL,2026-09-15T20:30:00,2026-09-15T20:57:00,UP
MOV-000369,TRN-12033,SEC-RKMP-BPL,2026-09-15T12:00:00,2026-09-15T12:16:00,UP
MOV-000370,TRN-12028,SEC-RKMP-BPL,2026-09-15T03:00:00,2026-09-15T03:32:00,UP
MOV-000371,TRN-12036,SEC-RKMP-BPL,2026-09-15T12:30:00,2026-09-15T12:59:00,UP
MOV-000372,TRN-12051,SEC-RKMP-BPL,2026-09-15T08:45:00,2026-09-15T09:08:00,UP
MOV-000373,TRN-12046,SEC-RKMP-BPL,2026-09-15T00:45:00,2026-09-15T01:00:00,UP
MOV-000374,TRN-12037,SEC-RKMP-BPL,2026-09-15T22:15:00,2026-09-15T22:32:00,UP
MOV-000375,TRN-12054,SEC-RKMP-BPL,2026-09-15T17:00:00,2026-09-15T17:22:00,UP
MOV-000376,TRN-12011,SEC-RKMP-BPL,2026-09-15T20:30:00,2026-09-15T20:48:00,DOWN
MOV-000377,TRN-12025,SEC-RKMP-BPL,2026-09-15T01:15:00,2026-09-15T01:33:00,UP
MOV-000378,TRN-12053,SEC-RKMP-BPL,2026-09-15T17:00:00,2026-09-15T17:32:00,DOWN
MOV-000379,TRN-12053,SEC-RKMP-BPL,2026-09-15T17:15:00,2026-09-15T17:40:00,DOWN
MOV-000380,TRN-12044,SEC-RKMP-BPL,2026-09-15T05:15:00,2026-09-15T05:34:00,UP
MOV-000381,TRN-12010,SEC-RKMP-BPL,2026-09-15T00:45:00,2026-09-15T01:01:00,DOWN
MOV-000382,TRN-12001,SEC-RKMP-BPL,2026-09-15T18:15:00,2026-09-15T18:40:00,UP
MOV-000383,TRN-12030,SEC-RKMP-BPL,2026-09-15T10:30:00,2026-09-15T10:52:00,DOWN
MOV-000384,TRN-12050,SEC-RKMP-BPL,2026-09-15T10:15:00,2026-09-15T10:32:00,UP
MOV-000385,TRN-12008,SEC-RKMP-BPL,2026-09-15T04:45:00,2026-09-15T05:01:00,UP
MOV-000386,TRN-12051,SEC-RKMP-BPL,2026-09-15T22:00:00,2026-09-15T22:18:00,UP
MOV-000387,TRN-12034,SEC-RKMP-BPL,2026-09-15T23:00:00,2026-09-15T23:18:00,UP
MOV-000388,TRN-12053,SEC-RKMP-BPL,2026-09-15T00:15:00,2026-09-15T00:32:00,UP
MOV-000389,TRN-12056,SEC-RKMP-BPL,2026-09-15T00:15:00,2026-09-15T00:48:00,DOWN
MOV-000390,TRN-12005,SEC-RKMP-BPL,2026-09-15T11:45:00,2026-09-15T12:08:00,DOWN
MOV-000391,TRN-12032,SEC-RKMP-BPL,2026-09-15T15:00:00,2026-09-15T15:31:00,DOWN
MOV-000392,TRN-12009,SEC-RKMP-BPL,2026-09-15T19:45:00,2026-09-15T20:14:00,UP
MOV-000393,TRN-12029,SEC-RKMP-BPL,2026-09-15T20:00:00,2026-09-15T20:31:00,DOWN
MOV-000394,TRN-12041,SEC-RKMP-BPL,2026-09-15T08:30:00,2026-09-15T08:46:00,DOWN
MOV-000395,TRN-12021,SEC-RKMP-BPL,2026-09-15T01:45:00,2026-09-15T02:13:00,DOWN
MOV-000396,TRN-12004,SEC-RKMP-BPL,2026-09-15T18:30:00,2026-09-15T19:00:00,DOWN
MOV-000397,TRN-12013,SEC-RKMP-BPL,2026-09-15T05:45:00,2026-09-15T06:10:00,UP
MOV-000398,TRN-12018,SEC-RKMP-BPL,2026-09-15T15:45:00,2026-09-15T16:00:00,DOWN
MOV-000399,TRN-12060,SEC-RKMP-BPL,2026-09-15T06:15:00,2026-09-15T06:47:00,UP
MOV-000400,TRN-12024,SEC-RKMP-BPL,2026-09-15T10:45:00,2026-09-15T11:02:00,UP
MOV-000401,TRN-12010,SEC-RKMP-BPL,2026-09-15T18:30:00,2026-09-15T18:54:00,UP
MOV-000402,TRN-12010,SEC-RKMP-BPL,2026-09-15T22:30:00,2026-09-15T22:51:00,UP
MOV-000403,TRN-12044,SEC-RKMP-BPL,2026-09-15T17:15:00,2026-09-15T17:36:00,DOWN
MOV-000404,TRN-12036,SEC-RKMP-BPL,2026-09-16T01:15:00,2026-09-16T01:42:00,DOWN
MOV-000405,TRN-12032,SEC-RKMP-BPL,2026-09-16T08:30:00,2026-09-16T08:48:00,UP
MOV-000406,TRN-12041,SEC-RKMP-BPL,2026-09-16T23:45:00,2026-09-17T00:11:00,UP
MOV-000407,TRN-12060,SEC-RKMP-BPL,2026-09-16T10:15:00,2026-09-16T10:47:00,DOWN
MOV-000408,TRN-12045,SEC-RKMP-BPL,2026-09-16T06:45:00,2026-09-16T07:09:00,DOWN
MOV-000409,TRN-12046,SEC-RKMP-BPL,2026-09-16T15:00:00,2026-09-16T15:21:00,UP
MOV-000410,TRN-12057,SEC-RKMP-BPL,2026-09-16T17:15:00,2026-09-16T17:44:00,DOWN
MOV-000411,TRN-12024,SEC-RKMP-BPL,2026-09-16T09:45:00,2026-09-16T10:11:00,UP
MOV-000412,TRN-12044,SEC-RKMP-BPL,2026-09-16T14:30:00,2026-09-16T14:59:00,DOWN
MOV-000413,TRN-12020,SEC-RKMP-BPL,2026-09-16T10:00:00,2026-09-16T10:27:00,UP
MOV-000414,TRN-12021,SEC-RKMP-BPL,2026-09-16T16:15:00,2026-09-16T16:39:00,UP
MOV-000415,TRN-12016,SEC-RKMP-BPL,2026-09-16T03:45:00,2026-09-16T04:01:00,UP
MOV-000416,TRN-12041,SEC-RKMP-BPL,2026-09-16T03:30:00,2026-09-16T03:59:00,DOWN
MOV-000417,TRN-12019,SEC-RKMP-BPL,2026-09-16T00:45:00,2026-09-16T01:06:00,DOWN
MOV-000418,TRN-12012,SEC-RKMP-BPL,2026-09-16T03:45:00,2026-09-16T04:18:00,DOWN
MOV-000419,TRN-12046,SEC-RKMP-BPL,2026-09-16T05:45:00,2026-09-16T06:13:00,UP
MOV-000420,TRN-12008,SEC-RKMP-BPL,2026-09-16T20:15:00,2026-09-16T20:45:00,UP
MOV-000421,TRN-12017,SEC-RKMP-BPL,2026-09-16T06:15:00,2026-09-16T06:43:00,DOWN
MOV-000422,TRN-12055,SEC-RKMP-BPL,2026-09-16T17:00:00,2026-09-16T17:34:00,DOWN
MOV-000423,TRN-12033,SEC-RKMP-BPL,2026-09-16T16:45:00,2026-09-16T17:19:00,DOWN
MOV-000424,TRN-12037,SEC-RKMP-BPL,2026-09-16T17:15:00,2026-09-16T17:36:00,DOWN
MOV-000425,TRN-12004,SEC-RKMP-BPL,2026-09-16T07:30:00,2026-09-16T08:04:00,DOWN
MOV-000426,TRN-12024,SEC-RKMP-BPL,2026-09-16T10:30:00,2026-09-16T10:55:00,UP
MOV-000427,TRN-12033,SEC-RKMP-BPL,2026-09-16T09:30:00,2026-09-16T10:02:00,DOWN
MOV-000428,TRN-12037,SEC-RKMP-BPL,2026-09-16T08:15:00,2026-09-16T08:33:00,DOWN
MOV-000429,TRN-12051,SEC-RKMP-BPL,2026-09-16T20:15:00,2026-09-16T20:36:00,DOWN
MOV-000430,TRN-12033,SEC-RKMP-BPL,2026-09-16T16:15:00,2026-09-16T16:38:00,DOWN
MOV-000431,TRN-12049,SEC-RKMP-BPL,2026-09-16T08:45:00,2026-09-16T09:04:00,UP
MOV-000432,TRN-12055,SEC-RKMP-BPL,2026-09-16T22:45:00,2026-09-16T23:06:00,DOWN
MOV-000433,TRN-12057,SEC-RKMP-BPL,2026-09-16T23:00:00,2026-09-16T23:29:00,DOWN
MOV-000434,TRN-12046,SEC-RKMP-BPL,2026-09-16T05:45:00,2026-09-16T06:02:00,UP
MOV-000435,TRN-12038,SEC-RKMP-BPL,2026-09-16T10:30:00,2026-09-16T10:49:00,DOWN
MOV-000436,TRN-12039,SEC-RKMP-BPL,2026-09-16T15:15:00,2026-09-16T15:36:00,UP
MOV-000437,TRN-12028,SEC-RKMP-BPL,2026-09-16T14:15:00,2026-09-16T14:38:00,UP
MOV-000438,TRN-12014,SEC-RKMP-BPL,2026-09-16T15:45:00,2026-09-16T16:05:00,DOWN
MOV-000439,TRN-12035,SEC-RKMP-BPL,2026-09-16T04:15:00,2026-09-16T04:30:00,UP
MOV-000440,TRN-12021,SEC-RKMP-BPL,2026-09-16T10:45:00,2026-09-16T11:02:00,DOWN
MOV-000441,TRN-12015,SEC-RKMP-BPL,2026-09-16T03:30:00,2026-09-16T04:00:00,DOWN
MOV-000442,TRN-12007,SEC-RKMP-BPL,2026-09-16T02:15:00,2026-09-16T02:39:00,DOWN
MOV-000443,TRN-12018,SEC-RKMP-BPL,2026-09-16T04:45:00,2026-09-16T05:03:00,UP
MOV-000444,TRN-12026,SEC-RKMP-BPL,2026-09-16T09:30:00,2026-09-16T10:02:00,DOWN
MOV-000445,TRN-12018,SEC-RKMP-BPL,2026-09-16T23:30:00,2026-09-16T23:46:00,DOWN
MOV-000446,TRN-12009,SEC-RKMP-BPL,2026-09-16T14:45:00,2026-09-16T15:04:00,UP
MOV-000447,TRN-12029,SEC-RKMP-BPL,2026-09-16T21:00:00,2026-09-16T21:28:00,UP
MOV-000448,TRN-12007,SEC-RKMP-BPL,2026-09-16T17:45:00,2026-09-16T18:11:00,UP
MOV-000449,TRN-12010,SEC-RKMP-BPL,2026-09-16T10:30:00,2026-09-16T10:56:00,UP
MOV-000450,TRN-12031,SEC-RKMP-BPL,2026-09-16T07:30:00,2026-09-16T08:00:00,DOWN
MOV-000451,TRN-12001,SEC-RKMP-BPL,2026-09-16T23:00:00,2026-09-16T23:34:00,UP
MOV-000452,TRN-12031,SEC-RKMP-BPL,2026-09-16T02:00:00,2026-09-16T02:28:00,DOWN
MOV-000453,TRN-12008,SEC-RKMP-BPL,2026-09-16T23:15:00,2026-09-16T23:36:00,UP
MOV-000454,TRN-12028,SEC-RKMP-BPL,2026-09-16T04:15:00,2026-09-16T04:34:00,UP
MOV-000455,TRN-12023,SEC-RKMP-BPL,2026-09-16T16:45:00,2026-09-16T17:07:00,UP
MOV-000456,TRN-12048,SEC-RKMP-BPL,2026-09-16T16:45:00,2026-09-16T17:18:00,DOWN
MOV-000457,TRN-12057,SEC-RKMP-BPL,2026-09-16T09:15:00,2026-09-16T09:36:00,UP
MOV-000458,TRN-12045,SEC-RKMP-BPL,2026-09-16T17:45:00,2026-09-16T18:03:00,UP
MOV-000459,TRN-12014,SEC-RKMP-BPL,2026-09-16T21:15:00,2026-09-16T21:32:00,DOWN
MOV-000460,TRN-12053,SEC-RKMP-BPL,2026-09-16T21:00:00,2026-09-16T21:21:00,UP
MOV-000461,TRN-12019,SEC-RKMP-BPL,2026-09-16T12:15:00,2026-09-16T12:31:00,DOWN
MOV-000462,TRN-12004,SEC-RKMP-BPL,2026-09-16T05:00:00,2026-09-16T05:16:00,UP
MOV-000463,TRN-12047,SEC-RKMP-BPL,2026-09-17T02:00:00,2026-09-17T02:21:00,DOWN
MOV-000464,TRN-12045,SEC-RKMP-BPL,2026-09-17T19:15:00,2026-09-17T19:33:00,UP
MOV-000465,TRN-12009,SEC-RKMP-BPL,2026-09-17T01:45:00,2026-09-17T02:05:00,DOWN
MOV-000466,TRN-12034,SEC-RKMP-BPL,2026-09-17T12:15:00,2026-09-17T12:46:00,UP
MOV-000467,TRN-12006,SEC-RKMP-BPL,2026-09-17T10:15:00,2026-09-17T10:40:00,DOWN
MOV-000468,TRN-12036,SEC-RKMP-BPL,2026-09-17T06:15:00,2026-09-17T06:45:00,UP
MOV-000469,TRN-12031,SEC-RKMP-BPL,2026-09-17T12:45:00,2026-09-17T13:14:00,UP
MOV-000470,TRN-12019,SEC-RKMP-BPL,2026-09-17T08:15:00,2026-09-17T08:34:00,DOWN
MOV-000471,TRN-12013,SEC-RKMP-BPL,2026-09-17T15:45:00,2026-09-17T16:19:00,UP
MOV-000472,TRN-12046,SEC-RKMP-BPL,2026-09-17T02:15:00,2026-09-17T02:33:00,UP
MOV-000473,TRN-12011,SEC-RKMP-BPL,2026-09-17T01:45:00,2026-09-17T02:01:00,UP
MOV-000474,TRN-12042,SEC-RKMP-BPL,2026-09-17T23:45:00,2026-09-18T00:02:00,DOWN
MOV-000475,TRN-12040,SEC-RKMP-BPL,2026-09-17T04:15:00,2026-09-17T04:48:00,UP
MOV-000476,TRN-12012,SEC-RKMP-BPL,2026-09-17T21:45:00,2026-09-17T22:19:00,DOWN
MOV-000477,TRN-12053,SEC-RKMP-BPL,2026-09-17T10:00:00,2026-09-17T10:27:00,UP
MOV-000478,TRN-12029,SEC-RKMP-BPL,2026-09-17T15:45:00,2026-09-17T16:05:00,UP
MOV-000479,TRN-12045,SEC-RKMP-BPL,2026-09-17T00:30:00,2026-09-17T00:59:00,DOWN
MOV-000480,TRN-12024,SEC-RKMP-BPL,2026-09-17T19:15:00,2026-09-17T19:44:00,UP
MOV-000481,TRN-12002,SEC-RKMP-BPL,2026-09-17T12:00:00,2026-09-17T12:33:00,DOWN
MOV-000482,TRN-12023,SEC-RKMP-BPL,2026-09-17T11:30:00,2026-09-17T11:50:00,UP
MOV-000483,TRN-12026,SEC-RKMP-BPL,2026-09-17T06:45:00,2026-09-17T07:02:00,DOWN
MOV-000484,TRN-12021,SEC-RKMP-BPL,2026-09-17T13:00:00,2026-09-17T13:22:00,DOWN
MOV-000485,TRN-12017,SEC-RKMP-BPL,2026-09-17T03:30:00,2026-09-17T03:48:00,UP
MOV-000486,TRN-12028,SEC-RKMP-BPL,2026-09-17T13:30:00,2026-09-17T13:58:00,DOWN
MOV-000487,TRN-12004,SEC-RKMP-BPL,2026-09-17T08:00:00,2026-09-17T08:15:00,UP
MOV-000488,TRN-12036,SEC-RKMP-BPL,2026-09-17T21:45:00,2026-09-17T22:12:00,DOWN
MOV-000489,TRN-12011,SEC-RKMP-BPL,2026-09-17T20:45:00,2026-09-17T21:01:00,UP
MOV-000490,TRN-12050,SEC-RKMP-BPL,2026-09-17T11:45:00,2026-09-17T12:18:00,UP
MOV-000491,TRN-12004,SEC-RKMP-BPL,2026-09-17T08:00:00,2026-09-17T08:24:00,DOWN
MOV-000492,TRN-12028,SEC-RKMP-BPL,2026-09-17T04:15:00,2026-09-17T04:43:00,UP
MOV-000493,TRN-12013,SEC-RKMP-BPL,2026-09-17T21:00:00,2026-09-17T21:23:00,UP
MOV-000494,TRN-12007,SEC-RKMP-BPL,2026-09-17T10:30:00,2026-09-17T10:48:00,UP
MOV-000495,TRN-12009,SEC-RKMP-BPL,2026-09-17T15:45:00,2026-09-17T16:03:00,UP
MOV-000496,TRN-12021,SEC-RKMP-BPL,2026-09-17T08:00:00,2026-09-17T08:16:00,DOWN
MOV-000497,TRN-12022,SEC-RKMP-BPL,2026-09-17T08:15:00,2026-09-17T08:48:00,DOWN
MOV-000498,TRN-12026,SEC-RKMP-BPL,2026-09-17T04:45:00,2026-09-17T05:17:00,UP
MOV-000499,TRN-12056,SEC-RKMP-BPL,2026-09-17T16:00:00,2026-09-17T16:30:00,UP
MOV-000500,TRN-12004,SEC-RKMP-BPL,2026-09-17T02:15:00,2026-09-17T02:42:00,UP
MOV-000501,TRN-12008,SEC-RKMP-BPL,2026-09-17T04:45:00,2026-09-17T05:19:00,DOWN
MOV-000502,TRN-12007,SEC-RKMP-BPL,2026-09-17T19:30:00,2026-09-17T19:55:00,UP
MOV-000503,TRN-12060,SEC-RKMP-BPL,2026-09-17T10:00:00,2026-09-17T10:19:00,UP
MOV-000504,TRN-12004,SEC-RKMP-BPL,2026-09-17T07:15:00,2026-09-17T07:48:00,UP
MOV-000505,TRN-12035,SEC-RKMP-BPL,2026-09-17T21:45:00,2026-09-17T22:18:00,UP
MOV-000506,TRN-12049,SEC-RKMP-BPL,2026-09-17T23:15:00,2026-09-17T23:39:00,DOWN
MOV-000507,TRN-12030,SEC-RKMP-BPL,2026-09-17T06:45:00,2026-09-17T07:19:00,UP
MOV-000508,TRN-12049,SEC-RKMP-BPL,2026-09-17T09:45:00,2026-09-17T10:11:00,UP
MOV-000509,TRN-12008,SEC-RKMP-BPL,2026-09-17T15:15:00,2026-09-17T15:34:00,UP
MOV-000510,TRN-12059,SEC-RKMP-BPL,2026-09-17T02:45:00,2026-09-17T03:17:00,UP
MOV-000511,TRN-12036,SEC-RKMP-BPL,2026-09-17T13:15:00,2026-09-17T13:43:00,UP
MOV-000512,TRN-12027,SEC-RKMP-BPL,2026-09-17T10:45:00,2026-09-17T11:12:00,UP
MOV-000513,TRN-12056,SEC-RKMP-BPL,2026-09-17T19:45:00,2026-09-17T20:14:00,UP
MOV-000514,TRN-12047,SEC-RKMP-BPL,2026-09-17T07:15:00,2026-09-17T07:39:00,DOWN
MOV-000515,TRN-12035,SEC-RKMP-BPL,2026-09-17T09:15:00,2026-09-17T09:35:00,DOWN
MOV-000516,TRN-12022,SEC-RKMP-BPL,2026-09-17T13:15:00,2026-09-17T13:36:00,DOWN
MOV-000517,TRN-12021,SEC-RKMP-BPL,2026-09-17T01:15:00,2026-09-17T01:40:00,UP
MOV-000518,TRN-12019,SEC-RKMP-BPL,2026-09-17T03:30:00,2026-09-17T03:59:00,DOWN
MOV-000519,TRN-12024,SEC-RKMP-BPL,2026-09-17T20:00:00,2026-09-17T20:30:00,DOWN
MOV-000520,TRN-12046,SEC-RKMP-BPL,2026-09-17T18:30:00,2026-09-17T18:50:00,DOWN
MOV-000521,TRN-12050,SEC-RKMP-BPL,2026-09-17T23:45:00,2026-09-18T00:03:00,DOWN
MOV-000522,TRN-12007,SEC-RKMP-BPL,2026-09-17T16:45:00,2026-09-17T17:01:00,DOWN
MOV-000523,TRN-12057,SEC-RKMP-BPL,2026-09-17T20:15:00,2026-09-17T20:32:00,DOWN
MOV-000524,TRN-12056,SEC-RKMP-BPL,2026-09-17T13:45:00,2026-09-17T14:00:00,DOWN
MOV-000525,TRN-12057,SEC-RKMP-BPL,2026-09-18T16:45:00,2026-09-18T17:11:00,UP
MOV-000526,TRN-12002,SEC-RKMP-BPL,2026-09-18T08:30:00,2026-09-18T08:48:00,DOWN
MOV-000527,TRN-12015,SEC-RKMP-BPL,2026-09-18T11:00:00,2026-09-18T11:24:00,UP
MOV-000528,TRN-12001,SEC-RKMP-BPL,2026-09-18T13:45:00,2026-09-18T14:18:00,UP
MOV-000529,TRN-12053,SEC-RKMP-BPL,2026-09-18T21:45:00,2026-09-18T22:07:00,DOWN
MOV-000530,TRN-12034,SEC-RKMP-BPL,2026-09-18T01:15:00,2026-09-18T01:43:00,UP
MOV-000531,TRN-12027,SEC-RKMP-BPL,2026-09-18T18:00:00,2026-09-18T18:24:00,UP
MOV-000532,TRN-12033,SEC-RKMP-BPL,2026-09-18T05:45:00,2026-09-18T06:01:00,DOWN
MOV-000533,TRN-12048,SEC-RKMP-BPL,2026-09-18T20:45:00,2026-09-18T21:03:00,DOWN
MOV-000534,TRN-12036,SEC-RKMP-BPL,2026-09-18T23:45:00,2026-09-19T00:11:00,UP
MOV-000535,TRN-12008,SEC-RKMP-BPL,2026-09-18T02:15:00,2026-09-18T02:46:00,DOWN
MOV-000536,TRN-12029,SEC-RKMP-BPL,2026-09-18T05:30:00,2026-09-18T05:57:00,DOWN
MOV-000537,TRN-12044,SEC-RKMP-BPL,2026-09-18T14:45:00,2026-09-18T15:08:00,DOWN
MOV-000538,TRN-12023,SEC-RKMP-BPL,2026-09-18T03:15:00,2026-09-18T03:32:00,UP
MOV-000539,TRN-12053,SEC-RKMP-BPL,2026-09-18T19:00:00,2026-09-18T19:31:00,UP
MOV-000540,TRN-12018,SEC-RKMP-BPL,2026-09-18T16:15:00,2026-09-18T16:44:00,DOWN
MOV-000541,TRN-12004,SEC-RKMP-BPL,2026-09-18T00:45:00,2026-09-18T01:10:00,DOWN
MOV-000542,TRN-12028,SEC-RKMP-BPL,2026-09-18T10:30:00,2026-09-18T10:56:00,UP
MOV-000543,TRN-12038,SEC-RKMP-BPL,2026-09-18T16:00:00,2026-09-18T16:22:00,DOWN
MOV-000544,TRN-12038,SEC-RKMP-BPL,2026-09-18T03:00:00,2026-09-18T03:26:00,UP
MOV-000545,TRN-12058,SEC-RKMP-BPL,2026-09-18T12:45:00,2026-09-18T13:04:00,UP
MOV-000546,TRN-12009,SEC-RKMP-BPL,2026-09-18T13:00:00,2026-09-18T13:24:00,UP
MOV-000547,TRN-12012,SEC-RKMP-BPL,2026-09-18T02:30:00,2026-09-18T03:03:00,UP
MOV-000548,TRN-12025,SEC-RKMP-BPL,2026-09-18T05:45:00,2026-09-18T06:08:00,DOWN
MOV-000549,TRN-12015,SEC-RKMP-BPL,2026-09-18T01:30:00,2026-09-18T01:58:00,DOWN
MOV-000550,TRN-12053,SEC-RKMP-BPL,2026-09-18T21:30:00,2026-09-18T21:52:00,UP
MOV-000551,TRN-12009,SEC-RKMP-BPL,2026-09-18T10:15:00,2026-09-18T10:30:00,UP
MOV-000552,TRN-12033,SEC-RKMP-BPL,2026-09-18T08:45:00,2026-09-18T09:09:00,DOWN
MOV-000553,TRN-12040,SEC-RKMP-BPL,2026-09-18T00:00:00,2026-09-18T00:29:00,DOWN
MOV-000554,TRN-12019,SEC-RKMP-BPL,2026-09-18T12:45:00,2026-09-18T13:07:00,UP
MOV-000555,TRN-12019,SEC-RKMP-BPL,2026-09-18T22:45:00,2026-09-18T23:16:00,DOWN
MOV-000556,TRN-12008,SEC-RKMP-BPL,2026-09-18T06:00:00,2026-09-18T06:15:00,DOWN
MOV-000557,TRN-12057,SEC-RKMP-BPL,2026-09-18T03:30:00,2026-09-18T03:55:00,UP
MOV-000558,TRN-12055,SEC-RKMP-BPL,2026-09-18T20:30:00,2026-09-18T20:59:00,UP
MOV-000559,TRN-12048,SEC-RKMP-BPL,2026-09-18T10:45:00,2026-09-18T11:01:00,UP
MOV-000560,TRN-12059,SEC-RKMP-BPL,2026-09-18T06:15:00,2026-09-18T06:45:00,UP
MOV-000561,TRN-12031,SEC-RKMP-BPL,2026-09-18T06:00:00,2026-09-18T06:34:00,UP
MOV-000562,TRN-12006,SEC-RKMP-BPL,2026-09-18T16:45:00,2026-09-18T17:02:00,DOWN
MOV-000563,TRN-12033,SEC-RKMP-BPL,2026-09-18T19:00:00,2026-09-18T19:34:00,DOWN
MOV-000564,TRN-12051,SEC-RKMP-BPL,2026-09-18T08:45:00,2026-09-18T09:12:00,UP
MOV-000565,TRN-12056,SEC-RKMP-BPL,2026-09-18T19:15:00,2026-09-18T19:40:00,UP
MOV-000566,TRN-12033,SEC-RKMP-BPL,2026-09-18T23:45:00,2026-09-19T00:04:00,DOWN
MOV-000567,TRN-12027,SEC-RKMP-BPL,2026-09-18T16:45:00,2026-09-18T17:09:00,UP
MOV-000568,TRN-12028,SEC-RKMP-BPL,2026-09-18T20:15:00,2026-09-18T20:35:00,UP
MOV-000569,TRN-12012,SEC-RKMP-BPL,2026-09-18T09:00:00,2026-09-18T09:16:00,DOWN
MOV-000570,TRN-12005,SEC-RKMP-BPL,2026-09-18T13:45:00,2026-09-18T14:14:00,UP
MOV-000571,TRN-12012,SEC-RKMP-BPL,2026-09-18T22:45:00,2026-09-18T23:12:00,UP
MOV-000572,TRN-12003,SEC-RKMP-BPL,2026-09-18T07:00:00,2026-09-18T07:32:00,UP
MOV-000573,TRN-12017,SEC-RKMP-BPL,2026-09-18T23:45:00,2026-09-19T00:04:00,UP
MOV-000574,TRN-12031,SEC-RKMP-BPL,2026-09-18T15:45:00,2026-09-18T16:17:00,DOWN
MOV-000575,TRN-12015,SEC-RKMP-BPL,2026-09-19T13:00:00,2026-09-19T13:22:00,UP
MOV-000576,TRN-12056,SEC-RKMP-BPL,2026-09-19T01:00:00,2026-09-19T01:18:00,UP
MOV-000577,TRN-12035,SEC-RKMP-BPL,2026-09-19T08:45:00,2026-09-19T09:05:00,DOWN
MOV-000578,TRN-12040,SEC-RKMP-BPL,2026-09-19T15:45:00,2026-09-19T16:04:00,DOWN
MOV-000579,TRN-12049,SEC-RKMP-BPL,2026-09-19T20:30:00,2026-09-19T20:58:00,DOWN
MOV-000580,TRN-12038,SEC-RKMP-BPL,2026-09-19T22:00:00,2026-09-19T22:21:00,UP
MOV-000581,TRN-12006,SEC-RKMP-BPL,2026-09-19T11:00:00,2026-09-19T11:23:00,UP
MOV-000582,TRN-12038,SEC-RKMP-BPL,2026-09-19T22:45:00,2026-09-19T23:07:00,UP
MOV-000583,TRN-12047,SEC-RKMP-BPL,2026-09-19T02:30:00,2026-09-19T02:53:00,UP
MOV-000584,TRN-12037,SEC-RKMP-BPL,2026-09-19T07:00:00,2026-09-19T07:28:00,UP
MOV-000585,TRN-12041,SEC-RKMP-BPL,2026-09-19T03:15:00,2026-09-19T03:46:00,UP
MOV-000586,TRN-12047,SEC-RKMP-BPL,2026-09-19T17:45:00,2026-09-19T18:03:00,DOWN
MOV-000587,TRN-12057,SEC-RKMP-BPL,2026-09-19T18:00:00,2026-09-19T18:31:00,UP
MOV-000588,TRN-12036,SEC-RKMP-BPL,2026-09-19T11:30:00,2026-09-19T11:55:00,UP
MOV-000589,TRN-12031,SEC-RKMP-BPL,2026-09-19T22:15:00,2026-09-19T22:35:00,DOWN
MOV-000590,TRN-12006,SEC-RKMP-BPL,2026-09-19T11:30:00,2026-09-19T11:54:00,DOWN
MOV-000591,TRN-12026,SEC-RKMP-BPL,2026-09-19T23:00:00,2026-09-19T23:29:00,DOWN
MOV-000592,TRN-12015,SEC-RKMP-BPL,2026-09-19T05:30:00,2026-09-19T05:57:00,DOWN
MOV-000593,TRN-12004,SEC-RKMP-BPL,2026-09-19T14:45:00,2026-09-19T15:00:00,UP
MOV-000594,TRN-12030,SEC-RKMP-BPL,2026-09-19T21:15:00,2026-09-19T21:39:00,DOWN
MOV-000595,TRN-12004,SEC-RKMP-BPL,2026-09-19T19:45:00,2026-09-19T20:14:00,DOWN
MOV-000596,TRN-12045,SEC-RKMP-BPL,2026-09-19T18:45:00,2026-09-19T19:08:00,UP
MOV-000597,TRN-12039,SEC-RKMP-BPL,2026-09-19T04:45:00,2026-09-19T05:15:00,DOWN
MOV-000598,TRN-12019,SEC-RKMP-BPL,2026-09-19T08:15:00,2026-09-19T08:43:00,DOWN
MOV-000599,TRN-12041,SEC-RKMP-BPL,2026-09-19T22:45:00,2026-09-19T23:14:00,UP
MOV-000600,TRN-12036,SEC-RKMP-BPL,2026-09-19T10:30:00,2026-09-19T11:01:00,UP
MOV-000601,TRN-12031,SEC-RKMP-BPL,2026-09-19T01:30:00,2026-09-19T01:54:00,UP
MOV-000602,TRN-12032,SEC-RKMP-BPL,2026-09-19T05:30:00,2026-09-19T05:59:00,UP
MOV-000603,TRN-12008,SEC-RKMP-BPL,2026-09-19T09:00:00,2026-09-19T09:22:00,DOWN
MOV-000604,TRN-12007,SEC-RKMP-BPL,2026-09-19T17:00:00,2026-09-19T17:32:00,DOWN
MOV-000605,TRN-12017,SEC-RKMP-BPL,2026-09-19T13:00:00,2026-09-19T13:16:00,DOWN
MOV-000606,TRN-12049,SEC-RKMP-BPL,2026-09-19T03:15:00,2026-09-19T03:33:00,UP
MOV-000607,TRN-12018,SEC-RKMP-BPL,2026-09-19T07:30:00,2026-09-19T07:48:00,DOWN
MOV-000608,TRN-12044,SEC-RKMP-BPL,2026-09-19T18:00:00,2026-09-19T18:29:00,DOWN
MOV-000609,TRN-12011,SEC-RKMP-BPL,2026-09-19T18:15:00,2026-09-19T18:45:00,UP
MOV-000610,TRN-12049,SEC-RKMP-BPL,2026-09-19T03:15:00,2026-09-19T03:35:00,UP
MOV-000611,TRN-12019,SEC-RKMP-BPL,2026-09-19T09:00:00,2026-09-19T09:29:00,DOWN
MOV-000612,TRN-12050,SEC-RKMP-BPL,2026-09-19T16:00:00,2026-09-19T16:16:00,UP
MOV-000613,TRN-12029,SEC-RKMP-BPL,2026-09-19T05:45:00,2026-09-19T06:11:00,DOWN
MOV-000614,TRN-12007,SEC-RKMP-BPL,2026-09-19T19:00:00,2026-09-19T19:23:00,UP
MOV-000615,TRN-12050,SEC-RKMP-BPL,2026-09-19T06:00:00,2026-09-19T06:21:00,UP
MOV-000616,TRN-12011,SEC-RKMP-BPL,2026-09-19T04:00:00,2026-09-19T04:24:00,UP
MOV-000617,TRN-12024,SEC-RKMP-BPL,2026-09-19T17:00:00,2026-09-19T17:33:00,DOWN
MOV-000618,TRN-12011,SEC-RKMP-BPL,2026-09-19T07:00:00,2026-09-19T07:20:00,UP
MOV-000619,TRN-12008,SEC-RKMP-BPL,2026-09-19T00:15:00,2026-09-19T00:44:00,UP
MOV-000620,TRN-12052,SEC-RKMP-BPL,2026-09-19T08:45:00,2026-09-19T09:04:00,DOWN
MOV-000621,TRN-12046,SEC-RKMP-BPL,2026-09-19T01:45:00,2026-09-19T02:07:00,UP
MOV-000622,TRN-12038,SEC-RKMP-BPL,2026-09-19T15:00:00,2026-09-19T15:32:00,DOWN
MOV-000623,TRN-12060,SEC-RKMP-BPL,2026-09-19T11:30:00,2026-09-19T11:53:00,DOWN
MOV-000624,TRN-12050,SEC-RKMP-BPL,2026-09-19T21:30:00,2026-09-19T22:00:00,UP
MOV-000625,TRN-12046,SEC-RKMP-BPL,2026-09-20T01:30:00,2026-09-20T01:45:00,DOWN
MOV-000626,TRN-12029,SEC-RKMP-BPL,2026-09-20T11:15:00,2026-09-20T11:39:00,UP
MOV-000627,TRN-12028,SEC-RKMP-BPL,2026-09-20T13:45:00,2026-09-20T14:11:00,DOWN
MOV-000628,TRN-12051,SEC-RKMP-BPL,2026-09-20T23:00:00,2026-09-20T23:29:00,UP
MOV-000629,TRN-12012,SEC-RKMP-BPL,2026-09-20T19:00:00,2026-09-20T19:31:00,DOWN
MOV-000630,TRN-12060,SEC-RKMP-BPL,2026-09-20T16:45:00,2026-09-20T17:02:00,DOWN
MOV-000631,TRN-12010,SEC-RKMP-BPL,2026-09-20T07:00:00,2026-09-20T07:23:00,DOWN
MOV-000632,TRN-12017,SEC-RKMP-BPL,2026-09-20T19:30:00,2026-09-20T19:57:00,DOWN
MOV-000633,TRN-12026,SEC-RKMP-BPL,2026-09-20T08:45:00,2026-09-20T09:11:00,DOWN
MOV-000634,TRN-12018,SEC-RKMP-BPL,2026-09-20T05:00:00,2026-09-20T05:19:00,UP
MOV-000635,TRN-12045,SEC-RKMP-BPL,2026-09-20T01:30:00,2026-09-20T02:03:00,DOWN
MOV-000636,TRN-12025,SEC-RKMP-BPL,2026-09-20T01:45:00,2026-09-20T02:00:00,DOWN
MOV-000637,TRN-12041,SEC-RKMP-BPL,2026-09-20T04:30:00,2026-09-20T04:48:00,UP
MOV-000638,TRN-12049,SEC-RKMP-BPL,2026-09-20T23:15:00,2026-09-20T23:48:00,DOWN
MOV-000639,TRN-12047,SEC-RKMP-BPL,2026-09-20T03:15:00,2026-09-20T03:43:00,DOWN
MOV-000640,TRN-12049,SEC-RKMP-BPL,2026-09-20T10:00:00,2026-09-20T10:34:00,UP
MOV-000641,TRN-12021,SEC-RKMP-BPL,2026-09-20T23:30:00,2026-09-20T23:50:00,UP
MOV-000642,TRN-12026,SEC-RKMP-BPL,2026-09-20T23:15:00,2026-09-20T23:43:00,UP
MOV-000643,TRN-12047,SEC-RKMP-BPL,2026-09-20T18:30:00,2026-09-20T19:00:00,DOWN
MOV-000644,TRN-12023,SEC-RKMP-BPL,2026-09-20T17:45:00,2026-09-20T18:16:00,UP
MOV-000645,TRN-12041,SEC-RKMP-BPL,2026-09-20T00:30:00,2026-09-20T00:56:00,UP
MOV-000646,TRN-12060,SEC-RKMP-BPL,2026-09-20T21:00:00,2026-09-20T21:19:00,UP
MOV-000647,TRN-12054,SEC-RKMP-BPL,2026-09-20T12:30:00,2026-09-20T13:01:00,DOWN
MOV-000648,TRN-12006,SEC-RKMP-BPL,2026-09-20T03:15:00,2026-09-20T03:36:00,DOWN
MOV-000649,TRN-12010,SEC-RKMP-BPL,2026-09-20T08:00:00,2026-09-20T08:18:00,UP
MOV-000650,TRN-12012,SEC-RKMP-BPL,2026-09-20T13:15:00,2026-09-20T13:38:00,UP
MOV-000651,TRN-12045,SEC-RKMP-BPL,2026-09-20T20:30:00,2026-09-20T20:57:00,DOWN
MOV-000652,TRN-12042,SEC-RKMP-BPL,2026-09-20T03:45:00,2026-09-20T04:03:00,UP
MOV-000653,TRN-12040,SEC-RKMP-BPL,2026-09-20T09:00:00,2026-09-20T09:33:00,UP
MOV-000654,TRN-12015,SEC-RKMP-BPL,2026-09-20T23:30:00,2026-09-20T23:46:00,DOWN
MOV-000655,TRN-12059,SEC-RKMP-BPL,2026-09-20T02:15:00,2026-09-20T02:39:00,UP
MOV-000656,TRN-12013,SEC-RKMP-BPL,2026-09-20T04:00:00,2026-09-20T04:23:00,UP
MOV-000657,TRN-12015,SEC-RKMP-BPL,2026-09-20T06:00:00,2026-09-20T06:30:00,UP
MOV-000658,TRN-12055,SEC-RKMP-BPL,2026-09-20T12:45:00,2026-09-20T13:12:00,UP
MOV-000659,TRN-12037,SEC-RKMP-BPL,2026-09-20T06:00:00,2026-09-20T06:20:00,UP
MOV-000660,TRN-12009,SEC-RKMP-BPL,2026-09-20T00:45:00,2026-09-20T01:10:00,UP
MOV-000661,TRN-12056,SEC-RKMP-BPL,2026-09-20T05:15:00,2026-09-20T05:46:00,DOWN
MOV-000662,TRN-12024,SEC-RKMP-BPL,2026-09-20T06:00:00,2026-09-20T06:16:00,UP
MOV-000663,TRN-12048,SEC-RKMP-BPL,2026-09-20T15:15:00,2026-09-20T15:45:00,UP
MOV-000664,TRN-12013,SEC-RKMP-BPL,2026-09-20T09:45:00,2026-09-20T10:12:00,DOWN
MOV-000665,TRN-12015,SEC-RKMP-BPL,2026-09-20T20:00:00,2026-09-20T20:19:00,DOWN
MOV-000666,TRN-12004,SEC-RKMP-BPL,2026-09-20T20:45:00,2026-09-20T21:10:00,UP
MOV-000667,TRN-12006,SEC-RKMP-BPL,2026-09-20T14:30:00,2026-09-20T15:00:00,DOWN
MOV-000668,TRN-12008,SEC-RKMP-BPL,2026-09-20T02:45:00,2026-09-20T03:03:00,DOWN
MOV-000669,TRN-12007,SEC-RKMP-BPL,2026-09-20T17:45:00,2026-09-20T18:08:00,UP
MOV-000670,TRN-12053,SEC-RKMP-BPL,2026-09-20T04:30:00,2026-09-20T05:04:00,DOWN
MOV-000671,TRN-12003,SEC-RKMP-BPL,2026-09-20T19:00:00,2026-09-20T19:29:00,DOWN
MOV-000672,TRN-12018,SEC-RKMP-BPL,2026-09-20T10:00:00,2026-09-20T10:34:00,UP
MOV-000673,TRN-12019,SEC-RKMP-BPL,2026-09-20T12:30:00,2026-09-20T12:55:00,DOWN
MOV-000674,TRN-12035,SEC-RKMP-BPL,2026-09-20T20:15:00,2026-09-20T20:46:00,DOWN
MOV-000675,TRN-12058,SEC-RKMP-BPL,2026-09-20T21:45:00,2026-09-20T22:04:00,DOWN
MOV-000676,TRN-12045,SEC-RKMP-BPL,2026-09-20T06:30:00,2026-09-20T06:50:00,DOWN
MOV-000677,TRN-12048,SEC-RKMP-BPL,2026-09-20T04:15:00,2026-09-20T04:45:00,UP
MOV-000678,TRN-12058,SEC-RKMP-BPL,2026-09-20T00:30:00,2026-09-20T01:01:00,DOWN
MOV-000679,TRN-12010,SEC-RKMP-BPL,2026-09-20T23:15:00,2026-09-20T23:37:00,UP
MOV-000680,TRN-12039,SEC-RKMP-BPL,2026-09-20T15:15:00,2026-09-20T15:31:00,DOWN
MOV-000681,TRN-12006,SEC-RKMP-BPL,2026-09-21T14:15:00,2026-09-21T14:42:00,DOWN
MOV-000682,TRN-12006,SEC-RKMP-BPL,2026-09-21T06:30:00,2026-09-21T07:00:00,DOWN
MOV-000683,TRN-12023,SEC-RKMP-BPL,2026-09-21T14:45:00,2026-09-21T15:09:00,DOWN
MOV-000684,TRN-12047,SEC-RKMP-BPL,2026-09-21T07:00:00,2026-09-21T07:30:00,UP
MOV-000685,TRN-12021,SEC-RKMP-BPL,2026-09-21T05:30:00,2026-09-21T05:50:00,DOWN
MOV-000686,TRN-12057,SEC-RKMP-BPL,2026-09-21T19:45:00,2026-09-21T20:00:00,UP
MOV-000687,TRN-12014,SEC-RKMP-BPL,2026-09-21T22:30:00,2026-09-21T22:51:00,DOWN
MOV-000688,TRN-12037,SEC-RKMP-BPL,2026-09-21T11:15:00,2026-09-21T11:31:00,UP
MOV-000689,TRN-12021,SEC-RKMP-BPL,2026-09-21T19:45:00,2026-09-21T20:15:00,UP
MOV-000690,TRN-12051,SEC-RKMP-BPL,2026-09-21T09:15:00,2026-09-21T09:48:00,DOWN
MOV-000691,TRN-12004,SEC-RKMP-BPL,2026-09-21T08:30:00,2026-09-21T08:55:00,UP
MOV-000692,TRN-12032,SEC-RKMP-BPL,2026-09-21T20:00:00,2026-09-21T20:29:00,DOWN
MOV-000693,TRN-12054,SEC-RKMP-BPL,2026-09-21T07:00:00,2026-09-21T07:25:00,DOWN
MOV-000694,TRN-12025,SEC-RKMP-BPL,2026-09-21T18:45:00,2026-09-21T19:04:00,DOWN
MOV-000695,TRN-12014,SEC-RKMP-BPL,2026-09-21T09:00:00,2026-09-21T09:21:00,DOWN
MOV-000696,TRN-12027,SEC-RKMP-BPL,2026-09-21T17:00:00,2026-09-21T17:27:00,UP
MOV-000697,TRN-12045,SEC-RKMP-BPL,2026-09-21T22:30:00,2026-09-21T22:47:00,UP
MOV-000698,TRN-12008,SEC-RKMP-BPL,2026-09-21T10:00:00,2026-09-21T10:27:00,UP
MOV-000699,TRN-12013,SEC-RKMP-BPL,2026-09-21T00:45:00,2026-09-21T01:16:00,DOWN
MOV-000700,TRN-12004,SEC-RKMP-BPL,2026-09-21T08:45:00,2026-09-21T09:11:00,UP
MOV-000701,TRN-12009,SEC-RKMP-BPL,2026-09-21T06:45:00,2026-09-21T07:03:00,DOWN
MOV-000702,TRN-12041,SEC-RKMP-BPL,2026-09-21T22:45:00,2026-09-21T23:06:00,DOWN
MOV-000703,TRN-12011,SEC-RKMP-BPL,2026-09-21T06:00:00,2026-09-21T06:17:00,UP
MOV-000704,TRN-12012,SEC-RKMP-BPL,2026-09-21T02:15:00,2026-09-21T02:31:00,UP
MOV-000705,TRN-12060,SEC-RKMP-BPL,2026-09-21T02:00:00,2026-09-21T02:15:00,UP
MOV-000706,TRN-12032,SEC-RKMP-BPL,2026-09-21T19:30:00,2026-09-21T19:56:00,UP
MOV-000707,TRN-12047,SEC-RKMP-BPL,2026-09-21T00:30:00,2026-09-21T00:53:00,DOWN
MOV-000708,TRN-12019,SEC-RKMP-BPL,2026-09-21T15:15:00,2026-09-21T15:40:00,DOWN
MOV-000709,TRN-12043,SEC-RKMP-BPL,2026-09-21T09:15:00,2026-09-21T09:44:00,UP
MOV-000710,TRN-12011,SEC-RKMP-BPL,2026-09-21T11:00:00,2026-09-21T11:18:00,UP
MOV-000711,TRN-12048,SEC-RKMP-BPL,2026-09-21T18:15:00,2026-09-21T18:38:00,UP
MOV-000712,TRN-12046,SEC-RKMP-BPL,2026-09-21T05:45:00,2026-09-21T06:16:00,DOWN
MOV-000713,TRN-12020,SEC-RKMP-BPL,2026-09-21T22:30:00,2026-09-21T22:57:00,DOWN
MOV-000714,TRN-12053,SEC-RKMP-BPL,2026-09-21T01:45:00,2026-09-21T02:15:00,UP
MOV-000715,TRN-12019,SEC-RKMP-BPL,2026-09-21T18:00:00,2026-09-21T18:24:00,DOWN
MOV-000716,TRN-12040,SEC-RKMP-BPL,2026-09-21T21:00:00,2026-09-21T21:20:00,DOWN
MOV-000717,TRN-12035,SEC-RKMP-BPL,2026-09-21T05:15:00,2026-09-21T05:36:00,DOWN
MOV-000718,TRN-12018,SEC-RKMP-BPL,2026-09-21T14:15:00,2026-09-21T14:42:00,UP
MOV-000719,TRN-12038,SEC-RKMP-BPL,2026-09-21T22:00:00,2026-09-21T22:21:00,DOWN
MOV-000720,TRN-12038,SEC-RKMP-BPL,2026-09-21T16:30:00,2026-09-21T16:58:00,DOWN
MOV-000721,TRN-12005,SEC-RKMP-BPL,2026-09-21T18:15:00,2026-09-21T18:31:00,UP
MOV-000722,TRN-12027,SEC-RKMP-BPL,2026-09-21T02:45:00,2026-09-21T03:04:00,UP
MOV-000723,TRN-12027,SEC-RKMP-BPL,2026-09-21T19:30:00,2026-09-21T20:00:00,UP
MOV-000724,TRN-12051,SEC-RKMP-BPL,2026-09-21T19:15:00,2026-09-21T19:40:00,UP
MOV-000725,TRN-12046,SEC-RKMP-BPL,2026-09-21T23:15:00,2026-09-21T23:40:00,UP
MOV-000726,TRN-12005,SEC-RKMP-BPL,2026-09-21T14:30:00,2026-09-21T15:03:00,DOWN
MOV-000727,TRN-12030,SEC-RKMP-BPL,2026-09-21T23:30:00,2026-09-21T23:57:00,DOWN
MOV-000728,TRN-12060,SEC-RKMP-BPL,2026-09-21T17:00:00,2026-09-21T17:16:00,UP
MOV-000729,TRN-12031,SEC-RKMP-BPL,2026-09-21T16:15:00,2026-09-21T16:40:00,DOWN
MOV-000730,TRN-12021,SEC-RKMP-BPL,2026-09-21T11:30:00,2026-09-21T11:54:00,DOWN
MOV-000731,TRN-12058,SEC-RKMP-BPL,2026-09-21T12:15:00,2026-09-21T12:41:00,UP
MOV-000732,TRN-12026,SEC-RKMP-BPL,2026-09-21T05:00:00,2026-09-21T05:16:00,DOWN
MOV-000733,TRN-12001,SEC-RKMP-BPL,2026-09-21T15:15:00,2026-09-21T15:37:00,DOWN
MOV-000734,TRN-12045,SEC-RKMP-BPL,2026-09-22T17:00:00,2026-09-22T17:19:00,DOWN
MOV-000735,TRN-12059,SEC-RKMP-BPL,2026-09-22T03:00:00,2026-09-22T03:33:00,DOWN
MOV-000736,TRN-12011,SEC-RKMP-BPL,2026-09-22T09:30:00,2026-09-22T09:48:00,UP
MOV-000737,TRN-12024,SEC-RKMP-BPL,2026-09-22T15:15:00,2026-09-22T15:38:00,UP
MOV-000738,TRN-12046,SEC-RKMP-BPL,2026-09-22T03:00:00,2026-09-22T03:19:00,DOWN
MOV-000739,TRN-12057,SEC-RKMP-BPL,2026-09-22T12:00:00,2026-09-22T12:30:00,UP
MOV-000740,TRN-12051,SEC-RKMP-BPL,2026-09-22T08:45:00,2026-09-22T09:16:00,UP
MOV-000741,TRN-12044,SEC-RKMP-BPL,2026-09-22T06:15:00,2026-09-22T06:35:00,DOWN
MOV-000742,TRN-12016,SEC-RKMP-BPL,2026-09-22T15:30:00,2026-09-22T16:00:00,DOWN
MOV-000743,TRN-12001,SEC-RKMP-BPL,2026-09-22T23:00:00,2026-09-22T23:25:00,UP
MOV-000744,TRN-12039,SEC-RKMP-BPL,2026-09-22T17:45:00,2026-09-22T18:08:00,DOWN
MOV-000745,TRN-12020,SEC-RKMP-BPL,2026-09-22T04:15:00,2026-09-22T04:40:00,DOWN
MOV-000746,TRN-12050,SEC-RKMP-BPL,2026-09-22T05:15:00,2026-09-22T05:48:00,UP
MOV-000747,TRN-12015,SEC-RKMP-BPL,2026-09-22T23:15:00,2026-09-22T23:49:00,DOWN
MOV-000748,TRN-12055,SEC-RKMP-BPL,2026-09-22T13:45:00,2026-09-22T14:19:00,UP
MOV-000749,TRN-12003,SEC-RKMP-BPL,2026-09-22T07:30:00,2026-09-22T07:55:00,UP
MOV-000750,TRN-12034,SEC-RKMP-BPL,2026-09-22T04:30:00,2026-09-22T04:56:00,DOWN
MOV-000751,TRN-12025,SEC-RKMP-BPL,2026-09-22T09:30:00,2026-09-22T09:59:00,DOWN
MOV-000752,TRN-12021,SEC-RKMP-BPL,2026-09-22T10:15:00,2026-09-22T10:40:00,UP
MOV-000753,TRN-12026,SEC-RKMP-BPL,2026-09-22T04:30:00,2026-09-22T05:02:00,DOWN
MOV-000754,TRN-12027,SEC-RKMP-BPL,2026-09-22T01:00:00,2026-09-22T01:17:00,DOWN
MOV-000755,TRN-12060,SEC-RKMP-BPL,2026-09-22T13:00:00,2026-09-22T13:15:00,DOWN
MOV-000756,TRN-12019,SEC-RKMP-BPL,2026-09-22T02:00:00,2026-09-22T02:20:00,DOWN
MOV-000757,TRN-12054,SEC-RKMP-BPL,2026-09-22T06:30:00,2026-09-22T06:46:00,UP
MOV-000758,TRN-12004,SEC-RKMP-BPL,2026-09-22T22:30:00,2026-09-22T23:01:00,UP
MOV-000759,TRN-12002,SEC-RKMP-BPL,2026-09-22T20:00:00,2026-09-22T20:18:00,DOWN
MOV-000760,TRN-12037,SEC-RKMP-BPL,2026-09-22T05:15:00,2026-09-22T05:43:00,UP
MOV-000761,TRN-12023,SEC-RKMP-BPL,2026-09-22T01:15:00,2026-09-22T01:46:00,DOWN
MOV-000762,TRN-12054,SEC-RKMP-BPL,2026-09-22T03:00:00,2026-09-22T03:25:00,UP
MOV-000763,TRN-12036,SEC-RKMP-BPL,2026-09-22T21:15:00,2026-09-22T21:40:00,DOWN
MOV-000764,TRN-12010,SEC-RKMP-BPL,2026-09-22T21:00:00,2026-09-22T21:31:00,DOWN
MOV-000765,TRN-12009,SEC-RKMP-BPL,2026-09-22T17:00:00,2026-09-22T17:26:00,DOWN
MOV-000766,TRN-12058,SEC-RKMP-BPL,2026-09-22T20:15:00,2026-09-22T20:41:00,UP
MOV-000767,TRN-12056,SEC-RKMP-BPL,2026-09-22T11:45:00,2026-09-22T12:07:00,DOWN
MOV-000768,TRN-12014,SEC-RKMP-BPL,2026-09-22T17:00:00,2026-09-22T17:17:00,UP
MOV-000769,TRN-12029,SEC-RKMP-BPL,2026-09-22T17:15:00,2026-09-22T17:30:00,UP
MOV-000770,TRN-12027,SEC-RKMP-BPL,2026-09-22T13:30:00,2026-09-22T13:49:00,DOWN
MOV-000771,TRN-12038,SEC-RKMP-BPL,2026-09-22T18:30:00,2026-09-22T19:01:00,UP
MOV-000772,TRN-12043,SEC-RKMP-BPL,2026-09-22T01:00:00,2026-09-22T01:32:00,UP
MOV-000773,TRN-12038,SEC-RKMP-BPL,2026-09-22T14:30:00,2026-09-22T14:49:00,UP
MOV-000774,TRN-12003,SEC-RKMP-BPL,2026-09-22T20:00:00,2026-09-22T20:26:00,UP
MOV-000775,TRN-12010,SEC-RKMP-BPL,2026-09-22T09:00:00,2026-09-22T09:18:00,UP
MOV-000776,TRN-12050,SEC-RKMP-BPL,2026-09-22T13:45:00,2026-09-22T14:08:00,UP
MOV-000777,TRN-12037,SEC-RKMP-BPL,2026-09-22T22:30:00,2026-09-22T22:45:00,UP
MOV-000778,TRN-12056,SEC-RKMP-BPL,2026-09-22T12:45:00,2026-09-22T13:10:00,UP
MOV-000779,TRN-12053,SEC-RKMP-BPL,2026-09-22T18:30:00,2026-09-22T19:04:00,UP
MOV-000780,TRN-12055,SEC-RKMP-BPL,2026-09-22T05:45:00,2026-09-22T06:03:00,DOWN
MOV-000781,TRN-12048,SEC-RKMP-BPL,2026-09-22T01:00:00,2026-09-22T01:31:00,UP
MOV-000782,TRN-12037,SEC-RKMP-BPL,2026-09-22T22:30:00,2026-09-22T22:54:00,UP
MOV-000783,TRN-12039,SEC-RKMP-BPL,2026-09-22T13:30:00,2026-09-22T13:48:00,DOWN
MOV-000784,TRN-12045,SEC-RKMP-BPL,2026-09-22T17:00:00,2026-09-22T17:29:00,DOWN
MOV-000785,TRN-12012,SEC-RKMP-BPL,2026-09-22T20:30:00,2026-09-22T20:54:00,DOWN
MOV-000786,TRN-12031,SEC-RKMP-BPL,2026-09-22T13:15:00,2026-09-22T13:48:00,DOWN
MOV-000787,TRN-12008,SEC-RKMP-BPL,2026-09-22T17:00:00,2026-09-22T17:22:00,DOWN
MOV-000788,TRN-12011,SEC-RKMP-BPL,2026-09-22T09:00:00,2026-09-22T09:29:00,UP
MOV-000789,TRN-12036,SEC-RKMP-BPL,2026-09-22T22:30:00,2026-09-22T22:59:00,UP
MOV-000790,TRN-12013,SEC-RKMP-BPL,2026-09-22T22:45:00,2026-09-22T23:13:00,UP
MOV-000791,TRN-12012,SEC-RKMP-BPL,2026-09-22T20:45:00,2026-09-22T21:04:00,DOWN
MOV-000792,TRN-12029,SEC-RKMP-BPL,2026-09-23T22:00:00,2026-09-23T22:20:00,UP
MOV-000793,TRN-12042,SEC-RKMP-BPL,2026-09-23T15:45:00,2026-09-23T16:10:00,UP
MOV-000794,TRN-12028,SEC-RKMP-BPL,2026-09-23T02:30:00,2026-09-23T02:58:00,DOWN
MOV-000795,TRN-12021,SEC-RKMP-BPL,2026-09-23T07:00:00,2026-09-23T07:23:00,UP
MOV-000796,TRN-12046,SEC-RKMP-BPL,2026-09-23T18:00:00,2026-09-23T18:20:00,DOWN
MOV-000797,TRN-12021,SEC-RKMP-BPL,2026-09-23T00:45:00,2026-09-23T01:14:00,DOWN
MOV-000798,TRN-12020,SEC-RKMP-BPL,2026-09-23T20:00:00,2026-09-23T20:23:00,DOWN
MOV-000799,TRN-12058,SEC-RKMP-BPL,2026-09-23T06:30:00,2026-09-23T06:48:00,UP
MOV-000800,TRN-12022,SEC-RKMP-BPL,2026-09-23T21:30:00,2026-09-23T21:54:00,UP
MOV-000801,TRN-12009,SEC-RKMP-BPL,2026-09-23T06:00:00,2026-09-23T06:18:00,DOWN
MOV-000802,TRN-12008,SEC-RKMP-BPL,2026-09-23T01:30:00,2026-09-23T01:50:00,UP
MOV-000803,TRN-12009,SEC-RKMP-BPL,2026-09-23T05:15:00,2026-09-23T05:43:00,UP
MOV-000804,TRN-12033,SEC-RKMP-BPL,2026-09-23T12:15:00,2026-09-23T12:35:00,UP
MOV-000805,TRN-12002,SEC-RKMP-BPL,2026-09-23T16:30:00,2026-09-23T16:51:00,UP
MOV-000806,TRN-12020,SEC-RKMP-BPL,2026-09-23T15:45:00,2026-09-23T16:02:00,UP
MOV-000807,TRN-12001,SEC-RKMP-BPL,2026-09-23T10:00:00,2026-09-23T10:21:00,UP
MOV-000808,TRN-12020,SEC-RKMP-BPL,2026-09-23T09:45:00,2026-09-23T10:16:00,UP
MOV-000809,TRN-12023,SEC-RKMP-BPL,2026-09-23T20:30:00,2026-09-23T20:49:00,DOWN
MOV-000810,TRN-12009,SEC-RKMP-BPL,2026-09-23T00:30:00,2026-09-23T00:55:00,DOWN
MOV-000811,TRN-12021,SEC-RKMP-BPL,2026-09-23T20:15:00,2026-09-23T20:44:00,UP
MOV-000812,TRN-12006,SEC-RKMP-BPL,2026-09-23T18:45:00,2026-09-23T19:18:00,UP
MOV-000813,TRN-12002,SEC-RKMP-BPL,2026-09-23T23:30:00,2026-09-23T23:49:00,DOWN
MOV-000814,TRN-12055,SEC-RKMP-BPL,2026-09-23T06:45:00,2026-09-23T07:15:00,DOWN
MOV-000815,TRN-12038,SEC-RKMP-BPL,2026-09-23T06:45:00,2026-09-23T07:19:00,DOWN
MOV-000816,TRN-12045,SEC-RKMP-BPL,2026-09-23T01:15:00,2026-09-23T01:38:00,DOWN
MOV-000817,TRN-12033,SEC-RKMP-BPL,2026-09-23T12:00:00,2026-09-23T12:30:00,UP
MOV-000818,TRN-12006,SEC-RKMP-BPL,2026-09-23T23:00:00,2026-09-23T23:15:00,UP
MOV-000819,TRN-12028,SEC-RKMP-BPL,2026-09-23T02:45:00,2026-09-23T03:10:00,UP
MOV-000820,TRN-12001,SEC-RKMP-BPL,2026-09-23T11:00:00,2026-09-23T11:34:00,UP
MOV-000821,TRN-12029,SEC-RKMP-BPL,2026-09-23T00:00:00,2026-09-23T00:19:00,UP
MOV-000822,TRN-12044,SEC-RKMP-BPL,2026-09-23T22:45:00,2026-09-23T23:05:00,DOWN
MOV-000823,TRN-12031,SEC-RKMP-BPL,2026-09-23T01:00:00,2026-09-23T01:25:00,UP
MOV-000824,TRN-12001,SEC-RKMP-BPL,2026-09-23T22:30:00,2026-09-23T22:55:00,DOWN
MOV-000825,TRN-12059,SEC-RKMP-BPL,2026-09-23T23:15:00,2026-09-23T23:47:00,DOWN
MOV-000826,TRN-12044,SEC-RKMP-BPL,2026-09-23T20:00:00,2026-09-23T20:23:00,UP
MOV-000827,TRN-12017,SEC-RKMP-BPL,2026-09-23T09:45:00,2026-09-23T10:17:00,UP
MOV-000828,TRN-12020,SEC-RKMP-BPL,2026-09-23T12:45:00,2026-09-23T13:19:00,UP
MOV-000829,TRN-12012,SEC-RKMP-BPL,2026-09-23T16:15:00,2026-09-23T16:33:00,UP
MOV-000830,TRN-12025,SEC-RKMP-BPL,2026-09-23T09:30:00,2026-09-23T09:49:00,DOWN
MOV-000831,TRN-12041,SEC-RKMP-BPL,2026-09-23T11:00:00,2026-09-23T11:25:00,DOWN
MOV-000832,TRN-12023,SEC-RKMP-BPL,2026-09-23T06:30:00,2026-09-23T06:52:00,UP
MOV-000833,TRN-12021,SEC-RKMP-BPL,2026-09-23T07:30:00,2026-09-23T07:54:00,UP
MOV-000834,TRN-12040,SEC-RKMP-BPL,2026-09-23T08:00:00,2026-09-23T08:32:00,UP
MOV-000835,TRN-12035,SEC-RKMP-BPL,2026-09-23T06:00:00,2026-09-23T06:15:00,DOWN
MOV-000836,TRN-12026,SEC-RKMP-BPL,2026-09-23T08:30:00,2026-09-23T08:45:00,DOWN
MOV-000837,TRN-12030,SEC-RKMP-BPL,2026-09-23T13:00:00,2026-09-23T13:34:00,UP
MOV-000838,TRN-12041,SEC-RKMP-BPL,2026-09-23T17:15:00,2026-09-23T17:32:00,UP
MOV-000839,TRN-12049,SEC-RKMP-BPL,2026-09-23T21:45:00,2026-09-23T22:04:00,DOWN
MOV-000840,TRN-12010,SEC-RKMP-BPL,2026-09-23T17:15:00,2026-09-23T17:44:00,DOWN
MOV-000841,TRN-12060,SEC-RKMP-BPL,2026-09-23T11:15:00,2026-09-23T11:40:00,UP
MOV-000842,TRN-12007,SEC-RKMP-BPL,2026-09-23T12:45:00,2026-09-23T13:10:00,DOWN
MOV-000843,TRN-12011,SEC-RKMP-BPL,2026-09-23T10:30:00,2026-09-23T10:51:00,UP
MOV-000844,TRN-12005,SEC-RKMP-BPL,2026-09-23T22:30:00,2026-09-23T22:50:00,UP
MOV-000845,TRN-12003,SEC-RKMP-BPL,2026-09-23T22:00:00,2026-09-23T22:30:00,UP
MOV-000846,TRN-12021,SEC-RKMP-BPL,2026-09-23T06:45:00,2026-09-23T07:00:00,UP
MOV-000847,TRN-12017,SEC-RKMP-BPL,2026-09-23T06:00:00,2026-09-23T06:33:00,UP
MOV-000848,TRN-12026,SEC-RKMP-BPL,2026-09-23T09:45:00,2026-09-23T10:06:00,UP
MOV-000849,TRN-12020,SEC-RKMP-BPL,2026-09-23T07:00:00,2026-09-23T07:27:00,UP
MOV-000850,TRN-12014,SEC-RKMP-BPL,2026-09-23T04:15:00,2026-09-23T04:45:00,DOWN
MOV-000851,TRN-12022,SEC-RKMP-BPL,2026-09-24T22:00:00,2026-09-24T22:25:00,DOWN
MOV-000852,TRN-12032,SEC-RKMP-BPL,2026-09-24T22:15:00,2026-09-24T22:30:00,DOWN
MOV-000853,TRN-12005,SEC-RKMP-BPL,2026-09-24T18:30:00,2026-09-24T19:01:00,UP
MOV-000854,TRN-12054,SEC-RKMP-BPL,2026-09-24T04:15:00,2026-09-24T04:32:00,DOWN
MOV-000855,TRN-12043,SEC-RKMP-BPL,2026-09-24T19:45:00,2026-09-24T20:06:00,UP
MOV-000856,TRN-12056,SEC-RKMP-BPL,2026-09-24T11:00:00,2026-09-24T11:33:00,DOWN
MOV-000857,TRN-12027,SEC-RKMP-BPL,2026-09-24T18:00:00,2026-09-24T18:16:00,UP
MOV-000858,TRN-12040,SEC-RKMP-BPL,2026-09-24T03:00:00,2026-09-24T03:28:00,DOWN
MOV-000859,TRN-12045,SEC-RKMP-BPL,2026-09-24T19:45:00,2026-09-24T20:12:00,DOWN
MOV-000860,TRN-12052,SEC-RKMP-BPL,2026-09-24T08:00:00,2026-09-24T08:30:00,UP
MOV-000861,TRN-12059,SEC-RKMP-BPL,2026-09-24T09:45:00,2026-09-24T10:00:00,DOWN
MOV-000862,TRN-12027,SEC-RKMP-BPL,2026-09-24T11:15:00,2026-09-24T11:49:00,UP
MOV-000863,TRN-12052,SEC-RKMP-BPL,2026-09-24T10:00:00,2026-09-24T10:32:00,UP
MOV-000864,TRN-12017,SEC-RKMP-BPL,2026-09-24T20:45:00,2026-09-24T21:18:00,UP
MOV-000865,TRN-12046,SEC-RKMP-BPL,2026-09-24T07:30:00,2026-09-24T07:55:00,UP
MOV-000866,TRN-12026,SEC-RKMP-BPL,2026-09-24T11:15:00,2026-09-24T11:37:00,DOWN
MOV-000867,TRN-12003,SEC-RKMP-BPL,2026-09-24T03:45:00,2026-09-24T04:07:00,DOWN
MOV-000868,TRN-12034,SEC-RKMP-BPL,2026-09-24T13:15:00,2026-09-24T13:39:00,DOWN
MOV-000869,TRN-12058,SEC-RKMP-BPL,2026-09-24T06:30:00,2026-09-24T07:04:00,UP
MOV-000870,TRN-12048,SEC-RKMP-BPL,2026-09-24T11:45:00,2026-09-24T12:11:00,DOWN
MOV-000871,TRN-12010,SEC-RKMP-BPL,2026-09-24T03:45:00,2026-09-24T04:10:00,DOWN
MOV-000872,TRN-12011,SEC-RKMP-BPL,2026-09-24T05:45:00,2026-09-24T06:06:00,DOWN
MOV-000873,TRN-12019,SEC-RKMP-BPL,2026-09-24T06:00:00,2026-09-24T06:33:00,DOWN
MOV-000874,TRN-12007,SEC-RKMP-BPL,2026-09-24T08:30:00,2026-09-24T08:52:00,DOWN
MOV-000875,TRN-12016,SEC-RKMP-BPL,2026-09-24T01:15:00,2026-09-24T01:41:00,UP
MOV-000876,TRN-12049,SEC-RKMP-BPL,2026-09-24T00:00:00,2026-09-24T00:25:00,DOWN
MOV-000877,TRN-12018,SEC-RKMP-BPL,2026-09-24T06:00:00,2026-09-24T06:28:00,UP
MOV-000878,TRN-12008,SEC-RKMP-BPL,2026-09-24T09:45:00,2026-09-24T10:05:00,DOWN
MOV-000879,TRN-12016,SEC-RKMP-BPL,2026-09-24T04:15:00,2026-09-24T04:36:00,UP
MOV-000880,TRN-12036,SEC-RKMP-BPL,2026-09-24T08:30:00,2026-09-24T08:54:00,UP
MOV-000881,TRN-12029,SEC-RKMP-BPL,2026-09-24T03:30:00,2026-09-24T03:47:00,DOWN
MOV-000882,TRN-12060,SEC-RKMP-BPL,2026-09-24T18:15:00,2026-09-24T18:36:00,DOWN
MOV-000883,TRN-12016,SEC-RKMP-BPL,2026-09-24T11:45:00,2026-09-24T12:18:00,DOWN
MOV-000884,TRN-12006,SEC-RKMP-BPL,2026-09-24T21:00:00,2026-09-24T21:26:00,DOWN
MOV-000885,TRN-12040,SEC-RKMP-BPL,2026-09-24T22:15:00,2026-09-24T22:36:00,UP
MOV-000886,TRN-12022,SEC-RKMP-BPL,2026-09-24T16:15:00,2026-09-24T16:44:00,UP
MOV-000887,TRN-12019,SEC-RKMP-BPL,2026-09-24T04:30:00,2026-09-24T05:02:00,DOWN
MOV-000888,TRN-12016,SEC-RKMP-BPL,2026-09-24T11:30:00,2026-09-24T11:57:00,UP
MOV-000889,TRN-12036,SEC-RKMP-BPL,2026-09-24T00:00:00,2026-09-24T00:28:00,UP
MOV-000890,TRN-12021,SEC-RKMP-BPL,2026-09-24T14:30:00,2026-09-24T14:53:00,UP
MOV-000891,TRN-12048,SEC-RKMP-BPL,2026-09-24T22:45:00,2026-09-24T23:14:00,UP
MOV-000892,TRN-12053,SEC-RKMP-BPL,2026-09-24T11:00:00,2026-09-24T11:32:00,UP
MOV-000893,TRN-12057,SEC-RKMP-BPL,2026-09-24T08:45:00,2026-09-24T09:10:00,UP
MOV-000894,TRN-12018,SEC-RKMP-BPL,2026-09-24T20:00:00,2026-09-24T20:24:00,UP
MOV-000895,TRN-12033,SEC-RKMP-BPL,2026-09-24T06:30:00,2026-09-24T06:52:00,UP
MOV-000896,TRN-12012,SEC-RKMP-BPL,2026-09-24T16:15:00,2026-09-24T16:36:00,DOWN
MOV-000897,TRN-12020,SEC-RKMP-BPL,2026-09-24T09:00:00,2026-09-24T09:21:00,DOWN
MOV-000898,TRN-12033,SEC-RKMP-BPL,2026-09-24T23:45:00,2026-09-25T00:00:00,UP
MOV-000899,TRN-12018,SEC-RKMP-BPL,2026-09-24T14:15:00,2026-09-24T14:49:00,UP
MOV-000900,TRN-12032,SEC-RKMP-BPL,2026-09-24T02:45:00,2026-09-24T03:18:00,DOWN
MOV-000901,TRN-12022,SEC-RKMP-BPL,2026-09-24T01:30:00,2026-09-24T01:53:00,DOWN
MOV-000902,TRN-12042,SEC-RKMP-BPL,2026-09-24T12:45:00,2026-09-24T13:16:00,UP
MOV-000903,TRN-12002,SEC-RKMP-BPL,2026-09-24T02:15:00,2026-09-24T02:41:00,UP
MOV-000904,TRN-12008,SEC-RKMP-BPL,2026-09-24T16:45:00,2026-09-24T17:00:00,DOWN
MOV-000905,TRN-12005,SEC-RKMP-BPL,2026-09-24T17:45:00,2026-09-24T18:17:00,DOWN
MOV-000906,TRN-12038,SEC-RKMP-BPL,2026-09-24T22:30:00,2026-09-24T22:53:00,DOWN
MOV-000907,TRN-12036,SEC-RKMP-BPL,2026-09-24T20:30:00,2026-09-24T21:02:00,UP
MOV-000908,TRN-12003,SEC-RKMP-BPL,2026-09-24T02:30:00,2026-09-24T02:59:00,UP
MOV-000909,TRN-12010,SEC-RKMP-BPL,2026-09-24T20:45:00,2026-09-24T21:12:00,UP
MOV-000910,TRN-12026,SEC-RKMP-BPL,2026-09-24T00:00:00,2026-09-24T00:32:00,UP
MOV-000911,TRN-12043,SEC-RKMP-BPL,2026-09-24T16:15:00,2026-09-24T16:34:00,DOWN
MOV-000912,TRN-12006,SEC-RKMP-BPL,2026-09-24T11:45:00,2026-09-24T12:14:00,DOWN
MOV-000913,TRN-12005,SEC-RKMP-BPL,2026-09-24T04:15:00,2026-09-24T04:35:00,UP
MOV-000914,TRN-12059,SEC-RKMP-BPL,2026-09-24T03:30:00,2026-09-24T03:56:00,DOWN
MOV-000915,TRN-12019,SEC-RKMP-BPL,2026-09-25T14:15:00,2026-09-25T14:43:00,UP
MOV-000916,TRN-12005,SEC-RKMP-BPL,2026-09-25T17:30:00,2026-09-25T17:45:00,DOWN
MOV-000917,TRN-12001,SEC-RKMP-BPL,2026-09-25T22:30:00,2026-09-25T23:04:00,DOWN
MOV-000918,TRN-12019,SEC-RKMP-BPL,2026-09-25T18:00:00,2026-09-25T18:24:00,UP
MOV-000919,TRN-12030,SEC-RKMP-BPL,2026-09-25T20:15:00,2026-09-25T20:31:00,UP
MOV-000920,TRN-12048,SEC-RKMP-BPL,2026-09-25T12:30:00,2026-09-25T12:53:00,UP
MOV-000921,TRN-12036,SEC-RKMP-BPL,2026-09-25T15:45:00,2026-09-25T16:12:00,DOWN
MOV-000922,TRN-12050,SEC-RKMP-BPL,2026-09-25T01:15:00,2026-09-25T01:37:00,UP
MOV-000923,TRN-12011,SEC-RKMP-BPL,2026-09-25T18:15:00,2026-09-25T18:32:00,UP
MOV-000924,TRN-12017,SEC-RKMP-BPL,2026-09-25T04:00:00,2026-09-25T04:30:00,DOWN
MOV-000925,TRN-12030,SEC-RKMP-BPL,2026-09-25T14:45:00,2026-09-25T15:16:00,UP
MOV-000926,TRN-12058,SEC-RKMP-BPL,2026-09-25T01:00:00,2026-09-25T01:23:00,DOWN
MOV-000927,TRN-12005,SEC-RKMP-BPL,2026-09-25T07:15:00,2026-09-25T07:37:00,DOWN
MOV-000928,TRN-12020,SEC-RKMP-BPL,2026-09-25T05:00:00,2026-09-25T05:18:00,UP
MOV-000929,TRN-12035,SEC-RKMP-BPL,2026-09-25T10:15:00,2026-09-25T10:46:00,DOWN
MOV-000930,TRN-12010,SEC-RKMP-BPL,2026-09-25T09:15:00,2026-09-25T09:46:00,UP
MOV-000931,TRN-12009,SEC-RKMP-BPL,2026-09-25T17:15:00,2026-09-25T17:31:00,DOWN
MOV-000932,TRN-12013,SEC-RKMP-BPL,2026-09-25T20:45:00,2026-09-25T21:07:00,DOWN
MOV-000933,TRN-12035,SEC-RKMP-BPL,2026-09-25T15:00:00,2026-09-25T15:21:00,UP
MOV-000934,TRN-12042,SEC-RKMP-BPL,2026-09-25T01:30:00,2026-09-25T01:59:00,DOWN
MOV-000935,TRN-12018,SEC-RKMP-BPL,2026-09-25T00:30:00,2026-09-25T00:45:00,UP
MOV-000936,TRN-12060,SEC-RKMP-BPL,2026-09-25T20:30:00,2026-09-25T21:01:00,UP
MOV-000937,TRN-12006,SEC-RKMP-BPL,2026-09-25T07:00:00,2026-09-25T07:32:00,UP
MOV-000938,TRN-12033,SEC-RKMP-BPL,2026-09-25T20:30:00,2026-09-25T20:49:00,UP
MOV-000939,TRN-12033,SEC-RKMP-BPL,2026-09-25T18:15:00,2026-09-25T18:35:00,DOWN
MOV-000940,TRN-12054,SEC-RKMP-BPL,2026-09-25T11:00:00,2026-09-25T11:25:00,DOWN
MOV-000941,TRN-12060,SEC-RKMP-BPL,2026-09-25T09:00:00,2026-09-25T09:26:00,DOWN
MOV-000942,TRN-12057,SEC-RKMP-BPL,2026-09-25T01:15:00,2026-09-25T01:39:00,UP
MOV-000943,TRN-12054,SEC-RKMP-BPL,2026-09-25T02:30:00,2026-09-25T03:03:00,DOWN
MOV-000944,TRN-12046,SEC-RKMP-BPL,2026-09-25T06:45:00,2026-09-25T07:08:00,UP
MOV-000945,TRN-12022,SEC-RKMP-BPL,2026-09-25T08:30:00,2026-09-25T08:50:00,UP
MOV-000946,TRN-12026,SEC-RKMP-BPL,2026-09-25T07:30:00,2026-09-25T07:51:00,DOWN
MOV-000947,TRN-12016,SEC-RKMP-BPL,2026-09-25T20:15:00,2026-09-25T20:30:00,UP
MOV-000948,TRN-12049,SEC-RKMP-BPL,2026-09-25T20:00:00,2026-09-25T20:27:00,DOWN
MOV-000949,TRN-12009,SEC-RKMP-BPL,2026-09-25T10:30:00,2026-09-25T11:04:00,DOWN
MOV-000950,TRN-12006,SEC-RKMP-BPL,2026-09-25T05:15:00,2026-09-25T05:33:00,DOWN
MOV-000951,TRN-12001,SEC-RKMP-BPL,2026-09-25T02:00:00,2026-09-25T02:20:00,DOWN
MOV-000952,TRN-12011,SEC-RKMP-BPL,2026-09-25T23:15:00,2026-09-25T23:30:00,UP
MOV-000953,TRN-12045,SEC-RKMP-BPL,2026-09-25T02:00:00,2026-09-25T02:31:00,DOWN
MOV-000954,TRN-12021,SEC-RKMP-BPL,2026-09-25T18:45:00,2026-09-25T19:07:00,DOWN
MOV-000955,TRN-12001,SEC-RKMP-BPL,2026-09-25T07:30:00,2026-09-25T07:48:00,DOWN
MOV-000956,TRN-12059,SEC-RKMP-BPL,2026-09-25T06:15:00,2026-09-25T06:33:00,DOWN
MOV-000957,TRN-12008,SEC-RKMP-BPL,2026-09-25T09:30:00,2026-09-25T09:57:00,DOWN
MOV-000958,TRN-12014,SEC-RKMP-BPL,2026-09-25T19:30:00,2026-09-25T20:00:00,UP
MOV-000959,TRN-12054,SEC-RKMP-BPL,2026-09-25T09:45:00,2026-09-25T10:04:00,UP
MOV-000960,TRN-12032,SEC-RKMP-BPL,2026-09-25T13:30:00,2026-09-25T13:50:00,DOWN
MOV-000961,TRN-12020,SEC-RKMP-BPL,2026-09-25T12:45:00,2026-09-25T13:10:00,DOWN
MOV-000962,TRN-12055,SEC-RKMP-BPL,2026-09-25T23:15:00,2026-09-25T23:38:00,UP
MOV-000963,TRN-12033,SEC-RKMP-BPL,2026-09-25T22:15:00,2026-09-25T22:36:00,UP
MOV-000964,TRN-12024,SEC-RKMP-BPL,2026-09-25T05:45:00,2026-09-25T06:10:00,UP
MOV-000965,TRN-12005,SEC-RKMP-BPL,2026-09-25T20:45:00,2026-09-25T21:15:00,UP
MOV-000966,TRN-12006,SEC-RKMP-BPL,2026-09-25T04:45:00,2026-09-25T05:15:00,DOWN
MOV-000967,TRN-12006,SEC-RKMP-BPL,2026-09-25T03:45:00,2026-09-25T04:18:00,DOWN
MOV-000968,TRN-12005,SEC-RKMP-BPL,2026-09-26T01:30:00,2026-09-26T02:01:00,DOWN
MOV-000969,TRN-12016,SEC-RKMP-BPL,2026-09-26T18:00:00,2026-09-26T18:31:00,DOWN
MOV-000970,TRN-12044,SEC-RKMP-BPL,2026-09-26T21:30:00,2026-09-26T21:54:00,UP
MOV-000971,TRN-12056,SEC-RKMP-BPL,2026-09-26T16:00:00,2026-09-26T16:34:00,UP
MOV-000972,TRN-12036,SEC-RKMP-BPL,2026-09-26T04:30:00,2026-09-26T04:53:00,UP
MOV-000973,TRN-12041,SEC-RKMP-BPL,2026-09-26T18:15:00,2026-09-26T18:49:00,UP
MOV-000974,TRN-12010,SEC-RKMP-BPL,2026-09-26T00:00:00,2026-09-26T00:28:00,DOWN
MOV-000975,TRN-12021,SEC-RKMP-BPL,2026-09-26T11:45:00,2026-09-26T12:11:00,UP
MOV-000976,TRN-12003,SEC-RKMP-BPL,2026-09-26T11:15:00,2026-09-26T11:47:00,DOWN
MOV-000977,TRN-12046,SEC-RKMP-BPL,2026-09-26T14:15:00,2026-09-26T14:43:00,DOWN
MOV-000978,TRN-12044,SEC-RKMP-BPL,2026-09-26T04:30:00,2026-09-26T04:50:00,DOWN
MOV-000979,TRN-12048,SEC-RKMP-BPL,2026-09-26T14:45:00,2026-09-26T15:10:00,UP
MOV-000980,TRN-12037,SEC-RKMP-BPL,2026-09-26T18:00:00,2026-09-26T18:17:00,UP
MOV-000981,TRN-12051,SEC-RKMP-BPL,2026-09-26T12:45:00,2026-09-26T13:17:00,DOWN
MOV-000982,TRN-12041,SEC-RKMP-BPL,2026-09-26T07:00:00,2026-09-26T07:22:00,DOWN
MOV-000983,TRN-12011,SEC-RKMP-BPL,2026-09-26T05:00:00,2026-09-26T05:29:00,DOWN
MOV-000984,TRN-12050,SEC-RKMP-BPL,2026-09-26T09:30:00,2026-09-26T10:04:00,DOWN
MOV-000985,TRN-12018,SEC-RKMP-BPL,2026-09-26T08:30:00,2026-09-26T08:53:00,DOWN
MOV-000986,TRN-12052,SEC-RKMP-BPL,2026-09-26T00:30:00,2026-09-26T00:52:00,DOWN
MOV-000987,TRN-12016,SEC-RKMP-BPL,2026-09-26T08:15:00,2026-09-26T08:31:00,DOWN
MOV-000988,TRN-12009,SEC-RKMP-BPL,2026-09-26T09:00:00,2026-09-26T09:18:00,UP
MOV-000989,TRN-12056,SEC-RKMP-BPL,2026-09-26T22:15:00,2026-09-26T22:40:00,DOWN
MOV-000990,TRN-12015,SEC-RKMP-BPL,2026-09-26T22:00:00,2026-09-26T22:19:00,UP
MOV-000991,TRN-12003,SEC-RKMP-BPL,2026-09-26T19:45:00,2026-09-26T20:07:00,DOWN
MOV-000992,TRN-12047,SEC-RKMP-BPL,2026-09-26T19:45:00,2026-09-26T20:11:00,UP
MOV-000993,TRN-12056,SEC-RKMP-BPL,2026-09-26T14:45:00,2026-09-26T15:19:00,UP
MOV-000994,TRN-12025,SEC-RKMP-BPL,2026-09-26T04:00:00,2026-09-26T04:34:00,DOWN
MOV-000995,TRN-12056,SEC-RKMP-BPL,2026-09-26T21:30:00,2026-09-26T21:55:00,DOWN
MOV-000996,TRN-12034,SEC-RKMP-BPL,2026-09-26T15:00:00,2026-09-26T15:29:00,DOWN
MOV-000997,TRN-12041,SEC-RKMP-BPL,2026-09-26T11:00:00,2026-09-26T11:15:00,DOWN
MOV-000998,TRN-12041,SEC-RKMP-BPL,2026-09-26T18:45:00,2026-09-26T19:09:00,DOWN
MOV-000999,TRN-12043,SEC-RKMP-BPL,2026-09-26T06:45:00,2026-09-26T07:01:00,DOWN
MOV-001000,TRN-12057,SEC-RKMP-BPL,2026-09-26T15:45:00,2026-09-26T16:01:00,DOWN
MOV-001001,TRN-12047,SEC-RKMP-BPL,2026-09-26T15:45:00,2026-09-26T16:09:00,DOWN
MOV-001002,TRN-12026,SEC-RKMP-BPL,2026-09-26T20:00:00,2026-09-26T20:20:00,UP
MOV-001003,TRN-12043,SEC-RKMP-BPL,2026-09-26T05:15:00,2026-09-26T05:46:00,UP
MOV-001004,TRN-12009,SEC-RKMP-BPL,2026-09-26T00:00:00,2026-09-26T00:33:00,DOWN
MOV-001005,TRN-12060,SEC-RKMP-BPL,2026-09-26T05:15:00,2026-09-26T05:33:00,UP
MOV-001006,TRN-12034,SEC-RKMP-BPL,2026-09-26T19:15:00,2026-09-26T19:45:00,DOWN
MOV-001007,TRN-12018,SEC-RKMP-BPL,2026-09-26T21:15:00,2026-09-26T21:33:00,DOWN
MOV-001008,TRN-12055,SEC-RKMP-BPL,2026-09-26T01:45:00,2026-09-26T02:18:00,DOWN
MOV-001009,TRN-12016,SEC-RKMP-BPL,2026-09-26T15:30:00,2026-09-26T15:57:00,DOWN
MOV-001010,TRN-12039,SEC-RKMP-BPL,2026-09-26T12:30:00,2026-09-26T12:55:00,UP
MOV-001011,TRN-12003,SEC-RKMP-BPL,2026-09-26T22:45:00,2026-09-26T23:11:00,UP
MOV-001012,TRN-12047,SEC-RKMP-BPL,2026-09-26T03:15:00,2026-09-26T03:36:00,UP
MOV-001013,TRN-12049,SEC-RKMP-BPL,2026-09-26T12:15:00,2026-09-26T12:40:00,UP
MOV-001014,TRN-12027,SEC-RKMP-BPL,2026-09-26T12:15:00,2026-09-26T12:46:00,UP
MOV-001015,TRN-12009,SEC-RKMP-BPL,2026-09-26T12:45:00,2026-09-26T13:07:00,UP
MOV-001016,TRN-12059,SEC-RKMP-BPL,2026-09-26T10:00:00,2026-09-26T10:27:00,UP
MOV-001017,TRN-12057,SEC-RKMP-BPL,2026-09-26T07:30:00,2026-09-26T07:55:00,UP
MOV-001018,TRN-12030,SEC-RKMP-BPL,2026-09-26T02:30:00,2026-09-26T03:00:00,DOWN
MOV-001019,TRN-12018,SEC-RKMP-BPL,2026-09-27T13:30:00,2026-09-27T14:04:00,UP
MOV-001020,TRN-12015,SEC-RKMP-BPL,2026-09-27T06:15:00,2026-09-27T06:39:00,DOWN
MOV-001021,TRN-12002,SEC-RKMP-BPL,2026-09-27T19:30:00,2026-09-27T19:57:00,DOWN
MOV-001022,TRN-12007,SEC-RKMP-BPL,2026-09-27T17:00:00,2026-09-27T17:25:00,DOWN
MOV-001023,TRN-12037,SEC-RKMP-BPL,2026-09-27T07:15:00,2026-09-27T07:39:00,UP
MOV-001024,TRN-12044,SEC-RKMP-BPL,2026-09-27T02:15:00,2026-09-27T02:43:00,UP
MOV-001025,TRN-12060,SEC-RKMP-BPL,2026-09-27T09:00:00,2026-09-27T09:28:00,DOWN
MOV-001026,TRN-12039,SEC-RKMP-BPL,2026-09-27T18:15:00,2026-09-27T18:46:00,UP
MOV-001027,TRN-12033,SEC-RKMP-BPL,2026-09-27T03:30:00,2026-09-27T03:50:00,DOWN
MOV-001028,TRN-12049,SEC-RKMP-BPL,2026-09-27T20:45:00,2026-09-27T21:02:00,UP
MOV-001029,TRN-12056,SEC-RKMP-BPL,2026-09-27T09:00:00,2026-09-27T09:20:00,DOWN
MOV-001030,TRN-12022,SEC-RKMP-BPL,2026-09-27T01:30:00,2026-09-27T01:48:00,UP
MOV-001031,TRN-12001,SEC-RKMP-BPL,2026-09-27T14:15:00,2026-09-27T14:47:00,UP
MOV-001032,TRN-12013,SEC-RKMP-BPL,2026-09-27T03:00:00,2026-09-27T03:24:00,UP
MOV-001033,TRN-12025,SEC-RKMP-BPL,2026-09-27T20:45:00,2026-09-27T21:12:00,DOWN
MOV-001034,TRN-12047,SEC-RKMP-BPL,2026-09-27T15:45:00,2026-09-27T16:02:00,DOWN
MOV-001035,TRN-12018,SEC-RKMP-BPL,2026-09-27T17:45:00,2026-09-27T18:09:00,UP
MOV-001036,TRN-12023,SEC-RKMP-BPL,2026-09-27T09:45:00,2026-09-27T10:18:00,DOWN
MOV-001037,TRN-12058,SEC-RKMP-BPL,2026-09-27T10:15:00,2026-09-27T10:46:00,DOWN
MOV-001038,TRN-12032,SEC-RKMP-BPL,2026-09-27T10:30:00,2026-09-27T11:00:00,UP
MOV-001039,TRN-12002,SEC-RKMP-BPL,2026-09-27T02:00:00,2026-09-27T02:24:00,DOWN
MOV-001040,TRN-12049,SEC-RKMP-BPL,2026-09-27T05:45:00,2026-09-27T06:13:00,UP
MOV-001041,TRN-12022,SEC-RKMP-BPL,2026-09-27T07:45:00,2026-09-27T08:18:00,DOWN
MOV-001042,TRN-12032,SEC-RKMP-BPL,2026-09-27T11:15:00,2026-09-27T11:45:00,UP
MOV-001043,TRN-12017,SEC-RKMP-BPL,2026-09-27T03:15:00,2026-09-27T03:35:00,UP
MOV-001044,TRN-12023,SEC-RKMP-BPL,2026-09-27T20:30:00,2026-09-27T21:01:00,DOWN
MOV-001045,TRN-12055,SEC-RKMP-BPL,2026-09-27T08:45:00,2026-09-27T09:18:00,DOWN
MOV-001046,TRN-12022,SEC-RKMP-BPL,2026-09-27T05:30:00,2026-09-27T06:03:00,DOWN
MOV-001047,TRN-12035,SEC-RKMP-BPL,2026-09-27T03:15:00,2026-09-27T03:44:00,DOWN
MOV-001048,TRN-12021,SEC-RKMP-BPL,2026-09-27T08:00:00,2026-09-27T08:20:00,DOWN
MOV-001049,TRN-12015,SEC-RKMP-BPL,2026-09-27T23:00:00,2026-09-27T23:26:00,UP
MOV-001050,TRN-12050,SEC-RKMP-BPL,2026-09-27T21:30:00,2026-09-27T21:57:00,DOWN
MOV-001051,TRN-12032,SEC-RKMP-BPL,2026-09-27T04:15:00,2026-09-27T04:34:00,UP
MOV-001052,TRN-12037,SEC-RKMP-BPL,2026-09-27T05:00:00,2026-09-27T05:31:00,UP
MOV-001053,TRN-12012,SEC-RKMP-BPL,2026-09-27T17:30:00,2026-09-27T18:01:00,DOWN
MOV-001054,TRN-12060,SEC-RKMP-BPL,2026-09-27T13:15:00,2026-09-27T13:47:00,UP
MOV-001055,TRN-12018,SEC-RKMP-BPL,2026-09-27T19:45:00,2026-09-27T20:06:00,DOWN
MOV-001056,TRN-12056,SEC-RKMP-BPL,2026-09-27T19:00:00,2026-09-27T19:28:00,UP
MOV-001057,TRN-12051,SEC-RKMP-BPL,2026-09-27T01:45:00,2026-09-27T02:03:00,UP
MOV-001058,TRN-12015,SEC-RKMP-BPL,2026-09-27T19:15:00,2026-09-27T19:44:00,UP
MOV-001059,TRN-12028,SEC-RKMP-BPL,2026-09-27T21:45:00,2026-09-27T22:04:00,UP
MOV-001060,TRN-12025,SEC-RKMP-BPL,2026-09-27T13:30:00,2026-09-27T13:47:00,DOWN
MOV-001061,TRN-12014,SEC-RKMP-BPL,2026-09-27T07:45:00,2026-09-27T08:13:00,UP
MOV-001062,TRN-12055,SEC-RKMP-BPL,2026-09-27T09:30:00,2026-09-27T09:49:00,UP
MOV-001063,TRN-12030,SEC-RKMP-BPL,2026-09-27T13:45:00,2026-09-27T14:07:00,DOWN
MOV-001064,TRN-12037,SEC-RKMP-BPL,2026-09-27T01:30:00,2026-09-27T01:56:00,UP
MOV-001065,TRN-12029,SEC-RKMP-BPL,2026-09-27T07:30:00,2026-09-27T07:56:00,UP
MOV-001066,TRN-12018,SEC-RKMP-BPL,2026-09-27T09:15:00,2026-09-27T09:39:00,UP
MOV-001067,TRN-12035,SEC-RKMP-BPL,2026-09-27T05:30:00,2026-09-27T05:47:00,UP
MOV-001068,TRN-12048,SEC-RKMP-BPL,2026-09-27T19:30:00,2026-09-27T19:59:00,UP
MOV-001069,TRN-12021,SEC-RKMP-BPL,2026-09-27T15:45:00,2026-09-27T16:11:00,DOWN
MOV-001070,TRN-12017,SEC-RKMP-BPL,2026-09-27T03:00:00,2026-09-27T03:26:00,DOWN
MOV-001071,TRN-12018,SEC-RKMP-BPL,2026-09-27T18:30:00,2026-09-27T18:52:00,UP
MOV-001072,TRN-12045,SEC-RKMP-BPL,2026-09-27T16:00:00,2026-09-27T16:20:00,UP
MOV-001073,TRN-12010,SEC-RKMP-BPL,2026-09-28T22:15:00,2026-09-28T22:37:00,UP
MOV-001074,TRN-12053,SEC-RKMP-BPL,2026-09-28T05:45:00,2026-09-28T06:09:00,DOWN
MOV-001075,TRN-12011,SEC-RKMP-BPL,2026-09-28T03:45:00,2026-09-28T04:16:00,DOWN
MOV-001076,TRN-12002,SEC-RKMP-BPL,2026-09-28T22:15:00,2026-09-28T22:48:00,DOWN
MOV-001077,TRN-12052,SEC-RKMP-BPL,2026-09-28T16:30:00,2026-09-28T16:55:00,UP
MOV-001078,TRN-12024,SEC-RKMP-BPL,2026-09-28T17:45:00,2026-09-28T18:11:00,DOWN
MOV-001079,TRN-12002,SEC-RKMP-BPL,2026-09-28T11:30:00,2026-09-28T12:02:00,UP
MOV-001080,TRN-12014,SEC-RKMP-BPL,2026-09-28T08:00:00,2026-09-28T08:26:00,DOWN
MOV-001081,TRN-12049,SEC-RKMP-BPL,2026-09-28T23:00:00,2026-09-28T23:19:00,UP
MOV-001082,TRN-12015,SEC-RKMP-BPL,2026-09-28T19:00:00,2026-09-28T19:15:00,DOWN
MOV-001083,TRN-12058,SEC-RKMP-BPL,2026-09-28T05:15:00,2026-09-28T05:40:00,DOWN
MOV-001084,TRN-12060,SEC-RKMP-BPL,2026-09-28T09:00:00,2026-09-28T09:23:00,DOWN
MOV-001085,TRN-12032,SEC-RKMP-BPL,2026-09-28T12:45:00,2026-09-28T13:16:00,UP
MOV-001086,TRN-12022,SEC-RKMP-BPL,2026-09-28T16:15:00,2026-09-28T16:38:00,UP
MOV-001087,TRN-12016,SEC-RKMP-BPL,2026-09-28T17:45:00,2026-09-28T18:15:00,UP
MOV-001088,TRN-12009,SEC-RKMP-BPL,2026-09-28T03:15:00,2026-09-28T03:40:00,DOWN
MOV-001089,TRN-12054,SEC-RKMP-BPL,2026-09-28T00:30:00,2026-09-28T00:50:00,UP
MOV-001090,TRN-12034,SEC-RKMP-BPL,2026-09-28T00:15:00,2026-09-28T00:41:00,UP
MOV-001091,TRN-12036,SEC-RKMP-BPL,2026-09-28T11:45:00,2026-09-28T12:03:00,UP
MOV-001092,TRN-12032,SEC-RKMP-BPL,2026-09-28T06:30:00,2026-09-28T06:46:00,DOWN
MOV-001093,TRN-12060,SEC-RKMP-BPL,2026-09-28T02:15:00,2026-09-28T02:46:00,DOWN
MOV-001094,TRN-12011,SEC-RKMP-BPL,2026-09-28T05:45:00,2026-09-28T06:17:00,UP
MOV-001095,TRN-12029,SEC-RKMP-BPL,2026-09-28T18:00:00,2026-09-28T18:19:00,DOWN
MOV-001096,TRN-12012,SEC-RKMP-BPL,2026-09-28T18:15:00,2026-09-28T18:49:00,UP
MOV-001097,TRN-12057,SEC-RKMP-BPL,2026-09-28T05:00:00,2026-09-28T05:29:00,DOWN
MOV-001098,TRN-12051,SEC-RKMP-BPL,2026-09-28T02:00:00,2026-09-28T02:26:00,DOWN
MOV-001099,TRN-12025,SEC-RKMP-BPL,2026-09-28T19:45:00,2026-09-28T20:17:00,DOWN
MOV-001100,TRN-12042,SEC-RKMP-BPL,2026-09-28T12:30:00,2026-09-28T12:56:00,DOWN
MOV-001101,TRN-12027,SEC-RKMP-BPL,2026-09-28T15:45:00,2026-09-28T16:18:00,DOWN
MOV-001102,TRN-12007,SEC-RKMP-BPL,2026-09-28T14:15:00,2026-09-28T14:30:00,UP
MOV-001103,TRN-12036,SEC-RKMP-BPL,2026-09-28T22:30:00,2026-09-28T22:53:00,UP
MOV-001104,TRN-12041,SEC-RKMP-BPL,2026-09-28T01:45:00,2026-09-28T02:16:00,DOWN
MOV-001105,TRN-12018,SEC-RKMP-BPL,2026-09-28T03:15:00,2026-09-28T03:45:00,UP
MOV-001106,TRN-12054,SEC-RKMP-BPL,2026-09-28T03:00:00,2026-09-28T03:19:00,DOWN
MOV-001107,TRN-12037,SEC-RKMP-BPL,2026-09-28T08:30:00,2026-09-28T08:57:00,DOWN
MOV-001108,TRN-12031,SEC-RKMP-BPL,2026-09-28T02:15:00,2026-09-28T02:40:00,UP
MOV-001109,TRN-12029,SEC-RKMP-BPL,2026-09-28T02:45:00,2026-09-28T03:02:00,UP
MOV-001110,TRN-12039,SEC-RKMP-BPL,2026-09-28T05:15:00,2026-09-28T05:36:00,UP
MOV-001111,TRN-12046,SEC-RKMP-BPL,2026-09-28T16:00:00,2026-09-28T16:28:00,DOWN
MOV-001112,TRN-12033,SEC-RKMP-BPL,2026-09-28T13:45:00,2026-09-28T14:09:00,UP
MOV-001113,TRN-12033,SEC-RKMP-BPL,2026-09-28T20:30:00,2026-09-28T20:46:00,UP
MOV-001114,TRN-12045,SEC-RKMP-BPL,2026-09-28T05:45:00,2026-09-28T06:16:00,DOWN
MOV-001115,TRN-12005,SEC-RKMP-BPL,2026-09-28T13:30:00,2026-09-28T13:57:00,DOWN
MOV-001116,TRN-12022,SEC-RKMP-BPL,2026-09-28T12:30:00,2026-09-28T13:00:00,DOWN
MOV-001117,TRN-12021,SEC-RKMP-BPL,2026-09-28T23:00:00,2026-09-28T23:24:00,DOWN
MOV-001118,TRN-12004,SEC-RKMP-BPL,2026-09-28T10:30:00,2026-09-28T10:57:00,UP
MOV-001119,TRN-12017,SEC-RKMP-BPL,2026-09-28T05:30:00,2026-09-28T05:51:00,DOWN
MOV-001120,TRN-12044,SEC-RKMP-BPL,2026-09-28T19:00:00,2026-09-28T19:33:00,UP
MOV-001121,TRN-12002,SEC-RKMP-BPL,2026-09-28T01:00:00,2026-09-28T01:32:00,UP
MOV-001122,TRN-12042,SEC-RKMP-BPL,2026-09-28T10:00:00,2026-09-28T10:23:00,UP
MOV-001123,TRN-12029,SEC-RKMP-BPL,2026-09-28T13:30:00,2026-09-28T13:50:00,DOWN
MOV-001124,TRN-12036,SEC-RKMP-BPL,2026-09-28T06:15:00,2026-09-28T06:32:00,DOWN
MOV-001125,TRN-12046,SEC-RKMP-BPL,2026-09-28T06:30:00,2026-09-28T06:58:00,DOWN
MOV-001126,TRN-12004,SEC-RKMP-BPL,2026-09-28T21:45:00,2026-09-28T22:19:00,DOWN
MOV-001127,TRN-12056,SEC-RKMP-BPL,2026-09-28T17:00:00,2026-09-28T17:24:00,UP
MOV-001128,TRN-12014,SEC-RKMP-BPL,2026-09-28T19:45:00,2026-09-28T20:10:00,DOWN
MOV-001129,TRN-12008,SEC-RKMP-BPL,2026-09-28T05:45:00,2026-09-28T06:09:00,DOWN
MOV-001130,TRN-12013,SEC-RKMP-BPL,2026-09-29T19:45:00,2026-09-29T20:13:00,UP
MOV-001131,TRN-12039,SEC-RKMP-BPL,2026-09-29T22:30:00,2026-09-29T22:54:00,UP
MOV-001132,TRN-12032,SEC-RKMP-BPL,2026-09-29T08:30:00,2026-09-29T08:45:00,UP
MOV-001133,TRN-12048,SEC-RKMP-BPL,2026-09-29T09:15:00,2026-09-29T09:40:00,UP
MOV-001134,TRN-12046,SEC-RKMP-BPL,2026-09-29T05:45:00,2026-09-29T06:04:00,UP
MOV-001135,TRN-12036,SEC-RKMP-BPL,2026-09-29T21:00:00,2026-09-29T21:26:00,UP
MOV-001136,TRN-12005,SEC-RKMP-BPL,2026-09-29T18:30:00,2026-09-29T18:52:00,DOWN
MOV-001137,TRN-12023,SEC-RKMP-BPL,2026-09-29T06:15:00,2026-09-29T06:36:00,DOWN
MOV-001138,TRN-12025,SEC-RKMP-BPL,2026-09-29T07:30:00,2026-09-29T08:00:00,UP
MOV-001139,TRN-12057,SEC-RKMP-BPL,2026-09-29T11:30:00,2026-09-29T12:04:00,UP
MOV-001140,TRN-12012,SEC-RKMP-BPL,2026-09-29T17:00:00,2026-09-29T17:24:00,DOWN
MOV-001141,TRN-12025,SEC-RKMP-BPL,2026-09-29T16:30:00,2026-09-29T16:49:00,UP
MOV-001142,TRN-12032,SEC-RKMP-BPL,2026-09-29T02:15:00,2026-09-29T02:38:00,DOWN
MOV-001143,TRN-12008,SEC-RKMP-BPL,2026-09-29T20:15:00,2026-09-29T20:43:00,DOWN
MOV-001144,TRN-12018,SEC-RKMP-BPL,2026-09-29T22:00:00,2026-09-29T22:15:00,DOWN
MOV-001145,TRN-12038,SEC-RKMP-BPL,2026-09-29T21:15:00,2026-09-29T21:30:00,UP
MOV-001146,TRN-12026,SEC-RKMP-BPL,2026-09-29T05:45:00,2026-09-29T06:02:00,DOWN
MOV-001147,TRN-12014,SEC-RKMP-BPL,2026-09-29T02:15:00,2026-09-29T02:32:00,UP
MOV-001148,TRN-12020,SEC-RKMP-BPL,2026-09-29T12:30:00,2026-09-29T12:45:00,UP
MOV-001149,TRN-12010,SEC-RKMP-BPL,2026-09-29T04:00:00,2026-09-29T04:21:00,DOWN
MOV-001150,TRN-12019,SEC-RKMP-BPL,2026-09-29T07:15:00,2026-09-29T07:40:00,UP
MOV-001151,TRN-12014,SEC-RKMP-BPL,2026-09-29T09:00:00,2026-09-29T09:24:00,DOWN
MOV-001152,TRN-12024,SEC-RKMP-BPL,2026-09-29T02:30:00,2026-09-29T02:47:00,UP
MOV-001153,TRN-12009,SEC-RKMP-BPL,2026-09-29T21:45:00,2026-09-29T22:11:00,DOWN
MOV-001154,TRN-12039,SEC-RKMP-BPL,2026-09-29T14:30:00,2026-09-29T15:04:00,DOWN
MOV-001155,TRN-12006,SEC-RKMP-BPL,2026-09-29T09:45:00,2026-09-29T10:08:00,UP
MOV-001156,TRN-12053,SEC-RKMP-BPL,2026-09-29T14:30:00,2026-09-29T14:53:00,UP
MOV-001157,TRN-12024,SEC-RKMP-BPL,2026-09-29T10:45:00,2026-09-29T11:06:00,UP
MOV-001158,TRN-12026,SEC-RKMP-BPL,2026-09-29T23:15:00,2026-09-29T23:37:00,DOWN
MOV-001159,TRN-12039,SEC-RKMP-BPL,2026-09-29T07:45:00,2026-09-29T08:11:00,UP
MOV-001160,TRN-12025,SEC-RKMP-BPL,2026-09-29T22:15:00,2026-09-29T22:41:00,DOWN
MOV-001161,TRN-12043,SEC-RKMP-BPL,2026-09-29T20:00:00,2026-09-29T20:25:00,DOWN
MOV-001162,TRN-12010,SEC-RKMP-BPL,2026-09-29T16:00:00,2026-09-29T16:24:00,UP
MOV-001163,TRN-12010,SEC-RKMP-BPL,2026-09-29T19:00:00,2026-09-29T19:20:00,DOWN
MOV-001164,TRN-12053,SEC-RKMP-BPL,2026-09-29T00:15:00,2026-09-29T00:44:00,DOWN
MOV-001165,TRN-12060,SEC-RKMP-BPL,2026-09-29T13:00:00,2026-09-29T13:32:00,UP
MOV-001166,TRN-12008,SEC-RKMP-BPL,2026-09-29T16:30:00,2026-09-29T16:46:00,UP
MOV-001167,TRN-12036,SEC-RKMP-BPL,2026-09-29T06:30:00,2026-09-29T06:53:00,DOWN
MOV-001168,TRN-12029,SEC-RKMP-BPL,2026-09-29T08:15:00,2026-09-29T08:43:00,DOWN
MOV-001169,TRN-12036,SEC-RKMP-BPL,2026-09-29T13:00:00,2026-09-29T13:33:00,DOWN
MOV-001170,TRN-12044,SEC-RKMP-BPL,2026-09-29T21:45:00,2026-09-29T22:13:00,DOWN
MOV-001171,TRN-12029,SEC-RKMP-BPL,2026-09-29T17:15:00,2026-09-29T17:44:00,UP
MOV-001172,TRN-12055,SEC-RKMP-BPL,2026-09-29T05:30:00,2026-09-29T05:45:00,UP
MOV-001173,TRN-12060,SEC-RKMP-BPL,2026-09-29T20:00:00,2026-09-29T20:17:00,DOWN
MOV-001174,TRN-12060,SEC-RKMP-BPL,2026-09-29T04:30:00,2026-09-29T04:50:00,DOWN
MOV-001175,TRN-12026,SEC-RKMP-BPL,2026-09-29T03:15:00,2026-09-29T03:40:00,DOWN
MOV-001176,TRN-12002,SEC-RKMP-BPL,2026-09-29T22:30:00,2026-09-29T23:02:00,DOWN
MOV-001177,TRN-12010,SEC-RKMP-BPL,2026-09-29T02:45:00,2026-09-29T03:03:00,UP
MOV-001178,TRN-12029,SEC-RKMP-BPL,2026-09-29T21:45:00,2026-09-29T22:10:00,UP
MOV-001179,TRN-12021,SEC-RKMP-BPL,2026-09-29T16:00:00,2026-09-29T16:25:00,UP
MOV-001180,TRN-12020,SEC-RKMP-BPL,2026-09-29T05:30:00,2026-09-29T06:03:00,UP
MOV-001181,TRN-12048,SEC-RKMP-BPL,2026-09-29T15:45:00,2026-09-29T16:18:00,UP
MOV-001182,TRN-12045,SEC-RKMP-BPL,2026-09-29T14:00:00,2026-09-29T14:20:00,DOWN
MOV-001183,TRN-12033,SEC-RKMP-BPL,2026-09-29T08:15:00,2026-09-29T08:46:00,UP
MOV-001184,TRN-12010,SEC-RKMP-BPL,2026-09-29T13:45:00,2026-09-29T14:03:00,UP
MOV-001185,TRN-12029,SEC-RKMP-BPL,2026-09-29T04:30:00,2026-09-29T04:50:00,UP
MOV-001186,TRN-12056,SEC-RKMP-BPL,2026-09-30T22:30:00,2026-09-30T22:53:00,DOWN
MOV-001187,TRN-12012,SEC-RKMP-BPL,2026-09-30T15:30:00,2026-09-30T15:59:00,UP
MOV-001188,TRN-12043,SEC-RKMP-BPL,2026-09-30T14:45:00,2026-09-30T15:03:00,DOWN
MOV-001189,TRN-12050,SEC-RKMP-BPL,2026-09-30T06:30:00,2026-09-30T06:46:00,DOWN
MOV-001190,TRN-12037,SEC-RKMP-BPL,2026-09-30T04:00:00,2026-09-30T04:29:00,UP
MOV-001191,TRN-12030,SEC-RKMP-BPL,2026-09-30T01:45:00,2026-09-30T02:10:00,DOWN
MOV-001192,TRN-12010,SEC-RKMP-BPL,2026-09-30T04:30:00,2026-09-30T04:57:00,DOWN
MOV-001193,TRN-12056,SEC-RKMP-BPL,2026-09-30T19:00:00,2026-09-30T19:21:00,DOWN
MOV-001194,TRN-12033,SEC-RKMP-BPL,2026-09-30T20:30:00,2026-09-30T20:45:00,UP
MOV-001195,TRN-12050,SEC-RKMP-BPL,2026-09-30T15:00:00,2026-09-30T15:19:00,DOWN
MOV-001196,TRN-12059,SEC-RKMP-BPL,2026-09-30T18:00:00,2026-09-30T18:27:00,DOWN
MOV-001197,TRN-12039,SEC-RKMP-BPL,2026-09-30T14:15:00,2026-09-30T14:34:00,UP
MOV-001198,TRN-12045,SEC-RKMP-BPL,2026-09-30T01:00:00,2026-09-30T01:22:00,DOWN
MOV-001199,TRN-12040,SEC-RKMP-BPL,2026-09-30T14:30:00,2026-09-30T14:47:00,UP
MOV-001200,TRN-12005,SEC-RKMP-BPL,2026-09-30T18:45:00,2026-09-30T19:05:00,UP
MOV-001201,TRN-12020,SEC-RKMP-BPL,2026-09-30T21:15:00,2026-09-30T21:45:00,UP
MOV-001202,TRN-12042,SEC-RKMP-BPL,2026-09-30T12:15:00,2026-09-30T12:47:00,DOWN
MOV-001203,TRN-12047,SEC-RKMP-BPL,2026-09-30T22:00:00,2026-09-30T22:16:00,DOWN
MOV-001204,TRN-12020,SEC-RKMP-BPL,2026-09-30T10:00:00,2026-09-30T10:22:00,UP
MOV-001205,TRN-12022,SEC-RKMP-BPL,2026-09-30T17:30:00,2026-09-30T17:54:00,UP
MOV-001206,TRN-12035,SEC-RKMP-BPL,2026-09-30T04:15:00,2026-09-30T04:38:00,UP
MOV-001207,TRN-12024,SEC-RKMP-BPL,2026-09-30T06:45:00,2026-09-30T07:17:00,UP
MOV-001208,TRN-12037,SEC-RKMP-BPL,2026-09-30T15:15:00,2026-09-30T15:39:00,DOWN
MOV-001209,TRN-12023,SEC-RKMP-BPL,2026-09-30T01:15:00,2026-09-30T01:35:00,UP
MOV-001210,TRN-12014,SEC-RKMP-BPL,2026-09-30T03:45:00,2026-09-30T04:02:00,DOWN
MOV-001211,TRN-12044,SEC-RKMP-BPL,2026-09-30T14:45:00,2026-09-30T15:00:00,UP
MOV-001212,TRN-12012,SEC-RKMP-BPL,2026-09-30T13:30:00,2026-09-30T14:02:00,UP
MOV-001213,TRN-12015,SEC-RKMP-BPL,2026-09-30T22:30:00,2026-09-30T23:00:00,UP
MOV-001214,TRN-12027,SEC-RKMP-BPL,2026-09-30T09:30:00,2026-09-30T09:49:00,DOWN
MOV-001215,TRN-12011,SEC-RKMP-BPL,2026-09-30T11:15:00,2026-09-30T11:42:00,DOWN
MOV-001216,TRN-12056,SEC-RKMP-BPL,2026-09-30T18:00:00,2026-09-30T18:19:00,DOWN
MOV-001217,TRN-12030,SEC-RKMP-BPL,2026-09-30T02:45:00,2026-09-30T03:12:00,UP
MOV-001218,TRN-12047,SEC-RKMP-BPL,2026-09-30T14:30:00,2026-09-30T15:02:00,UP
MOV-001219,TRN-12028,SEC-RKMP-BPL,2026-09-30T14:00:00,2026-09-30T14:18:00,DOWN
MOV-001220,TRN-12013,SEC-RKMP-BPL,2026-09-30T12:15:00,2026-09-30T12:34:00,DOWN
MOV-001221,TRN-12049,SEC-RKMP-BPL,2026-09-30T10:00:00,2026-09-30T10:19:00,UP
MOV-001222,TRN-12053,SEC-RKMP-BPL,2026-09-30T07:15:00,2026-09-30T07:31:00,UP
MOV-001223,TRN-12055,SEC-RKMP-BPL,2026-09-30T09:30:00,2026-09-30T09:48:00,UP
MOV-001224,TRN-12044,SEC-RKMP-BPL,2026-09-30T01:15:00,2026-09-30T01:36:00,UP
MOV-001225,TRN-12032,SEC-RKMP-BPL,2026-09-30T23:00:00,2026-09-30T23:31:00,DOWN
MOV-001226,TRN-12044,SEC-RKMP-BPL,2026-09-30T02:45:00,2026-09-30T03:00:00,DOWN
MOV-001227,TRN-12040,SEC-RKMP-BPL,2026-09-30T08:00:00,2026-09-30T08:27:00,UP
MOV-001228,TRN-12037,SEC-RKMP-BPL,2026-09-30T18:15:00,2026-09-30T18:34:00,UP
MOV-001229,TRN-12014,SEC-RKMP-BPL,2026-09-30T02:00:00,2026-09-30T02:28:00,UP
MOV-001230,TRN-12047,SEC-RKMP-BPL,2026-09-30T19:45:00,2026-09-30T20:10:00,UP
MOV-001231,TRN-12056,SEC-RKMP-BPL,2026-09-30T04:15:00,2026-09-30T04:39:00,DOWN
MOV-001232,TRN-12033,SEC-RKMP-BPL,2026-09-30T19:45:00,2026-09-30T20:07:00,DOWN
MOV-001233,TRN-12011,SEC-RKMP-BPL,2026-09-30T21:00:00,2026-09-30T21:32:00,UP
MOV-001234,TRN-12058,SEC-RKMP-BPL,2026-09-30T03:15:00,2026-09-30T03:48:00,UP
MOV-001235,TRN-12016,SEC-RKMP-BPL,2026-09-30T02:15:00,2026-09-30T02:37:00,DOWN
MOV-001236,TRN-12016,SEC-RKMP-BPL,2026-09-30T03:00:00,2026-09-30T03:33:00,DOWN
MOV-001237,TRN-12014,SEC-RKMP-BPL,2026-09-30T04:00:00,2026-09-30T04:34:00,DOWN
MOV-001238,TRN-12046,SEC-RKMP-BPL,2026-09-30T06:30:00,2026-09-30T06:46:00,DOWN
MOV-001239,TRN-12020,SEC-RKMP-BPL,2026-10-01T17:30:00,2026-10-01T17:53:00,UP
MOV-001240,TRN-12002,SEC-RKMP-BPL,2026-10-01T22:15:00,2026-10-01T22:36:00,DOWN
MOV-001241,TRN-12016,SEC-RKMP-BPL,2026-10-01T09:30:00,2026-10-01T09:56:00,DOWN
MOV-001242,TRN-12001,SEC-RKMP-BPL,2026-10-01T10:15:00,2026-10-01T10:42:00,UP
MOV-001243,TRN-12010,SEC-RKMP-BPL,2026-10-01T18:30:00,2026-10-01T19:01:00,UP
MOV-001244,TRN-12060,SEC-RKMP-BPL,2026-10-01T06:30:00,2026-10-01T06:48:00,DOWN
MOV-001245,TRN-12020,SEC-RKMP-BPL,2026-10-01T19:15:00,2026-10-01T19:45:00,UP
MOV-001246,TRN-12004,SEC-RKMP-BPL,2026-10-01T04:30:00,2026-10-01T04:48:00,UP
MOV-001247,TRN-12033,SEC-RKMP-BPL,2026-10-01T06:00:00,2026-10-01T06:27:00,DOWN
MOV-001248,TRN-12044,SEC-RKMP-BPL,2026-10-01T22:00:00,2026-10-01T22:23:00,UP
MOV-001249,TRN-12055,SEC-RKMP-BPL,2026-10-01T12:00:00,2026-10-01T12:28:00,UP
MOV-001250,TRN-12017,SEC-RKMP-BPL,2026-10-01T17:30:00,2026-10-01T18:00:00,DOWN
MOV-001251,TRN-12051,SEC-RKMP-BPL,2026-10-01T13:00:00,2026-10-01T13:16:00,DOWN
MOV-001252,TRN-12003,SEC-RKMP-BPL,2026-10-01T09:00:00,2026-10-01T09:21:00,DOWN
MOV-001253,TRN-12011,SEC-RKMP-BPL,2026-10-01T11:45:00,2026-10-01T12:01:00,UP
MOV-001254,TRN-12017,SEC-RKMP-BPL,2026-10-01T19:15:00,2026-10-01T19:42:00,UP
MOV-001255,TRN-12045,SEC-RKMP-BPL,2026-10-01T01:30:00,2026-10-01T01:47:00,DOWN
MOV-001256,TRN-12018,SEC-RKMP-BPL,2026-10-01T04:15:00,2026-10-01T04:30:00,UP
MOV-001257,TRN-12036,SEC-RKMP-BPL,2026-10-01T07:15:00,2026-10-01T07:46:00,UP
MOV-001258,TRN-12024,SEC-RKMP-BPL,2026-10-01T04:15:00,2026-10-01T04:36:00,UP
MOV-001259,TRN-12005,SEC-RKMP-BPL,2026-10-01T20:00:00,2026-10-01T20:30:00,DOWN
MOV-001260,TRN-12028,SEC-RKMP-BPL,2026-10-01T07:45:00,2026-10-01T08:19:00,UP
MOV-001261,TRN-12058,SEC-RKMP-BPL,2026-10-01T22:00:00,2026-10-01T22:16:00,DOWN
MOV-001262,TRN-12005,SEC-RKMP-BPL,2026-10-01T14:00:00,2026-10-01T14:28:00,UP
MOV-001263,TRN-12006,SEC-RKMP-BPL,2026-10-01T01:00:00,2026-10-01T01:25:00,UP
MOV-001264,TRN-12049,SEC-RKMP-BPL,2026-10-01T14:15:00,2026-10-01T14:49:00,DOWN
MOV-001265,TRN-12041,SEC-RKMP-BPL,2026-10-01T04:30:00,2026-10-01T04:56:00,DOWN
MOV-001266,TRN-12029,SEC-RKMP-BPL,2026-10-01T16:15:00,2026-10-01T16:30:00,UP
MOV-001267,TRN-12053,SEC-RKMP-BPL,2026-10-01T17:15:00,2026-10-01T17:43:00,UP
MOV-001268,TRN-12003,SEC-RKMP-BPL,2026-10-01T12:30:00,2026-10-01T13:03:00,DOWN
MOV-001269,TRN-12016,SEC-RKMP-BPL,2026-10-01T19:15:00,2026-10-01T19:46:00,UP
MOV-001270,TRN-12002,SEC-RKMP-BPL,2026-10-01T01:45:00,2026-10-01T02:01:00,DOWN
MOV-001271,TRN-12044,SEC-RKMP-BPL,2026-10-01T03:45:00,2026-10-01T04:02:00,UP
MOV-001272,TRN-12035,SEC-RKMP-BPL,2026-10-01T06:15:00,2026-10-01T06:33:00,DOWN
MOV-001273,TRN-12002,SEC-RKMP-BPL,2026-10-01T05:30:00,2026-10-01T05:54:00,DOWN
MOV-001274,TRN-12013,SEC-RKMP-BPL,2026-10-01T15:45:00,2026-10-01T16:07:00,UP
MOV-001275,TRN-12034,SEC-RKMP-BPL,2026-10-01T13:00:00,2026-10-01T13:26:00,UP
MOV-001276,TRN-12035,SEC-RKMP-BPL,2026-10-01T22:30:00,2026-10-01T23:00:00,UP
MOV-001277,TRN-12056,SEC-RKMP-BPL,2026-10-01T19:45:00,2026-10-01T20:14:00,DOWN
MOV-001278,TRN-12032,SEC-RKMP-BPL,2026-10-01T22:45:00,2026-10-01T23:08:00,UP
MOV-001279,TRN-12001,SEC-RKMP-BPL,2026-10-01T05:00:00,2026-10-01T05:19:00,UP
MOV-001280,TRN-12059,SEC-RKMP-BPL,2026-10-01T02:30:00,2026-10-01T02:52:00,UP
MOV-001281,TRN-12043,SEC-RKMP-BPL,2026-10-01T23:45:00,2026-10-02T00:19:00,DOWN
MOV-001282,TRN-12041,SEC-RKMP-BPL,2026-10-01T03:45:00,2026-10-01T04:14:00,UP
MOV-001283,TRN-12022,SEC-RKMP-BPL,2026-10-01T14:00:00,2026-10-01T14:31:00,UP
MOV-001284,TRN-12005,SEC-RKMP-BPL,2026-10-01T07:45:00,2026-10-01T08:05:00,DOWN
MOV-001285,TRN-12049,SEC-RKMP-BPL,2026-10-01T00:45:00,2026-10-01T01:05:00,DOWN
MOV-001286,TRN-12012,SEC-RKMP-BPL,2026-10-01T03:45:00,2026-10-01T04:16:00,DOWN
MOV-001287,TRN-12041,SEC-RKMP-BPL,2026-10-01T11:00:00,2026-10-01T11:20:00,DOWN
MOV-001288,TRN-12021,SEC-RKMP-BPL,2026-10-01T11:00:00,2026-10-01T11:23:00,UP
MOV-001289,TRN-12007,SEC-RKMP-BPL,2026-10-01T03:30:00,2026-10-01T03:52:00,UP
MOV-001290,TRN-12031,SEC-RKMP-BPL,2026-10-01T03:00:00,2026-10-01T03:17:00,UP
MOV-001291,TRN-12058,SEC-RKMP-BPL,2026-10-01T05:15:00,2026-10-01T05:34:00,UP
MOV-001292,TRN-12044,SEC-RKMP-BPL,2026-10-01T07:30:00,2026-10-01T08:02:00,DOWN
MOV-001293,TRN-12034,SEC-RKMP-BPL,2026-10-01T17:45:00,2026-10-01T18:15:00,UP
MOV-001294,TRN-12008,SEC-RKMP-BPL,2026-10-01T02:45:00,2026-10-01T03:11:00,UP
MOV-001295,TRN-12021,SEC-RKMP-BPL,2026-10-01T06:45:00,2026-10-01T07:12:00,DOWN
MOV-001296,TRN-12019,SEC-RKMP-BPL,2026-10-01T11:00:00,2026-10-01T11:34:00,DOWN
MOV-001297,TRN-12025,SEC-RKMP-BPL,2026-10-02T06:45:00,2026-10-02T07:09:00,DOWN
MOV-001298,TRN-12003,SEC-RKMP-BPL,2026-10-02T06:45:00,2026-10-02T07:01:00,UP
MOV-001299,TRN-12049,SEC-RKMP-BPL,2026-10-02T07:15:00,2026-10-02T07:41:00,UP
MOV-001300,TRN-12003,SEC-RKMP-BPL,2026-10-02T00:00:00,2026-10-02T00:18:00,DOWN
MOV-001301,TRN-12018,SEC-RKMP-BPL,2026-10-02T01:00:00,2026-10-02T01:24:00,DOWN
MOV-001302,TRN-12021,SEC-RKMP-BPL,2026-10-02T01:00:00,2026-10-02T01:24:00,UP
MOV-001303,TRN-12059,SEC-RKMP-BPL,2026-10-02T18:15:00,2026-10-02T18:49:00,UP
MOV-001304,TRN-12009,SEC-RKMP-BPL,2026-10-02T22:45:00,2026-10-02T23:06:00,DOWN
MOV-001305,TRN-12011,SEC-RKMP-BPL,2026-10-02T15:30:00,2026-10-02T15:59:00,DOWN
MOV-001306,TRN-12043,SEC-RKMP-BPL,2026-10-02T13:45:00,2026-10-02T14:03:00,UP
MOV-001307,TRN-12025,SEC-RKMP-BPL,2026-10-02T12:00:00,2026-10-02T12:21:00,DOWN
MOV-001308,TRN-12007,SEC-RKMP-BPL,2026-10-02T15:30:00,2026-10-02T15:54:00,UP
MOV-001309,TRN-12003,SEC-RKMP-BPL,2026-10-02T06:00:00,2026-10-02T06:16:00,UP
MOV-001310,TRN-12012,SEC-RKMP-BPL,2026-10-02T20:30:00,2026-10-02T20:45:00,DOWN
MOV-001311,TRN-12009,SEC-RKMP-BPL,2026-10-02T10:00:00,2026-10-02T10:16:00,UP
MOV-001312,TRN-12027,SEC-RKMP-BPL,2026-10-02T11:15:00,2026-10-02T11:42:00,DOWN
MOV-001313,TRN-12044,SEC-RKMP-BPL,2026-10-02T13:30:00,2026-10-02T13:54:00,UP
MOV-001314,TRN-12030,SEC-RKMP-BPL,2026-10-02T00:45:00,2026-10-02T01:07:00,DOWN
MOV-001315,TRN-12058,SEC-RKMP-BPL,2026-10-02T11:45:00,2026-10-02T12:09:00,UP
MOV-001316,TRN-12002,SEC-RKMP-BPL,2026-10-02T03:45:00,2026-10-02T04:09:00,UP
MOV-001317,TRN-12027,SEC-RKMP-BPL,2026-10-02T06:45:00,2026-10-02T07:19:00,UP
MOV-001318,TRN-12044,SEC-RKMP-BPL,2026-10-02T08:00:00,2026-10-02T08:33:00,UP
MOV-001319,TRN-12013,SEC-RKMP-BPL,2026-10-02T00:15:00,2026-10-02T00:41:00,UP
MOV-001320,TRN-12005,SEC-RKMP-BPL,2026-10-02T02:45:00,2026-10-02T03:16:00,DOWN
MOV-001321,TRN-12032,SEC-RKMP-BPL,2026-10-02T13:45:00,2026-10-02T14:12:00,UP
MOV-001322,TRN-12018,SEC-RKMP-BPL,2026-10-02T11:00:00,2026-10-02T11:18:00,DOWN
MOV-001323,TRN-12053,SEC-RKMP-BPL,2026-10-02T02:00:00,2026-10-02T02:16:00,DOWN
MOV-001324,TRN-12019,SEC-RKMP-BPL,2026-10-02T07:00:00,2026-10-02T07:34:00,UP
MOV-001325,TRN-12048,SEC-RKMP-BPL,2026-10-02T16:00:00,2026-10-02T16:31:00,DOWN
MOV-001326,TRN-12037,SEC-RKMP-BPL,2026-10-02T04:45:00,2026-10-02T05:18:00,UP
MOV-001327,TRN-12006,SEC-RKMP-BPL,2026-10-02T20:45:00,2026-10-02T21:10:00,DOWN
MOV-001328,TRN-12014,SEC-RKMP-BPL,2026-10-02T01:45:00,2026-10-02T02:09:00,UP
MOV-001329,TRN-12042,SEC-RKMP-BPL,2026-10-02T00:00:00,2026-10-02T00:19:00,UP
MOV-001330,TRN-12023,SEC-RKMP-BPL,2026-10-02T04:15:00,2026-10-02T04:36:00,DOWN
MOV-001331,TRN-12034,SEC-RKMP-BPL,2026-10-02T21:45:00,2026-10-02T22:05:00,DOWN
MOV-001332,TRN-12032,SEC-RKMP-BPL,2026-10-02T04:15:00,2026-10-02T04:44:00,DOWN
MOV-001333,TRN-12023,SEC-RKMP-BPL,2026-10-02T03:00:00,2026-10-02T03:17:00,DOWN
MOV-001334,TRN-12031,SEC-RKMP-BPL,2026-10-02T10:30:00,2026-10-02T11:01:00,DOWN
MOV-001335,TRN-12009,SEC-RKMP-BPL,2026-10-02T14:45:00,2026-10-02T15:15:00,UP
MOV-001336,TRN-12024,SEC-RKMP-BPL,2026-10-02T21:00:00,2026-10-02T21:25:00,UP
MOV-001337,TRN-12054,SEC-RKMP-BPL,2026-10-02T00:00:00,2026-10-02T00:21:00,UP
MOV-001338,TRN-12030,SEC-RKMP-BPL,2026-10-02T07:15:00,2026-10-02T07:41:00,DOWN
MOV-001339,TRN-12057,SEC-RKMP-BPL,2026-10-02T11:30:00,2026-10-02T11:58:00,UP
MOV-001340,TRN-12041,SEC-RKMP-BPL,2026-10-02T20:15:00,2026-10-02T20:33:00,UP
MOV-001341,TRN-12017,SEC-RKMP-BPL,2026-10-02T14:45:00,2026-10-02T15:11:00,UP
MOV-001342,TRN-12019,SEC-RKMP-BPL,2026-10-02T16:15:00,2026-10-02T16:41:00,DOWN
MOV-001343,TRN-12020,SEC-RKMP-BPL,2026-10-02T15:15:00,2026-10-02T15:32:00,UP
MOV-001344,TRN-12027,SEC-RKMP-BPL,2026-10-02T00:45:00,2026-10-02T01:10:00,UP
MOV-001345,TRN-12053,SEC-RKMP-BPL,2026-10-02T20:00:00,2026-10-02T20:18:00,UP
MOV-001346,TRN-12031,SEC-RKMP-BPL,2026-10-02T17:15:00,2026-10-02T17:42:00,UP
MOV-001347,TRN-12040,SEC-RKMP-BPL,2026-10-02T21:30:00,2026-10-02T21:54:00,UP
MOV-001348,TRN-12058,SEC-RKMP-BPL,2026-10-02T00:15:00,2026-10-02T00:32:00,DOWN
MOV-001349,TRN-12029,SEC-RKMP-BPL,2026-10-02T22:30:00,2026-10-02T22:56:00,DOWN
MOV-001350,TRN-12013,SEC-RKMP-BPL,2026-10-02T13:30:00,2026-10-02T14:04:00,DOWN
MOV-001351,TRN-12057,SEC-RKMP-BPL,2026-10-02T22:30:00,2026-10-02T22:53:00,UP
MOV-001352,TRN-12017,SEC-RKMP-BPL,2026-10-02T21:00:00,2026-10-02T21:22:00,DOWN
MOV-001353,TRN-12015,SEC-RKMP-BPL,2026-10-02T23:30:00,2026-10-02T23:45:00,UP
MOV-001354,TRN-12045,SEC-RKMP-BPL,2026-10-02T20:45:00,2026-10-02T21:17:00,UP
MOV-001355,TRN-12007,SEC-RKMP-BPL,2026-10-03T01:30:00,2026-10-03T01:54:00,DOWN
MOV-001356,TRN-12052,SEC-RKMP-BPL,2026-10-03T01:30:00,2026-10-03T02:01:00,UP
MOV-001357,TRN-12032,SEC-RKMP-BPL,2026-10-03T11:45:00,2026-10-03T12:00:00,DOWN
MOV-001358,TRN-12049,SEC-RKMP-BPL,2026-10-03T19:15:00,2026-10-03T19:40:00,UP
MOV-001359,TRN-12016,SEC-RKMP-BPL,2026-10-03T21:30:00,2026-10-03T21:59:00,UP
MOV-001360,TRN-12048,SEC-RKMP-BPL,2026-10-03T15:45:00,2026-10-03T16:02:00,DOWN
MOV-001361,TRN-12031,SEC-RKMP-BPL,2026-10-03T12:00:00,2026-10-03T12:24:00,UP
MOV-001362,TRN-12038,SEC-RKMP-BPL,2026-10-03T05:15:00,2026-10-03T05:42:00,UP
MOV-001363,TRN-12048,SEC-RKMP-BPL,2026-10-03T17:00:00,2026-10-03T17:16:00,DOWN
MOV-001364,TRN-12017,SEC-RKMP-BPL,2026-10-03T20:15:00,2026-10-03T20:36:00,UP
MOV-001365,TRN-12040,SEC-RKMP-BPL,2026-10-03T02:15:00,2026-10-03T02:36:00,UP
MOV-001366,TRN-12022,SEC-RKMP-BPL,2026-10-03T12:30:00,2026-10-03T12:46:00,DOWN
MOV-001367,TRN-12053,SEC-RKMP-BPL,2026-10-03T16:45:00,2026-10-03T17:08:00,DOWN
MOV-001368,TRN-12044,SEC-RKMP-BPL,2026-10-03T13:00:00,2026-10-03T13:26:00,DOWN
MOV-001369,TRN-12060,SEC-RKMP-BPL,2026-10-03T10:00:00,2026-10-03T10:29:00,UP
MOV-001370,TRN-12010,SEC-RKMP-BPL,2026-10-03T13:45:00,2026-10-03T14:06:00,UP
MOV-001371,TRN-12020,SEC-RKMP-BPL,2026-10-03T10:00:00,2026-10-03T10:26:00,DOWN
MOV-001372,TRN-12019,SEC-RKMP-BPL,2026-10-03T06:45:00,2026-10-03T07:03:00,UP
MOV-001373,TRN-12003,SEC-RKMP-BPL,2026-10-03T21:15:00,2026-10-03T21:32:00,DOWN
MOV-001374,TRN-12009,SEC-RKMP-BPL,2026-10-03T08:00:00,2026-10-03T08:28:00,DOWN
MOV-001375,TRN-12046,SEC-RKMP-BPL,2026-10-03T06:15:00,2026-10-03T06:48:00,DOWN
MOV-001376,TRN-12003,SEC-RKMP-BPL,2026-10-03T16:45:00,2026-10-03T17:11:00,DOWN
MOV-001377,TRN-12001,SEC-RKMP-BPL,2026-10-03T00:00:00,2026-10-03T00:18:00,DOWN
MOV-001378,TRN-12039,SEC-RKMP-BPL,2026-10-03T18:15:00,2026-10-03T18:48:00,UP
MOV-001379,TRN-12055,SEC-RKMP-BPL,2026-10-03T00:00:00,2026-10-03T00:16:00,DOWN
MOV-001380,TRN-12016,SEC-RKMP-BPL,2026-10-03T10:15:00,2026-10-03T10:45:00,UP
MOV-001381,TRN-12001,SEC-RKMP-BPL,2026-10-03T09:15:00,2026-10-03T09:44:00,DOWN
MOV-001382,TRN-12006,SEC-RKMP-BPL,2026-10-03T19:00:00,2026-10-03T19:27:00,UP
MOV-001383,TRN-12019,SEC-RKMP-BPL,2026-10-03T11:15:00,2026-10-03T11:45:00,DOWN
MOV-001384,TRN-12049,SEC-RKMP-BPL,2026-10-03T10:30:00,2026-10-03T10:53:00,DOWN
MOV-001385,TRN-12034,SEC-RKMP-BPL,2026-10-03T11:15:00,2026-10-03T11:37:00,DOWN
MOV-001386,TRN-12042,SEC-RKMP-BPL,2026-10-03T10:45:00,2026-10-03T11:16:00,UP
MOV-001387,TRN-12055,SEC-RKMP-BPL,2026-10-03T04:45:00,2026-10-03T05:05:00,DOWN
MOV-001388,TRN-12018,SEC-RKMP-BPL,2026-10-03T10:15:00,2026-10-03T10:44:00,UP
MOV-001389,TRN-12051,SEC-RKMP-BPL,2026-10-03T21:30:00,2026-10-03T21:55:00,DOWN
MOV-001390,TRN-12012,SEC-RKMP-BPL,2026-10-03T17:00:00,2026-10-03T17:28:00,UP
MOV-001391,TRN-12045,SEC-RKMP-BPL,2026-10-03T18:00:00,2026-10-03T18:27:00,UP
MOV-001392,TRN-12018,SEC-RKMP-BPL,2026-10-03T14:45:00,2026-10-03T15:00:00,DOWN
MOV-001393,TRN-12052,SEC-RKMP-BPL,2026-10-03T12:30:00,2026-10-03T12:52:00,UP
MOV-001394,TRN-12035,SEC-RKMP-BPL,2026-10-03T19:00:00,2026-10-03T19:29:00,DOWN
MOV-001395,TRN-12046,SEC-RKMP-BPL,2026-10-03T08:15:00,2026-10-03T08:38:00,DOWN
MOV-001396,TRN-12055,SEC-RKMP-BPL,2026-10-03T09:45:00,2026-10-03T10:11:00,UP
MOV-001397,TRN-12001,SEC-RKMP-BPL,2026-10-03T14:30:00,2026-10-03T15:04:00,DOWN
MOV-001398,TRN-12002,SEC-RKMP-BPL,2026-10-03T13:30:00,2026-10-03T13:54:00,UP
MOV-001399,TRN-12049,SEC-RKMP-BPL,2026-10-03T14:30:00,2026-10-03T14:54:00,UP
MOV-001400,TRN-12032,SEC-RKMP-BPL,2026-10-03T23:30:00,2026-10-03T23:59:00,UP
MOV-001401,TRN-12060,SEC-RKMP-BPL,2026-10-03T05:45:00,2026-10-03T06:08:00,DOWN
MOV-001402,TRN-12054,SEC-RKMP-BPL,2026-10-03T18:45:00,2026-10-03T19:12:00,DOWN
MOV-001403,TRN-12011,SEC-RKMP-BPL,2026-10-03T01:30:00,2026-10-03T02:01:00,DOWN
MOV-001404,TRN-12032,SEC-RKMP-BPL,2026-10-03T12:30:00,2026-10-03T13:02:00,DOWN
MOV-001405,TRN-12007,SEC-RKMP-BPL,2026-10-03T14:15:00,2026-10-03T14:45:00,DOWN
MOV-001406,TRN-12060,SEC-RKMP-BPL,2026-10-03T10:30:00,2026-10-03T10:47:00,DOWN
MOV-001407,TRN-12010,SEC-RKMP-BPL,2026-10-03T09:45:00,2026-10-03T10:19:00,UP
MOV-001408,TRN-12030,SEC-RKMP-BPL,2026-10-03T01:45:00,2026-10-03T02:00:00,UP
MOV-001409,TRN-12029,SEC-RKMP-BPL,2026-10-03T00:00:00,2026-10-03T00:27:00,DOWN
MOV-001410,TRN-12018,SEC-RKMP-BPL,2026-10-03T19:30:00,2026-10-03T19:49:00,DOWN
MOV-001411,TRN-12036,SEC-RKMP-BPL,2026-10-03T19:00:00,2026-10-03T19:19:00,UP
MOV-001412,TRN-12021,SEC-RKMP-BPL,2026-10-03T21:30:00,2026-10-03T21:55:00,DOWN
MOV-001413,TRN-12054,SEC-RKMP-BPL,2026-10-03T10:00:00,2026-10-03T10:17:00,UP
MOV-001414,TRN-12040,SEC-RKMP-BPL,2026-10-03T11:15:00,2026-10-03T11:39:00,DOWN
MOV-001415,TRN-12010,SEC-RKMP-BPL,2026-10-04T02:00:00,2026-10-04T02:32:00,UP
MOV-001416,TRN-12052,SEC-RKMP-BPL,2026-10-04T15:30:00,2026-10-04T15:50:00,UP
MOV-001417,TRN-12009,SEC-RKMP-BPL,2026-10-04T12:15:00,2026-10-04T12:35:00,UP
MOV-001418,TRN-12048,SEC-RKMP-BPL,2026-10-04T22:15:00,2026-10-04T22:40:00,DOWN
MOV-001419,TRN-12031,SEC-RKMP-BPL,2026-10-04T14:15:00,2026-10-04T14:40:00,DOWN
MOV-001420,TRN-12043,SEC-RKMP-BPL,2026-10-04T14:30:00,2026-10-04T14:46:00,DOWN
MOV-001421,TRN-12054,SEC-RKMP-BPL,2026-10-04T04:15:00,2026-10-04T04:49:00,UP
MOV-001422,TRN-12049,SEC-RKMP-BPL,2026-10-04T18:45:00,2026-10-04T19:00:00,UP
MOV-001423,TRN-12034,SEC-RKMP-BPL,2026-10-04T20:00:00,2026-10-04T20:21:00,UP
MOV-001424,TRN-12046,SEC-RKMP-BPL,2026-10-04T23:00:00,2026-10-04T23:19:00,UP
MOV-001425,TRN-12054,SEC-RKMP-BPL,2026-10-04T10:15:00,2026-10-04T10:36:00,DOWN
MOV-001426,TRN-12024,SEC-RKMP-BPL,2026-10-04T03:45:00,2026-10-04T04:08:00,UP
MOV-001427,TRN-12044,SEC-RKMP-BPL,2026-10-04T17:00:00,2026-10-04T17:16:00,UP
MOV-001428,TRN-12046,SEC-RKMP-BPL,2026-10-04T15:45:00,2026-10-04T16:12:00,UP
MOV-001429,TRN-12036,SEC-RKMP-BPL,2026-10-04T17:15:00,2026-10-04T17:48:00,DOWN
MOV-001430,TRN-12049,SEC-RKMP-BPL,2026-10-04T23:15:00,2026-10-04T23:32:00,UP
MOV-001431,TRN-12045,SEC-RKMP-BPL,2026-10-04T18:15:00,2026-10-04T18:35:00,UP
MOV-001432,TRN-12049,SEC-RKMP-BPL,2026-10-04T01:15:00,2026-10-04T01:34:00,DOWN
MOV-001433,TRN-12029,SEC-RKMP-BPL,2026-10-04T02:15:00,2026-10-04T02:30:00,UP
MOV-001434,TRN-12060,SEC-RKMP-BPL,2026-10-04T13:45:00,2026-10-04T14:14:00,DOWN
MOV-001435,TRN-12019,SEC-RKMP-BPL,2026-10-04T22:00:00,2026-10-04T22:23:00,DOWN
MOV-001436,TRN-12018,SEC-RKMP-BPL,2026-10-04T06:00:00,2026-10-04T06:15:00,DOWN
MOV-001437,TRN-12060,SEC-RKMP-BPL,2026-10-04T05:15:00,2026-10-04T05:48:00,DOWN
MOV-001438,TRN-12001,SEC-RKMP-BPL,2026-10-04T12:00:00,2026-10-04T12:19:00,UP
MOV-001439,TRN-12037,SEC-RKMP-BPL,2026-10-04T04:15:00,2026-10-04T04:34:00,UP
MOV-001440,TRN-12040,SEC-RKMP-BPL,2026-10-04T09:15:00,2026-10-04T09:40:00,DOWN
MOV-001441,TRN-12001,SEC-RKMP-BPL,2026-10-04T21:45:00,2026-10-04T22:12:00,DOWN
MOV-001442,TRN-12042,SEC-RKMP-BPL,2026-10-04T10:15:00,2026-10-04T10:37:00,UP
MOV-001443,TRN-12051,SEC-RKMP-BPL,2026-10-04T07:15:00,2026-10-04T07:49:00,DOWN
MOV-001444,TRN-12038,SEC-RKMP-BPL,2026-10-04T05:15:00,2026-10-04T05:44:00,UP
MOV-001445,TRN-12009,SEC-RKMP-BPL,2026-10-04T20:15:00,2026-10-04T20:43:00,UP
MOV-001446,TRN-12034,SEC-RKMP-BPL,2026-10-04T18:45:00,2026-10-04T19:04:00,DOWN
MOV-001447,TRN-12055,SEC-RKMP-BPL,2026-10-04T15:00:00,2026-10-04T15:18:00,UP
MOV-001448,TRN-12007,SEC-RKMP-BPL,2026-10-04T18:45:00,2026-10-04T19:10:00,DOWN
MOV-001449,TRN-12047,SEC-RKMP-BPL,2026-10-04T09:15:00,2026-10-04T09:41:00,UP
MOV-001450,TRN-12004,SEC-RKMP-BPL,2026-10-04T13:45:00,2026-10-04T14:01:00,UP
MOV-001451,TRN-12016,SEC-RKMP-BPL,2026-10-04T19:30:00,2026-10-04T19:55:00,DOWN
MOV-001452,TRN-12017,SEC-RKMP-BPL,2026-10-04T17:00:00,2026-10-04T17:17:00,DOWN
MOV-001453,TRN-12040,SEC-RKMP-BPL,2026-10-04T04:15:00,2026-10-04T04:31:00,DOWN
MOV-001454,TRN-12046,SEC-RKMP-BPL,2026-10-04T06:15:00,2026-10-04T06:34:00,UP
MOV-001455,TRN-12017,SEC-RKMP-BPL,2026-10-04T05:15:00,2026-10-04T05:47:00,DOWN
MOV-001456,TRN-12018,SEC-RKMP-BPL,2026-10-04T22:00:00,2026-10-04T22:33:00,UP
MOV-001457,TRN-12033,SEC-RKMP-BPL,2026-10-04T04:45:00,2026-10-04T05:06:00,DOWN
MOV-001458,TRN-12005,SEC-RKMP-BPL,2026-10-04T12:00:00,2026-10-04T12:32:00,UP
MOV-001459,TRN-12041,SEC-RKMP-BPL,2026-10-04T21:30:00,2026-10-04T21:46:00,UP
MOV-001460,TRN-12013,SEC-RKMP-BPL,2026-10-04T21:45:00,2026-10-04T22:09:00,DOWN
MOV-001461,TRN-12015,SEC-RKMP-BPL,2026-10-04T16:15:00,2026-10-04T16:34:00,UP
MOV-001462,TRN-12026,SEC-RKMP-BPL,2026-10-04T08:00:00,2026-10-04T08:21:00,UP
MOV-001463,TRN-12059,SEC-RKMP-BPL,2026-10-04T09:00:00,2026-10-04T09:26:00,DOWN
MOV-001464,TRN-12022,SEC-RKMP-BPL,2026-10-04T20:30:00,2026-10-04T20:59:00,UP
MOV-001465,TRN-12003,SEC-RKMP-BPL,2026-10-04T08:45:00,2026-10-04T09:15:00,DOWN
MOV-001466,TRN-12053,SEC-RKMP-BPL,2026-10-04T08:15:00,2026-10-04T08:48:00,DOWN
MOV-001467,TRN-12018,SEC-RKMP-BPL,2026-10-04T06:45:00,2026-10-04T07:01:00,UP
MOV-001468,TRN-12045,SEC-RKMP-BPL,2026-10-04T00:00:00,2026-10-04T00:34:00,UP
MOV-001469,TRN-12044,SEC-RKMP-BPL,2026-10-04T11:00:00,2026-10-04T11:18:00,DOWN
MOV-001470,TRN-12006,SEC-RKMP-BPL,2026-10-04T14:15:00,2026-10-04T14:37:00,DOWN
MOV-001471,TRN-12037,SEC-RKMP-BPL,2026-10-04T14:15:00,2026-10-04T14:37:00,DOWN
MOV-001472,TRN-12003,SEC-RKMP-BPL,2026-10-04T05:30:00,2026-10-04T05:57:00,UP
MOV-001473,TRN-12048,SEC-RKMP-BPL,2026-10-04T13:00:00,2026-10-04T13:30:00,DOWN
MOV-001474,TRN-12026,SEC-RKMP-BPL,2026-10-04T06:15:00,2026-10-04T06:41:00,UP
MOV-001475,TRN-12030,SEC-RKMP-BPL,2026-10-04T00:00:00,2026-10-04T00:23:00,DOWN
MOV-001476,TRN-12054,SEC-RKMP-BPL,2026-10-04T02:00:00,2026-10-04T02:23:00,DOWN
MOV-001477,TRN-12060,SEC-RKMP-BPL,2026-10-04T16:30:00,2026-10-04T16:46:00,UP
MOV-001478,TRN-12010,SEC-RKMP-BPL,2026-10-04T15:15:00,2026-10-04T15:34:00,DOWN
MOV-001479,TRN-12027,SEC-RKMP-BPL,2026-10-05T21:30:00,2026-10-05T21:59:00,DOWN
MOV-001480,TRN-12012,SEC-RKMP-BPL,2026-10-05T18:45:00,2026-10-05T19:19:00,DOWN
MOV-001481,TRN-12046,SEC-RKMP-BPL,2026-10-05T21:45:00,2026-10-05T22:17:00,DOWN
MOV-001482,TRN-12023,SEC-RKMP-BPL,2026-10-05T17:15:00,2026-10-05T17:46:00,DOWN
MOV-001483,TRN-12057,SEC-RKMP-BPL,2026-10-05T14:15:00,2026-10-05T14:33:00,DOWN
MOV-001484,TRN-12034,SEC-RKMP-BPL,2026-10-05T12:30:00,2026-10-05T13:02:00,UP
MOV-001485,TRN-12026,SEC-RKMP-BPL,2026-10-05T17:45:00,2026-10-05T18:15:00,DOWN
MOV-001486,TRN-12052,SEC-RKMP-BPL,2026-10-05T23:30:00,2026-10-05T23:49:00,DOWN
MOV-001487,TRN-12043,SEC-RKMP-BPL,2026-10-05T02:45:00,2026-10-05T03:10:00,DOWN
MOV-001488,TRN-12013,SEC-RKMP-BPL,2026-10-05T21:15:00,2026-10-05T21:41:00,DOWN
MOV-001489,TRN-12035,SEC-RKMP-BPL,2026-10-05T21:00:00,2026-10-05T21:29:00,DOWN
MOV-001490,TRN-12014,SEC-RKMP-BPL,2026-10-05T06:15:00,2026-10-05T06:44:00,DOWN
MOV-001491,TRN-12048,SEC-RKMP-BPL,2026-10-05T19:15:00,2026-10-05T19:42:00,UP
MOV-001492,TRN-12028,SEC-RKMP-BPL,2026-10-05T04:00:00,2026-10-05T04:32:00,DOWN
MOV-001493,TRN-12031,SEC-RKMP-BPL,2026-10-05T00:00:00,2026-10-05T00:17:00,DOWN
MOV-001494,TRN-12013,SEC-RKMP-BPL,2026-10-05T06:45:00,2026-10-05T07:17:00,DOWN
MOV-001495,TRN-12019,SEC-RKMP-BPL,2026-10-05T13:00:00,2026-10-05T13:32:00,UP
MOV-001496,TRN-12045,SEC-RKMP-BPL,2026-10-05T12:45:00,2026-10-05T13:09:00,UP
MOV-001497,TRN-12046,SEC-RKMP-BPL,2026-10-05T15:15:00,2026-10-05T15:37:00,UP
MOV-001498,TRN-12029,SEC-RKMP-BPL,2026-10-05T06:15:00,2026-10-05T06:35:00,UP
MOV-001499,TRN-12056,SEC-RKMP-BPL,2026-10-05T05:00:00,2026-10-05T05:18:00,DOWN
MOV-001500,TRN-12029,SEC-RKMP-BPL,2026-10-05T07:15:00,2026-10-05T07:31:00,UP
MOV-001501,TRN-12015,SEC-RKMP-BPL,2026-10-05T19:00:00,2026-10-05T19:23:00,DOWN
MOV-001502,TRN-12051,SEC-RKMP-BPL,2026-10-05T12:00:00,2026-10-05T12:21:00,UP
MOV-001503,TRN-12040,SEC-RKMP-BPL,2026-10-05T07:30:00,2026-10-05T07:58:00,DOWN
MOV-001504,TRN-12023,SEC-RKMP-BPL,2026-10-05T23:15:00,2026-10-05T23:43:00,DOWN
MOV-001505,TRN-12050,SEC-RKMP-BPL,2026-10-05T11:45:00,2026-10-05T12:07:00,UP
MOV-001506,TRN-12030,SEC-RKMP-BPL,2026-10-05T16:30:00,2026-10-05T16:46:00,DOWN
MOV-001507,TRN-12046,SEC-RKMP-BPL,2026-10-05T02:45:00,2026-10-05T03:13:00,UP
MOV-001508,TRN-12030,SEC-RKMP-BPL,2026-10-05T20:15:00,2026-10-05T20:48:00,UP
MOV-001509,TRN-12014,SEC-RKMP-BPL,2026-10-05T08:30:00,2026-10-05T08:58:00,DOWN
MOV-001510,TRN-12012,SEC-RKMP-BPL,2026-10-05T23:30:00,2026-10-05T23:47:00,DOWN
MOV-001511,TRN-12021,SEC-RKMP-BPL,2026-10-05T14:30:00,2026-10-05T14:45:00,UP
MOV-001512,TRN-12042,SEC-RKMP-BPL,2026-10-05T07:00:00,2026-10-05T07:15:00,DOWN
MOV-001513,TRN-12010,SEC-RKMP-BPL,2026-10-05T02:30:00,2026-10-05T02:47:00,DOWN
MOV-001514,TRN-12033,SEC-RKMP-BPL,2026-10-05T15:15:00,2026-10-05T15:45:00,DOWN
MOV-001515,TRN-12025,SEC-RKMP-BPL,2026-10-05T00:15:00,2026-10-05T00:32:00,UP
MOV-001516,TRN-12017,SEC-RKMP-BPL,2026-10-05T04:00:00,2026-10-05T04:21:00,DOWN
MOV-001517,TRN-12011,SEC-RKMP-BPL,2026-10-05T06:00:00,2026-10-05T06:16:00,UP
MOV-001518,TRN-12028,SEC-RKMP-BPL,2026-10-05T15:45:00,2026-10-05T16:12:00,DOWN
MOV-001519,TRN-12057,SEC-RKMP-BPL,2026-10-05T06:45:00,2026-10-05T07:18:00,DOWN
MOV-001520,TRN-12051,SEC-RKMP-BPL,2026-10-05T03:45:00,2026-10-05T04:11:00,UP
MOV-001521,TRN-12004,SEC-RKMP-BPL,2026-10-05T17:15:00,2026-10-05T17:36:00,UP
MOV-001522,TRN-12060,SEC-RKMP-BPL,2026-10-05T10:00:00,2026-10-05T10:20:00,UP
MOV-001523,TRN-12042,SEC-RKMP-BPL,2026-10-05T19:45:00,2026-10-05T20:12:00,DOWN
MOV-001524,TRN-12026,SEC-RKMP-BPL,2026-10-05T15:00:00,2026-10-05T15:25:00,DOWN
MOV-001525,TRN-12002,SEC-RKMP-BPL,2026-10-05T13:30:00,2026-10-05T13:52:00,DOWN
MOV-001526,TRN-12018,SEC-RKMP-BPL,2026-10-05T06:00:00,2026-10-05T06:21:00,DOWN
MOV-001527,TRN-12057,SEC-RKMP-BPL,2026-10-05T15:30:00,2026-10-05T15:57:00,UP
MOV-001528,TRN-12026,SEC-RKMP-BPL,2026-10-05T14:45:00,2026-10-05T15:08:00,DOWN
MOV-001529,TRN-12029,SEC-RKMP-BPL,2026-10-05T06:15:00,2026-10-05T06:31:00,UP
MOV-001530,TRN-12043,SEC-RKMP-BPL,2026-10-05T16:45:00,2026-10-05T17:00:00,DOWN
MOV-001531,TRN-12048,SEC-RKMP-BPL,2026-10-05T10:15:00,2026-10-05T10:37:00,DOWN
MOV-001532,TRN-12052,SEC-RKMP-BPL,2026-10-05T15:30:00,2026-10-05T15:58:00,UP
MOV-001533,TRN-12037,SEC-RKMP-BPL,2026-10-05T01:45:00,2026-10-05T02:17:00,DOWN
MOV-001534,TRN-12023,SEC-RKMP-BPL,2026-10-05T17:30:00,2026-10-05T17:59:00,DOWN
MOV-001535,TRN-12015,SEC-RKMP-BPL,2026-10-05T01:15:00,2026-10-05T01:40:00,UP
MOV-001536,TRN-12031,SEC-RKMP-BPL,2026-10-05T06:45:00,2026-10-05T07:07:00,DOWN
MOV-001537,TRN-12024,SEC-RKMP-BPL,2026-10-05T10:30:00,2026-10-05T10:50:00,UP
MOV-001538,TRN-12023,SEC-RKMP-BPL,2026-10-05T19:00:00,2026-10-05T19:23:00,DOWN
MOV-001539,TRN-12043,SEC-RKMP-BPL,2026-10-05T10:00:00,2026-10-05T10:15:00,UP
MOV-001540,TRN-12049,SEC-RKMP-BPL,2026-10-05T00:45:00,2026-10-05T01:13:00,UP
MOV-001541,TRN-12014,SEC-RKMP-BPL,2026-10-06T22:30:00,2026-10-06T22:51:00,UP
MOV-001542,TRN-12034,SEC-RKMP-BPL,2026-10-06T00:15:00,2026-10-06T00:33:00,DOWN
MOV-001543,TRN-12041,SEC-RKMP-BPL,2026-10-06T11:00:00,2026-10-06T11:22:00,DOWN
MOV-001544,TRN-12013,SEC-RKMP-BPL,2026-10-06T03:00:00,2026-10-06T03:31:00,UP
MOV-001545,TRN-12035,SEC-RKMP-BPL,2026-10-06T23:30:00,2026-10-06T23:53:00,UP
MOV-001546,TRN-12001,SEC-RKMP-BPL,2026-10-06T03:45:00,2026-10-06T04:02:00,UP
MOV-001547,TRN-12049,SEC-RKMP-BPL,2026-10-06T10:15:00,2026-10-06T10:44:00,DOWN
MOV-001548,TRN-12055,SEC-RKMP-BPL,2026-10-06T11:30:00,2026-10-06T12:02:00,UP
MOV-001549,TRN-12018,SEC-RKMP-BPL,2026-10-06T23:00:00,2026-10-06T23:15:00,DOWN
MOV-001550,TRN-12060,SEC-RKMP-BPL,2026-10-06T02:45:00,2026-10-06T03:16:00,DOWN
MOV-001551,TRN-12026,SEC-RKMP-BPL,2026-10-06T06:30:00,2026-10-06T06:47:00,DOWN
MOV-001552,TRN-12040,SEC-RKMP-BPL,2026-10-06T11:30:00,2026-10-06T11:59:00,DOWN
MOV-001553,TRN-12051,SEC-RKMP-BPL,2026-10-06T22:45:00,2026-10-06T23:12:00,DOWN
MOV-001554,TRN-12019,SEC-RKMP-BPL,2026-10-06T00:15:00,2026-10-06T00:47:00,UP
MOV-001555,TRN-12033,SEC-RKMP-BPL,2026-10-06T04:15:00,2026-10-06T04:32:00,DOWN
MOV-001556,TRN-12049,SEC-RKMP-BPL,2026-10-06T18:30:00,2026-10-06T18:49:00,DOWN
MOV-001557,TRN-12007,SEC-RKMP-BPL,2026-10-06T08:30:00,2026-10-06T08:58:00,UP
MOV-001558,TRN-12049,SEC-RKMP-BPL,2026-10-06T11:45:00,2026-10-06T12:10:00,DOWN
MOV-001559,TRN-12042,SEC-RKMP-BPL,2026-10-06T19:00:00,2026-10-06T19:25:00,UP
MOV-001560,TRN-12029,SEC-RKMP-BPL,2026-10-06T19:45:00,2026-10-06T20:05:00,UP
MOV-001561,TRN-12034,SEC-RKMP-BPL,2026-10-06T09:00:00,2026-10-06T09:21:00,UP
MOV-001562,TRN-12032,SEC-RKMP-BPL,2026-10-06T22:30:00,2026-10-06T22:52:00,DOWN
MOV-001563,TRN-12047,SEC-RKMP-BPL,2026-10-06T10:15:00,2026-10-06T10:34:00,DOWN
MOV-001564,TRN-12053,SEC-RKMP-BPL,2026-10-06T04:15:00,2026-10-06T04:35:00,DOWN
MOV-001565,TRN-12004,SEC-RKMP-BPL,2026-10-06T04:15:00,2026-10-06T04:41:00,UP
MOV-001566,TRN-12033,SEC-RKMP-BPL,2026-10-06T17:45:00,2026-10-06T18:01:00,UP
MOV-001567,TRN-12006,SEC-RKMP-BPL,2026-10-06T21:30:00,2026-10-06T21:55:00,DOWN
MOV-001568,TRN-12036,SEC-RKMP-BPL,2026-10-06T05:30:00,2026-10-06T05:59:00,UP
MOV-001569,TRN-12037,SEC-RKMP-BPL,2026-10-06T11:00:00,2026-10-06T11:20:00,UP
MOV-001570,TRN-12021,SEC-RKMP-BPL,2026-10-06T06:30:00,2026-10-06T06:53:00,UP
MOV-001571,TRN-12048,SEC-RKMP-BPL,2026-10-06T02:15:00,2026-10-06T02:31:00,DOWN
MOV-001572,TRN-12012,SEC-RKMP-BPL,2026-10-06T19:00:00,2026-10-06T19:21:00,DOWN
MOV-001573,TRN-12050,SEC-RKMP-BPL,2026-10-06T04:00:00,2026-10-06T04:32:00,UP
MOV-001574,TRN-12013,SEC-RKMP-BPL,2026-10-06T17:00:00,2026-10-06T17:32:00,DOWN
MOV-001575,TRN-12052,SEC-RKMP-BPL,2026-10-06T07:00:00,2026-10-06T07:23:00,UP
MOV-001576,TRN-12058,SEC-RKMP-BPL,2026-10-06T15:45:00,2026-10-06T16:15:00,DOWN
MOV-001577,TRN-12007,SEC-RKMP-BPL,2026-10-06T01:00:00,2026-10-06T01:26:00,UP
MOV-001578,TRN-12060,SEC-RKMP-BPL,2026-10-06T03:45:00,2026-10-06T04:13:00,UP
MOV-001579,TRN-12004,SEC-RKMP-BPL,2026-10-06T09:15:00,2026-10-06T09:36:00,DOWN
MOV-001580,TRN-12008,SEC-RKMP-BPL,2026-10-06T03:30:00,2026-10-06T04:04:00,UP
MOV-001581,TRN-12056,SEC-RKMP-BPL,2026-10-06T08:15:00,2026-10-06T08:31:00,UP
MOV-001582,TRN-12030,SEC-RKMP-BPL,2026-10-06T15:00:00,2026-10-06T15:18:00,UP
MOV-001583,TRN-12005,SEC-RKMP-BPL,2026-10-06T03:30:00,2026-10-06T04:04:00,DOWN
MOV-001584,TRN-12009,SEC-RKMP-BPL,2026-10-06T23:30:00,2026-10-06T23:59:00,UP
MOV-001585,TRN-12035,SEC-RKMP-BPL,2026-10-06T01:30:00,2026-10-06T01:49:00,DOWN
MOV-001586,TRN-12004,SEC-RKMP-BPL,2026-10-06T15:00:00,2026-10-06T15:28:00,UP
MOV-001587,TRN-12059,SEC-RKMP-BPL,2026-10-06T15:15:00,2026-10-06T15:31:00,DOWN
MOV-001588,TRN-12027,SEC-RKMP-BPL,2026-10-06T01:30:00,2026-10-06T01:49:00,UP
MOV-001589,TRN-12001,SEC-RKMP-BPL,2026-10-06T08:00:00,2026-10-06T08:16:00,UP
MOV-001590,TRN-12014,SEC-RKMP-BPL,2026-10-06T03:15:00,2026-10-06T03:31:00,DOWN
MOV-001591,TRN-12029,SEC-RKMP-BPL,2026-10-06T23:45:00,2026-10-07T00:19:00,DOWN
MOV-001592,TRN-12026,SEC-RKMP-BPL,2026-10-06T17:00:00,2026-10-06T17:31:00,UP
MOV-001593,TRN-12001,SEC-RKMP-BPL,2026-10-06T05:00:00,2026-10-06T05:15:00,DOWN
MOV-001594,TRN-12006,SEC-RKMP-BPL,2026-10-06T20:15:00,2026-10-06T20:44:00,UP
MOV-001595,TRN-12008,SEC-RKMP-BPL,2026-10-06T04:30:00,2026-10-06T04:59:00,UP
MOV-001596,TRN-12057,SEC-RKMP-BPL,2026-10-07T20:15:00,2026-10-07T20:34:00,UP
MOV-001597,TRN-12033,SEC-RKMP-BPL,2026-10-07T13:00:00,2026-10-07T13:16:00,UP
MOV-001598,TRN-12048,SEC-RKMP-BPL,2026-10-07T03:15:00,2026-10-07T03:33:00,UP
MOV-001599,TRN-12037,SEC-RKMP-BPL,2026-10-07T06:15:00,2026-10-07T06:49:00,UP
MOV-001600,TRN-12012,SEC-RKMP-BPL,2026-10-07T22:30:00,2026-10-07T22:45:00,UP
MOV-001601,TRN-12034,SEC-RKMP-BPL,2026-10-07T06:30:00,2026-10-07T06:57:00,UP
MOV-001602,TRN-12049,SEC-RKMP-BPL,2026-10-07T10:45:00,2026-10-07T11:01:00,UP
MOV-001603,TRN-12044,SEC-RKMP-BPL,2026-10-07T21:00:00,2026-10-07T21:34:00,UP
MOV-001604,TRN-12025,SEC-RKMP-BPL,2026-10-07T07:15:00,2026-10-07T07:48:00,DOWN
MOV-001605,TRN-12048,SEC-RKMP-BPL,2026-10-07T06:45:00,2026-10-07T07:08:00,DOWN
MOV-001606,TRN-12042,SEC-RKMP-BPL,2026-10-07T15:30:00,2026-10-07T15:54:00,DOWN
MOV-001607,TRN-12055,SEC-RKMP-BPL,2026-10-07T09:30:00,2026-10-07T09:48:00,UP
MOV-001608,TRN-12047,SEC-RKMP-BPL,2026-10-07T15:00:00,2026-10-07T15:25:00,DOWN
MOV-001609,TRN-12008,SEC-RKMP-BPL,2026-10-07T01:15:00,2026-10-07T01:43:00,UP
MOV-001610,TRN-12050,SEC-RKMP-BPL,2026-10-07T20:30:00,2026-10-07T20:52:00,UP
MOV-001611,TRN-12050,SEC-RKMP-BPL,2026-10-07T21:15:00,2026-10-07T21:40:00,DOWN
MOV-001612,TRN-12042,SEC-RKMP-BPL,2026-10-07T03:30:00,2026-10-07T04:03:00,DOWN
MOV-001613,TRN-12029,SEC-RKMP-BPL,2026-10-07T12:15:00,2026-10-07T12:43:00,UP
MOV-001614,TRN-12021,SEC-RKMP-BPL,2026-10-07T06:15:00,2026-10-07T06:37:00,UP
MOV-001615,TRN-12044,SEC-RKMP-BPL,2026-10-07T10:45:00,2026-10-07T11:03:00,DOWN
MOV-001616,TRN-12011,SEC-RKMP-BPL,2026-10-07T13:15:00,2026-10-07T13:38:00,DOWN
MOV-001617,TRN-12050,SEC-RKMP-BPL,2026-10-07T07:45:00,2026-10-07T08:03:00,UP
MOV-001618,TRN-12019,SEC-RKMP-BPL,2026-10-07T22:00:00,2026-10-07T22:22:00,UP
MOV-001619,TRN-12049,SEC-RKMP-BPL,2026-10-07T11:45:00,2026-10-07T12:14:00,DOWN
MOV-001620,TRN-12046,SEC-RKMP-BPL,2026-10-07T03:15:00,2026-10-07T03:41:00,UP
MOV-001621,TRN-12008,SEC-RKMP-BPL,2026-10-07T03:45:00,2026-10-07T04:13:00,UP
MOV-001622,TRN-12045,SEC-RKMP-BPL,2026-10-07T16:45:00,2026-10-07T17:18:00,DOWN
MOV-001623,TRN-12011,SEC-RKMP-BPL,2026-10-07T18:15:00,2026-10-07T18:38:00,DOWN
MOV-001624,TRN-12037,SEC-RKMP-BPL,2026-10-07T10:45:00,2026-10-07T11:03:00,UP
MOV-001625,TRN-12002,SEC-RKMP-BPL,2026-10-07T19:15:00,2026-10-07T19:38:00,DOWN
MOV-001626,TRN-12027,SEC-RKMP-BPL,2026-10-07T13:00:00,2026-10-07T13:18:00,DOWN
MOV-001627,TRN-12028,SEC-RKMP-BPL,2026-10-07T04:15:00,2026-10-07T04:36:00,UP
MOV-001628,TRN-12018,SEC-RKMP-BPL,2026-10-07T17:00:00,2026-10-07T17:21:00,UP
MOV-001629,TRN-12033,SEC-RKMP-BPL,2026-10-07T21:45:00,2026-10-07T22:05:00,DOWN
MOV-001630,TRN-12002,SEC-RKMP-BPL,2026-10-07T14:00:00,2026-10-07T14:16:00,DOWN
MOV-001631,TRN-12011,SEC-RKMP-BPL,2026-10-07T11:00:00,2026-10-07T11:29:00,DOWN
MOV-001632,TRN-12035,SEC-RKMP-BPL,2026-10-07T20:15:00,2026-10-07T20:33:00,UP
MOV-001633,TRN-12014,SEC-RKMP-BPL,2026-10-07T04:15:00,2026-10-07T04:34:00,DOWN
MOV-001634,TRN-12009,SEC-RKMP-BPL,2026-10-07T14:15:00,2026-10-07T14:43:00,DOWN
MOV-001635,TRN-12055,SEC-RKMP-BPL,2026-10-07T10:15:00,2026-10-07T10:41:00,DOWN
MOV-001636,TRN-12027,SEC-RKMP-BPL,2026-10-07T13:15:00,2026-10-07T13:36:00,UP
MOV-001637,TRN-12055,SEC-RKMP-BPL,2026-10-07T16:00:00,2026-10-07T16:34:00,DOWN
MOV-001638,TRN-12004,SEC-RKMP-BPL,2026-10-07T17:30:00,2026-10-07T18:03:00,UP
MOV-001639,TRN-12032,SEC-RKMP-BPL,2026-10-07T07:15:00,2026-10-07T07:42:00,DOWN
MOV-001640,TRN-12054,SEC-RKMP-BPL,2026-10-07T18:30:00,2026-10-07T18:55:00,UP
MOV-001641,TRN-12047,SEC-RKMP-BPL,2026-10-07T07:15:00,2026-10-07T07:47:00,DOWN
MOV-001642,TRN-12022,SEC-RKMP-BPL,2026-10-07T20:45:00,2026-10-07T21:06:00,DOWN
MOV-001643,TRN-12030,SEC-RKMP-BPL,2026-10-07T16:45:00,2026-10-07T17:10:00,DOWN
MOV-001644,TRN-12036,SEC-RKMP-BPL,2026-10-07T21:15:00,2026-10-07T21:37:00,UP
MOV-001645,TRN-12060,SEC-RKMP-BPL,2026-10-07T14:00:00,2026-10-07T14:15:00,DOWN
MOV-001646,TRN-12049,SEC-RKMP-BPL,2026-10-07T11:30:00,2026-10-07T12:00:00,DOWN
MOV-001647,TRN-12055,SEC-RKMP-BPL,2026-10-07T15:30:00,2026-10-07T16:00:00,DOWN
MOV-001648,TRN-12004,SEC-RKMP-BPL,2026-10-07T10:00:00,2026-10-07T10:25:00,UP
MOV-001649,TRN-12031,SEC-RKMP-BPL,2026-10-07T08:00:00,2026-10-07T08:17:00,DOWN
MOV-001650,TRN-12005,SEC-RKMP-BPL,2026-10-07T20:45:00,2026-10-07T21:14:00,UP
MOV-001651,TRN-12039,SEC-RKMP-BPL,2026-10-08T09:00:00,2026-10-08T09:25:00,DOWN
MOV-001652,TRN-12003,SEC-RKMP-BPL,2026-10-08T01:15:00,2026-10-08T01:40:00,UP
MOV-001653,TRN-12026,SEC-RKMP-BPL,2026-10-08T06:00:00,2026-10-08T06:15:00,UP
MOV-001654,TRN-12042,SEC-RKMP-BPL,2026-10-08T18:15:00,2026-10-08T18:31:00,UP
MOV-001655,TRN-12060,SEC-RKMP-BPL,2026-10-08T05:15:00,2026-10-08T05:40:00,UP
MOV-001656,TRN-12027,SEC-RKMP-BPL,2026-10-08T11:15:00,2026-10-08T11:44:00,DOWN
MOV-001657,TRN-12004,SEC-RKMP-BPL,2026-10-08T00:15:00,2026-10-08T00:48:00,UP
MOV-001658,TRN-12005,SEC-RKMP-BPL,2026-10-08T16:15:00,2026-10-08T16:34:00,UP
MOV-001659,TRN-12040,SEC-RKMP-BPL,2026-10-08T12:30:00,2026-10-08T12:50:00,DOWN
MOV-001660,TRN-12052,SEC-RKMP-BPL,2026-10-08T07:15:00,2026-10-08T07:33:00,DOWN
MOV-001661,TRN-12002,SEC-RKMP-BPL,2026-10-08T05:30:00,2026-10-08T05:45:00,DOWN
MOV-001662,TRN-12025,SEC-RKMP-BPL,2026-10-08T09:30:00,2026-10-08T09:57:00,UP
MOV-001663,TRN-12054,SEC-RKMP-BPL,2026-10-08T23:00:00,2026-10-08T23:29:00,UP
MOV-001664,TRN-12060,SEC-RKMP-BPL,2026-10-08T06:15:00,2026-10-08T06:44:00,DOWN
MOV-001665,TRN-12008,SEC-RKMP-BPL,2026-10-08T13:15:00,2026-10-08T13:42:00,DOWN
MOV-001666,TRN-12060,SEC-RKMP-BPL,2026-10-08T22:30:00,2026-10-08T22:58:00,DOWN
MOV-001667,TRN-12012,SEC-RKMP-BPL,2026-10-08T17:45:00,2026-10-08T18:02:00,DOWN
MOV-001668,TRN-12042,SEC-RKMP-BPL,2026-10-08T08:15:00,2026-10-08T08:39:00,DOWN
MOV-001669,TRN-12059,SEC-RKMP-BPL,2026-10-08T19:30:00,2026-10-08T19:47:00,DOWN
MOV-001670,TRN-12009,SEC-RKMP-BPL,2026-10-08T04:00:00,2026-10-08T04:33:00,UP
MOV-001671,TRN-12015,SEC-RKMP-BPL,2026-10-08T01:15:00,2026-10-08T01:44:00,DOWN
MOV-001672,TRN-12034,SEC-RKMP-BPL,2026-10-08T14:45:00,2026-10-08T15:18:00,UP
MOV-001673,TRN-12060,SEC-RKMP-BPL,2026-10-08T12:45:00,2026-10-08T13:02:00,UP
MOV-001674,TRN-12054,SEC-RKMP-BPL,2026-10-08T16:00:00,2026-10-08T16:32:00,UP
MOV-001675,TRN-12041,SEC-RKMP-BPL,2026-10-08T04:00:00,2026-10-08T04:31:00,DOWN
MOV-001676,TRN-12007,SEC-RKMP-BPL,2026-10-08T02:30:00,2026-10-08T02:45:00,DOWN
MOV-001677,TRN-12055,SEC-RKMP-BPL,2026-10-08T18:00:00,2026-10-08T18:18:00,DOWN
MOV-001678,TRN-12004,SEC-RKMP-BPL,2026-10-08T12:15:00,2026-10-08T12:44:00,UP
MOV-001679,TRN-12046,SEC-RKMP-BPL,2026-10-08T16:00:00,2026-10-08T16:22:00,UP
MOV-001680,TRN-12027,SEC-RKMP-BPL,2026-10-08T06:00:00,2026-10-08T06:26:00,DOWN
MOV-001681,TRN-12006,SEC-RKMP-BPL,2026-10-08T04:00:00,2026-10-08T04:28:00,UP
MOV-001682,TRN-12005,SEC-RKMP-BPL,2026-10-08T04:45:00,2026-10-08T05:05:00,DOWN
MOV-001683,TRN-12029,SEC-RKMP-BPL,2026-10-08T04:15:00,2026-10-08T04:30:00,DOWN
MOV-001684,TRN-12021,SEC-RKMP-BPL,2026-10-08T11:00:00,2026-10-08T11:31:00,UP
MOV-001685,TRN-12034,SEC-RKMP-BPL,2026-10-08T20:30:00,2026-10-08T20:57:00,DOWN
MOV-001686,TRN-12011,SEC-RKMP-BPL,2026-10-08T23:30:00,2026-10-08T23:53:00,UP
MOV-001687,TRN-12045,SEC-RKMP-BPL,2026-10-08T23:30:00,2026-10-08T23:45:00,UP
MOV-001688,TRN-12044,SEC-RKMP-BPL,2026-10-08T09:45:00,2026-10-08T10:14:00,UP
MOV-001689,TRN-12034,SEC-RKMP-BPL,2026-10-08T04:15:00,2026-10-08T04:37:00,DOWN
MOV-001690,TRN-12053,SEC-RKMP-BPL,2026-10-08T11:30:00,2026-10-08T11:57:00,DOWN
MOV-001691,TRN-12039,SEC-RKMP-BPL,2026-10-08T18:45:00,2026-10-08T19:16:00,UP
MOV-001692,TRN-12029,SEC-RKMP-BPL,2026-10-08T11:30:00,2026-10-08T11:55:00,DOWN
MOV-001693,TRN-12026,SEC-RKMP-BPL,2026-10-08T06:15:00,2026-10-08T06:47:00,UP
MOV-001694,TRN-12002,SEC-RKMP-BPL,2026-10-08T23:00:00,2026-10-08T23:27:00,DOWN
MOV-001695,TRN-12017,SEC-RKMP-BPL,2026-10-08T08:15:00,2026-10-08T08:32:00,UP
MOV-001696,TRN-12012,SEC-RKMP-BPL,2026-10-08T10:30:00,2026-10-08T10:45:00,DOWN
MOV-001697,TRN-12041,SEC-RKMP-BPL,2026-10-08T01:45:00,2026-10-08T02:00:00,DOWN
MOV-001698,TRN-12028,SEC-RKMP-BPL,2026-10-08T12:45:00,2026-10-08T13:18:00,UP
MOV-001699,TRN-12035,SEC-RKMP-BPL,2026-10-08T23:30:00,2026-10-09T00:02:00,UP
MOV-001700,TRN-12017,SEC-RKMP-BPL,2026-10-08T12:45:00,2026-10-08T13:18:00,DOWN
MOV-001701,TRN-12043,SEC-RKMP-BPL,2026-10-08T12:15:00,2026-10-08T12:38:00,UP
MOV-001702,TRN-12049,SEC-RKMP-BPL,2026-10-08T13:45:00,2026-10-08T14:00:00,DOWN
MOV-001703,TRN-12031,SEC-RKMP-BPL,2026-10-08T23:15:00,2026-10-08T23:39:00,UP
MOV-001704,TRN-12049,SEC-RKMP-BPL,2026-10-08T16:45:00,2026-10-08T17:01:00,UP
MOV-001705,TRN-12053,SEC-RKMP-BPL,2026-10-08T01:30:00,2026-10-08T01:53:00,DOWN
MOV-001706,TRN-12052,SEC-RKMP-BPL,2026-10-08T21:15:00,2026-10-08T21:41:00,DOWN
MOV-001707,TRN-12059,SEC-RKMP-BPL,2026-10-08T00:45:00,2026-10-08T01:07:00,UP
MOV-001708,TRN-12037,SEC-RKMP-BPL,2026-10-08T18:00:00,2026-10-08T18:15:00,DOWN
MOV-001709,TRN-12057,SEC-RKMP-BPL,2026-10-08T03:45:00,2026-10-08T04:18:00,DOWN
MOV-001710,TRN-12013,SEC-RKMP-BPL,2026-10-08T13:45:00,2026-10-08T14:18:00,DOWN
MOV-001711,TRN-12012,SEC-RKMP-BPL,2026-10-08T02:15:00,2026-10-08T02:31:00,UP
MOV-001712,TRN-12046,SEC-RKMP-BPL,2026-10-09T14:30:00,2026-10-09T15:01:00,UP
MOV-001713,TRN-12025,SEC-RKMP-BPL,2026-10-09T04:15:00,2026-10-09T04:33:00,DOWN
MOV-001714,TRN-12060,SEC-RKMP-BPL,2026-10-09T12:15:00,2026-10-09T12:43:00,DOWN
MOV-001715,TRN-12029,SEC-RKMP-BPL,2026-10-09T06:30:00,2026-10-09T06:48:00,DOWN
MOV-001716,TRN-12020,SEC-RKMP-BPL,2026-10-09T08:30:00,2026-10-09T08:45:00,UP
MOV-001717,TRN-12008,SEC-RKMP-BPL,2026-10-09T09:30:00,2026-10-09T09:48:00,UP
MOV-001718,TRN-12047,SEC-RKMP-BPL,2026-10-09T22:00:00,2026-10-09T22:27:00,UP
MOV-001719,TRN-12032,SEC-RKMP-BPL,2026-10-09T21:45:00,2026-10-09T22:04:00,UP
MOV-001720,TRN-12048,SEC-RKMP-BPL,2026-10-09T19:15:00,2026-10-09T19:30:00,UP
MOV-001721,TRN-12038,SEC-RKMP-BPL,2026-10-09T10:45:00,2026-10-09T11:16:00,DOWN
MOV-001722,TRN-12002,SEC-RKMP-BPL,2026-10-09T20:45:00,2026-10-09T21:07:00,DOWN
MOV-001723,TRN-12050,SEC-RKMP-BPL,2026-10-09T21:30:00,2026-10-09T21:45:00,DOWN
MOV-001724,TRN-12041,SEC-RKMP-BPL,2026-10-09T01:45:00,2026-10-09T02:04:00,DOWN
MOV-001725,TRN-12034,SEC-RKMP-BPL,2026-10-09T07:00:00,2026-10-09T07:15:00,DOWN
MOV-001726,TRN-12023,SEC-RKMP-BPL,2026-10-09T20:00:00,2026-10-09T20:33:00,DOWN
MOV-001727,TRN-12007,SEC-RKMP-BPL,2026-10-09T15:45:00,2026-10-09T16:06:00,UP
MOV-001728,TRN-12053,SEC-RKMP-BPL,2026-10-09T11:00:00,2026-10-09T11:31:00,DOWN
MOV-001729,TRN-12005,SEC-RKMP-BPL,2026-10-09T06:00:00,2026-10-09T06:34:00,UP
MOV-001730,TRN-12048,SEC-RKMP-BPL,2026-10-09T12:30:00,2026-10-09T13:01:00,DOWN
MOV-001731,TRN-12008,SEC-RKMP-BPL,2026-10-09T00:00:00,2026-10-09T00:28:00,DOWN
MOV-001732,TRN-12006,SEC-RKMP-BPL,2026-10-09T05:30:00,2026-10-09T05:59:00,UP
MOV-001733,TRN-12057,SEC-RKMP-BPL,2026-10-09T23:45:00,2026-10-10T00:09:00,DOWN
MOV-001734,TRN-12044,SEC-RKMP-BPL,2026-10-09T12:15:00,2026-10-09T12:46:00,DOWN
MOV-001735,TRN-12011,SEC-RKMP-BPL,2026-10-09T23:00:00,2026-10-09T23:28:00,DOWN
MOV-001736,TRN-12036,SEC-RKMP-BPL,2026-10-09T01:15:00,2026-10-09T01:47:00,UP
MOV-001737,TRN-12042,SEC-RKMP-BPL,2026-10-09T20:45:00,2026-10-09T21:10:00,UP
MOV-001738,TRN-12042,SEC-RKMP-BPL,2026-10-09T11:30:00,2026-10-09T11:59:00,DOWN
MOV-001739,TRN-12015,SEC-RKMP-BPL,2026-10-09T18:30:00,2026-10-09T19:03:00,DOWN
MOV-001740,TRN-12054,SEC-RKMP-BPL,2026-10-09T23:45:00,2026-10-10T00:14:00,DOWN
MOV-001741,TRN-12008,SEC-RKMP-BPL,2026-10-09T09:15:00,2026-10-09T09:45:00,DOWN
MOV-001742,TRN-12027,SEC-RKMP-BPL,2026-10-09T03:30:00,2026-10-09T03:53:00,UP
MOV-001743,TRN-12018,SEC-RKMP-BPL,2026-10-09T21:00:00,2026-10-09T21:23:00,DOWN
MOV-001744,TRN-12006,SEC-RKMP-BPL,2026-10-09T03:45:00,2026-10-09T04:11:00,UP
MOV-001745,TRN-12011,SEC-RKMP-BPL,2026-10-09T10:30:00,2026-10-09T10:59:00,UP
MOV-001746,TRN-12044,SEC-RKMP-BPL,2026-10-09T21:00:00,2026-10-09T21:15:00,DOWN
MOV-001747,TRN-12032,SEC-RKMP-BPL,2026-10-09T18:15:00,2026-10-09T18:35:00,UP
MOV-001748,TRN-12014,SEC-RKMP-BPL,2026-10-09T11:00:00,2026-10-09T11:31:00,DOWN
MOV-001749,TRN-12055,SEC-RKMP-BPL,2026-10-09T12:15:00,2026-10-09T12:40:00,UP
MOV-001750,TRN-12050,SEC-RKMP-BPL,2026-10-09T17:00:00,2026-10-09T17:26:00,DOWN
MOV-001751,TRN-12013,SEC-RKMP-BPL,2026-10-09T02:45:00,2026-10-09T03:05:00,DOWN
MOV-001752,TRN-12015,SEC-RKMP-BPL,2026-10-09T15:00:00,2026-10-09T15:22:00,DOWN
MOV-001753,TRN-12027,SEC-RKMP-BPL,2026-10-09T14:00:00,2026-10-09T14:23:00,DOWN
MOV-001754,TRN-12021,SEC-RKMP-BPL,2026-10-09T03:45:00,2026-10-09T04:15:00,DOWN
MOV-001755,TRN-12048,SEC-RKMP-BPL,2026-10-09T18:30:00,2026-10-09T18:55:00,UP
MOV-001756,TRN-12036,SEC-RKMP-BPL,2026-10-09T06:45:00,2026-10-09T07:09:00,DOWN
MOV-001757,TRN-12036,SEC-RKMP-BPL,2026-10-09T13:45:00,2026-10-09T14:09:00,UP
MOV-001758,TRN-12023,SEC-RKMP-BPL,2026-10-09T21:45:00,2026-10-09T22:03:00,UP
MOV-001759,TRN-12023,SEC-RKMP-BPL,2026-10-09T15:00:00,2026-10-09T15:29:00,DOWN
MOV-001760,TRN-12014,SEC-RKMP-BPL,2026-10-09T03:30:00,2026-10-09T03:50:00,DOWN
MOV-001761,TRN-12047,SEC-RKMP-BPL,2026-10-09T22:30:00,2026-10-09T23:03:00,UP
MOV-001762,TRN-12018,SEC-RKMP-BPL,2026-10-09T00:30:00,2026-10-09T00:55:00,UP
MOV-001763,TRN-12039,SEC-RKMP-BPL,2026-10-10T04:30:00,2026-10-10T04:57:00,UP
MOV-001764,TRN-12014,SEC-RKMP-BPL,2026-10-10T08:30:00,2026-10-10T08:50:00,UP
MOV-001765,TRN-12033,SEC-RKMP-BPL,2026-10-10T04:30:00,2026-10-10T04:47:00,UP
MOV-001766,TRN-12015,SEC-RKMP-BPL,2026-10-10T06:00:00,2026-10-10T06:34:00,UP
MOV-001767,TRN-12049,SEC-RKMP-BPL,2026-10-10T21:45:00,2026-10-10T22:16:00,UP
MOV-001768,TRN-12023,SEC-RKMP-BPL,2026-10-10T17:30:00,2026-10-10T17:45:00,DOWN
MOV-001769,TRN-12049,SEC-RKMP-BPL,2026-10-10T19:15:00,2026-10-10T19:34:00,UP
MOV-001770,TRN-12018,SEC-RKMP-BPL,2026-10-10T08:15:00,2026-10-10T08:39:00,UP
MOV-001771,TRN-12017,SEC-RKMP-BPL,2026-10-10T07:00:00,2026-10-10T07:32:00,DOWN
MOV-001772,TRN-12055,SEC-RKMP-BPL,2026-10-10T13:00:00,2026-10-10T13:33:00,UP
MOV-001773,TRN-12042,SEC-RKMP-BPL,2026-10-10T09:15:00,2026-10-10T09:39:00,UP
MOV-001774,TRN-12034,SEC-RKMP-BPL,2026-10-10T17:00:00,2026-10-10T17:17:00,DOWN
MOV-001775,TRN-12035,SEC-RKMP-BPL,2026-10-10T23:30:00,2026-10-10T23:58:00,DOWN
MOV-001776,TRN-12040,SEC-RKMP-BPL,2026-10-10T07:30:00,2026-10-10T07:49:00,UP
MOV-001777,TRN-12041,SEC-RKMP-BPL,2026-10-10T03:30:00,2026-10-10T03:56:00,UP
MOV-001778,TRN-12003,SEC-RKMP-BPL,2026-10-10T16:45:00,2026-10-10T17:14:00,UP
MOV-001779,TRN-12040,SEC-RKMP-BPL,2026-10-10T09:15:00,2026-10-10T09:36:00,UP
MOV-001780,TRN-12059,SEC-RKMP-BPL,2026-10-10T15:00:00,2026-10-10T15:32:00,UP
MOV-001781,TRN-12036,SEC-RKMP-BPL,2026-10-10T03:15:00,2026-10-10T03:43:00,DOWN
MOV-001782,TRN-12060,SEC-RKMP-BPL,2026-10-10T21:00:00,2026-10-10T21:16:00,DOWN
MOV-001783,TRN-12056,SEC-RKMP-BPL,2026-10-10T06:00:00,2026-10-10T06:27:00,UP
MOV-001784,TRN-12003,SEC-RKMP-BPL,2026-10-10T22:15:00,2026-10-10T22:32:00,DOWN
MOV-001785,TRN-12023,SEC-RKMP-BPL,2026-10-10T12:45:00,2026-10-10T13:04:00,DOWN
MOV-001786,TRN-12050,SEC-RKMP-BPL,2026-10-10T10:45:00,2026-10-10T11:08:00,UP
MOV-001787,TRN-12054,SEC-RKMP-BPL,2026-10-10T15:45:00,2026-10-10T16:15:00,DOWN
MOV-001788,TRN-12015,SEC-RKMP-BPL,2026-10-10T09:45:00,2026-10-10T10:12:00,UP
MOV-001789,TRN-12020,SEC-RKMP-BPL,2026-10-10T18:00:00,2026-10-10T18:17:00,DOWN
MOV-001790,TRN-12018,SEC-RKMP-BPL,2026-10-10T18:30:00,2026-10-10T19:04:00,DOWN
MOV-001791,TRN-12053,SEC-RKMP-BPL,2026-10-10T20:00:00,2026-10-10T20:34:00,DOWN
MOV-001792,TRN-12007,SEC-RKMP-BPL,2026-10-10T00:15:00,2026-10-10T00:30:00,UP
MOV-001793,TRN-12060,SEC-RKMP-BPL,2026-10-10T11:00:00,2026-10-10T11:24:00,UP
MOV-001794,TRN-12052,SEC-RKMP-BPL,2026-10-10T02:45:00,2026-10-10T03:08:00,UP
MOV-001795,TRN-12041,SEC-RKMP-BPL,2026-10-10T10:45:00,2026-10-10T11:12:00,DOWN
MOV-001796,TRN-12028,SEC-RKMP-BPL,2026-10-10T00:00:00,2026-10-10T00:24:00,UP
MOV-001797,TRN-12048,SEC-RKMP-BPL,2026-10-10T09:45:00,2026-10-10T10:03:00,UP
MOV-001798,TRN-12046,SEC-RKMP-BPL,2026-10-10T02:15:00,2026-10-10T02:45:00,DOWN
MOV-001799,TRN-12047,SEC-RKMP-BPL,2026-10-10T12:45:00,2026-10-10T13:17:00,DOWN
MOV-001800,TRN-12008,SEC-RKMP-BPL,2026-10-10T14:00:00,2026-10-10T14:19:00,UP
MOV-001801,TRN-12039,SEC-RKMP-BPL,2026-10-10T10:45:00,2026-10-10T11:05:00,DOWN
MOV-001802,TRN-12046,SEC-RKMP-BPL,2026-10-10T23:00:00,2026-10-10T23:29:00,UP
MOV-001803,TRN-12033,SEC-RKMP-BPL,2026-10-10T09:45:00,2026-10-10T10:15:00,DOWN
MOV-001804,TRN-12052,SEC-RKMP-BPL,2026-10-10T09:30:00,2026-10-10T09:45:00,DOWN
MOV-001805,TRN-12003,SEC-RKMP-BPL,2026-10-10T17:45:00,2026-10-10T18:13:00,DOWN
MOV-001806,TRN-12015,SEC-RKMP-BPL,2026-10-10T23:30:00,2026-10-10T23:58:00,DOWN
MOV-001807,TRN-12039,SEC-RKMP-BPL,2026-10-10T07:30:00,2026-10-10T07:58:00,DOWN
MOV-001808,TRN-12029,SEC-RKMP-BPL,2026-10-10T12:30:00,2026-10-10T12:47:00,UP
MOV-001809,TRN-12002,SEC-RKMP-BPL,2026-10-10T15:15:00,2026-10-10T15:47:00,DOWN
MOV-001810,TRN-12009,SEC-RKMP-BPL,2026-10-10T02:15:00,2026-10-10T02:48:00,UP
MOV-001811,TRN-12012,SEC-RKMP-BPL,2026-10-10T00:15:00,2026-10-10T00:49:00,DOWN
MOV-001812,TRN-12030,SEC-RKMP-BPL,2026-10-10T03:15:00,2026-10-10T03:40:00,UP
MOV-001813,TRN-12043,SEC-RKMP-BPL,2026-10-10T23:00:00,2026-10-10T23:20:00,UP
MOV-001814,TRN-12044,SEC-RKMP-BPL,2026-10-10T11:15:00,2026-10-10T11:34:00,UP
MOV-001815,TRN-12029,SEC-RKMP-BPL,2026-10-10T16:00:00,2026-10-10T16:15:00,UP
MOV-001816,TRN-12041,SEC-RKMP-BPL,2026-10-10T08:15:00,2026-10-10T08:33:00,DOWN
MOV-001817,TRN-12047,SEC-RKMP-BPL,2026-10-11T12:30:00,2026-10-11T12:52:00,UP
MOV-001818,TRN-12023,SEC-RKMP-BPL,2026-10-11T16:30:00,2026-10-11T17:04:00,DOWN
MOV-001819,TRN-12015,SEC-RKMP-BPL,2026-10-11T00:15:00,2026-10-11T00:47:00,DOWN
MOV-001820,TRN-12006,SEC-RKMP-BPL,2026-10-11T03:30:00,2026-10-11T03:58:00,DOWN
MOV-001821,TRN-12046,SEC-RKMP-BPL,2026-10-11T05:00:00,2026-10-11T05:27:00,DOWN
MOV-001822,TRN-12056,SEC-RKMP-BPL,2026-10-11T13:30:00,2026-10-11T13:51:00,UP
MOV-001823,TRN-12053,SEC-RKMP-BPL,2026-10-11T19:00:00,2026-10-11T19:29:00,UP
MOV-001824,TRN-12027,SEC-RKMP-BPL,2026-10-11T20:45:00,2026-10-11T21:03:00,UP
MOV-001825,TRN-12050,SEC-RKMP-BPL,2026-10-11T22:00:00,2026-10-11T22:31:00,UP
MOV-001826,TRN-12036,SEC-RKMP-BPL,2026-10-11T01:30:00,2026-10-11T01:58:00,DOWN
MOV-001827,TRN-12048,SEC-RKMP-BPL,2026-10-11T22:45:00,2026-10-11T23:14:00,DOWN
MOV-001828,TRN-12041,SEC-RKMP-BPL,2026-10-11T16:30:00,2026-10-11T17:00:00,UP
MOV-001829,TRN-12031,SEC-RKMP-BPL,2026-10-11T10:45:00,2026-10-11T11:01:00,DOWN
MOV-001830,TRN-12012,SEC-RKMP-BPL,2026-10-11T21:45:00,2026-10-11T22:04:00,DOWN
MOV-001831,TRN-12030,SEC-RKMP-BPL,2026-10-11T23:30:00,2026-10-11T23:45:00,UP
MOV-001832,TRN-12025,SEC-RKMP-BPL,2026-10-11T05:00:00,2026-10-11T05:34:00,DOWN
MOV-001833,TRN-12027,SEC-RKMP-BPL,2026-10-11T05:00:00,2026-10-11T05:33:00,UP
MOV-001834,TRN-12001,SEC-RKMP-BPL,2026-10-11T09:15:00,2026-10-11T09:42:00,UP
MOV-001835,TRN-12056,SEC-RKMP-BPL,2026-10-11T15:45:00,2026-10-11T16:07:00,DOWN
MOV-001836,TRN-12022,SEC-RKMP-BPL,2026-10-11T16:30:00,2026-10-11T16:51:00,DOWN
MOV-001837,TRN-12052,SEC-RKMP-BPL,2026-10-11T21:00:00,2026-10-11T21:29:00,UP
MOV-001838,TRN-12007,SEC-RKMP-BPL,2026-10-11T23:00:00,2026-10-11T23:32:00,UP
MOV-001839,TRN-12019,SEC-RKMP-BPL,2026-10-11T01:30:00,2026-10-11T01:59:00,UP
MOV-001840,TRN-12049,SEC-RKMP-BPL,2026-10-11T07:30:00,2026-10-11T07:50:00,DOWN
MOV-001841,TRN-12009,SEC-RKMP-BPL,2026-10-11T11:30:00,2026-10-11T11:56:00,UP
MOV-001842,TRN-12039,SEC-RKMP-BPL,2026-10-11T12:15:00,2026-10-11T12:34:00,DOWN
MOV-001843,TRN-12057,SEC-RKMP-BPL,2026-10-11T18:30:00,2026-10-11T19:03:00,DOWN
MOV-001844,TRN-12031,SEC-RKMP-BPL,2026-10-11T02:30:00,2026-10-11T02:57:00,UP
MOV-001845,TRN-12051,SEC-RKMP-BPL,2026-10-11T20:15:00,2026-10-11T20:39:00,UP
MOV-001846,TRN-12011,SEC-RKMP-BPL,2026-10-11T06:15:00,2026-10-11T06:35:00,UP
MOV-001847,TRN-12027,SEC-RKMP-BPL,2026-10-11T14:15:00,2026-10-11T14:40:00,UP
MOV-001848,TRN-12043,SEC-RKMP-BPL,2026-10-11T15:45:00,2026-10-11T16:01:00,DOWN
MOV-001849,TRN-12021,SEC-RKMP-BPL,2026-10-11T01:30:00,2026-10-11T01:48:00,UP
MOV-001850,TRN-12059,SEC-RKMP-BPL,2026-10-11T05:30:00,2026-10-11T05:49:00,UP
MOV-001851,TRN-12001,SEC-RKMP-BPL,2026-10-11T00:15:00,2026-10-11T00:38:00,UP
MOV-001852,TRN-12021,SEC-RKMP-BPL,2026-10-11T06:30:00,2026-10-11T07:04:00,DOWN
MOV-001853,TRN-12056,SEC-RKMP-BPL,2026-10-11T04:00:00,2026-10-11T04:30:00,UP
MOV-001854,TRN-12051,SEC-RKMP-BPL,2026-10-11T11:00:00,2026-10-11T11:31:00,DOWN
MOV-001855,TRN-12049,SEC-RKMP-BPL,2026-10-11T10:00:00,2026-10-11T10:28:00,UP
MOV-001856,TRN-12040,SEC-RKMP-BPL,2026-10-11T10:45:00,2026-10-11T11:17:00,UP
MOV-001857,TRN-12053,SEC-RKMP-BPL,2026-10-11T02:00:00,2026-10-11T02:34:00,DOWN
MOV-001858,TRN-12028,SEC-RKMP-BPL,2026-10-11T03:15:00,2026-10-11T03:43:00,DOWN
MOV-001859,TRN-12055,SEC-RKMP-BPL,2026-10-11T09:15:00,2026-10-11T09:33:00,UP
MOV-001860,TRN-12027,SEC-RKMP-BPL,2026-10-11T13:00:00,2026-10-11T13:23:00,DOWN
MOV-001861,TRN-12049,SEC-RKMP-BPL,2026-10-11T22:15:00,2026-10-11T22:37:00,DOWN
MOV-001862,TRN-12042,SEC-RKMP-BPL,2026-10-11T06:30:00,2026-10-11T06:48:00,UP
MOV-001863,TRN-12019,SEC-RKMP-BPL,2026-10-11T23:00:00,2026-10-11T23:32:00,UP
MOV-001864,TRN-12003,SEC-RKMP-BPL,2026-10-11T15:30:00,2026-10-11T15:47:00,UP
MOV-001865,TRN-12007,SEC-RKMP-BPL,2026-10-11T09:00:00,2026-10-11T09:29:00,UP
MOV-001866,TRN-12048,SEC-RKMP-BPL,2026-10-11T20:30:00,2026-10-11T21:03:00,DOWN
MOV-001867,TRN-12003,SEC-RKMP-BPL,2026-10-11T08:45:00,2026-10-11T09:06:00,DOWN
MOV-001868,TRN-12047,SEC-RKMP-BPL,2026-10-11T23:15:00,2026-10-11T23:36:00,UP
MOV-001869,TRN-12018,SEC-RKMP-BPL,2026-10-11T06:15:00,2026-10-11T06:38:00,DOWN
MOV-001870,TRN-12047,SEC-RKMP-BPL,2026-10-11T17:00:00,2026-10-11T17:24:00,DOWN
MOV-001871,TRN-12015,SEC-RKMP-BPL,2026-10-11T10:30:00,2026-10-11T11:00:00,DOWN
MOV-001872,TRN-12026,SEC-RKMP-BPL,2026-10-11T09:15:00,2026-10-11T09:43:00,UP
MOV-001873,TRN-12025,SEC-RKMP-BPL,2026-10-11T04:15:00,2026-10-11T04:34:00,DOWN
MOV-001874,TRN-12054,SEC-RKMP-BPL,2026-10-11T18:15:00,2026-10-11T18:49:00,DOWN
MOV-001875,TRN-12027,SEC-RKMP-BPL,2026-10-11T18:15:00,2026-10-11T18:47:00,UP
MOV-001876,TRN-12016,SEC-RKMP-BPL,2026-10-11T03:45:00,2026-10-11T04:05:00,DOWN
MOV-001877,TRN-12006,SEC-RKMP-BPL,2026-10-11T12:15:00,2026-10-11T12:38:00,UP
MOV-001878,TRN-12005,SEC-RKMP-BPL,2026-10-11T08:15:00,2026-10-11T08:45:00,UP
MOV-001879,TRN-12016,SEC-RKMP-BPL,2026-10-12T14:15:00,2026-10-12T14:48:00,UP
MOV-001880,TRN-12035,SEC-RKMP-BPL,2026-10-12T01:00:00,2026-10-12T01:32:00,UP
MOV-001881,TRN-12026,SEC-RKMP-BPL,2026-10-12T14:00:00,2026-10-12T14:25:00,UP
MOV-001882,TRN-12009,SEC-RKMP-BPL,2026-10-12T10:15:00,2026-10-12T10:33:00,DOWN
MOV-001883,TRN-12045,SEC-RKMP-BPL,2026-10-12T06:45:00,2026-10-12T07:12:00,DOWN
MOV-001884,TRN-12005,SEC-RKMP-BPL,2026-10-12T18:15:00,2026-10-12T18:44:00,DOWN
MOV-001885,TRN-12016,SEC-RKMP-BPL,2026-10-12T06:00:00,2026-10-12T06:27:00,DOWN
MOV-001886,TRN-12025,SEC-RKMP-BPL,2026-10-12T03:15:00,2026-10-12T03:38:00,DOWN
MOV-001887,TRN-12008,SEC-RKMP-BPL,2026-10-12T08:30:00,2026-10-12T08:49:00,DOWN
MOV-001888,TRN-12055,SEC-RKMP-BPL,2026-10-12T09:30:00,2026-10-12T10:00:00,DOWN
MOV-001889,TRN-12012,SEC-RKMP-BPL,2026-10-12T01:15:00,2026-10-12T01:32:00,UP
MOV-001890,TRN-12039,SEC-RKMP-BPL,2026-10-12T14:00:00,2026-10-12T14:15:00,UP
MOV-001891,TRN-12028,SEC-RKMP-BPL,2026-10-12T18:15:00,2026-10-12T18:35:00,DOWN
MOV-001892,TRN-12005,SEC-RKMP-BPL,2026-10-12T05:00:00,2026-10-12T05:25:00,UP
MOV-001893,TRN-12035,SEC-RKMP-BPL,2026-10-12T14:15:00,2026-10-12T14:47:00,DOWN
MOV-001894,TRN-12007,SEC-RKMP-BPL,2026-10-12T22:00:00,2026-10-12T22:19:00,DOWN
MOV-001895,TRN-12002,SEC-RKMP-BPL,2026-10-12T08:00:00,2026-10-12T08:24:00,DOWN
MOV-001896,TRN-12056,SEC-RKMP-BPL,2026-10-12T05:30:00,2026-10-12T05:54:00,UP
MOV-001897,TRN-12038,SEC-RKMP-BPL,2026-10-12T23:15:00,2026-10-12T23:31:00,DOWN
MOV-001898,TRN-12056,SEC-RKMP-BPL,2026-10-12T07:30:00,2026-10-12T08:02:00,DOWN
MOV-001899,TRN-12029,SEC-RKMP-BPL,2026-10-12T22:45:00,2026-10-12T23:10:00,UP
MOV-001900,TRN-12027,SEC-RKMP-BPL,2026-10-12T16:15:00,2026-10-12T16:40:00,DOWN
MOV-001901,TRN-12006,SEC-RKMP-BPL,2026-10-12T13:30:00,2026-10-12T13:49:00,DOWN
MOV-001902,TRN-12043,SEC-RKMP-BPL,2026-10-12T01:30:00,2026-10-12T01:50:00,UP
MOV-001903,TRN-12039,SEC-RKMP-BPL,2026-10-12T00:00:00,2026-10-12T00:23:00,DOWN
MOV-001904,TRN-12001,SEC-RKMP-BPL,2026-10-12T18:00:00,2026-10-12T18:24:00,UP
MOV-001905,TRN-12029,SEC-RKMP-BPL,2026-10-12T01:45:00,2026-10-12T02:05:00,DOWN
MOV-001906,TRN-12040,SEC-RKMP-BPL,2026-10-12T13:15:00,2026-10-12T13:43:00,DOWN
MOV-001907,TRN-12056,SEC-RKMP-BPL,2026-10-12T21:00:00,2026-10-12T21:26:00,UP
MOV-001908,TRN-12059,SEC-RKMP-BPL,2026-10-12T22:45:00,2026-10-12T23:03:00,UP
MOV-001909,TRN-12043,SEC-RKMP-BPL,2026-10-12T17:15:00,2026-10-12T17:32:00,UP
MOV-001910,TRN-12042,SEC-RKMP-BPL,2026-10-12T10:15:00,2026-10-12T10:46:00,UP
MOV-001911,TRN-12046,SEC-RKMP-BPL,2026-10-12T06:45:00,2026-10-12T07:19:00,DOWN
MOV-001912,TRN-12019,SEC-RKMP-BPL,2026-10-12T05:00:00,2026-10-12T05:34:00,UP
MOV-001913,TRN-12027,SEC-RKMP-BPL,2026-10-12T11:30:00,2026-10-12T12:01:00,DOWN
MOV-001914,TRN-12046,SEC-RKMP-BPL,2026-10-12T13:15:00,2026-10-12T13:33:00,UP
MOV-001915,TRN-12026,SEC-RKMP-BPL,2026-10-12T01:15:00,2026-10-12T01:39:00,UP
MOV-001916,TRN-12049,SEC-RKMP-BPL,2026-10-12T23:30:00,2026-10-12T23:46:00,UP
MOV-001917,TRN-12044,SEC-RKMP-BPL,2026-10-12T14:15:00,2026-10-12T14:38:00,UP
MOV-001918,TRN-12035,SEC-RKMP-BPL,2026-10-12T04:30:00,2026-10-12T04:49:00,DOWN
MOV-001919,TRN-12052,SEC-RKMP-BPL,2026-10-12T12:15:00,2026-10-12T12:48:00,DOWN
MOV-001920,TRN-12026,SEC-RKMP-BPL,2026-10-12T00:00:00,2026-10-12T00:19:00,UP
MOV-001921,TRN-12044,SEC-RKMP-BPL,2026-10-12T12:45:00,2026-10-12T13:10:00,DOWN
MOV-001922,TRN-12034,SEC-RKMP-BPL,2026-10-12T08:30:00,2026-10-12T08:53:00,UP
MOV-001923,TRN-12029,SEC-RKMP-BPL,2026-10-12T15:15:00,2026-10-12T15:44:00,DOWN
MOV-001924,TRN-12025,SEC-RKMP-BPL,2026-10-12T07:15:00,2026-10-12T07:46:00,UP
MOV-001925,TRN-12059,SEC-RKMP-BPL,2026-10-12T09:45:00,2026-10-12T10:15:00,DOWN
MOV-001926,TRN-12055,SEC-RKMP-BPL,2026-10-12T04:30:00,2026-10-12T04:46:00,UP
MOV-001927,TRN-12003,SEC-RKMP-BPL,2026-10-12T16:30:00,2026-10-12T16:59:00,UP
MOV-001928,TRN-12020,SEC-RKMP-BPL,2026-10-12T16:45:00,2026-10-12T17:17:00,UP
MOV-001929,TRN-12025,SEC-RKMP-BPL,2026-10-12T00:45:00,2026-10-12T01:02:00,DOWN
MOV-001930,TRN-12010,SEC-RKMP-BPL,2026-10-12T00:45:00,2026-10-12T01:08:00,UP
MOV-001931,TRN-12039,SEC-RKMP-BPL,2026-10-12T06:30:00,2026-10-12T06:53:00,UP
MOV-001932,TRN-12001,SEC-RKMP-BPL,2026-10-13T07:30:00,2026-10-13T07:47:00,UP
MOV-001933,TRN-12040,SEC-RKMP-BPL,2026-10-13T10:00:00,2026-10-13T10:29:00,DOWN
MOV-001934,TRN-12003,SEC-RKMP-BPL,2026-10-13T04:15:00,2026-10-13T04:44:00,UP
MOV-001935,TRN-12049,SEC-RKMP-BPL,2026-10-13T07:00:00,2026-10-13T07:32:00,UP
MOV-001936,TRN-12008,SEC-RKMP-BPL,2026-10-13T22:30:00,2026-10-13T22:54:00,DOWN
MOV-001937,TRN-12038,SEC-RKMP-BPL,2026-10-13T14:00:00,2026-10-13T14:26:00,UP
MOV-001938,TRN-12049,SEC-RKMP-BPL,2026-10-13T12:00:00,2026-10-13T12:32:00,UP
MOV-001939,TRN-12017,SEC-RKMP-BPL,2026-10-13T22:45:00,2026-10-13T23:17:00,DOWN
MOV-001940,TRN-12055,SEC-RKMP-BPL,2026-10-13T02:30:00,2026-10-13T02:50:00,UP
MOV-001941,TRN-12015,SEC-RKMP-BPL,2026-10-13T04:15:00,2026-10-13T04:48:00,DOWN
MOV-001942,TRN-12021,SEC-RKMP-BPL,2026-10-13T10:30:00,2026-10-13T10:49:00,DOWN
MOV-001943,TRN-12042,SEC-RKMP-BPL,2026-10-13T05:30:00,2026-10-13T05:59:00,DOWN
MOV-001944,TRN-12018,SEC-RKMP-BPL,2026-10-13T13:45:00,2026-10-13T14:04:00,DOWN
MOV-001945,TRN-12041,SEC-RKMP-BPL,2026-10-13T07:15:00,2026-10-13T07:47:00,UP
MOV-001946,TRN-12036,SEC-RKMP-BPL,2026-10-13T03:45:00,2026-10-13T04:11:00,DOWN
MOV-001947,TRN-12037,SEC-RKMP-BPL,2026-10-13T08:15:00,2026-10-13T08:44:00,DOWN
MOV-001948,TRN-12008,SEC-RKMP-BPL,2026-10-13T20:45:00,2026-10-13T21:02:00,UP
MOV-001949,TRN-12042,SEC-RKMP-BPL,2026-10-13T20:15:00,2026-10-13T20:42:00,DOWN
MOV-001950,TRN-12020,SEC-RKMP-BPL,2026-10-13T05:45:00,2026-10-13T06:05:00,UP
MOV-001951,TRN-12027,SEC-RKMP-BPL,2026-10-13T12:15:00,2026-10-13T12:43:00,DOWN
MOV-001952,TRN-12013,SEC-RKMP-BPL,2026-10-13T11:00:00,2026-10-13T11:19:00,DOWN
MOV-001953,TRN-12031,SEC-RKMP-BPL,2026-10-13T14:45:00,2026-10-13T15:14:00,DOWN
MOV-001954,TRN-12043,SEC-RKMP-BPL,2026-10-13T11:30:00,2026-10-13T11:50:00,DOWN
MOV-001955,TRN-12011,SEC-RKMP-BPL,2026-10-13T21:45:00,2026-10-13T22:02:00,DOWN
MOV-001956,TRN-12060,SEC-RKMP-BPL,2026-10-13T13:15:00,2026-10-13T13:47:00,DOWN
MOV-001957,TRN-12008,SEC-RKMP-BPL,2026-10-13T05:30:00,2026-10-13T05:54:00,UP
MOV-001958,TRN-12048,SEC-RKMP-BPL,2026-10-13T02:00:00,2026-10-13T02:24:00,UP
MOV-001959,TRN-12024,SEC-RKMP-BPL,2026-10-13T21:45:00,2026-10-13T22:17:00,UP
MOV-001960,TRN-12004,SEC-RKMP-BPL,2026-10-13T19:15:00,2026-10-13T19:44:00,UP
MOV-001961,TRN-12041,SEC-RKMP-BPL,2026-10-13T14:45:00,2026-10-13T15:02:00,UP
MOV-001962,TRN-12060,SEC-RKMP-BPL,2026-10-13T09:30:00,2026-10-13T09:48:00,DOWN
MOV-001963,TRN-12017,SEC-RKMP-BPL,2026-10-13T13:45:00,2026-10-13T14:13:00,UP
MOV-001964,TRN-12012,SEC-RKMP-BPL,2026-10-13T08:45:00,2026-10-13T09:04:00,DOWN
MOV-001965,TRN-12030,SEC-RKMP-BPL,2026-10-13T07:30:00,2026-10-13T07:52:00,UP
MOV-001966,TRN-12032,SEC-RKMP-BPL,2026-10-13T18:45:00,2026-10-13T19:12:00,DOWN
MOV-001967,TRN-12048,SEC-RKMP-BPL,2026-10-13T06:15:00,2026-10-13T06:39:00,DOWN
MOV-001968,TRN-12039,SEC-RKMP-BPL,2026-10-13T03:45:00,2026-10-13T04:07:00,DOWN
MOV-001969,TRN-12044,SEC-RKMP-BPL,2026-10-13T23:30:00,2026-10-13T23:55:00,UP
MOV-001970,TRN-12024,SEC-RKMP-BPL,2026-10-13T20:15:00,2026-10-13T20:31:00,UP
MOV-001971,TRN-12036,SEC-RKMP-BPL,2026-10-13T15:45:00,2026-10-13T16:18:00,DOWN
MOV-001972,TRN-12034,SEC-RKMP-BPL,2026-10-13T19:00:00,2026-10-13T19:26:00,UP
MOV-001973,TRN-12047,SEC-RKMP-BPL,2026-10-13T19:30:00,2026-10-13T19:58:00,DOWN
MOV-001974,TRN-12035,SEC-RKMP-BPL,2026-10-13T05:15:00,2026-10-13T05:44:00,DOWN
MOV-001975,TRN-12015,SEC-RKMP-BPL,2026-10-13T21:45:00,2026-10-13T22:12:00,UP
MOV-001976,TRN-12057,SEC-RKMP-BPL,2026-10-13T05:15:00,2026-10-13T05:47:00,DOWN
MOV-001977,TRN-12015,SEC-RKMP-BPL,2026-10-13T01:15:00,2026-10-13T01:43:00,DOWN
MOV-001978,TRN-12014,SEC-RKMP-BPL,2026-10-13T03:30:00,2026-10-13T03:48:00,UP
MOV-001979,TRN-12030,SEC-RKMP-BPL,2026-10-13T13:00:00,2026-10-13T13:19:00,UP
MOV-001980,TRN-12021,SEC-RKMP-BPL,2026-10-13T00:00:00,2026-10-13T00:22:00,UP
MOV-001981,TRN-12020,SEC-RKMP-BPL,2026-10-13T13:00:00,2026-10-13T13:27:00,DOWN
MOV-001982,TRN-12035,SEC-RKMP-BPL,2026-10-13T15:45:00,2026-10-13T16:01:00,UP
MOV-001983,TRN-12020,SEC-RKMP-BPL,2026-10-13T16:45:00,2026-10-13T17:18:00,DOWN
MOV-001984,TRN-12025,SEC-RKMP-BPL,2026-10-13T09:00:00,2026-10-13T09:24:00,DOWN
MOV-001985,TRN-12013,SEC-RKMP-BPL,2026-10-13T18:45:00,2026-10-13T19:06:00,DOWN
MOV-001986,TRN-12007,SEC-RKMP-BPL,2026-10-13T21:45:00,2026-10-13T22:04:00,DOWN
MOV-001987,TRN-12048,SEC-RKMP-BPL,2026-10-14T03:00:00,2026-10-14T03:21:00,UP
MOV-001988,TRN-12020,SEC-RKMP-BPL,2026-10-14T14:30:00,2026-10-14T14:56:00,UP
MOV-001989,TRN-12013,SEC-RKMP-BPL,2026-10-14T22:15:00,2026-10-14T22:32:00,UP
MOV-001990,TRN-12001,SEC-RKMP-BPL,2026-10-14T08:45:00,2026-10-14T09:05:00,DOWN
MOV-001991,TRN-12030,SEC-RKMP-BPL,2026-10-14T08:30:00,2026-10-14T08:56:00,UP
MOV-001992,TRN-12014,SEC-RKMP-BPL,2026-10-14T22:00:00,2026-10-14T22:34:00,UP
MOV-001993,TRN-12060,SEC-RKMP-BPL,2026-10-14T08:30:00,2026-10-14T08:57:00,UP
MOV-001994,TRN-12014,SEC-RKMP-BPL,2026-10-14T12:30:00,2026-10-14T12:50:00,DOWN
MOV-001995,TRN-12039,SEC-RKMP-BPL,2026-10-14T03:45:00,2026-10-14T04:00:00,DOWN
MOV-001996,TRN-12027,SEC-RKMP-BPL,2026-10-14T15:45:00,2026-10-14T16:13:00,DOWN
MOV-001997,TRN-12051,SEC-RKMP-BPL,2026-10-14T16:45:00,2026-10-14T17:08:00,UP
MOV-001998,TRN-12015,SEC-RKMP-BPL,2026-10-14T14:30:00,2026-10-14T14:46:00,UP
MOV-001999,TRN-12059,SEC-RKMP-BPL,2026-10-14T17:45:00,2026-10-14T18:03:00,UP
MOV-002000,TRN-12018,SEC-RKMP-BPL,2026-10-14T20:30:00,2026-10-14T21:00:00,UP
MOV-002001,TRN-12030,SEC-RKMP-BPL,2026-10-14T14:45:00,2026-10-14T15:08:00,DOWN
MOV-002002,TRN-12056,SEC-RKMP-BPL,2026-10-14T08:45:00,2026-10-14T09:10:00,DOWN
MOV-002003,TRN-12029,SEC-RKMP-BPL,2026-10-14T15:15:00,2026-10-14T15:42:00,UP
MOV-002004,TRN-12037,SEC-RKMP-BPL,2026-10-14T18:15:00,2026-10-14T18:38:00,UP
MOV-002005,TRN-12044,SEC-RKMP-BPL,2026-10-14T14:30:00,2026-10-14T14:45:00,UP
MOV-002006,TRN-12001,SEC-RKMP-BPL,2026-10-14T20:45:00,2026-10-14T21:01:00,UP
MOV-002007,TRN-12047,SEC-RKMP-BPL,2026-10-14T12:15:00,2026-10-14T12:42:00,UP
MOV-002008,TRN-12012,SEC-RKMP-BPL,2026-10-14T08:45:00,2026-10-14T09:15:00,UP
MOV-002009,TRN-12034,SEC-RKMP-BPL,2026-10-14T21:45:00,2026-10-14T22:15:00,UP
MOV-002010,TRN-12015,SEC-RKMP-BPL,2026-10-14T05:00:00,2026-10-14T05:18:00,UP
MOV-002011,TRN-12034,SEC-RKMP-BPL,2026-10-14T09:15:00,2026-10-14T09:34:00,UP
MOV-002012,TRN-12060,SEC-RKMP-BPL,2026-10-14T14:00:00,2026-10-14T14:31:00,DOWN
MOV-002013,TRN-12059,SEC-RKMP-BPL,2026-10-14T03:30:00,2026-10-14T04:04:00,DOWN
MOV-002014,TRN-12014,SEC-RKMP-BPL,2026-10-14T21:15:00,2026-10-14T21:39:00,DOWN
MOV-002015,TRN-12047,SEC-RKMP-BPL,2026-10-14T02:30:00,2026-10-14T03:01:00,DOWN
MOV-002016,TRN-12017,SEC-RKMP-BPL,2026-10-14T01:30:00,2026-10-14T01:59:00,DOWN
MOV-002017,TRN-12059,SEC-RKMP-BPL,2026-10-14T14:30:00,2026-10-14T14:46:00,DOWN
MOV-002018,TRN-12011,SEC-RKMP-BPL,2026-10-14T17:00:00,2026-10-14T17:33:00,UP
MOV-002019,TRN-12027,SEC-RKMP-BPL,2026-10-14T03:00:00,2026-10-14T03:33:00,UP
MOV-002020,TRN-12031,SEC-RKMP-BPL,2026-10-14T23:30:00,2026-10-14T23:45:00,UP
MOV-002021,TRN-12024,SEC-RKMP-BPL,2026-10-14T06:00:00,2026-10-14T06:25:00,UP
MOV-002022,TRN-12018,SEC-RKMP-BPL,2026-10-14T09:15:00,2026-10-14T09:34:00,UP
MOV-002023,TRN-12057,SEC-RKMP-BPL,2026-10-14T12:30:00,2026-10-14T13:04:00,DOWN
MOV-002024,TRN-12014,SEC-RKMP-BPL,2026-10-14T09:15:00,2026-10-14T09:39:00,UP
MOV-002025,TRN-12007,SEC-RKMP-BPL,2026-10-14T08:45:00,2026-10-14T09:14:00,DOWN
MOV-002026,TRN-12011,SEC-RKMP-BPL,2026-10-14T09:30:00,2026-10-14T09:53:00,UP
MOV-002027,TRN-12022,SEC-RKMP-BPL,2026-10-14T01:45:00,2026-10-14T02:18:00,UP
MOV-002028,TRN-12025,SEC-RKMP-BPL,2026-10-14T12:45:00,2026-10-14T13:19:00,UP
MOV-002029,TRN-12045,SEC-RKMP-BPL,2026-10-14T22:45:00,2026-10-14T23:05:00,DOWN
MOV-002030,TRN-12025,SEC-RKMP-BPL,2026-10-14T00:45:00,2026-10-14T01:16:00,UP
MOV-002031,TRN-12028,SEC-RKMP-BPL,2026-10-14T08:00:00,2026-10-14T08:34:00,UP
MOV-002032,TRN-12034,SEC-RKMP-BPL,2026-10-14T00:30:00,2026-10-14T01:03:00,DOWN
MOV-002033,TRN-12037,SEC-RKMP-BPL,2026-10-14T19:45:00,2026-10-14T20:17:00,UP
MOV-002034,TRN-12034,SEC-RKMP-BPL,2026-10-14T19:15:00,2026-10-14T19:43:00,UP
MOV-002035,TRN-12053,SEC-RKMP-BPL,2026-10-14T14:30:00,2026-10-14T15:01:00,UP
MOV-002036,TRN-12028,SEC-RKMP-BPL,2026-10-14T20:00:00,2026-10-14T20:31:00,UP
MOV-002037,TRN-12035,SEC-RKMP-BPL,2026-10-14T12:30:00,2026-10-14T13:01:00,UP
MOV-002038,TRN-12011,SEC-RKMP-BPL,2026-10-14T10:30:00,2026-10-14T11:00:00,DOWN
MOV-002039,TRN-12021,SEC-RKMP-BPL,2026-10-14T22:00:00,2026-10-14T22:17:00,UP
MOV-002040,TRN-12056,SEC-RKMP-BPL,2026-10-14T04:30:00,2026-10-14T05:01:00,DOWN
MOV-002041,TRN-12004,SEC-RKMP-BPL,2026-10-15T09:30:00,2026-10-15T09:58:00,DOWN
MOV-002042,TRN-12034,SEC-RKMP-BPL,2026-10-15T07:00:00,2026-10-15T07:23:00,UP
MOV-002043,TRN-12034,SEC-RKMP-BPL,2026-10-15T19:30:00,2026-10-15T19:56:00,UP
MOV-002044,TRN-12039,SEC-RKMP-BPL,2026-10-15T10:00:00,2026-10-15T10:19:00,DOWN
MOV-002045,TRN-12056,SEC-RKMP-BPL,2026-10-15T12:45:00,2026-10-15T13:03:00,UP
MOV-002046,TRN-12056,SEC-RKMP-BPL,2026-10-15T04:30:00,2026-10-15T04:49:00,UP
MOV-002047,TRN-12029,SEC-RKMP-BPL,2026-10-15T08:45:00,2026-10-15T09:19:00,DOWN
MOV-002048,TRN-12032,SEC-RKMP-BPL,2026-10-15T01:00:00,2026-10-15T01:15:00,DOWN
MOV-002049,TRN-12014,SEC-RKMP-BPL,2026-10-15T08:45:00,2026-10-15T09:14:00,DOWN
MOV-002050,TRN-12003,SEC-RKMP-BPL,2026-10-15T13:30:00,2026-10-15T13:51:00,DOWN
MOV-002051,TRN-12056,SEC-RKMP-BPL,2026-10-15T06:15:00,2026-10-15T06:36:00,DOWN
MOV-002052,TRN-12005,SEC-RKMP-BPL,2026-10-15T21:45:00,2026-10-15T22:09:00,DOWN
MOV-002053,TRN-12054,SEC-RKMP-BPL,2026-10-15T18:15:00,2026-10-15T18:31:00,DOWN
MOV-002054,TRN-12009,SEC-RKMP-BPL,2026-10-15T02:45:00,2026-10-15T03:09:00,DOWN
MOV-002055,TRN-12014,SEC-RKMP-BPL,2026-10-15T02:00:00,2026-10-15T02:22:00,UP
MOV-002056,TRN-12026,SEC-RKMP-BPL,2026-10-15T07:30:00,2026-10-15T07:56:00,UP
MOV-002057,TRN-12028,SEC-RKMP-BPL,2026-10-15T01:15:00,2026-10-15T01:49:00,DOWN
MOV-002058,TRN-12030,SEC-RKMP-BPL,2026-10-15T22:30:00,2026-10-15T22:47:00,DOWN
MOV-002059,TRN-12025,SEC-RKMP-BPL,2026-10-15T14:30:00,2026-10-15T14:51:00,DOWN
MOV-002060,TRN-12031,SEC-RKMP-BPL,2026-10-15T08:15:00,2026-10-15T08:44:00,UP
MOV-002061,TRN-12008,SEC-RKMP-BPL,2026-10-15T21:15:00,2026-10-15T21:42:00,DOWN
MOV-002062,TRN-12051,SEC-RKMP-BPL,2026-10-15T15:30:00,2026-10-15T16:01:00,DOWN
MOV-002063,TRN-12003,SEC-RKMP-BPL,2026-10-15T17:00:00,2026-10-15T17:32:00,UP
MOV-002064,TRN-12015,SEC-RKMP-BPL,2026-10-15T04:30:00,2026-10-15T04:45:00,UP
MOV-002065,TRN-12031,SEC-RKMP-BPL,2026-10-15T23:30:00,2026-10-15T23:53:00,DOWN
MOV-002066,TRN-12034,SEC-RKMP-BPL,2026-10-15T09:30:00,2026-10-15T09:45:00,UP
MOV-002067,TRN-12041,SEC-RKMP-BPL,2026-10-15T08:00:00,2026-10-15T08:17:00,DOWN
MOV-002068,TRN-12020,SEC-RKMP-BPL,2026-10-15T00:30:00,2026-10-15T00:55:00,UP
MOV-002069,TRN-12054,SEC-RKMP-BPL,2026-10-15T07:30:00,2026-10-15T07:59:00,DOWN
MOV-002070,TRN-12013,SEC-RKMP-BPL,2026-10-15T16:30:00,2026-10-15T16:47:00,UP
MOV-002071,TRN-12041,SEC-RKMP-BPL,2026-10-15T02:45:00,2026-10-15T03:02:00,DOWN
MOV-002072,TRN-12041,SEC-RKMP-BPL,2026-10-15T10:15:00,2026-10-15T10:36:00,DOWN
MOV-002073,TRN-12046,SEC-RKMP-BPL,2026-10-15T05:30:00,2026-10-15T06:04:00,UP
MOV-002074,TRN-12042,SEC-RKMP-BPL,2026-10-15T04:45:00,2026-10-15T05:03:00,UP
MOV-002075,TRN-12028,SEC-RKMP-BPL,2026-10-15T08:00:00,2026-10-15T08:27:00,UP
MOV-002076,TRN-12060,SEC-RKMP-BPL,2026-10-15T01:15:00,2026-10-15T01:48:00,UP
MOV-002077,TRN-12005,SEC-RKMP-BPL,2026-10-15T17:00:00,2026-10-15T17:32:00,UP
MOV-002078,TRN-12053,SEC-RKMP-BPL,2026-10-15T05:00:00,2026-10-15T05:34:00,DOWN
MOV-002079,TRN-12055,SEC-RKMP-BPL,2026-10-15T07:15:00,2026-10-15T07:41:00,UP
MOV-002080,TRN-12015,SEC-RKMP-BPL,2026-10-15T09:30:00,2026-10-15T09:45:00,UP
MOV-002081,TRN-12018,SEC-RKMP-BPL,2026-10-15T01:00:00,2026-10-15T01:24:00,UP
MOV-002082,TRN-12021,SEC-RKMP-BPL,2026-10-15T13:45:00,2026-10-15T14:01:00,UP
MOV-002083,TRN-12007,SEC-RKMP-BPL,2026-10-15T10:15:00,2026-10-15T10:45:00,UP
MOV-002084,TRN-12057,SEC-RKMP-BPL,2026-10-15T03:00:00,2026-10-15T03:15:00,UP
MOV-002085,TRN-12012,SEC-RKMP-BPL,2026-10-15T02:00:00,2026-10-15T02:34:00,DOWN
MOV-002086,TRN-12002,SEC-RKMP-BPL,2026-10-15T21:00:00,2026-10-15T21:23:00,UP
MOV-002087,TRN-12025,SEC-RKMP-BPL,2026-10-15T18:30:00,2026-10-15T18:56:00,DOWN
MOV-002088,TRN-12044,SEC-RKMP-BPL,2026-10-15T04:15:00,2026-10-15T04:32:00,DOWN
MOV-002089,TRN-12027,SEC-RKMP-BPL,2026-10-15T15:30:00,2026-10-15T15:50:00,UP
MOV-002090,TRN-12059,SEC-RKMP-BPL,2026-10-15T07:00:00,2026-10-15T07:21:00,DOWN
MOV-002091,TRN-12016,SEC-RKMP-BPL,2026-10-15T23:15:00,2026-10-15T23:47:00,DOWN
MOV-002092,TRN-12003,SEC-RKMP-BPL,2026-10-15T12:15:00,2026-10-15T12:34:00,DOWN
MOV-002093,TRN-12007,SEC-RKMP-BPL,2026-10-15T16:45:00,2026-10-15T17:01:00,UP
MOV-002094,TRN-12040,SEC-RKMP-BPL,2026-10-15T01:15:00,2026-10-15T01:35:00,UP
MOV-002095,TRN-12049,SEC-RKMP-BPL,2026-10-15T10:45:00,2026-10-15T11:11:00,DOWN
MOV-002096,TRN-12060,SEC-RKMP-BPL,2026-10-15T14:15:00,2026-10-15T14:38:00,DOWN
MOV-002097,TRN-12026,SEC-RKMP-BPL,2026-10-15T12:00:00,2026-10-15T12:34:00,DOWN
MOV-002098,TRN-12020,SEC-RKMP-BPL,2026-10-15T14:15:00,2026-10-15T14:33:00,DOWN
MOV-002099,TRN-12054,SEC-RKMP-BPL,2026-10-15T20:15:00,2026-10-15T20:35:00,UP
MOV-002100,TRN-12044,SEC-RKMP-BPL,2026-10-15T07:45:00,2026-10-15T08:17:00,UP
MOV-002101,TRN-12056,SEC-RKMP-BPL,2026-10-15T03:15:00,2026-10-15T03:39:00,DOWN
MOV-002102,TRN-12040,SEC-RKMP-BPL,2026-10-15T21:30:00,2026-10-15T22:01:00,DOWN
MOV-002103,TRN-12052,SEC-RKMP-BPL,2026-10-15T09:15:00,2026-10-15T09:49:00,DOWN
MOV-002104,TRN-12056,SEC-RKMP-BPL,2026-10-15T13:45:00,2026-10-15T14:14:00,DOWN
MOV-002105,TRN-12035,SEC-RKMP-BPL,2026-10-16T17:45:00,2026-10-16T18:19:00,UP
MOV-002106,TRN-12019,SEC-RKMP-BPL,2026-10-16T23:45:00,2026-10-17T00:03:00,UP
MOV-002107,TRN-12057,SEC-RKMP-BPL,2026-10-16T04:45:00,2026-10-16T05:02:00,UP
MOV-002108,TRN-12048,SEC-RKMP-BPL,2026-10-16T14:30:00,2026-10-16T15:02:00,UP
MOV-002109,TRN-12031,SEC-RKMP-BPL,2026-10-16T14:30:00,2026-10-16T14:51:00,DOWN
MOV-002110,TRN-12027,SEC-RKMP-BPL,2026-10-16T13:45:00,2026-10-16T14:07:00,DOWN
MOV-002111,TRN-12057,SEC-RKMP-BPL,2026-10-16T18:45:00,2026-10-16T19:11:00,UP
MOV-002112,TRN-12060,SEC-RKMP-BPL,2026-10-16T15:00:00,2026-10-16T15:21:00,UP
MOV-002113,TRN-12051,SEC-RKMP-BPL,2026-10-16T02:30:00,2026-10-16T02:56:00,UP
MOV-002114,TRN-12037,SEC-RKMP-BPL,2026-10-16T18:30:00,2026-10-16T18:55:00,UP
MOV-002115,TRN-12010,SEC-RKMP-BPL,2026-10-16T00:15:00,2026-10-16T00:42:00,UP
MOV-002116,TRN-12060,SEC-RKMP-BPL,2026-10-16T14:15:00,2026-10-16T14:49:00,UP
MOV-002117,TRN-12058,SEC-RKMP-BPL,2026-10-16T06:15:00,2026-10-16T06:38:00,DOWN
MOV-002118,TRN-12016,SEC-RKMP-BPL,2026-10-16T23:15:00,2026-10-16T23:35:00,DOWN
MOV-002119,TRN-12042,SEC-RKMP-BPL,2026-10-16T08:00:00,2026-10-16T08:22:00,DOWN
MOV-002120,TRN-12003,SEC-RKMP-BPL,2026-10-16T01:45:00,2026-10-16T02:00:00,UP
MOV-002121,TRN-12046,SEC-RKMP-BPL,2026-10-16T07:15:00,2026-10-16T07:31:00,DOWN
MOV-002122,TRN-12039,SEC-RKMP-BPL,2026-10-16T20:45:00,2026-10-16T21:07:00,UP
MOV-002123,TRN-12021,SEC-RKMP-BPL,2026-10-16T03:30:00,2026-10-16T03:47:00,DOWN
MOV-002124,TRN-12037,SEC-RKMP-BPL,2026-10-16T06:45:00,2026-10-16T07:15:00,UP
MOV-002125,TRN-12009,SEC-RKMP-BPL,2026-10-16T08:30:00,2026-10-16T09:00:00,UP
MOV-002126,TRN-12045,SEC-RKMP-BPL,2026-10-16T06:00:00,2026-10-16T06:23:00,UP
MOV-002127,TRN-12025,SEC-RKMP-BPL,2026-10-16T08:15:00,2026-10-16T08:45:00,UP
MOV-002128,TRN-12042,SEC-RKMP-BPL,2026-10-16T17:30:00,2026-10-16T17:50:00,DOWN
MOV-002129,TRN-12015,SEC-RKMP-BPL,2026-10-16T06:45:00,2026-10-16T07:06:00,DOWN
MOV-002130,TRN-12003,SEC-RKMP-BPL,2026-10-16T14:45:00,2026-10-16T15:14:00,DOWN
MOV-002131,TRN-12051,SEC-RKMP-BPL,2026-10-16T07:15:00,2026-10-16T07:31:00,DOWN
MOV-002132,TRN-12044,SEC-RKMP-BPL,2026-10-16T18:30:00,2026-10-16T18:47:00,DOWN
MOV-002133,TRN-12046,SEC-RKMP-BPL,2026-10-16T04:15:00,2026-10-16T04:48:00,UP
MOV-002134,TRN-12046,SEC-RKMP-BPL,2026-10-16T12:30:00,2026-10-16T12:57:00,DOWN
MOV-002135,TRN-12047,SEC-RKMP-BPL,2026-10-16T21:15:00,2026-10-16T21:48:00,DOWN
MOV-002136,TRN-12036,SEC-RKMP-BPL,2026-10-16T07:15:00,2026-10-16T07:43:00,UP
MOV-002137,TRN-12018,SEC-RKMP-BPL,2026-10-16T19:15:00,2026-10-16T19:42:00,UP
MOV-002138,TRN-12005,SEC-RKMP-BPL,2026-10-16T20:00:00,2026-10-16T20:30:00,DOWN
MOV-002139,TRN-12029,SEC-RKMP-BPL,2026-10-16T21:15:00,2026-10-16T21:49:00,UP
MOV-002140,TRN-12026,SEC-RKMP-BPL,2026-10-16T09:45:00,2026-10-16T10:00:00,DOWN
MOV-002141,TRN-12002,SEC-RKMP-BPL,2026-10-16T07:30:00,2026-10-16T07:47:00,UP
MOV-002142,TRN-12060,SEC-RKMP-BPL,2026-10-16T19:00:00,2026-10-16T19:26:00,DOWN
MOV-002143,TRN-12005,SEC-RKMP-BPL,2026-10-16T15:30:00,2026-10-16T15:58:00,UP
MOV-002144,TRN-12016,SEC-RKMP-BPL,2026-10-16T17:30:00,2026-10-16T17:48:00,UP
MOV-002145,TRN-12036,SEC-RKMP-BPL,2026-10-16T19:00:00,2026-10-16T19:19:00,DOWN
MOV-002146,TRN-12042,SEC-RKMP-BPL,2026-10-16T21:45:00,2026-10-16T22:19:00,UP
MOV-002147,TRN-12017,SEC-RKMP-BPL,2026-10-16T05:00:00,2026-10-16T05:30:00,DOWN
MOV-002148,TRN-12006,SEC-RKMP-BPL,2026-10-16T04:00:00,2026-10-16T04:23:00,UP
MOV-002149,TRN-12018,SEC-RKMP-BPL,2026-10-16T22:00:00,2026-10-16T22:26:00,UP
MOV-002150,TRN-12024,SEC-RKMP-BPL,2026-10-16T19:45:00,2026-10-16T20:00:00,UP
MOV-002151,TRN-12008,SEC-RKMP-BPL,2026-10-16T10:30:00,2026-10-16T10:53:00,UP
MOV-002152,TRN-12019,SEC-RKMP-BPL,2026-10-16T07:15:00,2026-10-16T07:37:00,DOWN
MOV-002153,TRN-12006,SEC-RKMP-BPL,2026-10-16T00:30:00,2026-10-16T00:58:00,UP
MOV-002154,TRN-12013,SEC-RKMP-BPL,2026-10-16T14:15:00,2026-10-16T14:44:00,UP
MOV-002155,TRN-12008,SEC-RKMP-BPL,2026-10-16T13:15:00,2026-10-16T13:44:00,DOWN
MOV-002156,TRN-12022,SEC-RKMP-BPL,2026-10-16T03:00:00,2026-10-16T03:30:00,UP
MOV-002157,TRN-12050,SEC-RKMP-BPL,2026-10-17T21:15:00,2026-10-17T21:32:00,DOWN
MOV-002158,TRN-12042,SEC-RKMP-BPL,2026-10-17T07:30:00,2026-10-17T07:48:00,DOWN
MOV-002159,TRN-12044,SEC-RKMP-BPL,2026-10-17T07:15:00,2026-10-17T07:36:00,UP
MOV-002160,TRN-12008,SEC-RKMP-BPL,2026-10-17T23:15:00,2026-10-17T23:32:00,UP
MOV-002161,TRN-12022,SEC-RKMP-BPL,2026-10-17T23:15:00,2026-10-17T23:49:00,UP
MOV-002162,TRN-12046,SEC-RKMP-BPL,2026-10-17T18:00:00,2026-10-17T18:15:00,DOWN
MOV-002163,TRN-12056,SEC-RKMP-BPL,2026-10-17T03:30:00,2026-10-17T04:03:00,DOWN
MOV-002164,TRN-12018,SEC-RKMP-BPL,2026-10-17T19:30:00,2026-10-17T20:03:00,UP
MOV-002165,TRN-12037,SEC-RKMP-BPL,2026-10-17T00:15:00,2026-10-17T00:30:00,UP
MOV-002166,TRN-12049,SEC-RKMP-BPL,2026-10-17T15:15:00,2026-10-17T15:38:00,UP
MOV-002167,TRN-12044,SEC-RKMP-BPL,2026-10-17T06:00:00,2026-10-17T06:25:00,DOWN
MOV-002168,TRN-12029,SEC-RKMP-BPL,2026-10-17T04:00:00,2026-10-17T04:33:00,DOWN
MOV-002169,TRN-12010,SEC-RKMP-BPL,2026-10-17T01:00:00,2026-10-17T01:22:00,DOWN
MOV-002170,TRN-12010,SEC-RKMP-BPL,2026-10-17T19:00:00,2026-10-17T19:29:00,UP
MOV-002171,TRN-12058,SEC-RKMP-BPL,2026-10-17T11:15:00,2026-10-17T11:34:00,DOWN
MOV-002172,TRN-12025,SEC-RKMP-BPL,2026-10-17T08:30:00,2026-10-17T08:55:00,DOWN
MOV-002173,TRN-12027,SEC-RKMP-BPL,2026-10-17T01:00:00,2026-10-17T01:15:00,DOWN
MOV-002174,TRN-12031,SEC-RKMP-BPL,2026-10-17T17:45:00,2026-10-17T18:03:00,DOWN
MOV-002175,TRN-12056,SEC-RKMP-BPL,2026-10-17T14:30:00,2026-10-17T14:48:00,UP
MOV-002176,TRN-12002,SEC-RKMP-BPL,2026-10-17T15:15:00,2026-10-17T15:33:00,UP
MOV-002177,TRN-12004,SEC-RKMP-BPL,2026-10-17T15:30:00,2026-10-17T15:57:00,UP
MOV-002178,TRN-12003,SEC-RKMP-BPL,2026-10-17T02:45:00,2026-10-17T03:14:00,UP
MOV-002179,TRN-12004,SEC-RKMP-BPL,2026-10-17T07:45:00,2026-10-17T08:02:00,DOWN
MOV-002180,TRN-12028,SEC-RKMP-BPL,2026-10-17T03:45:00,2026-10-17T04:10:00,DOWN
MOV-002181,TRN-12006,SEC-RKMP-BPL,2026-10-17T08:30:00,2026-10-17T08:57:00,UP
MOV-002182,TRN-12037,SEC-RKMP-BPL,2026-10-17T22:45:00,2026-10-17T23:04:00,DOWN
MOV-002183,TRN-12041,SEC-RKMP-BPL,2026-10-17T01:00:00,2026-10-17T01:33:00,UP
MOV-002184,TRN-12006,SEC-RKMP-BPL,2026-10-17T10:30:00,2026-10-17T10:56:00,DOWN
MOV-002185,TRN-12060,SEC-RKMP-BPL,2026-10-17T18:00:00,2026-10-17T18:16:00,UP
MOV-002186,TRN-12024,SEC-RKMP-BPL,2026-10-17T08:45:00,2026-10-17T09:07:00,UP
MOV-002187,TRN-12054,SEC-RKMP-BPL,2026-10-17T06:45:00,2026-10-17T07:15:00,DOWN
MOV-002188,TRN-12050,SEC-RKMP-BPL,2026-10-17T03:30:00,2026-10-17T03:53:00,DOWN
MOV-002189,TRN-12045,SEC-RKMP-BPL,2026-10-17T12:15:00,2026-10-17T12:48:00,DOWN
MOV-002190,TRN-12054,SEC-RKMP-BPL,2026-10-17T05:45:00,2026-10-17T06:06:00,UP
MOV-002191,TRN-12052,SEC-RKMP-BPL,2026-10-17T08:15:00,2026-10-17T08:48:00,DOWN
MOV-002192,TRN-12019,SEC-RKMP-BPL,2026-10-17T07:00:00,2026-10-17T07:15:00,DOWN
MOV-002193,TRN-12016,SEC-RKMP-BPL,2026-10-17T20:00:00,2026-10-17T20:27:00,DOWN
MOV-002194,TRN-12037,SEC-RKMP-BPL,2026-10-17T02:15:00,2026-10-17T02:42:00,UP
MOV-002195,TRN-12053,SEC-RKMP-BPL,2026-10-17T12:15:00,2026-10-17T12:30:00,UP
MOV-002196,TRN-12029,SEC-RKMP-BPL,2026-10-17T09:45:00,2026-10-17T10:15:00,UP
MOV-002197,TRN-12036,SEC-RKMP-BPL,2026-10-17T10:00:00,2026-10-17T10:28:00,DOWN
MOV-002198,TRN-12006,SEC-RKMP-BPL,2026-10-17T11:30:00,2026-10-17T11:51:00,UP
MOV-002199,TRN-12007,SEC-RKMP-BPL,2026-10-17T04:45:00,2026-10-17T05:12:00,UP
MOV-002200,TRN-12029,SEC-RKMP-BPL,2026-10-17T04:15:00,2026-10-17T04:32:00,DOWN
MOV-002201,TRN-12035,SEC-RKMP-BPL,2026-10-17T15:15:00,2026-10-17T15:35:00,UP
MOV-002202,TRN-12013,SEC-RKMP-BPL,2026-10-17T10:15:00,2026-10-17T10:43:00,UP
MOV-002203,TRN-12017,SEC-RKMP-BPL,2026-10-17T20:45:00,2026-10-17T21:18:00,UP
MOV-002204,TRN-12009,SEC-RKMP-BPL,2026-10-17T04:00:00,2026-10-17T04:34:00,DOWN
MOV-002205,TRN-12049,SEC-RKMP-BPL,2026-10-17T17:15:00,2026-10-17T17:39:00,DOWN
MOV-002206,TRN-12049,SEC-RKMP-BPL,2026-10-17T12:45:00,2026-10-17T13:06:00,UP
MOV-002207,TRN-12051,SEC-RKMP-BPL,2026-10-17T09:45:00,2026-10-17T10:09:00,UP
MOV-002208,TRN-12014,SEC-RKMP-BPL,2026-10-17T14:15:00,2026-10-17T14:37:00,DOWN
MOV-002209,TRN-12001,SEC-RKMP-BPL,2026-10-17T02:45:00,2026-10-17T03:13:00,DOWN
MOV-002210,TRN-12001,SEC-RKMP-BPL,2026-10-17T14:15:00,2026-10-17T14:41:00,UP
MOV-002211,TRN-12034,SEC-RKMP-BPL,2026-10-17T13:15:00,2026-10-17T13:31:00,DOWN
MOV-002212,TRN-12043,SEC-RKMP-BPL,2026-10-17T14:45:00,2026-10-17T15:13:00,UP
MOV-002213,TRN-12028,SEC-RKMP-BPL,2026-10-17T21:15:00,2026-10-17T21:49:00,UP
MOV-002214,TRN-12022,SEC-RKMP-BPL,2026-10-18T14:00:00,2026-10-18T14:19:00,DOWN
MOV-002215,TRN-12018,SEC-RKMP-BPL,2026-10-18T21:45:00,2026-10-18T22:06:00,DOWN
MOV-002216,TRN-12020,SEC-RKMP-BPL,2026-10-18T08:30:00,2026-10-18T08:50:00,UP
MOV-002217,TRN-12016,SEC-RKMP-BPL,2026-10-18T22:15:00,2026-10-18T22:37:00,DOWN
MOV-002218,TRN-12007,SEC-RKMP-BPL,2026-10-18T06:00:00,2026-10-18T06:33:00,DOWN
MOV-002219,TRN-12046,SEC-RKMP-BPL,2026-10-18T05:30:00,2026-10-18T05:58:00,DOWN
MOV-002220,TRN-12010,SEC-RKMP-BPL,2026-10-18T17:00:00,2026-10-18T17:26:00,DOWN
MOV-002221,TRN-12004,SEC-RKMP-BPL,2026-10-18T03:45:00,2026-10-18T04:00:00,DOWN
MOV-002222,TRN-12031,SEC-RKMP-BPL,2026-10-18T08:45:00,2026-10-18T09:16:00,UP
MOV-002223,TRN-12001,SEC-RKMP-BPL,2026-10-18T03:00:00,2026-10-18T03:34:00,DOWN
MOV-002224,TRN-12041,SEC-RKMP-BPL,2026-10-18T05:45:00,2026-10-18T06:14:00,DOWN
MOV-002225,TRN-12029,SEC-RKMP-BPL,2026-10-18T16:30:00,2026-10-18T16:52:00,DOWN
MOV-002226,TRN-12020,SEC-RKMP-BPL,2026-10-18T22:30:00,2026-10-18T22:59:00,DOWN
MOV-002227,TRN-12027,SEC-RKMP-BPL,2026-10-18T22:00:00,2026-10-18T22:26:00,UP
MOV-002228,TRN-12018,SEC-RKMP-BPL,2026-10-18T13:15:00,2026-10-18T13:48:00,DOWN
MOV-002229,TRN-12025,SEC-RKMP-BPL,2026-10-18T10:30:00,2026-10-18T11:00:00,UP
MOV-002230,TRN-12036,SEC-RKMP-BPL,2026-10-18T13:00:00,2026-10-18T13:33:00,DOWN
MOV-002231,TRN-12015,SEC-RKMP-BPL,2026-10-18T15:30:00,2026-10-18T16:03:00,UP
MOV-002232,TRN-12025,SEC-RKMP-BPL,2026-10-18T04:30:00,2026-10-18T04:55:00,UP
MOV-002233,TRN-12059,SEC-RKMP-BPL,2026-10-18T12:15:00,2026-10-18T12:31:00,UP
MOV-002234,TRN-12054,SEC-RKMP-BPL,2026-10-18T10:45:00,2026-10-18T11:10:00,DOWN
MOV-002235,TRN-12026,SEC-RKMP-BPL,2026-10-18T13:00:00,2026-10-18T13:16:00,UP
MOV-002236,TRN-12036,SEC-RKMP-BPL,2026-10-18T13:15:00,2026-10-18T13:35:00,DOWN
MOV-002237,TRN-12037,SEC-RKMP-BPL,2026-10-18T01:15:00,2026-10-18T01:44:00,DOWN
MOV-002238,TRN-12018,SEC-RKMP-BPL,2026-10-18T22:30:00,2026-10-18T22:53:00,DOWN
MOV-002239,TRN-12053,SEC-RKMP-BPL,2026-10-18T05:00:00,2026-10-18T05:23:00,UP
MOV-002240,TRN-12051,SEC-RKMP-BPL,2026-10-18T23:30:00,2026-10-19T00:04:00,UP
MOV-002241,TRN-12038,SEC-RKMP-BPL,2026-10-18T10:15:00,2026-10-18T10:36:00,DOWN
MOV-002242,TRN-12039,SEC-RKMP-BPL,2026-10-18T03:30:00,2026-10-18T04:03:00,UP
MOV-002243,TRN-12053,SEC-RKMP-BPL,2026-10-18T14:15:00,2026-10-18T14:44:00,DOWN
MOV-002244,TRN-12047,SEC-RKMP-BPL,2026-10-18T01:00:00,2026-10-18T01:27:00,UP
MOV-002245,TRN-12015,SEC-RKMP-BPL,2026-10-18T10:30:00,2026-10-18T10:48:00,DOWN
MOV-002246,TRN-12026,SEC-RKMP-BPL,2026-10-18T03:00:00,2026-10-18T03:32:00,UP
MOV-002247,TRN-12026,SEC-RKMP-BPL,2026-10-18T16:30:00,2026-10-18T16:50:00,UP
MOV-002248,TRN-12043,SEC-RKMP-BPL,2026-10-18T11:00:00,2026-10-18T11:18:00,DOWN
MOV-002249,TRN-12011,SEC-RKMP-BPL,2026-10-18T09:00:00,2026-10-18T09:30:00,DOWN
MOV-002250,TRN-12048,SEC-RKMP-BPL,2026-10-18T01:15:00,2026-10-18T01:35:00,DOWN
MOV-002251,TRN-12050,SEC-RKMP-BPL,2026-10-18T05:45:00,2026-10-18T06:11:00,DOWN
MOV-002252,TRN-12005,SEC-RKMP-BPL,2026-10-18T23:15:00,2026-10-18T23:35:00,UP
MOV-002253,TRN-12060,SEC-RKMP-BPL,2026-10-18T21:00:00,2026-10-18T21:23:00,DOWN
MOV-002254,TRN-12036,SEC-RKMP-BPL,2026-10-18T04:15:00,2026-10-18T04:37:00,UP
MOV-002255,TRN-12058,SEC-RKMP-BPL,2026-10-18T04:30:00,2026-10-18T05:03:00,DOWN
MOV-002256,TRN-12048,SEC-RKMP-BPL,2026-10-18T03:00:00,2026-10-18T03:30:00,DOWN
MOV-002257,TRN-12045,SEC-RKMP-BPL,2026-10-18T10:30:00,2026-10-18T10:45:00,UP
MOV-002258,TRN-12032,SEC-RKMP-BPL,2026-10-18T03:00:00,2026-10-18T03:15:00,UP
MOV-002259,TRN-12060,SEC-RKMP-BPL,2026-10-18T16:45:00,2026-10-18T17:05:00,DOWN
MOV-002260,TRN-12054,SEC-RKMP-BPL,2026-10-18T08:30:00,2026-10-18T08:58:00,DOWN
MOV-002261,TRN-12059,SEC-RKMP-BPL,2026-10-18T14:30:00,2026-10-18T15:02:00,DOWN
MOV-002262,TRN-12022,SEC-RKMP-BPL,2026-10-18T15:30:00,2026-10-18T15:49:00,DOWN
MOV-002263,TRN-12038,SEC-RKMP-BPL,2026-10-18T21:30:00,2026-10-18T21:48:00,DOWN
MOV-002264,TRN-12035,SEC-RKMP-BPL,2026-10-18T06:45:00,2026-10-18T07:07:00,UP
MOV-002265,TRN-12051,SEC-RKMP-BPL,2026-10-18T20:30:00,2026-10-18T20:52:00,DOWN
MOV-002266,TRN-12011,SEC-RKMP-BPL,2026-10-18T17:30:00,2026-10-18T18:02:00,UP
MOV-002267,TRN-12050,SEC-RKMP-BPL,2026-10-18T00:45:00,2026-10-18T01:01:00,DOWN
MOV-002268,TRN-12058,SEC-RKMP-BPL,2026-10-19T18:00:00,2026-10-19T18:32:00,UP
MOV-002269,TRN-12033,SEC-RKMP-BPL,2026-10-19T02:00:00,2026-10-19T02:19:00,DOWN
MOV-002270,TRN-12033,SEC-RKMP-BPL,2026-10-19T20:00:00,2026-10-19T20:29:00,UP
MOV-002271,TRN-12018,SEC-RKMP-BPL,2026-10-19T04:00:00,2026-10-19T04:26:00,DOWN
MOV-002272,TRN-12041,SEC-RKMP-BPL,2026-10-19T20:30:00,2026-10-19T20:46:00,UP
MOV-002273,TRN-12050,SEC-RKMP-BPL,2026-10-19T01:00:00,2026-10-19T01:31:00,UP
MOV-002274,TRN-12058,SEC-RKMP-BPL,2026-10-19T18:30:00,2026-10-19T18:55:00,UP
MOV-002275,TRN-12025,SEC-RKMP-BPL,2026-10-19T19:45:00,2026-10-19T20:08:00,DOWN
MOV-002276,TRN-12047,SEC-RKMP-BPL,2026-10-19T01:30:00,2026-10-19T01:57:00,DOWN
MOV-002277,TRN-12047,SEC-RKMP-BPL,2026-10-19T21:30:00,2026-10-19T21:51:00,DOWN
MOV-002278,TRN-12058,SEC-RKMP-BPL,2026-10-19T16:30:00,2026-10-19T16:47:00,UP
MOV-002279,TRN-12012,SEC-RKMP-BPL,2026-10-19T12:45:00,2026-10-19T13:04:00,DOWN
MOV-002280,TRN-12008,SEC-RKMP-BPL,2026-10-19T02:45:00,2026-10-19T03:02:00,DOWN
MOV-002281,TRN-12046,SEC-RKMP-BPL,2026-10-19T07:00:00,2026-10-19T07:21:00,UP
MOV-002282,TRN-12041,SEC-RKMP-BPL,2026-10-19T21:45:00,2026-10-19T22:16:00,DOWN
MOV-002283,TRN-12053,SEC-RKMP-BPL,2026-10-19T18:30:00,2026-10-19T19:04:00,UP
MOV-002284,TRN-12025,SEC-RKMP-BPL,2026-10-19T21:15:00,2026-10-19T21:35:00,UP
MOV-002285,TRN-12017,SEC-RKMP-BPL,2026-10-19T14:45:00,2026-10-19T15:02:00,DOWN
MOV-002286,TRN-12046,SEC-RKMP-BPL,2026-10-19T21:45:00,2026-10-19T22:03:00,UP
MOV-002287,TRN-12058,SEC-RKMP-BPL,2026-10-19T21:30:00,2026-10-19T22:04:00,DOWN
MOV-002288,TRN-12004,SEC-RKMP-BPL,2026-10-19T21:00:00,2026-10-19T21:22:00,UP
MOV-002289,TRN-12044,SEC-RKMP-BPL,2026-10-19T00:30:00,2026-10-19T01:02:00,DOWN
MOV-002290,TRN-12019,SEC-RKMP-BPL,2026-10-19T21:15:00,2026-10-19T21:43:00,DOWN
MOV-002291,TRN-12005,SEC-RKMP-BPL,2026-10-19T00:00:00,2026-10-19T00:33:00,DOWN
MOV-002292,TRN-12025,SEC-RKMP-BPL,2026-10-19T23:00:00,2026-10-19T23:34:00,UP
MOV-002293,TRN-12003,SEC-RKMP-BPL,2026-10-19T18:15:00,2026-10-19T18:35:00,DOWN
MOV-002294,TRN-12020,SEC-RKMP-BPL,2026-10-19T18:00:00,2026-10-19T18:16:00,UP
MOV-002295,TRN-12037,SEC-RKMP-BPL,2026-10-19T05:00:00,2026-10-19T05:29:00,UP
MOV-002296,TRN-12026,SEC-RKMP-BPL,2026-10-19T05:00:00,2026-10-19T05:16:00,DOWN
MOV-002297,TRN-12005,SEC-RKMP-BPL,2026-10-19T05:45:00,2026-10-19T06:06:00,DOWN
MOV-002298,TRN-12021,SEC-RKMP-BPL,2026-10-19T22:45:00,2026-10-19T23:09:00,DOWN
MOV-002299,TRN-12025,SEC-RKMP-BPL,2026-10-19T22:15:00,2026-10-19T22:46:00,DOWN
MOV-002300,TRN-12039,SEC-RKMP-BPL,2026-10-19T08:45:00,2026-10-19T09:14:00,DOWN
MOV-002301,TRN-12049,SEC-RKMP-BPL,2026-10-19T03:45:00,2026-10-19T04:16:00,UP
MOV-002302,TRN-12059,SEC-RKMP-BPL,2026-10-19T12:15:00,2026-10-19T12:34:00,UP
MOV-002303,TRN-12003,SEC-RKMP-BPL,2026-10-19T16:30:00,2026-10-19T16:58:00,DOWN
MOV-002304,TRN-12022,SEC-RKMP-BPL,2026-10-19T17:45:00,2026-10-19T18:01:00,UP
MOV-002305,TRN-12060,SEC-RKMP-BPL,2026-10-19T20:45:00,2026-10-19T21:03:00,UP
MOV-002306,TRN-12008,SEC-RKMP-BPL,2026-10-19T20:30:00,2026-10-19T20:49:00,UP
MOV-002307,TRN-12045,SEC-RKMP-BPL,2026-10-19T19:45:00,2026-10-19T20:19:00,DOWN
MOV-002308,TRN-12048,SEC-RKMP-BPL,2026-10-19T19:45:00,2026-10-19T20:09:00,DOWN
MOV-002309,TRN-12050,SEC-RKMP-BPL,2026-10-19T02:30:00,2026-10-19T02:51:00,UP
MOV-002310,TRN-12011,SEC-RKMP-BPL,2026-10-19T02:45:00,2026-10-19T03:15:00,UP
MOV-002311,TRN-12038,SEC-RKMP-BPL,2026-10-19T15:30:00,2026-10-19T15:57:00,DOWN
MOV-002312,TRN-12032,SEC-RKMP-BPL,2026-10-19T15:30:00,2026-10-19T15:52:00,DOWN
MOV-002313,TRN-12025,SEC-RKMP-BPL,2026-10-19T19:30:00,2026-10-19T19:58:00,DOWN
MOV-002314,TRN-12045,SEC-RKMP-BPL,2026-10-19T13:30:00,2026-10-19T13:55:00,UP
MOV-002315,TRN-12044,SEC-RKMP-BPL,2026-10-19T21:30:00,2026-10-19T22:00:00,DOWN
MOV-002316,TRN-12023,SEC-RKMP-BPL,2026-10-19T01:15:00,2026-10-19T01:45:00,DOWN
MOV-002317,TRN-12031,SEC-RKMP-BPL,2026-10-19T18:00:00,2026-10-19T18:27:00,DOWN
MOV-002318,TRN-12031,SEC-RKMP-BPL,2026-10-19T17:15:00,2026-10-19T17:40:00,DOWN
MOV-002319,TRN-12048,SEC-RKMP-BPL,2026-10-19T05:15:00,2026-10-19T05:38:00,UP
MOV-002320,TRN-12022,SEC-RKMP-BPL,2026-10-20T07:15:00,2026-10-20T07:40:00,DOWN
MOV-002321,TRN-12019,SEC-RKMP-BPL,2026-10-20T20:15:00,2026-10-20T20:44:00,UP
MOV-002322,TRN-12011,SEC-RKMP-BPL,2026-10-20T10:15:00,2026-10-20T10:39:00,UP
MOV-002323,TRN-12029,SEC-RKMP-BPL,2026-10-20T16:30:00,2026-10-20T16:49:00,UP
MOV-002324,TRN-12032,SEC-RKMP-BPL,2026-10-20T12:45:00,2026-10-20T13:07:00,DOWN
MOV-002325,TRN-12054,SEC-RKMP-BPL,2026-10-20T07:45:00,2026-10-20T08:06:00,UP
MOV-002326,TRN-12040,SEC-RKMP-BPL,2026-10-20T14:30:00,2026-10-20T14:49:00,UP
MOV-002327,TRN-12055,SEC-RKMP-BPL,2026-10-20T20:45:00,2026-10-20T21:10:00,DOWN
MOV-002328,TRN-12029,SEC-RKMP-BPL,2026-10-20T01:00:00,2026-10-20T01:20:00,UP
MOV-002329,TRN-12057,SEC-RKMP-BPL,2026-10-20T07:30:00,2026-10-20T07:50:00,DOWN
MOV-002330,TRN-12035,SEC-RKMP-BPL,2026-10-20T03:15:00,2026-10-20T03:32:00,DOWN
MOV-002331,TRN-12043,SEC-RKMP-BPL,2026-10-20T22:45:00,2026-10-20T23:04:00,DOWN
MOV-002332,TRN-12007,SEC-RKMP-BPL,2026-10-20T23:45:00,2026-10-21T00:13:00,DOWN
MOV-002333,TRN-12051,SEC-RKMP-BPL,2026-10-20T20:00:00,2026-10-20T20:15:00,DOWN
MOV-002334,TRN-12016,SEC-RKMP-BPL,2026-10-20T10:00:00,2026-10-20T10:27:00,DOWN
MOV-002335,TRN-12051,SEC-RKMP-BPL,2026-10-20T13:30:00,2026-10-20T13:55:00,UP
MOV-002336,TRN-12034,SEC-RKMP-BPL,2026-10-20T22:15:00,2026-10-20T22:39:00,DOWN
MOV-002337,TRN-12035,SEC-RKMP-BPL,2026-10-20T00:15:00,2026-10-20T00:42:00,DOWN
MOV-002338,TRN-12045,SEC-RKMP-BPL,2026-10-20T23:30:00,2026-10-20T23:56:00,UP
MOV-002339,TRN-12023,SEC-RKMP-BPL,2026-10-20T19:15:00,2026-10-20T19:44:00,UP
MOV-002340,TRN-12008,SEC-RKMP-BPL,2026-10-20T05:00:00,2026-10-20T05:27:00,DOWN
MOV-002341,TRN-12034,SEC-RKMP-BPL,2026-10-20T06:30:00,2026-10-20T06:47:00,UP
MOV-002342,TRN-12010,SEC-RKMP-BPL,2026-10-20T01:00:00,2026-10-20T01:17:00,UP
MOV-002343,TRN-12033,SEC-RKMP-BPL,2026-10-20T14:15:00,2026-10-20T14:33:00,UP
MOV-002344,TRN-12043,SEC-RKMP-BPL,2026-10-20T23:15:00,2026-10-20T23:34:00,UP
MOV-002345,TRN-12013,SEC-RKMP-BPL,2026-10-20T05:15:00,2026-10-20T05:45:00,DOWN
MOV-002346,TRN-12058,SEC-RKMP-BPL,2026-10-20T08:15:00,2026-10-20T08:37:00,UP
MOV-002347,TRN-12024,SEC-RKMP-BPL,2026-10-20T06:15:00,2026-10-20T06:33:00,DOWN
MOV-002348,TRN-12051,SEC-RKMP-BPL,2026-10-20T23:00:00,2026-10-20T23:17:00,DOWN
MOV-002349,TRN-12051,SEC-RKMP-BPL,2026-10-20T14:15:00,2026-10-20T14:40:00,DOWN
MOV-002350,TRN-12051,SEC-RKMP-BPL,2026-10-20T12:00:00,2026-10-20T12:28:00,DOWN
MOV-002351,TRN-12018,SEC-RKMP-BPL,2026-10-20T02:00:00,2026-10-20T02:31:00,UP
MOV-002352,TRN-12032,SEC-RKMP-BPL,2026-10-20T23:00:00,2026-10-20T23:19:00,DOWN
MOV-002353,TRN-12033,SEC-RKMP-BPL,2026-10-20T00:30:00,2026-10-20T00:47:00,DOWN
MOV-002354,TRN-12048,SEC-RKMP-BPL,2026-10-20T19:15:00,2026-10-20T19:35:00,DOWN
MOV-002355,TRN-12034,SEC-RKMP-BPL,2026-10-20T15:00:00,2026-10-20T15:27:00,DOWN
MOV-002356,TRN-12018,SEC-RKMP-BPL,2026-10-20T18:00:00,2026-10-20T18:29:00,DOWN
MOV-002357,TRN-12035,SEC-RKMP-BPL,2026-10-20T02:30:00,2026-10-20T02:55:00,DOWN
MOV-002358,TRN-12017,SEC-RKMP-BPL,2026-10-20T15:15:00,2026-10-20T15:41:00,DOWN
MOV-002359,TRN-12039,SEC-RKMP-BPL,2026-10-20T19:45:00,2026-10-20T20:15:00,DOWN
MOV-002360,TRN-12053,SEC-RKMP-BPL,2026-10-20T05:15:00,2026-10-20T05:40:00,UP
MOV-002361,TRN-12043,SEC-RKMP-BPL,2026-10-20T00:00:00,2026-10-20T00:29:00,DOWN
MOV-002362,TRN-12019,SEC-RKMP-BPL,2026-10-20T07:30:00,2026-10-20T07:54:00,UP
MOV-002363,TRN-12031,SEC-RKMP-BPL,2026-10-20T19:30:00,2026-10-20T20:01:00,DOWN
MOV-002364,TRN-12053,SEC-RKMP-BPL,2026-10-20T05:00:00,2026-10-20T05:17:00,DOWN
MOV-002365,TRN-12039,SEC-RKMP-BPL,2026-10-20T05:45:00,2026-10-20T06:06:00,DOWN
MOV-002366,TRN-12015,SEC-RKMP-BPL,2026-10-20T02:15:00,2026-10-20T02:34:00,DOWN
MOV-002367,TRN-12002,SEC-RKMP-BPL,2026-10-20T05:30:00,2026-10-20T05:52:00,DOWN
MOV-002368,TRN-12040,SEC-RKMP-BPL,2026-10-20T23:45:00,2026-10-21T00:04:00,DOWN
MOV-002369,TRN-12038,SEC-RKMP-BPL,2026-10-20T14:45:00,2026-10-20T15:02:00,UP
MOV-002370,TRN-12049,SEC-RKMP-BPL,2026-10-20T21:00:00,2026-10-20T21:24:00,UP
MOV-002371,TRN-12011,SEC-RKMP-BPL,2026-10-20T01:30:00,2026-10-20T01:58:00,DOWN
MOV-002372,TRN-12023,SEC-RKMP-BPL,2026-10-20T18:30:00,2026-10-20T19:03:00,UP
MOV-002373,TRN-12015,SEC-RKMP-BPL,2026-10-20T10:30:00,2026-10-20T10:54:00,DOWN
MOV-002374,TRN-12003,SEC-RKMP-BPL,2026-10-20T12:15:00,2026-10-20T12:34:00,DOWN
MOV-002375,TRN-12033,SEC-RKMP-BPL,2026-10-21T02:00:00,2026-10-21T02:23:00,DOWN
MOV-002376,TRN-12019,SEC-RKMP-BPL,2026-10-21T07:45:00,2026-10-21T08:00:00,UP
MOV-002377,TRN-12010,SEC-RKMP-BPL,2026-10-21T23:15:00,2026-10-21T23:33:00,UP
MOV-002378,TRN-12059,SEC-RKMP-BPL,2026-10-21T16:00:00,2026-10-21T16:19:00,UP
MOV-002379,TRN-12047,SEC-RKMP-BPL,2026-10-21T03:15:00,2026-10-21T03:36:00,DOWN
MOV-002380,TRN-12037,SEC-RKMP-BPL,2026-10-21T19:15:00,2026-10-21T19:37:00,UP
MOV-002381,TRN-12003,SEC-RKMP-BPL,2026-10-21T17:30:00,2026-10-21T17:54:00,DOWN
MOV-002382,TRN-12011,SEC-RKMP-BPL,2026-10-21T23:30:00,2026-10-21T23:49:00,DOWN
MOV-002383,TRN-12046,SEC-RKMP-BPL,2026-10-21T08:15:00,2026-10-21T08:46:00,UP
MOV-002384,TRN-12001,SEC-RKMP-BPL,2026-10-21T15:45:00,2026-10-21T16:10:00,UP
MOV-002385,TRN-12033,SEC-RKMP-BPL,2026-10-21T06:45:00,2026-10-21T07:12:00,UP
MOV-002386,TRN-12038,SEC-RKMP-BPL,2026-10-21T16:30:00,2026-10-21T16:52:00,DOWN
MOV-002387,TRN-12003,SEC-RKMP-BPL,2026-10-21T09:15:00,2026-10-21T09:40:00,DOWN
MOV-002388,TRN-12058,SEC-RKMP-BPL,2026-10-21T11:30:00,2026-10-21T11:47:00,UP
MOV-002389,TRN-12042,SEC-RKMP-BPL,2026-10-21T16:45:00,2026-10-21T17:09:00,DOWN
MOV-002390,TRN-12059,SEC-RKMP-BPL,2026-10-21T13:00:00,2026-10-21T13:22:00,DOWN
MOV-002391,TRN-12035,SEC-RKMP-BPL,2026-10-21T22:45:00,2026-10-21T23:01:00,DOWN
MOV-002392,TRN-12022,SEC-RKMP-BPL,2026-10-21T19:30:00,2026-10-21T19:54:00,UP
MOV-002393,TRN-12008,SEC-RKMP-BPL,2026-10-21T14:30:00,2026-10-21T14:56:00,UP
MOV-002394,TRN-12031,SEC-RKMP-BPL,2026-10-21T01:00:00,2026-10-21T01:24:00,DOWN
MOV-002395,TRN-12040,SEC-RKMP-BPL,2026-10-21T23:45:00,2026-10-22T00:07:00,DOWN
MOV-002396,TRN-12006,SEC-RKMP-BPL,2026-10-21T20:15:00,2026-10-21T20:45:00,DOWN
MOV-002397,TRN-12043,SEC-RKMP-BPL,2026-10-21T22:00:00,2026-10-21T22:18:00,DOWN
MOV-002398,TRN-12033,SEC-RKMP-BPL,2026-10-21T02:30:00,2026-10-21T02:46:00,DOWN
MOV-002399,TRN-12010,SEC-RKMP-BPL,2026-10-21T10:45:00,2026-10-21T11:10:00,DOWN
MOV-002400,TRN-12043,SEC-RKMP-BPL,2026-10-21T22:15:00,2026-10-21T22:49:00,DOWN
MOV-002401,TRN-12054,SEC-RKMP-BPL,2026-10-21T17:00:00,2026-10-21T17:27:00,DOWN
MOV-002402,TRN-12008,SEC-RKMP-BPL,2026-10-21T20:00:00,2026-10-21T20:32:00,DOWN
MOV-002403,TRN-12010,SEC-RKMP-BPL,2026-10-21T17:00:00,2026-10-21T17:26:00,DOWN
MOV-002404,TRN-12013,SEC-RKMP-BPL,2026-10-21T04:15:00,2026-10-21T04:37:00,UP
MOV-002405,TRN-12028,SEC-RKMP-BPL,2026-10-21T06:00:00,2026-10-21T06:20:00,UP
MOV-002406,TRN-12055,SEC-RKMP-BPL,2026-10-21T23:15:00,2026-10-21T23:47:00,UP
MOV-002407,TRN-12055,SEC-RKMP-BPL,2026-10-21T04:15:00,2026-10-21T04:44:00,UP
MOV-002408,TRN-12050,SEC-RKMP-BPL,2026-10-21T10:15:00,2026-10-21T10:39:00,DOWN
MOV-002409,TRN-12001,SEC-RKMP-BPL,2026-10-21T18:45:00,2026-10-21T19:16:00,DOWN
MOV-002410,TRN-12047,SEC-RKMP-BPL,2026-10-21T12:15:00,2026-10-21T12:37:00,DOWN
MOV-002411,TRN-12024,SEC-RKMP-BPL,2026-10-21T13:00:00,2026-10-21T13:21:00,UP
MOV-002412,TRN-12027,SEC-RKMP-BPL,2026-10-21T12:30:00,2026-10-21T12:53:00,UP
MOV-002413,TRN-12033,SEC-RKMP-BPL,2026-10-21T01:45:00,2026-10-21T02:15:00,UP
MOV-002414,TRN-12016,SEC-RKMP-BPL,2026-10-21T00:15:00,2026-10-21T00:30:00,DOWN
MOV-002415,TRN-12009,SEC-RKMP-BPL,2026-10-21T15:30:00,2026-10-21T15:49:00,DOWN
MOV-002416,TRN-12007,SEC-RKMP-BPL,2026-10-21T21:30:00,2026-10-21T21:57:00,DOWN
MOV-002417,TRN-12025,SEC-RKMP-BPL,2026-10-21T06:00:00,2026-10-21T06:33:00,UP
MOV-002418,TRN-12050,SEC-RKMP-BPL,2026-10-21T07:45:00,2026-10-21T08:17:00,UP
MOV-002419,TRN-12030,SEC-RKMP-BPL,2026-10-21T19:00:00,2026-10-21T19:15:00,UP
MOV-002420,TRN-12036,SEC-RKMP-BPL,2026-10-21T03:15:00,2026-10-21T03:48:00,UP
MOV-002421,TRN-12004,SEC-RKMP-BPL,2026-10-21T10:00:00,2026-10-21T10:15:00,UP
MOV-002422,TRN-12007,SEC-RKMP-BPL,2026-10-21T19:00:00,2026-10-21T19:25:00,DOWN
MOV-002423,TRN-12038,SEC-RKMP-BPL,2026-10-21T15:15:00,2026-10-21T15:47:00,UP
MOV-002424,TRN-12007,SEC-RKMP-BPL,2026-10-21T20:00:00,2026-10-21T20:18:00,UP
MOV-002425,TRN-12002,SEC-RKMP-BPL,2026-10-21T02:30:00,2026-10-21T02:58:00,UP
MOV-002426,TRN-12057,SEC-RKMP-BPL,2026-10-21T02:30:00,2026-10-21T03:01:00,DOWN
MOV-002427,TRN-12030,SEC-RKMP-BPL,2026-10-21T02:00:00,2026-10-21T02:32:00,UP
MOV-002428,TRN-12003,SEC-RKMP-BPL,2026-10-21T17:30:00,2026-10-21T17:46:00,UP
MOV-002429,TRN-12007,SEC-RKMP-BPL,2026-10-21T01:30:00,2026-10-21T01:47:00,DOWN
MOV-002430,TRN-12011,SEC-RKMP-BPL,2026-10-21T23:30:00,2026-10-21T23:52:00,UP
MOV-002431,TRN-12004,SEC-RKMP-BPL,2026-10-21T01:30:00,2026-10-21T01:45:00,DOWN
MOV-002432,TRN-12023,SEC-RKMP-BPL,2026-10-21T03:30:00,2026-10-21T03:56:00,DOWN
MOV-002433,TRN-12012,SEC-RKMP-BPL,2026-10-21T13:45:00,2026-10-21T14:05:00,DOWN
MOV-002434,TRN-12044,SEC-RKMP-BPL,2026-10-21T10:45:00,2026-10-21T11:19:00,UP
MOV-002435,TRN-12059,SEC-RKMP-BPL,2026-10-21T00:00:00,2026-10-21T00:15:00,UP
MOV-002436,TRN-12057,SEC-RKMP-BPL,2026-10-21T14:30:00,2026-10-21T14:46:00,DOWN
MOV-002437,TRN-12029,SEC-RKMP-BPL,2026-10-22T06:00:00,2026-10-22T06:34:00,DOWN
MOV-002438,TRN-12025,SEC-RKMP-BPL,2026-10-22T01:45:00,2026-10-22T02:09:00,UP
MOV-002439,TRN-12041,SEC-RKMP-BPL,2026-10-22T03:30:00,2026-10-22T04:02:00,UP
MOV-002440,TRN-12001,SEC-RKMP-BPL,2026-10-22T05:00:00,2026-10-22T05:25:00,UP
MOV-002441,TRN-12008,SEC-RKMP-BPL,2026-10-22T16:00:00,2026-10-22T16:21:00,DOWN
MOV-002442,TRN-12004,SEC-RKMP-BPL,2026-10-22T05:15:00,2026-10-22T05:40:00,UP
MOV-002443,TRN-12059,SEC-RKMP-BPL,2026-10-22T00:45:00,2026-10-22T01:10:00,UP
MOV-002444,TRN-12007,SEC-RKMP-BPL,2026-10-22T02:15:00,2026-10-22T02:36:00,DOWN
MOV-002445,TRN-12019,SEC-RKMP-BPL,2026-10-22T17:15:00,2026-10-22T17:35:00,UP
MOV-002446,TRN-12020,SEC-RKMP-BPL,2026-10-22T20:00:00,2026-10-22T20:20:00,DOWN
MOV-002447,TRN-12040,SEC-RKMP-BPL,2026-10-22T04:45:00,2026-10-22T05:03:00,UP
MOV-002448,TRN-12027,SEC-RKMP-BPL,2026-10-22T16:00:00,2026-10-22T16:30:00,UP
MOV-002449,TRN-12047,SEC-RKMP-BPL,2026-10-22T02:15:00,2026-10-22T02:42:00,UP
MOV-002450,TRN-12037,SEC-RKMP-BPL,2026-10-22T16:30:00,2026-10-22T16:52:00,DOWN
MOV-002451,TRN-12044,SEC-RKMP-BPL,2026-10-22T07:30:00,2026-10-22T08:03:00,DOWN
MOV-002452,TRN-12044,SEC-RKMP-BPL,2026-10-22T18:45:00,2026-10-22T19:05:00,DOWN
MOV-002453,TRN-12012,SEC-RKMP-BPL,2026-10-22T08:45:00,2026-10-22T09:05:00,DOWN
MOV-002454,TRN-12026,SEC-RKMP-BPL,2026-10-22T05:00:00,2026-10-22T05:25:00,UP
MOV-002455,TRN-12031,SEC-RKMP-BPL,2026-10-22T01:15:00,2026-10-22T01:30:00,UP
MOV-002456,TRN-12056,SEC-RKMP-BPL,2026-10-22T03:30:00,2026-10-22T03:45:00,DOWN
MOV-002457,TRN-12056,SEC-RKMP-BPL,2026-10-22T08:00:00,2026-10-22T08:26:00,UP
MOV-002458,TRN-12054,SEC-RKMP-BPL,2026-10-22T20:30:00,2026-10-22T20:57:00,DOWN
MOV-002459,TRN-12045,SEC-RKMP-BPL,2026-10-22T11:45:00,2026-10-22T12:06:00,UP
MOV-002460,TRN-12042,SEC-RKMP-BPL,2026-10-22T15:45:00,2026-10-22T16:07:00,UP
MOV-002461,TRN-12034,SEC-RKMP-BPL,2026-10-22T09:45:00,2026-10-22T10:08:00,DOWN
MOV-002462,TRN-12026,SEC-RKMP-BPL,2026-10-22T05:45:00,2026-10-22T06:10:00,DOWN
MOV-002463,TRN-12036,SEC-RKMP-BPL,2026-10-22T08:45:00,2026-10-22T09:07:00,DOWN
MOV-002464,TRN-12026,SEC-RKMP-BPL,2026-10-22T00:00:00,2026-10-22T00:34:00,DOWN
MOV-002465,TRN-12024,SEC-RKMP-BPL,2026-10-22T19:30:00,2026-10-22T19:58:00,DOWN
MOV-002466,TRN-12012,SEC-RKMP-BPL,2026-10-22T02:30:00,2026-10-22T02:45:00,DOWN
MOV-002467,TRN-12008,SEC-RKMP-BPL,2026-10-22T06:30:00,2026-10-22T06:57:00,DOWN
MOV-002468,TRN-12037,SEC-RKMP-BPL,2026-10-22T01:45:00,2026-10-22T02:04:00,UP
MOV-002469,TRN-12053,SEC-RKMP-BPL,2026-10-22T04:30:00,2026-10-22T04:54:00,DOWN
MOV-002470,TRN-12003,SEC-RKMP-BPL,2026-10-22T02:15:00,2026-10-22T02:39:00,DOWN
MOV-002471,TRN-12037,SEC-RKMP-BPL,2026-10-22T03:45:00,2026-10-22T04:09:00,DOWN
MOV-002472,TRN-12060,SEC-RKMP-BPL,2026-10-22T01:30:00,2026-10-22T01:53:00,UP
MOV-002473,TRN-12019,SEC-RKMP-BPL,2026-10-22T13:15:00,2026-10-22T13:33:00,UP
MOV-002474,TRN-12009,SEC-RKMP-BPL,2026-10-22T20:30:00,2026-10-22T20:52:00,UP
MOV-002475,TRN-12005,SEC-RKMP-BPL,2026-10-22T06:45:00,2026-10-22T07:00:00,UP
MOV-002476,TRN-12051,SEC-RKMP-BPL,2026-10-22T12:00:00,2026-10-22T12:24:00,DOWN
MOV-002477,TRN-12021,SEC-RKMP-BPL,2026-10-22T09:30:00,2026-10-22T09:56:00,DOWN
MOV-002478,TRN-12015,SEC-RKMP-BPL,2026-10-22T06:00:00,2026-10-22T06:28:00,DOWN
MOV-002479,TRN-12021,SEC-RKMP-BPL,2026-10-22T16:15:00,2026-10-22T16:33:00,DOWN
MOV-002480,TRN-12027,SEC-RKMP-BPL,2026-10-22T09:15:00,2026-10-22T09:48:00,UP
MOV-002481,TRN-12017,SEC-RKMP-BPL,2026-10-22T13:00:00,2026-10-22T13:17:00,DOWN
MOV-002482,TRN-12031,SEC-RKMP-BPL,2026-10-22T15:00:00,2026-10-22T15:32:00,UP
MOV-002483,TRN-12010,SEC-RKMP-BPL,2026-10-22T07:00:00,2026-10-22T07:24:00,UP
MOV-002484,TRN-12027,SEC-RKMP-BPL,2026-10-22T11:45:00,2026-10-22T12:19:00,UP
MOV-002485,TRN-12058,SEC-RKMP-BPL,2026-10-22T19:45:00,2026-10-22T20:04:00,UP
MOV-002486,TRN-12022,SEC-RKMP-BPL,2026-10-22T02:00:00,2026-10-22T02:27:00,UP
MOV-002487,TRN-12050,SEC-RKMP-BPL,2026-10-22T16:00:00,2026-10-22T16:31:00,UP
MOV-002488,TRN-12034,SEC-RKMP-BPL,2026-10-22T23:30:00,2026-10-22T23:45:00,UP
MOV-002489,TRN-12026,SEC-RKMP-BPL,2026-10-22T00:00:00,2026-10-22T00:30:00,UP
MOV-002490,TRN-12011,SEC-RKMP-BPL,2026-10-22T12:00:00,2026-10-22T12:20:00,DOWN
MOV-002491,TRN-12038,SEC-RKMP-BPL,2026-10-22T23:15:00,2026-10-22T23:42:00,UP
MOV-002492,TRN-12011,SEC-RKMP-BPL,2026-10-23T19:00:00,2026-10-23T19:19:00,UP
MOV-002493,TRN-12026,SEC-RKMP-BPL,2026-10-23T07:15:00,2026-10-23T07:35:00,DOWN
MOV-002494,TRN-12035,SEC-RKMP-BPL,2026-10-23T22:45:00,2026-10-23T23:13:00,DOWN
MOV-002495,TRN-12007,SEC-RKMP-BPL,2026-10-23T22:15:00,2026-10-23T22:44:00,UP
MOV-002496,TRN-12006,SEC-RKMP-BPL,2026-10-23T21:15:00,2026-10-23T21:32:00,DOWN
MOV-002497,TRN-12004,SEC-RKMP-BPL,2026-10-23T10:30:00,2026-10-23T10:59:00,UP
MOV-002498,TRN-12023,SEC-RKMP-BPL,2026-10-23T20:00:00,2026-10-23T20:16:00,UP
MOV-002499,TRN-12049,SEC-RKMP-BPL,2026-10-23T11:00:00,2026-10-23T11:18:00,UP
MOV-002500,TRN-12049,SEC-RKMP-BPL,2026-10-23T11:00:00,2026-10-23T11:19:00,DOWN
MOV-002501,TRN-12036,SEC-RKMP-BPL,2026-10-23T19:00:00,2026-10-23T19:16:00,UP
MOV-002502,TRN-12024,SEC-RKMP-BPL,2026-10-23T17:30:00,2026-10-23T17:49:00,DOWN
MOV-002503,TRN-12040,SEC-RKMP-BPL,2026-10-23T04:30:00,2026-10-23T04:53:00,UP
MOV-002504,TRN-12024,SEC-RKMP-BPL,2026-10-23T18:30:00,2026-10-23T18:50:00,DOWN
MOV-002505,TRN-12024,SEC-RKMP-BPL,2026-10-23T11:00:00,2026-10-23T11:34:00,DOWN
MOV-002506,TRN-12012,SEC-RKMP-BPL,2026-10-23T13:45:00,2026-10-23T14:10:00,UP
MOV-002507,TRN-12059,SEC-RKMP-BPL,2026-10-23T06:15:00,2026-10-23T06:37:00,DOWN
MOV-002508,TRN-12031,SEC-RKMP-BPL,2026-10-23T17:45:00,2026-10-23T18:18:00,DOWN
MOV-002509,TRN-12055,SEC-RKMP-BPL,2026-10-23T22:45:00,2026-10-23T23:12:00,UP
MOV-002510,TRN-12007,SEC-RKMP-BPL,2026-10-23T19:15:00,2026-10-23T19:46:00,DOWN
MOV-002511,TRN-12039,SEC-RKMP-BPL,2026-10-23T18:15:00,2026-10-23T18:38:00,DOWN
MOV-002512,TRN-12050,SEC-RKMP-BPL,2026-10-23T04:45:00,2026-10-23T05:09:00,DOWN
MOV-002513,TRN-12032,SEC-RKMP-BPL,2026-10-23T14:00:00,2026-10-23T14:21:00,DOWN
MOV-002514,TRN-12051,SEC-RKMP-BPL,2026-10-23T02:00:00,2026-10-23T02:28:00,UP
MOV-002515,TRN-12051,SEC-RKMP-BPL,2026-10-23T01:15:00,2026-10-23T01:30:00,DOWN
MOV-002516,TRN-12052,SEC-RKMP-BPL,2026-10-23T03:15:00,2026-10-23T03:46:00,UP
MOV-002517,TRN-12058,SEC-RKMP-BPL,2026-10-23T21:00:00,2026-10-23T21:17:00,DOWN
MOV-002518,TRN-12001,SEC-RKMP-BPL,2026-10-23T12:00:00,2026-10-23T12:25:00,UP
MOV-002519,TRN-12043,SEC-RKMP-BPL,2026-10-23T21:15:00,2026-10-23T21:42:00,DOWN
MOV-002520,TRN-12060,SEC-RKMP-BPL,2026-10-23T05:00:00,2026-10-23T05:22:00,DOWN
MOV-002521,TRN-12052,SEC-RKMP-BPL,2026-10-23T06:00:00,2026-10-23T06:27:00,DOWN
MOV-002522,TRN-12023,SEC-RKMP-BPL,2026-10-23T04:45:00,2026-10-23T05:16:00,DOWN
MOV-002523,TRN-12035,SEC-RKMP-BPL,2026-10-23T06:15:00,2026-10-23T06:31:00,UP
MOV-002524,TRN-12028,SEC-RKMP-BPL,2026-10-23T10:00:00,2026-10-23T10:34:00,UP
MOV-002525,TRN-12031,SEC-RKMP-BPL,2026-10-23T11:15:00,2026-10-23T11:46:00,DOWN
MOV-002526,TRN-12053,SEC-RKMP-BPL,2026-10-23T09:15:00,2026-10-23T09:38:00,DOWN
MOV-002527,TRN-12021,SEC-RKMP-BPL,2026-10-23T11:00:00,2026-10-23T11:26:00,DOWN
MOV-002528,TRN-12032,SEC-RKMP-BPL,2026-10-23T20:45:00,2026-10-23T21:18:00,UP
MOV-002529,TRN-12053,SEC-RKMP-BPL,2026-10-23T08:15:00,2026-10-23T08:38:00,UP
MOV-002530,TRN-12053,SEC-RKMP-BPL,2026-10-23T15:45:00,2026-10-23T16:19:00,UP
MOV-002531,TRN-12044,SEC-RKMP-BPL,2026-10-23T12:15:00,2026-10-23T12:44:00,DOWN
MOV-002532,TRN-12055,SEC-RKMP-BPL,2026-10-23T18:30:00,2026-10-23T19:03:00,UP
MOV-002533,TRN-12046,SEC-RKMP-BPL,2026-10-23T09:15:00,2026-10-23T09:45:00,UP
MOV-002534,TRN-12054,SEC-RKMP-BPL,2026-10-23T11:15:00,2026-10-23T11:36:00,UP
MOV-002535,TRN-12057,SEC-RKMP-BPL,2026-10-23T02:30:00,2026-10-23T03:01:00,UP
MOV-002536,TRN-12034,SEC-RKMP-BPL,2026-10-23T08:00:00,2026-10-23T08:27:00,DOWN
MOV-002537,TRN-12032,SEC-RKMP-BPL,2026-10-23T10:00:00,2026-10-23T10:33:00,DOWN
MOV-002538,TRN-12055,SEC-RKMP-BPL,2026-10-23T08:30:00,2026-10-23T08:53:00,UP
MOV-002539,TRN-12013,SEC-RKMP-BPL,2026-10-23T09:30:00,2026-10-23T09:47:00,DOWN
MOV-002540,TRN-12028,SEC-RKMP-BPL,2026-10-23T21:15:00,2026-10-23T21:31:00,UP
MOV-002541,TRN-12059,SEC-RKMP-BPL,2026-10-23T07:30:00,2026-10-23T08:01:00,UP
MOV-002542,TRN-12039,SEC-RKMP-BPL,2026-10-23T04:15:00,2026-10-23T04:35:00,DOWN
MOV-002543,TRN-12053,SEC-RKMP-BPL,2026-10-23T06:15:00,2026-10-23T06:46:00,UP
MOV-002544,TRN-12031,SEC-RKMP-BPL,2026-10-23T16:00:00,2026-10-23T16:32:00,UP
MOV-002545,TRN-12040,SEC-RKMP-BPL,2026-10-23T10:45:00,2026-10-23T11:12:00,UP
MOV-002546,TRN-12012,SEC-RKMP-BPL,2026-10-23T21:30:00,2026-10-23T21:50:00,UP
MOV-002547,TRN-12056,SEC-RKMP-BPL,2026-10-24T23:15:00,2026-10-24T23:34:00,UP
MOV-002548,TRN-12009,SEC-RKMP-BPL,2026-10-24T13:30:00,2026-10-24T14:04:00,UP
MOV-002549,TRN-12012,SEC-RKMP-BPL,2026-10-24T03:15:00,2026-10-24T03:42:00,UP
MOV-002550,TRN-12046,SEC-RKMP-BPL,2026-10-24T11:45:00,2026-10-24T12:09:00,UP
MOV-002551,TRN-12002,SEC-RKMP-BPL,2026-10-24T13:30:00,2026-10-24T14:01:00,DOWN
MOV-002552,TRN-12010,SEC-RKMP-BPL,2026-10-24T07:00:00,2026-10-24T07:17:00,UP
MOV-002553,TRN-12005,SEC-RKMP-BPL,2026-10-24T12:00:00,2026-10-24T12:18:00,UP
MOV-002554,TRN-12044,SEC-RKMP-BPL,2026-10-24T15:45:00,2026-10-24T16:02:00,UP
MOV-002555,TRN-12028,SEC-RKMP-BPL,2026-10-24T15:00:00,2026-10-24T15:19:00,UP
MOV-002556,TRN-12002,SEC-RKMP-BPL,2026-10-24T09:45:00,2026-10-24T10:10:00,UP
MOV-002557,TRN-12030,SEC-RKMP-BPL,2026-10-24T22:30:00,2026-10-24T22:55:00,DOWN
MOV-002558,TRN-12010,SEC-RKMP-BPL,2026-10-24T02:15:00,2026-10-24T02:36:00,UP
MOV-002559,TRN-12008,SEC-RKMP-BPL,2026-10-24T21:30:00,2026-10-24T21:58:00,UP
MOV-002560,TRN-12021,SEC-RKMP-BPL,2026-10-24T14:30:00,2026-10-24T14:58:00,DOWN
MOV-002561,TRN-12025,SEC-RKMP-BPL,2026-10-24T18:15:00,2026-10-24T18:31:00,DOWN
MOV-002562,TRN-12002,SEC-RKMP-BPL,2026-10-24T06:00:00,2026-10-24T06:19:00,UP
MOV-002563,TRN-12008,SEC-RKMP-BPL,2026-10-24T11:45:00,2026-10-24T12:02:00,DOWN
MOV-002564,TRN-12025,SEC-RKMP-BPL,2026-10-24T14:15:00,2026-10-24T14:36:00,UP
MOV-002565,TRN-12036,SEC-RKMP-BPL,2026-10-24T21:30:00,2026-10-24T21:56:00,DOWN
MOV-002566,TRN-12024,SEC-RKMP-BPL,2026-10-24T02:30:00,2026-10-24T03:02:00,UP
MOV-002567,TRN-12053,SEC-RKMP-BPL,2026-10-24T20:00:00,2026-10-24T20:26:00,DOWN
MOV-002568,TRN-12030,SEC-RKMP-BPL,2026-10-24T16:45:00,2026-10-24T17:12:00,DOWN
MOV-002569,TRN-12049,SEC-RKMP-BPL,2026-10-24T19:45:00,2026-10-24T20:04:00,UP
MOV-002570,TRN-12010,SEC-RKMP-BPL,2026-10-24T05:30:00,2026-10-24T05:55:00,UP
MOV-002571,TRN-12001,SEC-RKMP-BPL,2026-10-24T16:15:00,2026-10-24T16:45:00,UP
MOV-002572,TRN-12018,SEC-RKMP-BPL,2026-10-24T01:15:00,2026-10-24T01:48:00,UP
MOV-002573,TRN-12027,SEC-RKMP-BPL,2026-10-24T06:15:00,2026-10-24T06:43:00,DOWN
MOV-002574,TRN-12045,SEC-RKMP-BPL,2026-10-24T17:15:00,2026-10-24T17:31:00,DOWN
MOV-002575,TRN-12049,SEC-RKMP-BPL,2026-10-24T12:00:00,2026-10-24T12:29:00,DOWN
MOV-002576,TRN-12014,SEC-RKMP-BPL,2026-10-24T03:30:00,2026-10-24T03:51:00,DOWN
MOV-002577,TRN-12043,SEC-RKMP-BPL,2026-10-24T06:00:00,2026-10-24T06:26:00,UP
MOV-002578,TRN-12052,SEC-RKMP-BPL,2026-10-24T08:00:00,2026-10-24T08:32:00,DOWN
MOV-002579,TRN-12038,SEC-RKMP-BPL,2026-10-24T22:45:00,2026-10-24T23:17:00,DOWN
MOV-002580,TRN-12025,SEC-RKMP-BPL,2026-10-24T01:30:00,2026-10-24T02:00:00,DOWN
MOV-002581,TRN-12041,SEC-RKMP-BPL,2026-10-24T13:30:00,2026-10-24T13:47:00,UP
MOV-002582,TRN-12003,SEC-RKMP-BPL,2026-10-24T21:45:00,2026-10-24T22:05:00,UP
MOV-002583,TRN-12030,SEC-RKMP-BPL,2026-10-24T05:15:00,2026-10-24T05:36:00,DOWN
MOV-002584,TRN-12046,SEC-RKMP-BPL,2026-10-24T02:15:00,2026-10-24T02:49:00,DOWN
MOV-002585,TRN-12048,SEC-RKMP-BPL,2026-10-24T17:00:00,2026-10-24T17:34:00,DOWN
MOV-002586,TRN-12054,SEC-RKMP-BPL,2026-10-24T21:15:00,2026-10-24T21:30:00,DOWN
MOV-002587,TRN-12028,SEC-RKMP-BPL,2026-10-24T00:15:00,2026-10-24T00:49:00,UP
MOV-002588,TRN-12016,SEC-RKMP-BPL,2026-10-24T15:30:00,2026-10-24T15:51:00,DOWN
MOV-002589,TRN-12035,SEC-RKMP-BPL,2026-10-24T03:15:00,2026-10-24T03:46:00,UP
MOV-002590,TRN-12001,SEC-RKMP-BPL,2026-10-24T15:15:00,2026-10-24T15:35:00,UP
MOV-002591,TRN-12012,SEC-RKMP-BPL,2026-10-24T08:00:00,2026-10-24T08:26:00,DOWN
MOV-002592,TRN-12055,SEC-RKMP-BPL,2026-10-24T01:15:00,2026-10-24T01:35:00,DOWN
MOV-002593,TRN-12032,SEC-RKMP-BPL,2026-10-24T21:45:00,2026-10-24T22:15:00,UP
MOV-002594,TRN-12003,SEC-RKMP-BPL,2026-10-24T21:45:00,2026-10-24T22:05:00,UP
MOV-002595,TRN-12041,SEC-RKMP-BPL,2026-10-24T14:45:00,2026-10-24T15:11:00,DOWN
MOV-002596,TRN-12048,SEC-RKMP-BPL,2026-10-24T00:00:00,2026-10-24T00:30:00,UP
MOV-002597,TRN-12013,SEC-RKMP-BPL,2026-10-24T18:00:00,2026-10-24T18:17:00,UP
MOV-002598,TRN-12039,SEC-RKMP-BPL,2026-10-25T17:45:00,2026-10-25T18:13:00,DOWN
MOV-002599,TRN-12013,SEC-RKMP-BPL,2026-10-25T08:15:00,2026-10-25T08:31:00,DOWN
MOV-002600,TRN-12015,SEC-RKMP-BPL,2026-10-25T10:15:00,2026-10-25T10:30:00,DOWN
MOV-002601,TRN-12014,SEC-RKMP-BPL,2026-10-25T02:15:00,2026-10-25T02:32:00,DOWN
MOV-002602,TRN-12012,SEC-RKMP-BPL,2026-10-25T07:15:00,2026-10-25T07:30:00,UP
MOV-002603,TRN-12031,SEC-RKMP-BPL,2026-10-25T05:00:00,2026-10-25T05:20:00,UP
MOV-002604,TRN-12026,SEC-RKMP-BPL,2026-10-25T23:15:00,2026-10-25T23:44:00,DOWN
MOV-002605,TRN-12004,SEC-RKMP-BPL,2026-10-25T12:15:00,2026-10-25T12:40:00,UP
MOV-002606,TRN-12028,SEC-RKMP-BPL,2026-10-25T02:45:00,2026-10-25T03:11:00,UP
MOV-002607,TRN-12031,SEC-RKMP-BPL,2026-10-25T22:30:00,2026-10-25T22:50:00,DOWN
MOV-002608,TRN-12012,SEC-RKMP-BPL,2026-10-25T05:00:00,2026-10-25T05:33:00,DOWN
MOV-002609,TRN-12032,SEC-RKMP-BPL,2026-10-25T16:15:00,2026-10-25T16:31:00,DOWN
MOV-002610,TRN-12058,SEC-RKMP-BPL,2026-10-25T00:00:00,2026-10-25T00:26:00,UP
MOV-002611,TRN-12044,SEC-RKMP-BPL,2026-10-25T22:15:00,2026-10-25T22:35:00,DOWN
MOV-002612,TRN-12022,SEC-RKMP-BPL,2026-10-25T05:00:00,2026-10-25T05:31:00,DOWN
MOV-002613,TRN-12005,SEC-RKMP-BPL,2026-10-25T19:00:00,2026-10-25T19:17:00,UP
MOV-002614,TRN-12027,SEC-RKMP-BPL,2026-10-25T20:30:00,2026-10-25T20:47:00,DOWN
MOV-002615,TRN-12053,SEC-RKMP-BPL,2026-10-25T15:00:00,2026-10-25T15:17:00,UP
MOV-002616,TRN-12029,SEC-RKMP-BPL,2026-10-25T08:00:00,2026-10-25T08:17:00,DOWN
MOV-002617,TRN-12057,SEC-RKMP-BPL,2026-10-25T14:15:00,2026-10-25T14:48:00,DOWN
MOV-002618,TRN-12044,SEC-RKMP-BPL,2026-10-25T13:45:00,2026-10-25T14:10:00,DOWN
MOV-002619,TRN-12037,SEC-RKMP-BPL,2026-10-25T18:45:00,2026-10-25T19:05:00,DOWN
MOV-002620,TRN-12002,SEC-RKMP-BPL,2026-10-25T12:45:00,2026-10-25T13:12:00,UP
MOV-002621,TRN-12037,SEC-RKMP-BPL,2026-10-25T08:15:00,2026-10-25T08:34:00,DOWN
MOV-002622,TRN-12012,SEC-RKMP-BPL,2026-10-25T10:45:00,2026-10-25T11:15:00,UP
MOV-002623,TRN-12059,SEC-RKMP-BPL,2026-10-25T00:45:00,2026-10-25T01:07:00,DOWN
MOV-002624,TRN-12057,SEC-RKMP-BPL,2026-10-25T14:30:00,2026-10-25T14:59:00,UP
MOV-002625,TRN-12011,SEC-RKMP-BPL,2026-10-25T08:15:00,2026-10-25T08:44:00,UP
MOV-002626,TRN-12034,SEC-RKMP-BPL,2026-10-25T00:00:00,2026-10-25T00:34:00,DOWN
MOV-002627,TRN-12052,SEC-RKMP-BPL,2026-10-25T07:30:00,2026-10-25T07:58:00,UP
MOV-002628,TRN-12045,SEC-RKMP-BPL,2026-10-25T16:15:00,2026-10-25T16:38:00,UP
MOV-002629,TRN-12049,SEC-RKMP-BPL,2026-10-25T23:45:00,2026-10-26T00:15:00,UP
MOV-002630,TRN-12047,SEC-RKMP-BPL,2026-10-25T05:45:00,2026-10-25T06:05:00,UP
MOV-002631,TRN-12006,SEC-RKMP-BPL,2026-10-25T01:15:00,2026-10-25T01:41:00,UP
MOV-002632,TRN-12051,SEC-RKMP-BPL,2026-10-25T02:45:00,2026-10-25T03:05:00,UP
MOV-002633,TRN-12010,SEC-RKMP-BPL,2026-10-25T19:30:00,2026-10-25T19:46:00,UP
MOV-002634,TRN-12037,SEC-RKMP-BPL,2026-10-25T20:00:00,2026-10-25T20:19:00,DOWN
MOV-002635,TRN-12007,SEC-RKMP-BPL,2026-10-25T07:00:00,2026-10-25T07:24:00,DOWN
MOV-002636,TRN-12025,SEC-RKMP-BPL,2026-10-25T06:15:00,2026-10-25T06:40:00,UP
MOV-002637,TRN-12007,SEC-RKMP-BPL,2026-10-25T04:45:00,2026-10-25T05:14:00,UP
MOV-002638,TRN-12019,SEC-RKMP-BPL,2026-10-25T09:00:00,2026-10-25T09:32:00,DOWN
MOV-002639,TRN-12015,SEC-RKMP-BPL,2026-10-25T00:15:00,2026-10-25T00:41:00,DOWN
MOV-002640,TRN-12021,SEC-RKMP-BPL,2026-10-25T06:00:00,2026-10-25T06:15:00,UP
MOV-002641,TRN-12026,SEC-RKMP-BPL,2026-10-25T14:00:00,2026-10-25T14:19:00,DOWN
MOV-002642,TRN-12060,SEC-RKMP-BPL,2026-10-25T15:30:00,2026-10-25T15:56:00,UP
MOV-002643,TRN-12013,SEC-RKMP-BPL,2026-10-25T09:30:00,2026-10-25T09:58:00,DOWN
MOV-002644,TRN-12037,SEC-RKMP-BPL,2026-10-25T01:30:00,2026-10-25T02:02:00,DOWN
MOV-002645,TRN-12035,SEC-RKMP-BPL,2026-10-25T05:45:00,2026-10-25T06:09:00,UP
MOV-002646,TRN-12030,SEC-RKMP-BPL,2026-10-25T02:45:00,2026-10-25T03:14:00,UP
MOV-002647,TRN-12048,SEC-RKMP-BPL,2026-10-25T01:15:00,2026-10-25T01:43:00,UP
MOV-002648,TRN-12043,SEC-RKMP-BPL,2026-10-25T19:30:00,2026-10-25T19:49:00,DOWN
MOV-002649,TRN-12021,SEC-RKMP-BPL,2026-10-25T17:30:00,2026-10-25T17:46:00,UP
MOV-002650,TRN-12001,SEC-RKMP-BPL,2026-10-25T01:15:00,2026-10-25T01:30:00,DOWN
MOV-002651,TRN-12055,SEC-RKMP-BPL,2026-10-25T04:15:00,2026-10-25T04:44:00,DOWN
MOV-002652,TRN-12035,SEC-RKMP-BPL,2026-10-25T23:30:00,2026-10-25T23:58:00,DOWN
MOV-002653,TRN-12032,SEC-RKMP-BPL,2026-10-25T06:30:00,2026-10-25T07:03:00,UP
MOV-002654,TRN-12008,SEC-RKMP-BPL,2026-10-25T14:45:00,2026-10-25T15:19:00,DOWN
MOV-002655,TRN-12016,SEC-RKMP-BPL,2026-10-26T10:15:00,2026-10-26T10:36:00,DOWN
MOV-002656,TRN-12054,SEC-RKMP-BPL,2026-10-26T07:00:00,2026-10-26T07:31:00,DOWN
MOV-002657,TRN-12057,SEC-RKMP-BPL,2026-10-26T06:30:00,2026-10-26T06:59:00,DOWN
MOV-002658,TRN-12049,SEC-RKMP-BPL,2026-10-26T22:15:00,2026-10-26T22:31:00,UP
MOV-002659,TRN-12054,SEC-RKMP-BPL,2026-10-26T20:00:00,2026-10-26T20:22:00,UP
MOV-002660,TRN-12020,SEC-RKMP-BPL,2026-10-26T15:30:00,2026-10-26T15:54:00,UP
MOV-002661,TRN-12039,SEC-RKMP-BPL,2026-10-26T16:00:00,2026-10-26T16:17:00,UP
MOV-002662,TRN-12027,SEC-RKMP-BPL,2026-10-26T23:45:00,2026-10-27T00:12:00,UP
MOV-002663,TRN-12007,SEC-RKMP-BPL,2026-10-26T10:30:00,2026-10-26T10:58:00,UP
MOV-002664,TRN-12054,SEC-RKMP-BPL,2026-10-26T11:30:00,2026-10-26T11:45:00,DOWN
MOV-002665,TRN-12033,SEC-RKMP-BPL,2026-10-26T05:15:00,2026-10-26T05:37:00,UP
MOV-002666,TRN-12057,SEC-RKMP-BPL,2026-10-26T19:45:00,2026-10-26T20:07:00,DOWN
MOV-002667,TRN-12028,SEC-RKMP-BPL,2026-10-26T11:30:00,2026-10-26T11:54:00,DOWN
MOV-002668,TRN-12004,SEC-RKMP-BPL,2026-10-26T04:45:00,2026-10-26T05:17:00,DOWN
MOV-002669,TRN-12023,SEC-RKMP-BPL,2026-10-26T10:00:00,2026-10-26T10:20:00,DOWN
MOV-002670,TRN-12021,SEC-RKMP-BPL,2026-10-26T11:00:00,2026-10-26T11:24:00,DOWN
MOV-002671,TRN-12035,SEC-RKMP-BPL,2026-10-26T13:45:00,2026-10-26T14:04:00,UP
MOV-002672,TRN-12038,SEC-RKMP-BPL,2026-10-26T11:45:00,2026-10-26T12:01:00,UP
MOV-002673,TRN-12021,SEC-RKMP-BPL,2026-10-26T11:45:00,2026-10-26T12:09:00,UP
MOV-002674,TRN-12011,SEC-RKMP-BPL,2026-10-26T10:30:00,2026-10-26T10:56:00,DOWN
MOV-002675,TRN-12026,SEC-RKMP-BPL,2026-10-26T03:00:00,2026-10-26T03:18:00,DOWN
MOV-002676,TRN-12052,SEC-RKMP-BPL,2026-10-26T21:15:00,2026-10-26T21:31:00,DOWN
MOV-002677,TRN-12003,SEC-RKMP-BPL,2026-10-26T15:15:00,2026-10-26T15:46:00,DOWN
MOV-002678,TRN-12045,SEC-RKMP-BPL,2026-10-26T09:45:00,2026-10-26T10:10:00,DOWN
MOV-002679,TRN-12022,SEC-RKMP-BPL,2026-10-26T10:45:00,2026-10-26T11:07:00,UP
MOV-002680,TRN-12023,SEC-RKMP-BPL,2026-10-26T09:15:00,2026-10-26T09:31:00,UP
MOV-002681,TRN-12020,SEC-RKMP-BPL,2026-10-26T10:00:00,2026-10-26T10:22:00,UP
MOV-002682,TRN-12003,SEC-RKMP-BPL,2026-10-26T06:15:00,2026-10-26T06:32:00,DOWN
MOV-002683,TRN-12005,SEC-RKMP-BPL,2026-10-26T13:30:00,2026-10-26T14:01:00,DOWN
MOV-002684,TRN-12033,SEC-RKMP-BPL,2026-10-26T18:45:00,2026-10-26T19:04:00,DOWN
MOV-002685,TRN-12028,SEC-RKMP-BPL,2026-10-26T02:30:00,2026-10-26T03:04:00,UP
MOV-002686,TRN-12001,SEC-RKMP-BPL,2026-10-26T21:30:00,2026-10-26T21:49:00,DOWN
MOV-002687,TRN-12024,SEC-RKMP-BPL,2026-10-26T07:15:00,2026-10-26T07:41:00,UP
MOV-002688,TRN-12022,SEC-RKMP-BPL,2026-10-26T07:00:00,2026-10-26T07:30:00,UP
MOV-002689,TRN-12058,SEC-RKMP-BPL,2026-10-26T02:15:00,2026-10-26T02:31:00,UP
MOV-002690,TRN-12037,SEC-RKMP-BPL,2026-10-26T02:30:00,2026-10-26T03:00:00,UP
MOV-002691,TRN-12007,SEC-RKMP-BPL,2026-10-26T16:00:00,2026-10-26T16:15:00,UP
MOV-002692,TRN-12017,SEC-RKMP-BPL,2026-10-26T00:45:00,2026-10-26T01:11:00,DOWN
MOV-002693,TRN-12029,SEC-RKMP-BPL,2026-10-26T10:45:00,2026-10-26T11:01:00,UP
MOV-002694,TRN-12048,SEC-RKMP-BPL,2026-10-26T07:45:00,2026-10-26T08:05:00,UP
MOV-002695,TRN-12054,SEC-RKMP-BPL,2026-10-26T05:45:00,2026-10-26T06:00:00,UP
MOV-002696,TRN-12036,SEC-RKMP-BPL,2026-10-26T14:45:00,2026-10-26T15:19:00,DOWN
MOV-002697,TRN-12040,SEC-RKMP-BPL,2026-10-26T07:45:00,2026-10-26T08:12:00,UP
MOV-002698,TRN-12050,SEC-RKMP-BPL,2026-10-26T08:15:00,2026-10-26T08:39:00,DOWN
MOV-002699,TRN-12017,SEC-RKMP-BPL,2026-10-26T09:00:00,2026-10-26T09:21:00,UP
MOV-002700,TRN-12035,SEC-RKMP-BPL,2026-10-26T21:15:00,2026-10-26T21:48:00,DOWN
MOV-002701,TRN-12004,SEC-RKMP-BPL,2026-10-26T12:30:00,2026-10-26T12:52:00,DOWN
MOV-002702,TRN-12024,SEC-RKMP-BPL,2026-10-26T01:30:00,2026-10-26T01:49:00,UP
MOV-002703,TRN-12031,SEC-RKMP-BPL,2026-10-26T17:15:00,2026-10-26T17:37:00,UP
MOV-002704,TRN-12024,SEC-RKMP-BPL,2026-10-26T13:30:00,2026-10-26T13:50:00,UP
MOV-002705,TRN-12035,SEC-RKMP-BPL,2026-10-26T15:00:00,2026-10-26T15:25:00,UP
MOV-002706,TRN-12028,SEC-RKMP-BPL,2026-10-26T15:30:00,2026-10-26T15:59:00,DOWN
MOV-002707,TRN-12015,SEC-RKMP-BPL,2026-10-26T20:15:00,2026-10-26T20:37:00,DOWN
MOV-002708,TRN-12020,SEC-RKMP-BPL,2026-10-26T01:30:00,2026-10-26T01:58:00,DOWN
MOV-002709,TRN-12009,SEC-RKMP-BPL,2026-10-26T15:00:00,2026-10-26T15:26:00,DOWN
MOV-002710,TRN-12047,SEC-RKMP-BPL,2026-10-26T23:00:00,2026-10-26T23:17:00,DOWN
MOV-002711,TRN-12058,SEC-RKMP-BPL,2026-10-26T03:15:00,2026-10-26T03:38:00,UP
MOV-002712,TRN-12040,SEC-RKMP-BPL,2026-10-26T07:15:00,2026-10-26T07:46:00,UP
MOV-002713,TRN-12002,SEC-RKMP-BPL,2026-10-26T21:15:00,2026-10-26T21:45:00,DOWN
MOV-002714,TRN-12032,SEC-RKMP-BPL,2026-10-26T02:45:00,2026-10-26T03:13:00,UP
MOV-002715,TRN-12052,SEC-RKMP-BPL,2026-10-26T18:45:00,2026-10-26T19:03:00,DOWN
MOV-002716,TRN-12005,SEC-RKMP-BPL,2026-10-27T08:00:00,2026-10-27T08:17:00,DOWN
MOV-002717,TRN-12031,SEC-RKMP-BPL,2026-10-27T09:00:00,2026-10-27T09:30:00,DOWN
MOV-002718,TRN-12036,SEC-RKMP-BPL,2026-10-27T04:00:00,2026-10-27T04:17:00,UP
MOV-002719,TRN-12059,SEC-RKMP-BPL,2026-10-27T08:30:00,2026-10-27T09:04:00,DOWN
MOV-002720,TRN-12020,SEC-RKMP-BPL,2026-10-27T11:15:00,2026-10-27T11:30:00,DOWN
MOV-002721,TRN-12035,SEC-RKMP-BPL,2026-10-27T08:30:00,2026-10-27T08:59:00,UP
MOV-002722,TRN-12039,SEC-RKMP-BPL,2026-10-27T20:30:00,2026-10-27T20:57:00,UP
MOV-002723,TRN-12045,SEC-RKMP-BPL,2026-10-27T18:15:00,2026-10-27T18:41:00,DOWN
MOV-002724,TRN-12008,SEC-RKMP-BPL,2026-10-27T06:45:00,2026-10-27T07:19:00,UP
MOV-002725,TRN-12025,SEC-RKMP-BPL,2026-10-27T21:00:00,2026-10-27T21:20:00,UP
MOV-002726,TRN-12015,SEC-RKMP-BPL,2026-10-27T15:15:00,2026-10-27T15:49:00,DOWN
MOV-002727,TRN-12054,SEC-RKMP-BPL,2026-10-27T17:30:00,2026-10-27T17:55:00,DOWN
MOV-002728,TRN-12006,SEC-RKMP-BPL,2026-10-27T17:00:00,2026-10-27T17:21:00,UP
MOV-002729,TRN-12037,SEC-RKMP-BPL,2026-10-27T18:00:00,2026-10-27T18:27:00,UP
MOV-002730,TRN-12005,SEC-RKMP-BPL,2026-10-27T10:30:00,2026-10-27T10:49:00,UP
MOV-002731,TRN-12058,SEC-RKMP-BPL,2026-10-27T08:45:00,2026-10-27T09:16:00,UP
MOV-002732,TRN-12035,SEC-RKMP-BPL,2026-10-27T17:15:00,2026-10-27T17:38:00,UP
MOV-002733,TRN-12009,SEC-RKMP-BPL,2026-10-27T00:15:00,2026-10-27T00:45:00,UP
MOV-002734,TRN-12011,SEC-RKMP-BPL,2026-10-27T07:30:00,2026-10-27T07:49:00,UP
MOV-002735,TRN-12007,SEC-RKMP-BPL,2026-10-27T07:00:00,2026-10-27T07:31:00,DOWN
MOV-002736,TRN-12023,SEC-RKMP-BPL,2026-10-27T02:00:00,2026-10-27T02:21:00,UP
MOV-002737,TRN-12032,SEC-RKMP-BPL,2026-10-27T07:15:00,2026-10-27T07:35:00,DOWN
MOV-002738,TRN-12042,SEC-RKMP-BPL,2026-10-27T01:15:00,2026-10-27T01:42:00,DOWN
MOV-002739,TRN-12034,SEC-RKMP-BPL,2026-10-27T12:30:00,2026-10-27T12:52:00,DOWN
MOV-002740,TRN-12020,SEC-RKMP-BPL,2026-10-27T10:00:00,2026-10-27T10:22:00,UP
MOV-002741,TRN-12014,SEC-RKMP-BPL,2026-10-27T10:30:00,2026-10-27T11:03:00,UP
MOV-002742,TRN-12054,SEC-RKMP-BPL,2026-10-27T07:30:00,2026-10-27T07:58:00,DOWN
MOV-002743,TRN-12007,SEC-RKMP-BPL,2026-10-27T23:00:00,2026-10-27T23:32:00,DOWN
MOV-002744,TRN-12029,SEC-RKMP-BPL,2026-10-27T09:00:00,2026-10-27T09:31:00,DOWN
MOV-002745,TRN-12057,SEC-RKMP-BPL,2026-10-27T17:45:00,2026-10-27T18:17:00,UP
MOV-002746,TRN-12043,SEC-RKMP-BPL,2026-10-27T06:45:00,2026-10-27T07:12:00,UP
MOV-002747,TRN-12038,SEC-RKMP-BPL,2026-10-27T06:30:00,2026-10-27T06:54:00,UP
MOV-002748,TRN-12059,SEC-RKMP-BPL,2026-10-27T01:45:00,2026-10-27T02:04:00,UP
MOV-002749,TRN-12010,SEC-RKMP-BPL,2026-10-27T02:00:00,2026-10-27T02:31:00,DOWN
MOV-002750,TRN-12036,SEC-RKMP-BPL,2026-10-27T00:45:00,2026-10-27T01:12:00,DOWN
MOV-002751,TRN-12057,SEC-RKMP-BPL,2026-10-27T09:15:00,2026-10-27T09:45:00,DOWN
MOV-002752,TRN-12044,SEC-RKMP-BPL,2026-10-27T16:45:00,2026-10-27T17:06:00,UP
MOV-002753,TRN-12029,SEC-RKMP-BPL,2026-10-27T15:45:00,2026-10-27T16:05:00,DOWN
MOV-002754,TRN-12050,SEC-RKMP-BPL,2026-10-27T19:45:00,2026-10-27T20:19:00,DOWN
MOV-002755,TRN-12023,SEC-RKMP-BPL,2026-10-27T10:30:00,2026-10-27T10:49:00,DOWN
MOV-002756,TRN-12035,SEC-RKMP-BPL,2026-10-27T15:15:00,2026-10-27T15:44:00,UP
MOV-002757,TRN-12045,SEC-RKMP-BPL,2026-10-27T19:45:00,2026-10-27T20:18:00,UP
MOV-002758,TRN-12003,SEC-RKMP-BPL,2026-10-27T15:00:00,2026-10-27T15:20:00,DOWN
MOV-002759,TRN-12036,SEC-RKMP-BPL,2026-10-27T14:45:00,2026-10-27T15:03:00,DOWN
MOV-002760,TRN-12036,SEC-RKMP-BPL,2026-10-27T10:15:00,2026-10-27T10:40:00,DOWN
MOV-002761,TRN-12021,SEC-RKMP-BPL,2026-10-27T05:00:00,2026-10-27T05:21:00,UP
MOV-002762,TRN-12031,SEC-RKMP-BPL,2026-10-27T21:00:00,2026-10-27T21:21:00,UP
MOV-002763,TRN-12059,SEC-RKMP-BPL,2026-10-27T16:00:00,2026-10-27T16:23:00,DOWN
MOV-002764,TRN-12058,SEC-RKMP-BPL,2026-10-27T13:15:00,2026-10-27T13:43:00,DOWN
MOV-002765,TRN-12039,SEC-RKMP-BPL,2026-10-27T01:30:00,2026-10-27T01:45:00,DOWN
MOV-002766,TRN-12053,SEC-RKMP-BPL,2026-10-27T13:30:00,2026-10-27T13:46:00,DOWN
MOV-002767,TRN-12017,SEC-RKMP-BPL,2026-10-27T06:30:00,2026-10-27T07:03:00,UP
MOV-002768,TRN-12031,SEC-RKMP-BPL,2026-10-27T13:15:00,2026-10-27T13:41:00,DOWN
MOV-002769,TRN-12023,SEC-RKMP-BPL,2026-10-27T18:45:00,2026-10-27T19:17:00,DOWN
MOV-002770,TRN-12043,SEC-RKMP-BPL,2026-10-28T23:30:00,2026-10-29T00:01:00,DOWN
MOV-002771,TRN-12060,SEC-RKMP-BPL,2026-10-28T14:30:00,2026-10-28T15:04:00,UP
MOV-002772,TRN-12008,SEC-RKMP-BPL,2026-10-28T21:30:00,2026-10-28T21:53:00,DOWN
MOV-002773,TRN-12002,SEC-RKMP-BPL,2026-10-28T11:15:00,2026-10-28T11:35:00,DOWN
MOV-002774,TRN-12034,SEC-RKMP-BPL,2026-10-28T03:15:00,2026-10-28T03:34:00,DOWN
MOV-002775,TRN-12018,SEC-RKMP-BPL,2026-10-28T08:15:00,2026-10-28T08:33:00,DOWN
MOV-002776,TRN-12035,SEC-RKMP-BPL,2026-10-28T10:15:00,2026-10-28T10:43:00,UP
MOV-002777,TRN-12056,SEC-RKMP-BPL,2026-10-28T13:00:00,2026-10-28T13:25:00,DOWN
MOV-002778,TRN-12011,SEC-RKMP-BPL,2026-10-28T12:30:00,2026-10-28T13:01:00,DOWN
MOV-002779,TRN-12045,SEC-RKMP-BPL,2026-10-28T18:45:00,2026-10-28T19:07:00,DOWN
MOV-002780,TRN-12015,SEC-RKMP-BPL,2026-10-28T20:45:00,2026-10-28T21:05:00,DOWN
MOV-002781,TRN-12050,SEC-RKMP-BPL,2026-10-28T00:30:00,2026-10-28T01:01:00,DOWN
MOV-002782,TRN-12012,SEC-RKMP-BPL,2026-10-28T18:45:00,2026-10-28T19:00:00,DOWN
MOV-002783,TRN-12038,SEC-RKMP-BPL,2026-10-28T23:00:00,2026-10-28T23:34:00,DOWN
MOV-002784,TRN-12017,SEC-RKMP-BPL,2026-10-28T09:45:00,2026-10-28T10:19:00,UP
MOV-002785,TRN-12060,SEC-RKMP-BPL,2026-10-28T15:00:00,2026-10-28T15:26:00,DOWN
MOV-002786,TRN-12004,SEC-RKMP-BPL,2026-10-28T01:00:00,2026-10-28T01:26:00,UP
MOV-002787,TRN-12056,SEC-RKMP-BPL,2026-10-28T03:00:00,2026-10-28T03:20:00,DOWN
MOV-002788,TRN-12055,SEC-RKMP-BPL,2026-10-28T06:30:00,2026-10-28T07:00:00,DOWN
MOV-002789,TRN-12010,SEC-RKMP-BPL,2026-10-28T20:45:00,2026-10-28T21:14:00,DOWN
MOV-002790,TRN-12024,SEC-RKMP-BPL,2026-10-28T21:45:00,2026-10-28T22:10:00,DOWN
MOV-002791,TRN-12024,SEC-RKMP-BPL,2026-10-28T17:00:00,2026-10-28T17:33:00,DOWN
MOV-002792,TRN-12036,SEC-RKMP-BPL,2026-10-28T04:30:00,2026-10-28T04:45:00,DOWN
MOV-002793,TRN-12045,SEC-RKMP-BPL,2026-10-28T10:45:00,2026-10-28T11:16:00,UP
MOV-002794,TRN-12004,SEC-RKMP-BPL,2026-10-28T06:00:00,2026-10-28T06:26:00,DOWN
MOV-002795,TRN-12033,SEC-RKMP-BPL,2026-10-28T01:45:00,2026-10-28T02:19:00,DOWN
MOV-002796,TRN-12001,SEC-RKMP-BPL,2026-10-28T09:30:00,2026-10-28T09:59:00,UP
MOV-002797,TRN-12050,SEC-RKMP-BPL,2026-10-28T23:30:00,2026-10-28T23:52:00,DOWN
MOV-002798,TRN-12002,SEC-RKMP-BPL,2026-10-28T12:00:00,2026-10-28T12:15:00,DOWN
MOV-002799,TRN-12031,SEC-RKMP-BPL,2026-10-28T23:30:00,2026-10-29T00:04:00,DOWN
MOV-002800,TRN-12021,SEC-RKMP-BPL,2026-10-28T22:15:00,2026-10-28T22:41:00,UP
MOV-002801,TRN-12013,SEC-RKMP-BPL,2026-10-28T12:15:00,2026-10-28T12:41:00,UP
MOV-002802,TRN-12016,SEC-RKMP-BPL,2026-10-28T15:30:00,2026-10-28T16:04:00,DOWN
MOV-002803,TRN-12049,SEC-RKMP-BPL,2026-10-28T00:30:00,2026-10-28T00:49:00,UP
MOV-002804,TRN-12013,SEC-RKMP-BPL,2026-10-28T10:00:00,2026-10-28T10:25:00,UP
MOV-002805,TRN-12031,SEC-RKMP-BPL,2026-10-28T15:00:00,2026-10-28T15:17:00,DOWN
MOV-002806,TRN-12045,SEC-RKMP-BPL,2026-10-28T06:45:00,2026-10-28T07:04:00,DOWN
MOV-002807,TRN-12007,SEC-RKMP-BPL,2026-10-28T15:00:00,2026-10-28T15:18:00,UP
MOV-002808,TRN-12006,SEC-RKMP-BPL,2026-10-28T10:00:00,2026-10-28T10:16:00,DOWN
MOV-002809,TRN-12059,SEC-RKMP-BPL,2026-10-28T23:00:00,2026-10-28T23:22:00,UP
MOV-002810,TRN-12020,SEC-RKMP-BPL,2026-10-28T09:30:00,2026-10-28T09:54:00,UP
MOV-002811,TRN-12059,SEC-RKMP-BPL,2026-10-28T23:15:00,2026-10-28T23:34:00,DOWN
MOV-002812,TRN-12023,SEC-RKMP-BPL,2026-10-28T23:15:00,2026-10-28T23:30:00,UP
MOV-002813,TRN-12005,SEC-RKMP-BPL,2026-10-28T09:15:00,2026-10-28T09:47:00,DOWN
MOV-002814,TRN-12009,SEC-RKMP-BPL,2026-10-28T22:30:00,2026-10-28T22:51:00,UP
MOV-002815,TRN-12027,SEC-RKMP-BPL,2026-10-28T04:45:00,2026-10-28T05:00:00,UP
MOV-002816,TRN-12017,SEC-RKMP-BPL,2026-10-28T03:00:00,2026-10-28T03:22:00,UP
MOV-002817,TRN-12008,SEC-RKMP-BPL,2026-10-28T19:45:00,2026-10-28T20:14:00,DOWN
MOV-002818,TRN-12057,SEC-RKMP-BPL,2026-10-28T08:15:00,2026-10-28T08:30:00,DOWN
MOV-002819,TRN-12006,SEC-RKMP-BPL,2026-10-28T15:45:00,2026-10-28T16:04:00,DOWN
MOV-002820,TRN-12019,SEC-RKMP-BPL,2026-10-28T09:30:00,2026-10-28T09:49:00,DOWN
MOV-002821,TRN-12024,SEC-RKMP-BPL,2026-10-28T11:45:00,2026-10-28T12:04:00,UP
MOV-002822,TRN-12060,SEC-RKMP-BPL,2026-10-28T09:00:00,2026-10-28T09:20:00,DOWN
MOV-002823,TRN-12046,SEC-RKMP-BPL,2026-10-28T19:15:00,2026-10-28T19:46:00,UP
MOV-002824,TRN-12048,SEC-RKMP-BPL,2026-10-28T21:00:00,2026-10-28T21:33:00,DOWN
MOV-002825,TRN-12044,SEC-RKMP-BPL,2026-10-28T18:00:00,2026-10-28T18:29:00,UP
MOV-002826,TRN-12017,SEC-RKMP-BPL,2026-10-28T02:00:00,2026-10-28T02:34:00,UP
MOV-002827,TRN-12024,SEC-RKMP-BPL,2026-10-28T11:30:00,2026-10-28T11:56:00,DOWN
MOV-002828,TRN-12051,SEC-RKMP-BPL,2026-10-28T11:45:00,2026-10-28T12:18:00,DOWN
MOV-002829,TRN-12003,SEC-RKMP-BPL,2026-10-28T06:30:00,2026-10-28T06:54:00,UP
MOV-002830,TRN-12021,SEC-RKMP-BPL,2026-10-28T01:00:00,2026-10-28T01:30:00,UP
MOV-002831,TRN-12051,SEC-RKMP-BPL,2026-10-28T08:45:00,2026-10-28T09:05:00,DOWN
MOV-002832,TRN-12035,SEC-RKMP-BPL,2026-10-28T20:00:00,2026-10-28T20:30:00,UP
MOV-002833,TRN-12003,SEC-RKMP-BPL,2026-10-29T22:30:00,2026-10-29T23:04:00,DOWN
MOV-002834,TRN-12010,SEC-RKMP-BPL,2026-10-29T08:15:00,2026-10-29T08:32:00,DOWN
MOV-002835,TRN-12058,SEC-RKMP-BPL,2026-10-29T13:30:00,2026-10-29T13:59:00,DOWN
MOV-002836,TRN-12004,SEC-RKMP-BPL,2026-10-29T12:45:00,2026-10-29T13:16:00,DOWN
MOV-002837,TRN-12054,SEC-RKMP-BPL,2026-10-29T14:15:00,2026-10-29T14:38:00,DOWN
MOV-002838,TRN-12054,SEC-RKMP-BPL,2026-10-29T05:15:00,2026-10-29T05:43:00,DOWN
MOV-002839,TRN-12024,SEC-RKMP-BPL,2026-10-29T15:00:00,2026-10-29T15:20:00,DOWN
MOV-002840,TRN-12035,SEC-RKMP-BPL,2026-10-29T20:00:00,2026-10-29T20:20:00,DOWN
MOV-002841,TRN-12060,SEC-RKMP-BPL,2026-10-29T21:15:00,2026-10-29T21:46:00,UP
MOV-002842,TRN-12051,SEC-RKMP-BPL,2026-10-29T20:15:00,2026-10-29T20:36:00,DOWN
MOV-002843,TRN-12028,SEC-RKMP-BPL,2026-10-29T10:30:00,2026-10-29T11:03:00,UP
MOV-002844,TRN-12060,SEC-RKMP-BPL,2026-10-29T10:00:00,2026-10-29T10:21:00,UP
MOV-002845,TRN-12041,SEC-RKMP-BPL,2026-10-29T13:00:00,2026-10-29T13:24:00,UP
MOV-002846,TRN-12017,SEC-RKMP-BPL,2026-10-29T17:45:00,2026-10-29T18:03:00,DOWN
MOV-002847,TRN-12026,SEC-RKMP-BPL,2026-10-29T08:30:00,2026-10-29T08:49:00,DOWN
MOV-002848,TRN-12025,SEC-RKMP-BPL,2026-10-29T02:45:00,2026-10-29T03:17:00,DOWN
MOV-002849,TRN-12044,SEC-RKMP-BPL,2026-10-29T03:15:00,2026-10-29T03:36:00,DOWN
MOV-002850,TRN-12022,SEC-RKMP-BPL,2026-10-29T17:15:00,2026-10-29T17:42:00,UP
MOV-002851,TRN-12034,SEC-RKMP-BPL,2026-10-29T01:30:00,2026-10-29T01:45:00,DOWN
MOV-002852,TRN-12051,SEC-RKMP-BPL,2026-10-29T13:45:00,2026-10-29T14:16:00,UP
MOV-002853,TRN-12045,SEC-RKMP-BPL,2026-10-29T09:45:00,2026-10-29T10:17:00,DOWN
MOV-002854,TRN-12028,SEC-RKMP-BPL,2026-10-29T04:00:00,2026-10-29T04:18:00,DOWN
MOV-002855,TRN-12036,SEC-RKMP-BPL,2026-10-29T08:15:00,2026-10-29T08:33:00,DOWN
MOV-002856,TRN-12026,SEC-RKMP-BPL,2026-10-29T19:00:00,2026-10-29T19:33:00,UP
MOV-002857,TRN-12026,SEC-RKMP-BPL,2026-10-29T08:30:00,2026-10-29T08:58:00,UP
MOV-002858,TRN-12030,SEC-RKMP-BPL,2026-10-29T12:15:00,2026-10-29T12:30:00,UP
MOV-002859,TRN-12031,SEC-RKMP-BPL,2026-10-29T06:30:00,2026-10-29T06:48:00,DOWN
MOV-002860,TRN-12012,SEC-RKMP-BPL,2026-10-29T15:45:00,2026-10-29T16:07:00,UP
MOV-002861,TRN-12001,SEC-RKMP-BPL,2026-10-29T08:00:00,2026-10-29T08:32:00,DOWN
MOV-002862,TRN-12059,SEC-RKMP-BPL,2026-10-29T22:30:00,2026-10-29T22:51:00,UP
MOV-002863,TRN-12016,SEC-RKMP-BPL,2026-10-29T20:15:00,2026-10-29T20:37:00,DOWN
MOV-002864,TRN-12023,SEC-RKMP-BPL,2026-10-29T08:00:00,2026-10-29T08:16:00,UP
MOV-002865,TRN-12025,SEC-RKMP-BPL,2026-10-29T23:15:00,2026-10-29T23:42:00,UP
MOV-002866,TRN-12019,SEC-RKMP-BPL,2026-10-29T03:30:00,2026-10-29T03:58:00,UP
MOV-002867,TRN-12032,SEC-RKMP-BPL,2026-10-29T11:15:00,2026-10-29T11:43:00,DOWN
MOV-002868,TRN-12004,SEC-RKMP-BPL,2026-10-29T11:15:00,2026-10-29T11:45:00,UP
MOV-002869,TRN-12058,SEC-RKMP-BPL,2026-10-29T14:00:00,2026-10-29T14:23:00,DOWN
MOV-002870,TRN-12016,SEC-RKMP-BPL,2026-10-29T16:45:00,2026-10-29T17:13:00,UP
MOV-002871,TRN-12023,SEC-RKMP-BPL,2026-10-29T08:15:00,2026-10-29T08:47:00,UP
MOV-002872,TRN-12033,SEC-RKMP-BPL,2026-10-29T23:45:00,2026-10-30T00:12:00,DOWN
MOV-002873,TRN-12025,SEC-RKMP-BPL,2026-10-29T14:30:00,2026-10-29T14:45:00,UP
MOV-002874,TRN-12054,SEC-RKMP-BPL,2026-10-29T04:15:00,2026-10-29T04:42:00,DOWN
MOV-002875,TRN-12031,SEC-RKMP-BPL,2026-10-29T23:45:00,2026-10-30T00:18:00,DOWN
MOV-002876,TRN-12059,SEC-RKMP-BPL,2026-10-29T14:30:00,2026-10-29T15:01:00,DOWN
MOV-002877,TRN-12005,SEC-RKMP-BPL,2026-10-29T21:30:00,2026-10-29T22:02:00,DOWN
MOV-002878,TRN-12056,SEC-RKMP-BPL,2026-10-29T06:00:00,2026-10-29T06:18:00,UP
MOV-002879,TRN-12013,SEC-RKMP-BPL,2026-10-29T10:00:00,2026-10-29T10:18:00,DOWN
MOV-002880,TRN-12048,SEC-RKMP-BPL,2026-10-29T03:30:00,2026-10-29T03:58:00,DOWN
MOV-002881,TRN-12007,SEC-RKMP-BPL,2026-10-29T17:00:00,2026-10-29T17:19:00,UP
MOV-002882,TRN-12052,SEC-RKMP-BPL,2026-10-29T04:45:00,2026-10-29T05:19:00,DOWN
MOV-002883,TRN-12019,SEC-RKMP-BPL,2026-10-29T02:00:00,2026-10-29T02:30:00,UP
MOV-002884,TRN-12039,SEC-RKMP-BPL,2026-10-29T08:45:00,2026-10-29T09:12:00,DOWN
MOV-002885,TRN-12047,SEC-RKMP-BPL,2026-10-29T22:15:00,2026-10-29T22:40:00,DOWN
MOV-002886,TRN-12050,SEC-RKMP-BPL,2026-10-29T11:15:00,2026-10-29T11:46:00,DOWN
MOV-002887,TRN-12035,SEC-RKMP-BPL,2026-10-29T02:15:00,2026-10-29T02:39:00,DOWN
MOV-002888,TRN-12050,SEC-RKMP-BPL,2026-10-30T00:15:00,2026-10-30T00:44:00,DOWN
MOV-002889,TRN-12009,SEC-RKMP-BPL,2026-10-30T21:00:00,2026-10-30T21:18:00,DOWN
MOV-002890,TRN-12048,SEC-RKMP-BPL,2026-10-30T23:30:00,2026-10-30T23:57:00,DOWN
MOV-002891,TRN-12031,SEC-RKMP-BPL,2026-10-30T12:15:00,2026-10-30T12:47:00,UP
MOV-002892,TRN-12037,SEC-RKMP-BPL,2026-10-30T16:30:00,2026-10-30T16:57:00,UP
MOV-002893,TRN-12019,SEC-RKMP-BPL,2026-10-30T10:15:00,2026-10-30T10:48:00,DOWN
MOV-002894,TRN-12043,SEC-RKMP-BPL,2026-10-30T08:00:00,2026-10-30T08:30:00,DOWN
MOV-002895,TRN-12030,SEC-RKMP-BPL,2026-10-30T19:45:00,2026-10-30T20:10:00,UP
MOV-002896,TRN-12002,SEC-RKMP-BPL,2026-10-30T18:30:00,2026-10-30T18:48:00,UP
MOV-002897,TRN-12059,SEC-RKMP-BPL,2026-10-30T07:15:00,2026-10-30T07:42:00,UP
MOV-002898,TRN-12055,SEC-RKMP-BPL,2026-10-30T16:15:00,2026-10-30T16:35:00,DOWN
MOV-002899,TRN-12036,SEC-RKMP-BPL,2026-10-30T22:15:00,2026-10-30T22:30:00,DOWN
MOV-002900,TRN-12015,SEC-RKMP-BPL,2026-10-30T20:30:00,2026-10-30T20:49:00,DOWN
MOV-002901,TRN-12005,SEC-RKMP-BPL,2026-10-30T09:15:00,2026-10-30T09:43:00,DOWN
MOV-002902,TRN-12037,SEC-RKMP-BPL,2026-10-30T11:30:00,2026-10-30T11:48:00,DOWN
MOV-002903,TRN-12004,SEC-RKMP-BPL,2026-10-30T02:30:00,2026-10-30T02:48:00,DOWN
MOV-002904,TRN-12008,SEC-RKMP-BPL,2026-10-30T03:45:00,2026-10-30T04:03:00,DOWN
MOV-002905,TRN-12021,SEC-RKMP-BPL,2026-10-30T19:45:00,2026-10-30T20:02:00,UP
MOV-002906,TRN-12035,SEC-RKMP-BPL,2026-10-30T20:00:00,2026-10-30T20:18:00,UP
MOV-002907,TRN-12013,SEC-RKMP-BPL,2026-10-30T06:00:00,2026-10-30T06:31:00,DOWN
MOV-002908,TRN-12009,SEC-RKMP-BPL,2026-10-30T12:30:00,2026-10-30T12:57:00,DOWN
MOV-002909,TRN-12039,SEC-RKMP-BPL,2026-10-30T16:00:00,2026-10-30T16:16:00,DOWN
MOV-002910,TRN-12055,SEC-RKMP-BPL,2026-10-30T09:30:00,2026-10-30T09:49:00,UP
MOV-002911,TRN-12046,SEC-RKMP-BPL,2026-10-30T15:00:00,2026-10-30T15:32:00,DOWN
MOV-002912,TRN-12029,SEC-RKMP-BPL,2026-10-30T08:30:00,2026-10-30T09:01:00,UP
MOV-002913,TRN-12002,SEC-RKMP-BPL,2026-10-30T01:45:00,2026-10-30T02:15:00,DOWN
MOV-002914,TRN-12008,SEC-RKMP-BPL,2026-10-30T04:15:00,2026-10-30T04:34:00,UP
MOV-002915,TRN-12034,SEC-RKMP-BPL,2026-10-30T06:00:00,2026-10-30T06:23:00,DOWN
MOV-002916,TRN-12038,SEC-RKMP-BPL,2026-10-30T07:15:00,2026-10-30T07:41:00,UP
MOV-002917,TRN-12051,SEC-RKMP-BPL,2026-10-30T20:00:00,2026-10-30T20:34:00,UP
MOV-002918,TRN-12028,SEC-RKMP-BPL,2026-10-30T16:15:00,2026-10-30T16:34:00,UP
MOV-002919,TRN-12044,SEC-RKMP-BPL,2026-10-30T00:15:00,2026-10-30T00:37:00,DOWN
MOV-002920,TRN-12056,SEC-RKMP-BPL,2026-10-30T19:30:00,2026-10-30T19:55:00,UP
MOV-002921,TRN-12010,SEC-RKMP-BPL,2026-10-30T23:15:00,2026-10-30T23:38:00,UP
MOV-002922,TRN-12017,SEC-RKMP-BPL,2026-10-30T15:15:00,2026-10-30T15:41:00,UP
MOV-002923,TRN-12005,SEC-RKMP-BPL,2026-10-30T21:15:00,2026-10-30T21:37:00,UP
MOV-002924,TRN-12040,SEC-RKMP-BPL,2026-10-30T13:15:00,2026-10-30T13:48:00,DOWN
MOV-002925,TRN-12012,SEC-RKMP-BPL,2026-10-30T15:45:00,2026-10-30T16:09:00,UP
MOV-002926,TRN-12008,SEC-RKMP-BPL,2026-10-30T16:45:00,2026-10-30T17:02:00,DOWN
MOV-002927,TRN-12030,SEC-RKMP-BPL,2026-10-30T06:30:00,2026-10-30T07:02:00,UP
MOV-002928,TRN-12004,SEC-RKMP-BPL,2026-10-30T08:15:00,2026-10-30T08:44:00,DOWN
MOV-002929,TRN-12002,SEC-RKMP-BPL,2026-10-30T08:30:00,2026-10-30T08:54:00,DOWN
MOV-002930,TRN-12016,SEC-RKMP-BPL,2026-10-30T07:00:00,2026-10-30T07:16:00,UP
MOV-002931,TRN-12038,SEC-RKMP-BPL,2026-10-30T03:30:00,2026-10-30T04:04:00,DOWN
MOV-002932,TRN-12035,SEC-RKMP-BPL,2026-10-30T02:15:00,2026-10-30T02:47:00,UP
MOV-002933,TRN-12050,SEC-RKMP-BPL,2026-10-30T17:15:00,2026-10-30T17:32:00,UP
MOV-002934,TRN-12017,SEC-RKMP-BPL,2026-10-30T07:30:00,2026-10-30T07:56:00,UP
MOV-002935,TRN-12044,SEC-RKMP-BPL,2026-10-30T18:30:00,2026-10-30T19:02:00,UP
MOV-002936,TRN-12050,SEC-RKMP-BPL,2026-10-30T10:00:00,2026-10-30T10:17:00,UP
MOV-002937,TRN-12058,SEC-RKMP-BPL,2026-10-30T04:45:00,2026-10-30T05:15:00,UP
MOV-002938,TRN-12055,SEC-RKMP-BPL,2026-10-30T21:45:00,2026-10-30T22:09:00,UP
MOV-002939,TRN-12003,SEC-RKMP-BPL,2026-10-30T20:45:00,2026-10-30T21:10:00,UP
MOV-002940,TRN-12050,SEC-RKMP-BPL,2026-10-30T07:30:00,2026-10-30T07:58:00,UP
MOV-002941,TRN-12004,SEC-RKMP-BPL,2026-10-30T01:45:00,2026-10-30T02:19:00,UP
MOV-002942,TRN-12026,SEC-RKMP-BPL,2026-10-30T09:15:00,2026-10-30T09:40:00,UP
MOV-002943,TRN-12037,SEC-RKMP-BPL,2026-10-30T09:30:00,2026-10-30T10:03:00,UP
MOV-002944,TRN-12004,SEC-RKMP-BPL,2026-10-30T12:00:00,2026-10-30T12:19:00,DOWN
MOV-002945,TRN-12026,SEC-RKMP-BPL,2026-10-30T13:45:00,2026-10-30T14:02:00,UP
MOV-002946,TRN-12003,SEC-RKMP-BPL,2026-10-30T11:00:00,2026-10-30T11:33:00,UP
MOV-002947,TRN-12013,SEC-RKMP-BPL,2026-10-30T00:00:00,2026-10-30T00:19:00,UP
MOV-002948,TRN-12054,SEC-RKMP-BPL,2026-10-31T20:45:00,2026-10-31T21:17:00,UP
MOV-002949,TRN-12024,SEC-RKMP-BPL,2026-10-31T15:15:00,2026-10-31T15:42:00,DOWN
MOV-002950,TRN-12012,SEC-RKMP-BPL,2026-10-31T18:45:00,2026-10-31T19:10:00,UP
MOV-002951,TRN-12016,SEC-RKMP-BPL,2026-10-31T04:15:00,2026-10-31T04:44:00,DOWN
MOV-002952,TRN-12014,SEC-RKMP-BPL,2026-10-31T13:45:00,2026-10-31T14:00:00,UP
MOV-002953,TRN-12058,SEC-RKMP-BPL,2026-10-31T17:30:00,2026-10-31T18:03:00,DOWN
MOV-002954,TRN-12032,SEC-RKMP-BPL,2026-10-31T05:45:00,2026-10-31T06:15:00,UP
MOV-002955,TRN-12045,SEC-RKMP-BPL,2026-10-31T17:00:00,2026-10-31T17:18:00,DOWN
MOV-002956,TRN-12038,SEC-RKMP-BPL,2026-10-31T15:15:00,2026-10-31T15:46:00,UP
MOV-002957,TRN-12013,SEC-RKMP-BPL,2026-10-31T02:45:00,2026-10-31T03:14:00,UP
MOV-002958,TRN-12013,SEC-RKMP-BPL,2026-10-31T02:00:00,2026-10-31T02:17:00,DOWN
MOV-002959,TRN-12012,SEC-RKMP-BPL,2026-10-31T03:15:00,2026-10-31T03:43:00,UP
MOV-002960,TRN-12010,SEC-RKMP-BPL,2026-10-31T17:15:00,2026-10-31T17:33:00,DOWN
MOV-002961,TRN-12060,SEC-RKMP-BPL,2026-10-31T12:00:00,2026-10-31T12:21:00,DOWN
MOV-002962,TRN-12060,SEC-RKMP-BPL,2026-10-31T22:45:00,2026-10-31T23:16:00,DOWN
MOV-002963,TRN-12039,SEC-RKMP-BPL,2026-10-31T17:30:00,2026-10-31T17:57:00,UP
MOV-002964,TRN-12053,SEC-RKMP-BPL,2026-10-31T00:15:00,2026-10-31T00:38:00,DOWN
MOV-002965,TRN-12006,SEC-RKMP-BPL,2026-10-31T11:15:00,2026-10-31T11:31:00,UP
MOV-002966,TRN-12026,SEC-RKMP-BPL,2026-10-31T21:15:00,2026-10-31T21:47:00,DOWN
MOV-002967,TRN-12050,SEC-RKMP-BPL,2026-10-31T20:30:00,2026-10-31T20:59:00,UP
MOV-002968,TRN-12044,SEC-RKMP-BPL,2026-10-31T01:30:00,2026-10-31T01:58:00,DOWN
MOV-002969,TRN-12039,SEC-RKMP-BPL,2026-10-31T08:15:00,2026-10-31T08:41:00,UP
MOV-002970,TRN-12021,SEC-RKMP-BPL,2026-10-31T11:30:00,2026-10-31T11:49:00,DOWN
MOV-002971,TRN-12019,SEC-RKMP-BPL,2026-10-31T06:15:00,2026-10-31T06:32:00,DOWN
MOV-002972,TRN-12045,SEC-RKMP-BPL,2026-10-31T22:15:00,2026-10-31T22:40:00,DOWN
MOV-002973,TRN-12044,SEC-RKMP-BPL,2026-10-31T14:45:00,2026-10-31T15:17:00,UP
MOV-002974,TRN-12022,SEC-RKMP-BPL,2026-10-31T15:30:00,2026-10-31T15:54:00,UP
MOV-002975,TRN-12035,SEC-RKMP-BPL,2026-10-31T17:00:00,2026-10-31T17:26:00,DOWN
MOV-002976,TRN-12035,SEC-RKMP-BPL,2026-10-31T22:15:00,2026-10-31T22:30:00,DOWN
MOV-002977,TRN-12013,SEC-RKMP-BPL,2026-10-31T00:00:00,2026-10-31T00:33:00,DOWN
MOV-002978,TRN-12017,SEC-RKMP-BPL,2026-10-31T14:15:00,2026-10-31T14:33:00,DOWN
MOV-002979,TRN-12049,SEC-RKMP-BPL,2026-10-31T08:15:00,2026-10-31T08:46:00,UP
MOV-002980,TRN-12023,SEC-RKMP-BPL,2026-10-31T09:15:00,2026-10-31T09:40:00,UP
MOV-002981,TRN-12029,SEC-RKMP-BPL,2026-10-31T10:15:00,2026-10-31T10:37:00,UP
MOV-002982,TRN-12022,SEC-RKMP-BPL,2026-10-31T21:30:00,2026-10-31T21:55:00,UP
MOV-002983,TRN-12055,SEC-RKMP-BPL,2026-10-31T00:30:00,2026-10-31T00:48:00,DOWN
MOV-002984,TRN-12023,SEC-RKMP-BPL,2026-10-31T07:00:00,2026-10-31T07:30:00,UP
MOV-002985,TRN-12016,SEC-RKMP-BPL,2026-10-31T20:00:00,2026-10-31T20:24:00,UP
MOV-002986,TRN-12008,SEC-RKMP-BPL,2026-10-31T00:00:00,2026-10-31T00:33:00,UP
MOV-002987,TRN-12060,SEC-RKMP-BPL,2026-10-31T06:45:00,2026-10-31T07:01:00,UP
MOV-002988,TRN-12001,SEC-RKMP-BPL,2026-10-31T21:30:00,2026-10-31T21:59:00,DOWN
MOV-002989,TRN-12020,SEC-RKMP-BPL,2026-10-31T17:30:00,2026-10-31T17:55:00,DOWN
MOV-002990,TRN-12029,SEC-RKMP-BPL,2026-10-31T00:00:00,2026-10-31T00:25:00,DOWN
MOV-002991,TRN-12044,SEC-RKMP-BPL,2026-10-31T13:00:00,2026-10-31T13:22:00,UP
MOV-002992,TRN-12060,SEC-RKMP-BPL,2026-10-31T12:30:00,2026-10-31T12:59:00,UP
MOV-002993,TRN-12058,SEC-RKMP-BPL,2026-10-31T16:45:00,2026-10-31T17:14:00,DOWN
MOV-002994,TRN-12002,SEC-RKMP-BPL,2026-10-31T14:00:00,2026-10-31T14:27:00,DOWN
MOV-002995,TRN-12033,SEC-RKMP-BPL,2026-10-31T07:00:00,2026-10-31T07:28:00,DOWN
MOV-002996,TRN-12029,SEC-RKMP-BPL,2026-10-31T17:45:00,2026-10-31T18:10:00,UP
MOV-002997,TRN-12053,SEC-RKMP-BPL,2026-10-31T11:30:00,2026-10-31T12:03:00,UP
MOV-002998,TRN-12038,SEC-RKMP-BPL,2026-10-31T00:45:00,2026-10-31T01:01:00,DOWN
MOV-002999,TRN-12022,SEC-RKMP-BPL,2026-10-31T00:15:00,2026-10-31T00:48:00,UP
MOV-003000,TRN-12018,SEC-RKMP-BPL,2026-10-31T04:00:00,2026-10-31T04:19:00,DOWN
MOV-003001,TRN-12047,SEC-RKMP-BPL,2026-10-31T16:45:00,2026-10-31T17:14:00,UP
MOV-003002,TRN-12055,SEC-RKMP-BPL,2026-10-31T04:30:00,2026-10-31T04:47:00,DOWN
MOV-003003,TRN-12006,SEC-RKMP-BPL,2026-10-31T05:15:00,2026-10-31T05:43:00,UP
MOV-003004,TRN-12016,SEC-RKMP-BPL,2026-10-31T08:30:00,2026-10-31T09:04:00,DOWN
MOV-003005,TRN-12031,SEC-RKMP-BPL,2026-10-31T08:45:00,2026-10-31T09:02:00,UP
MOV-003006,TRN-12013,SEC-RKMP-BPL,2026-10-31T06:15:00,2026-10-31T06:48:00,DOWN
MOV-003007,TRN-12024,SEC-RKMP-BPL,2026-10-31T05:30:00,2026-10-31T05:50:00,DOWN
MOV-003008,TRN-12029,SEC-RKMP-BPL,2026-10-31T13:45:00,2026-10-31T14:06:00,UP
MOV-003009,TRN-12017,SEC-RKMP-BPL,2026-11-01T01:15:00,2026-11-01T01:32:00,DOWN
MOV-003010,TRN-12001,SEC-RKMP-BPL,2026-11-01T07:45:00,2026-11-01T08:11:00,DOWN
MOV-003011,TRN-12041,SEC-RKMP-BPL,2026-11-01T07:30:00,2026-11-01T07:49:00,DOWN
MOV-003012,TRN-12041,SEC-RKMP-BPL,2026-11-01T21:45:00,2026-11-01T22:00:00,UP
MOV-003013,TRN-12033,SEC-RKMP-BPL,2026-11-01T07:30:00,2026-11-01T08:02:00,UP
MOV-003014,TRN-12054,SEC-RKMP-BPL,2026-11-01T21:45:00,2026-11-01T22:01:00,UP
MOV-003015,TRN-12008,SEC-RKMP-BPL,2026-11-01T02:00:00,2026-11-01T02:23:00,UP
MOV-003016,TRN-12018,SEC-RKMP-BPL,2026-11-01T23:45:00,2026-11-02T00:18:00,UP
MOV-003017,TRN-12040,SEC-RKMP-BPL,2026-11-01T15:00:00,2026-11-01T15:33:00,UP
MOV-003018,TRN-12059,SEC-RKMP-BPL,2026-11-01T02:30:00,2026-11-01T02:47:00,DOWN
MOV-003019,TRN-12037,SEC-RKMP-BPL,2026-11-01T01:00:00,2026-11-01T01:22:00,UP
MOV-003020,TRN-12001,SEC-RKMP-BPL,2026-11-01T22:45:00,2026-11-01T23:10:00,DOWN
MOV-003021,TRN-12040,SEC-RKMP-BPL,2026-11-01T00:30:00,2026-11-01T00:45:00,DOWN
MOV-003022,TRN-12023,SEC-RKMP-BPL,2026-11-01T03:15:00,2026-11-01T03:43:00,DOWN
MOV-003023,TRN-12035,SEC-RKMP-BPL,2026-11-01T03:45:00,2026-11-01T04:15:00,UP
MOV-003024,TRN-12034,SEC-RKMP-BPL,2026-11-01T23:15:00,2026-11-01T23:30:00,UP
MOV-003025,TRN-12037,SEC-RKMP-BPL,2026-11-01T23:30:00,2026-11-01T23:57:00,UP
MOV-003026,TRN-12027,SEC-RKMP-BPL,2026-11-01T00:15:00,2026-11-01T00:42:00,DOWN
MOV-003027,TRN-12056,SEC-RKMP-BPL,2026-11-01T19:00:00,2026-11-01T19:31:00,UP
MOV-003028,TRN-12037,SEC-RKMP-BPL,2026-11-01T22:45:00,2026-11-01T23:13:00,UP
MOV-003029,TRN-12032,SEC-RKMP-BPL,2026-11-01T16:30:00,2026-11-01T16:53:00,UP
MOV-003030,TRN-12036,SEC-RKMP-BPL,2026-11-01T00:45:00,2026-11-01T01:02:00,DOWN
MOV-003031,TRN-12003,SEC-RKMP-BPL,2026-11-01T12:15:00,2026-11-01T12:41:00,UP
MOV-003032,TRN-12054,SEC-RKMP-BPL,2026-11-01T00:45:00,2026-11-01T01:13:00,DOWN
MOV-003033,TRN-12009,SEC-RKMP-BPL,2026-11-01T01:15:00,2026-11-01T01:36:00,DOWN
MOV-003034,TRN-12054,SEC-RKMP-BPL,2026-11-01T10:45:00,2026-11-01T11:01:00,DOWN
MOV-003035,TRN-12006,SEC-RKMP-BPL,2026-11-01T16:15:00,2026-11-01T16:38:00,UP
MOV-003036,TRN-12025,SEC-RKMP-BPL,2026-11-01T20:45:00,2026-11-01T21:06:00,UP
MOV-003037,TRN-12031,SEC-RKMP-BPL,2026-11-01T16:00:00,2026-11-01T16:29:00,DOWN
MOV-003038,TRN-12051,SEC-RKMP-BPL,2026-11-01T13:15:00,2026-11-01T13:36:00,DOWN
MOV-003039,TRN-12028,SEC-RKMP-BPL,2026-11-01T02:30:00,2026-11-01T02:47:00,DOWN
MOV-003040,TRN-12026,SEC-RKMP-BPL,2026-11-01T08:00:00,2026-11-01T08:18:00,DOWN
MOV-003041,TRN-12033,SEC-RKMP-BPL,2026-11-01T21:45:00,2026-11-01T22:00:00,UP
MOV-003042,TRN-12051,SEC-RKMP-BPL,2026-11-01T11:30:00,2026-11-01T11:56:00,DOWN
MOV-003043,TRN-12057,SEC-RKMP-BPL,2026-11-01T21:30:00,2026-11-01T21:56:00,UP
MOV-003044,TRN-12007,SEC-RKMP-BPL,2026-11-01T17:00:00,2026-11-01T17:28:00,UP
MOV-003045,TRN-12048,SEC-RKMP-BPL,2026-11-01T22:30:00,2026-11-01T22:56:00,UP
MOV-003046,TRN-12023,SEC-RKMP-BPL,2026-11-01T02:00:00,2026-11-01T02:29:00,DOWN
MOV-003047,TRN-12004,SEC-RKMP-BPL,2026-11-01T07:30:00,2026-11-01T07:59:00,DOWN
MOV-003048,TRN-12042,SEC-RKMP-BPL,2026-11-01T02:15:00,2026-11-01T02:39:00,UP
MOV-003049,TRN-12021,SEC-RKMP-BPL,2026-11-01T09:45:00,2026-11-01T10:06:00,DOWN
MOV-003050,TRN-12043,SEC-RKMP-BPL,2026-11-01T16:45:00,2026-11-01T17:16:00,UP
MOV-003051,TRN-12026,SEC-RKMP-BPL,2026-11-01T12:45:00,2026-11-01T13:00:00,UP
MOV-003052,TRN-12013,SEC-RKMP-BPL,2026-11-01T04:45:00,2026-11-01T05:04:00,DOWN
MOV-003053,TRN-12060,SEC-RKMP-BPL,2026-11-01T18:00:00,2026-11-01T18:17:00,UP
MOV-003054,TRN-12034,SEC-RKMP-BPL,2026-11-01T18:15:00,2026-11-01T18:33:00,DOWN
MOV-003055,TRN-12055,SEC-RKMP-BPL,2026-11-01T15:30:00,2026-11-01T16:03:00,UP
MOV-003056,TRN-12009,SEC-RKMP-BPL,2026-11-01T14:15:00,2026-11-01T14:45:00,DOWN
MOV-003057,TRN-12029,SEC-RKMP-BPL,2026-11-01T08:15:00,2026-11-01T08:42:00,DOWN
MOV-003058,TRN-12031,SEC-RKMP-BPL,2026-11-01T12:45:00,2026-11-01T13:05:00,UP
MOV-003059,TRN-12048,SEC-RKMP-BPL,2026-11-01T22:30:00,2026-11-01T22:53:00,UP
MOV-003060,TRN-12029,SEC-RKMP-BPL,2026-11-01T01:30:00,2026-11-01T01:50:00,UP
MOV-003061,TRN-12034,SEC-RKMP-BPL,2026-11-01T23:00:00,2026-11-01T23:33:00,DOWN
MOV-003062,TRN-12059,SEC-RKMP-BPL,2026-11-01T09:45:00,2026-11-01T10:13:00,DOWN
MOV-003063,TRN-12034,SEC-RKMP-BPL,2026-11-01T10:30:00,2026-11-01T11:02:00,DOWN
MOV-003064,TRN-12002,SEC-RKMP-BPL,2026-11-01T16:45:00,2026-11-01T17:14:00,UP
MOV-003065,TRN-12021,SEC-RKMP-BPL,2026-11-01T16:30:00,2026-11-01T16:52:00,UP
MOV-003066,TRN-12003,SEC-RKMP-BPL,2026-11-02T00:00:00,2026-11-02T00:23:00,DOWN
MOV-003067,TRN-12025,SEC-RKMP-BPL,2026-11-02T22:00:00,2026-11-02T22:22:00,UP
MOV-003068,TRN-12018,SEC-RKMP-BPL,2026-11-02T14:15:00,2026-11-02T14:36:00,DOWN
MOV-003069,TRN-12050,SEC-RKMP-BPL,2026-11-02T05:00:00,2026-11-02T05:19:00,DOWN
MOV-003070,TRN-12058,SEC-RKMP-BPL,2026-11-02T03:00:00,2026-11-02T03:25:00,DOWN
MOV-003071,TRN-12034,SEC-RKMP-BPL,2026-11-02T22:30:00,2026-11-02T22:45:00,UP
MOV-003072,TRN-12047,SEC-RKMP-BPL,2026-11-02T12:00:00,2026-11-02T12:18:00,DOWN
MOV-003073,TRN-12028,SEC-RKMP-BPL,2026-11-02T13:15:00,2026-11-02T13:36:00,DOWN
MOV-003074,TRN-12001,SEC-RKMP-BPL,2026-11-02T10:15:00,2026-11-02T10:45:00,DOWN
MOV-003075,TRN-12026,SEC-RKMP-BPL,2026-11-02T06:00:00,2026-11-02T06:19:00,UP
MOV-003076,TRN-12046,SEC-RKMP-BPL,2026-11-02T01:00:00,2026-11-02T01:25:00,UP
MOV-003077,TRN-12050,SEC-RKMP-BPL,2026-11-02T18:45:00,2026-11-02T19:09:00,UP
MOV-003078,TRN-12026,SEC-RKMP-BPL,2026-11-02T04:30:00,2026-11-02T05:02:00,UP
MOV-003079,TRN-12004,SEC-RKMP-BPL,2026-11-02T13:15:00,2026-11-02T13:45:00,DOWN
MOV-003080,TRN-12058,SEC-RKMP-BPL,2026-11-02T09:45:00,2026-11-02T10:02:00,UP
MOV-003081,TRN-12016,SEC-RKMP-BPL,2026-11-02T22:30:00,2026-11-02T22:52:00,UP
MOV-003082,TRN-12047,SEC-RKMP-BPL,2026-11-02T15:45:00,2026-11-02T16:08:00,UP
MOV-003083,TRN-12021,SEC-RKMP-BPL,2026-11-02T14:00:00,2026-11-02T14:16:00,DOWN
MOV-003084,TRN-12032,SEC-RKMP-BPL,2026-11-02T09:30:00,2026-11-02T09:59:00,UP
MOV-003085,TRN-12027,SEC-RKMP-BPL,2026-11-02T06:00:00,2026-11-02T06:15:00,UP
MOV-003086,TRN-12033,SEC-RKMP-BPL,2026-11-02T12:45:00,2026-11-02T13:09:00,DOWN
MOV-003087,TRN-12049,SEC-RKMP-BPL,2026-11-02T15:45:00,2026-11-02T16:04:00,DOWN
MOV-003088,TRN-12042,SEC-RKMP-BPL,2026-11-02T13:00:00,2026-11-02T13:25:00,DOWN
MOV-003089,TRN-12039,SEC-RKMP-BPL,2026-11-02T00:15:00,2026-11-02T00:41:00,DOWN
MOV-003090,TRN-12027,SEC-RKMP-BPL,2026-11-02T20:45:00,2026-11-02T21:05:00,UP
MOV-003091,TRN-12055,SEC-RKMP-BPL,2026-11-02T14:45:00,2026-11-02T15:18:00,UP
MOV-003092,TRN-12003,SEC-RKMP-BPL,2026-11-02T21:30:00,2026-11-02T21:47:00,DOWN
MOV-003093,TRN-12002,SEC-RKMP-BPL,2026-11-02T06:15:00,2026-11-02T06:39:00,DOWN
MOV-003094,TRN-12051,SEC-RKMP-BPL,2026-11-02T08:30:00,2026-11-02T09:03:00,DOWN
MOV-003095,TRN-12016,SEC-RKMP-BPL,2026-11-02T16:15:00,2026-11-02T16:39:00,DOWN
MOV-003096,TRN-12018,SEC-RKMP-BPL,2026-11-02T00:45:00,2026-11-02T01:14:00,UP
MOV-003097,TRN-12023,SEC-RKMP-BPL,2026-11-02T06:45:00,2026-11-02T07:18:00,DOWN
MOV-003098,TRN-12027,SEC-RKMP-BPL,2026-11-02T01:00:00,2026-11-02T01:16:00,DOWN
MOV-003099,TRN-12006,SEC-RKMP-BPL,2026-11-02T16:45:00,2026-11-02T17:06:00,DOWN
MOV-003100,TRN-12053,SEC-RKMP-BPL,2026-11-02T10:15:00,2026-11-02T10:34:00,UP
MOV-003101,TRN-12053,SEC-RKMP-BPL,2026-11-02T15:00:00,2026-11-02T15:25:00,DOWN
MOV-003102,TRN-12005,SEC-RKMP-BPL,2026-11-02T18:00:00,2026-11-02T18:20:00,UP
MOV-003103,TRN-12031,SEC-RKMP-BPL,2026-11-02T21:00:00,2026-11-02T21:20:00,UP
MOV-003104,TRN-12052,SEC-RKMP-BPL,2026-11-02T23:15:00,2026-11-02T23:43:00,DOWN
MOV-003105,TRN-12051,SEC-RKMP-BPL,2026-11-02T16:30:00,2026-11-02T17:04:00,UP
MOV-003106,TRN-12022,SEC-RKMP-BPL,2026-11-02T17:00:00,2026-11-02T17:25:00,DOWN
MOV-003107,TRN-12011,SEC-RKMP-BPL,2026-11-02T19:15:00,2026-11-02T19:47:00,DOWN
MOV-003108,TRN-12010,SEC-RKMP-BPL,2026-11-02T17:00:00,2026-11-02T17:19:00,DOWN
MOV-003109,TRN-12053,SEC-RKMP-BPL,2026-11-02T01:15:00,2026-11-02T01:31:00,UP
MOV-003110,TRN-12059,SEC-RKMP-BPL,2026-11-02T04:30:00,2026-11-02T05:01:00,DOWN
MOV-003111,TRN-12022,SEC-RKMP-BPL,2026-11-02T16:15:00,2026-11-02T16:32:00,UP
MOV-003112,TRN-12045,SEC-RKMP-BPL,2026-11-02T16:30:00,2026-11-02T17:00:00,DOWN
MOV-003113,TRN-12021,SEC-RKMP-BPL,2026-11-02T07:45:00,2026-11-02T08:19:00,UP
MOV-003114,TRN-12048,SEC-RKMP-BPL,2026-11-02T03:45:00,2026-11-02T04:11:00,DOWN
MOV-003115,TRN-12043,SEC-RKMP-BPL,2026-11-02T14:15:00,2026-11-02T14:46:00,DOWN
MOV-003116,TRN-12033,SEC-RKMP-BPL,2026-11-02T07:00:00,2026-11-02T07:26:00,UP
MOV-003117,TRN-12040,SEC-RKMP-BPL,2026-11-02T08:45:00,2026-11-02T09:13:00,UP
MOV-003118,TRN-12043,SEC-RKMP-BPL,2026-11-02T15:30:00,2026-11-02T15:56:00,DOWN
MOV-003119,TRN-12020,SEC-RKMP-BPL,2026-11-02T10:15:00,2026-11-02T10:41:00,DOWN
MOV-003120,TRN-12037,SEC-RKMP-BPL,2026-11-02T04:45:00,2026-11-02T05:15:00,UP
MOV-003121,TRN-12025,SEC-RKMP-BPL,2026-11-03T19:30:00,2026-11-03T19:48:00,UP
MOV-003122,TRN-12059,SEC-RKMP-BPL,2026-11-03T10:30:00,2026-11-03T10:52:00,UP
MOV-003123,TRN-12025,SEC-RKMP-BPL,2026-11-03T16:15:00,2026-11-03T16:42:00,UP
MOV-003124,TRN-12021,SEC-RKMP-BPL,2026-11-03T06:15:00,2026-11-03T06:35:00,DOWN
MOV-003125,TRN-12021,SEC-RKMP-BPL,2026-11-03T17:15:00,2026-11-03T17:36:00,DOWN
MOV-003126,TRN-12053,SEC-RKMP-BPL,2026-11-03T09:15:00,2026-11-03T09:44:00,UP
MOV-003127,TRN-12028,SEC-RKMP-BPL,2026-11-03T14:30:00,2026-11-03T14:47:00,UP
MOV-003128,TRN-12017,SEC-RKMP-BPL,2026-11-03T02:30:00,2026-11-03T03:03:00,UP
MOV-003129,TRN-12028,SEC-RKMP-BPL,2026-11-03T05:00:00,2026-11-03T05:29:00,UP
MOV-003130,TRN-12033,SEC-RKMP-BPL,2026-11-03T16:45:00,2026-11-03T17:03:00,DOWN
MOV-003131,TRN-12055,SEC-RKMP-BPL,2026-11-03T11:00:00,2026-11-03T11:20:00,DOWN
MOV-003132,TRN-12048,SEC-RKMP-BPL,2026-11-03T07:00:00,2026-11-03T07:20:00,UP
MOV-003133,TRN-12045,SEC-RKMP-BPL,2026-11-03T20:00:00,2026-11-03T20:29:00,DOWN
MOV-003134,TRN-12037,SEC-RKMP-BPL,2026-11-03T20:00:00,2026-11-03T20:28:00,UP
MOV-003135,TRN-12054,SEC-RKMP-BPL,2026-11-03T11:00:00,2026-11-03T11:29:00,DOWN
MOV-003136,TRN-12028,SEC-RKMP-BPL,2026-11-03T07:00:00,2026-11-03T07:33:00,UP
MOV-003137,TRN-12051,SEC-RKMP-BPL,2026-11-03T14:30:00,2026-11-03T14:58:00,DOWN
MOV-003138,TRN-12003,SEC-RKMP-BPL,2026-11-03T23:00:00,2026-11-03T23:34:00,UP
MOV-003139,TRN-12051,SEC-RKMP-BPL,2026-11-03T02:15:00,2026-11-03T02:40:00,DOWN
MOV-003140,TRN-12008,SEC-RKMP-BPL,2026-11-03T00:30:00,2026-11-03T00:45:00,DOWN
MOV-003141,TRN-12003,SEC-RKMP-BPL,2026-11-03T23:30:00,2026-11-04T00:03:00,UP
MOV-003142,TRN-12017,SEC-RKMP-BPL,2026-11-03T10:00:00,2026-11-03T10:17:00,UP
MOV-003143,TRN-12045,SEC-RKMP-BPL,2026-11-03T17:00:00,2026-11-03T17:16:00,DOWN
MOV-003144,TRN-12022,SEC-RKMP-BPL,2026-11-03T19:15:00,2026-11-03T19:37:00,UP
MOV-003145,TRN-12016,SEC-RKMP-BPL,2026-11-03T16:15:00,2026-11-03T16:43:00,UP
MOV-003146,TRN-12033,SEC-RKMP-BPL,2026-11-03T11:45:00,2026-11-03T12:08:00,UP
MOV-003147,TRN-12042,SEC-RKMP-BPL,2026-11-03T03:45:00,2026-11-03T04:07:00,DOWN
MOV-003148,TRN-12040,SEC-RKMP-BPL,2026-11-03T11:30:00,2026-11-03T11:48:00,UP
MOV-003149,TRN-12046,SEC-RKMP-BPL,2026-11-03T23:45:00,2026-11-04T00:06:00,UP
MOV-003150,TRN-12022,SEC-RKMP-BPL,2026-11-03T16:30:00,2026-11-03T17:00:00,DOWN
MOV-003151,TRN-12024,SEC-RKMP-BPL,2026-11-03T15:30:00,2026-11-03T16:04:00,UP
MOV-003152,TRN-12012,SEC-RKMP-BPL,2026-11-03T09:30:00,2026-11-03T10:04:00,DOWN
MOV-003153,TRN-12002,SEC-RKMP-BPL,2026-11-03T12:00:00,2026-11-03T12:22:00,DOWN
MOV-003154,TRN-12060,SEC-RKMP-BPL,2026-11-03T03:00:00,2026-11-03T03:28:00,UP
MOV-003155,TRN-12026,SEC-RKMP-BPL,2026-11-03T20:45:00,2026-11-03T21:18:00,DOWN
MOV-003156,TRN-12059,SEC-RKMP-BPL,2026-11-03T17:45:00,2026-11-03T18:10:00,UP
MOV-003157,TRN-12049,SEC-RKMP-BPL,2026-11-03T22:15:00,2026-11-03T22:38:00,DOWN
MOV-003158,TRN-12040,SEC-RKMP-BPL,2026-11-03T16:15:00,2026-11-03T16:47:00,DOWN
MOV-003159,TRN-12057,SEC-RKMP-BPL,2026-11-03T13:00:00,2026-11-03T13:31:00,UP
MOV-003160,TRN-12012,SEC-RKMP-BPL,2026-11-03T06:00:00,2026-11-03T06:29:00,UP
MOV-003161,TRN-12014,SEC-RKMP-BPL,2026-11-03T00:00:00,2026-11-03T00:28:00,DOWN
MOV-003162,TRN-12018,SEC-RKMP-BPL,2026-11-03T01:30:00,2026-11-03T02:00:00,UP
MOV-003163,TRN-12048,SEC-RKMP-BPL,2026-11-03T04:15:00,2026-11-03T04:42:00,UP
MOV-003164,TRN-12019,SEC-RKMP-BPL,2026-11-03T03:00:00,2026-11-03T03:30:00,UP
MOV-003165,TRN-12003,SEC-RKMP-BPL,2026-11-03T05:00:00,2026-11-03T05:27:00,DOWN
MOV-003166,TRN-12011,SEC-RKMP-BPL,2026-11-03T17:15:00,2026-11-03T17:31:00,DOWN
MOV-003167,TRN-12013,SEC-RKMP-BPL,2026-11-03T12:30:00,2026-11-03T12:56:00,UP
MOV-003168,TRN-12016,SEC-RKMP-BPL,2026-11-03T17:45:00,2026-11-03T18:00:00,UP
MOV-003169,TRN-12053,SEC-RKMP-BPL,2026-11-03T06:15:00,2026-11-03T06:48:00,DOWN
MOV-003170,TRN-12040,SEC-RKMP-BPL,2026-11-03T16:30:00,2026-11-03T16:50:00,DOWN
MOV-003171,TRN-12003,SEC-RKMP-BPL,2026-11-03T01:30:00,2026-11-03T02:01:00,DOWN
MOV-003172,TRN-12041,SEC-RKMP-BPL,2026-11-03T09:15:00,2026-11-03T09:38:00,UP
MOV-003173,TRN-12007,SEC-RKMP-BPL,2026-11-04T07:45:00,2026-11-04T08:14:00,UP
MOV-003174,TRN-12018,SEC-RKMP-BPL,2026-11-04T06:15:00,2026-11-04T06:43:00,DOWN
MOV-003175,TRN-12043,SEC-RKMP-BPL,2026-11-04T11:00:00,2026-11-04T11:17:00,DOWN
MOV-003176,TRN-12041,SEC-RKMP-BPL,2026-11-04T12:30:00,2026-11-04T13:01:00,DOWN
MOV-003177,TRN-12006,SEC-RKMP-BPL,2026-11-04T09:00:00,2026-11-04T09:22:00,DOWN
MOV-003178,TRN-12013,SEC-RKMP-BPL,2026-11-04T03:15:00,2026-11-04T03:40:00,DOWN
MOV-003179,TRN-12001,SEC-RKMP-BPL,2026-11-04T05:45:00,2026-11-04T06:13:00,DOWN
MOV-003180,TRN-12049,SEC-RKMP-BPL,2026-11-04T20:30:00,2026-11-04T21:04:00,UP
MOV-003181,TRN-12055,SEC-RKMP-BPL,2026-11-04T09:15:00,2026-11-04T09:43:00,UP
MOV-003182,TRN-12009,SEC-RKMP-BPL,2026-11-04T21:15:00,2026-11-04T21:48:00,UP
MOV-003183,TRN-12059,SEC-RKMP-BPL,2026-11-04T14:45:00,2026-11-04T15:15:00,UP
MOV-003184,TRN-12049,SEC-RKMP-BPL,2026-11-04T22:30:00,2026-11-04T23:03:00,DOWN
MOV-003185,TRN-12040,SEC-RKMP-BPL,2026-11-04T11:45:00,2026-11-04T12:03:00,DOWN
MOV-003186,TRN-12049,SEC-RKMP-BPL,2026-11-04T22:15:00,2026-11-04T22:31:00,UP
MOV-003187,TRN-12052,SEC-RKMP-BPL,2026-11-04T12:00:00,2026-11-04T12:17:00,UP
MOV-003188,TRN-12021,SEC-RKMP-BPL,2026-11-04T03:15:00,2026-11-04T03:39:00,UP
MOV-003189,TRN-12014,SEC-RKMP-BPL,2026-11-04T15:45:00,2026-11-04T16:19:00,DOWN
MOV-003190,TRN-12003,SEC-RKMP-BPL,2026-11-04T21:45:00,2026-11-04T22:05:00,UP
MOV-003191,TRN-12002,SEC-RKMP-BPL,2026-11-04T19:45:00,2026-11-04T20:00:00,DOWN
MOV-003192,TRN-12025,SEC-RKMP-BPL,2026-11-04T13:00:00,2026-11-04T13:31:00,UP
MOV-003193,TRN-12051,SEC-RKMP-BPL,2026-11-04T03:30:00,2026-11-04T03:51:00,DOWN
MOV-003194,TRN-12034,SEC-RKMP-BPL,2026-11-04T17:00:00,2026-11-04T17:28:00,UP
MOV-003195,TRN-12022,SEC-RKMP-BPL,2026-11-04T05:00:00,2026-11-04T05:26:00,UP
MOV-003196,TRN-12031,SEC-RKMP-BPL,2026-11-04T18:00:00,2026-11-04T18:29:00,UP
MOV-003197,TRN-12020,SEC-RKMP-BPL,2026-11-04T13:30:00,2026-11-04T13:58:00,UP
MOV-003198,TRN-12035,SEC-RKMP-BPL,2026-11-04T06:15:00,2026-11-04T06:48:00,UP
MOV-003199,TRN-12025,SEC-RKMP-BPL,2026-11-04T10:00:00,2026-11-04T10:30:00,UP
MOV-003200,TRN-12044,SEC-RKMP-BPL,2026-11-04T09:45:00,2026-11-04T10:14:00,UP
MOV-003201,TRN-12058,SEC-RKMP-BPL,2026-11-04T20:30:00,2026-11-04T20:45:00,DOWN
MOV-003202,TRN-12042,SEC-RKMP-BPL,2026-11-04T08:00:00,2026-11-04T08:26:00,DOWN
MOV-003203,TRN-12020,SEC-RKMP-BPL,2026-11-04T10:00:00,2026-11-04T10:29:00,DOWN
MOV-003204,TRN-12047,SEC-RKMP-BPL,2026-11-04T10:00:00,2026-11-04T10:24:00,DOWN
MOV-003205,TRN-12006,SEC-RKMP-BPL,2026-11-04T05:45:00,2026-11-04T06:11:00,UP
MOV-003206,TRN-12002,SEC-RKMP-BPL,2026-11-04T09:30:00,2026-11-04T10:01:00,DOWN
MOV-003207,TRN-12028,SEC-RKMP-BPL,2026-11-04T10:45:00,2026-11-04T11:15:00,UP
MOV-003208,TRN-12041,SEC-RKMP-BPL,2026-11-04T17:00:00,2026-11-04T17:34:00,UP
MOV-003209,TRN-12033,SEC-RKMP-BPL,2026-11-04T11:30:00,2026-11-04T12:03:00,UP
MOV-003210,TRN-12024,SEC-RKMP-BPL,2026-11-04T18:45:00,2026-11-04T19:18:00,DOWN
MOV-003211,TRN-12043,SEC-RKMP-BPL,2026-11-04T18:45:00,2026-11-04T19:00:00,DOWN
MOV-003212,TRN-12003,SEC-RKMP-BPL,2026-11-04T13:15:00,2026-11-04T13:36:00,DOWN
MOV-003213,TRN-12043,SEC-RKMP-BPL,2026-11-04T13:45:00,2026-11-04T14:01:00,DOWN
MOV-003214,TRN-12010,SEC-RKMP-BPL,2026-11-04T05:00:00,2026-11-04T05:25:00,DOWN
MOV-003215,TRN-12046,SEC-RKMP-BPL,2026-11-04T10:45:00,2026-11-04T11:07:00,UP
MOV-003216,TRN-12003,SEC-RKMP-BPL,2026-11-04T03:15:00,2026-11-04T03:38:00,DOWN
MOV-003217,TRN-12008,SEC-RKMP-BPL,2026-11-04T06:45:00,2026-11-04T07:00:00,UP
MOV-003218,TRN-12012,SEC-RKMP-BPL,2026-11-04T12:45:00,2026-11-04T13:04:00,UP
MOV-003219,TRN-12027,SEC-RKMP-BPL,2026-11-04T19:45:00,2026-11-04T20:01:00,UP
MOV-003220,TRN-12046,SEC-RKMP-BPL,2026-11-04T00:45:00,2026-11-04T01:04:00,DOWN
MOV-003221,TRN-12059,SEC-RKMP-BPL,2026-11-04T15:45:00,2026-11-04T16:12:00,UP
MOV-003222,TRN-12042,SEC-RKMP-BPL,2026-11-04T14:15:00,2026-11-04T14:31:00,DOWN
MOV-003223,TRN-12035,SEC-RKMP-BPL,2026-11-04T18:00:00,2026-11-04T18:25:00,DOWN
MOV-003224,TRN-12054,SEC-RKMP-BPL,2026-11-04T22:00:00,2026-11-04T22:18:00,DOWN
MOV-003225,TRN-12028,SEC-RKMP-BPL,2026-11-04T05:00:00,2026-11-04T05:17:00,UP
MOV-003226,TRN-12045,SEC-RKMP-BPL,2026-11-04T01:00:00,2026-11-04T01:20:00,DOWN
MOV-003227,TRN-12060,SEC-RKMP-BPL,2026-11-04T10:00:00,2026-11-04T10:15:00,DOWN
MOV-003228,TRN-12027,SEC-RKMP-BPL,2026-11-04T01:45:00,2026-11-04T02:10:00,UP
MOV-003229,TRN-12014,SEC-RKMP-BPL,2026-11-05T22:45:00,2026-11-05T23:03:00,DOWN
MOV-003230,TRN-12011,SEC-RKMP-BPL,2026-11-05T10:30:00,2026-11-05T10:45:00,DOWN
MOV-003231,TRN-12014,SEC-RKMP-BPL,2026-11-05T16:15:00,2026-11-05T16:30:00,DOWN
MOV-003232,TRN-12016,SEC-RKMP-BPL,2026-11-05T22:45:00,2026-11-05T23:03:00,DOWN
MOV-003233,TRN-12022,SEC-RKMP-BPL,2026-11-05T14:30:00,2026-11-05T14:50:00,DOWN
MOV-003234,TRN-12016,SEC-RKMP-BPL,2026-11-05T21:45:00,2026-11-05T22:03:00,DOWN
MOV-003235,TRN-12056,SEC-RKMP-BPL,2026-11-05T03:30:00,2026-11-05T04:03:00,UP
MOV-003236,TRN-12035,SEC-RKMP-BPL,2026-11-05T19:15:00,2026-11-05T19:34:00,UP
MOV-003237,TRN-12021,SEC-RKMP-BPL,2026-11-05T17:15:00,2026-11-05T17:37:00,DOWN
MOV-003238,TRN-12035,SEC-RKMP-BPL,2026-11-05T22:30:00,2026-11-05T23:02:00,UP
MOV-003239,TRN-12057,SEC-RKMP-BPL,2026-11-05T22:00:00,2026-11-05T22:22:00,UP
MOV-003240,TRN-12026,SEC-RKMP-BPL,2026-11-05T18:30:00,2026-11-05T18:49:00,DOWN
MOV-003241,TRN-12059,SEC-RKMP-BPL,2026-11-05T10:45:00,2026-11-05T11:12:00,DOWN
MOV-003242,TRN-12055,SEC-RKMP-BPL,2026-11-05T00:45:00,2026-11-05T01:03:00,DOWN
MOV-003243,TRN-12049,SEC-RKMP-BPL,2026-11-05T06:00:00,2026-11-05T06:23:00,UP
MOV-003244,TRN-12034,SEC-RKMP-BPL,2026-11-05T01:00:00,2026-11-05T01:23:00,DOWN
MOV-003245,TRN-12019,SEC-RKMP-BPL,2026-11-05T07:00:00,2026-11-05T07:20:00,UP
MOV-003246,TRN-12016,SEC-RKMP-BPL,2026-11-05T08:15:00,2026-11-05T08:43:00,UP
MOV-003247,TRN-12046,SEC-RKMP-BPL,2026-11-05T14:30:00,2026-11-05T14:56:00,DOWN
MOV-003248,TRN-12016,SEC-RKMP-BPL,2026-11-05T23:00:00,2026-11-05T23:17:00,DOWN
MOV-003249,TRN-12054,SEC-RKMP-BPL,2026-11-05T02:30:00,2026-11-05T02:55:00,UP
MOV-003250,TRN-12032,SEC-RKMP-BPL,2026-11-05T16:30:00,2026-11-05T16:55:00,DOWN
MOV-003251,TRN-12014,SEC-RKMP-BPL,2026-11-05T14:15:00,2026-11-05T14:49:00,UP
MOV-003252,TRN-12053,SEC-RKMP-BPL,2026-11-05T15:00:00,2026-11-05T15:30:00,UP
MOV-003253,TRN-12016,SEC-RKMP-BPL,2026-11-05T08:30:00,2026-11-05T08:52:00,DOWN
MOV-003254,TRN-12034,SEC-RKMP-BPL,2026-11-05T04:00:00,2026-11-05T04:21:00,UP
MOV-003255,TRN-12056,SEC-RKMP-BPL,2026-11-05T09:15:00,2026-11-05T09:43:00,DOWN
MOV-003256,TRN-12042,SEC-RKMP-BPL,2026-11-05T13:45:00,2026-11-05T14:17:00,UP
MOV-003257,TRN-12010,SEC-RKMP-BPL,2026-11-05T09:45:00,2026-11-05T10:19:00,DOWN
MOV-003258,TRN-12042,SEC-RKMP-BPL,2026-11-05T05:30:00,2026-11-05T05:48:00,DOWN
MOV-003259,TRN-12012,SEC-RKMP-BPL,2026-11-05T01:45:00,2026-11-05T02:17:00,DOWN
MOV-003260,TRN-12038,SEC-RKMP-BPL,2026-11-05T05:30:00,2026-11-05T05:59:00,DOWN
MOV-003261,TRN-12017,SEC-RKMP-BPL,2026-11-05T09:45:00,2026-11-05T10:05:00,DOWN
MOV-003262,TRN-12046,SEC-RKMP-BPL,2026-11-05T21:30:00,2026-11-05T21:49:00,UP
MOV-003263,TRN-12033,SEC-RKMP-BPL,2026-11-05T09:00:00,2026-11-05T09:33:00,DOWN
MOV-003264,TRN-12023,SEC-RKMP-BPL,2026-11-05T16:15:00,2026-11-05T16:39:00,DOWN
MOV-003265,TRN-12025,SEC-RKMP-BPL,2026-11-05T19:00:00,2026-11-05T19:28:00,DOWN
MOV-003266,TRN-12052,SEC-RKMP-BPL,2026-11-05T01:00:00,2026-11-05T01:27:00,DOWN
MOV-003267,TRN-12051,SEC-RKMP-BPL,2026-11-05T21:00:00,2026-11-05T21:25:00,DOWN
MOV-003268,TRN-12038,SEC-RKMP-BPL,2026-11-05T18:00:00,2026-11-05T18:24:00,UP
MOV-003269,TRN-12057,SEC-RKMP-BPL,2026-11-05T04:15:00,2026-11-05T04:30:00,UP
MOV-003270,TRN-12059,SEC-RKMP-BPL,2026-11-05T20:15:00,2026-11-05T20:44:00,DOWN
MOV-003271,TRN-12055,SEC-RKMP-BPL,2026-11-05T07:45:00,2026-11-05T08:07:00,DOWN
MOV-003272,TRN-12024,SEC-RKMP-BPL,2026-11-05T16:15:00,2026-11-05T16:46:00,DOWN
MOV-003273,TRN-12018,SEC-RKMP-BPL,2026-11-05T23:30:00,2026-11-05T23:53:00,UP
MOV-003274,TRN-12059,SEC-RKMP-BPL,2026-11-05T18:30:00,2026-11-05T19:01:00,DOWN
MOV-003275,TRN-12014,SEC-RKMP-BPL,2026-11-05T05:00:00,2026-11-05T05:16:00,DOWN
MOV-003276,TRN-12052,SEC-RKMP-BPL,2026-11-05T03:30:00,2026-11-05T03:47:00,UP
MOV-003277,TRN-12048,SEC-RKMP-BPL,2026-11-05T19:45:00,2026-11-05T20:06:00,DOWN
MOV-003278,TRN-12048,SEC-RKMP-BPL,2026-11-05T08:15:00,2026-11-05T08:32:00,DOWN
MOV-003279,TRN-12013,SEC-RKMP-BPL,2026-11-05T06:15:00,2026-11-05T06:32:00,DOWN
MOV-003280,TRN-12042,SEC-RKMP-BPL,2026-11-05T03:00:00,2026-11-05T03:15:00,DOWN
MOV-003281,TRN-12027,SEC-RKMP-BPL,2026-11-05T15:00:00,2026-11-05T15:19:00,DOWN
MOV-003282,TRN-12013,SEC-RKMP-BPL,2026-11-05T14:45:00,2026-11-05T15:06:00,DOWN
MOV-003283,TRN-12055,SEC-RKMP-BPL,2026-11-05T21:00:00,2026-11-05T21:17:00,DOWN
MOV-003284,TRN-12056,SEC-RKMP-BPL,2026-11-05T07:30:00,2026-11-05T07:56:00,DOWN
MOV-003285,TRN-12023,SEC-RKMP-BPL,2026-11-06T21:00:00,2026-11-06T21:15:00,DOWN
MOV-003286,TRN-12011,SEC-RKMP-BPL,2026-11-06T23:15:00,2026-11-06T23:37:00,UP
MOV-003287,TRN-12057,SEC-RKMP-BPL,2026-11-06T08:00:00,2026-11-06T08:24:00,UP
MOV-003288,TRN-12048,SEC-RKMP-BPL,2026-11-06T01:15:00,2026-11-06T01:37:00,UP
MOV-003289,TRN-12004,SEC-RKMP-BPL,2026-11-06T12:15:00,2026-11-06T12:32:00,UP
MOV-003290,TRN-12049,SEC-RKMP-BPL,2026-11-06T17:30:00,2026-11-06T18:01:00,UP
MOV-003291,TRN-12042,SEC-RKMP-BPL,2026-11-06T18:00:00,2026-11-06T18:25:00,DOWN
MOV-003292,TRN-12037,SEC-RKMP-BPL,2026-11-06T05:30:00,2026-11-06T06:00:00,UP
MOV-003293,TRN-12035,SEC-RKMP-BPL,2026-11-06T12:15:00,2026-11-06T12:30:00,UP
MOV-003294,TRN-12046,SEC-RKMP-BPL,2026-11-06T19:15:00,2026-11-06T19:48:00,DOWN
MOV-003295,TRN-12040,SEC-RKMP-BPL,2026-11-06T13:45:00,2026-11-06T14:12:00,DOWN
MOV-003296,TRN-12059,SEC-RKMP-BPL,2026-11-06T04:30:00,2026-11-06T04:59:00,DOWN
MOV-003297,TRN-12021,SEC-RKMP-BPL,2026-11-06T20:15:00,2026-11-06T20:37:00,UP
MOV-003298,TRN-12020,SEC-RKMP-BPL,2026-11-06T23:30:00,2026-11-06T23:59:00,DOWN
MOV-003299,TRN-12017,SEC-RKMP-BPL,2026-11-06T15:15:00,2026-11-06T15:46:00,UP
MOV-003300,TRN-12052,SEC-RKMP-BPL,2026-11-06T17:45:00,2026-11-06T18:18:00,DOWN
MOV-003301,TRN-12020,SEC-RKMP-BPL,2026-11-06T12:15:00,2026-11-06T12:31:00,DOWN
MOV-003302,TRN-12027,SEC-RKMP-BPL,2026-11-06T09:00:00,2026-11-06T09:25:00,DOWN
MOV-003303,TRN-12007,SEC-RKMP-BPL,2026-11-06T15:00:00,2026-11-06T15:17:00,UP
MOV-003304,TRN-12024,SEC-RKMP-BPL,2026-11-06T21:00:00,2026-11-06T21:21:00,DOWN
MOV-003305,TRN-12015,SEC-RKMP-BPL,2026-11-06T23:30:00,2026-11-07T00:03:00,DOWN
MOV-003306,TRN-12007,SEC-RKMP-BPL,2026-11-06T11:30:00,2026-11-06T11:45:00,UP
MOV-003307,TRN-12042,SEC-RKMP-BPL,2026-11-06T19:15:00,2026-11-06T19:47:00,DOWN
MOV-003308,TRN-12003,SEC-RKMP-BPL,2026-11-06T06:45:00,2026-11-06T07:00:00,UP
MOV-003309,TRN-12021,SEC-RKMP-BPL,2026-11-06T23:30:00,2026-11-06T23:47:00,UP
MOV-003310,TRN-12057,SEC-RKMP-BPL,2026-11-06T05:30:00,2026-11-06T05:54:00,DOWN
MOV-003311,TRN-12046,SEC-RKMP-BPL,2026-11-06T19:00:00,2026-11-06T19:24:00,DOWN
MOV-003312,TRN-12026,SEC-RKMP-BPL,2026-11-06T16:30:00,2026-11-06T16:52:00,UP
MOV-003313,TRN-12059,SEC-RKMP-BPL,2026-11-06T19:45:00,2026-11-06T20:05:00,UP
MOV-003314,TRN-12020,SEC-RKMP-BPL,2026-11-06T00:00:00,2026-11-06T00:21:00,DOWN
MOV-003315,TRN-12013,SEC-RKMP-BPL,2026-11-06T12:30:00,2026-11-06T12:52:00,DOWN
MOV-003316,TRN-12006,SEC-RKMP-BPL,2026-11-06T20:30:00,2026-11-06T20:51:00,DOWN
MOV-003317,TRN-12026,SEC-RKMP-BPL,2026-11-06T23:00:00,2026-11-06T23:15:00,DOWN
MOV-003318,TRN-12056,SEC-RKMP-BPL,2026-11-06T01:45:00,2026-11-06T02:18:00,UP
MOV-003319,TRN-12053,SEC-RKMP-BPL,2026-11-06T18:00:00,2026-11-06T18:32:00,DOWN
MOV-003320,TRN-12001,SEC-RKMP-BPL,2026-11-06T13:30:00,2026-11-06T14:01:00,DOWN
MOV-003321,TRN-12029,SEC-RKMP-BPL,2026-11-06T07:00:00,2026-11-06T07:16:00,DOWN
MOV-003322,TRN-12058,SEC-RKMP-BPL,2026-11-06T01:30:00,2026-11-06T01:56:00,UP
MOV-003323,TRN-12013,SEC-RKMP-BPL,2026-11-06T06:30:00,2026-11-06T06:50:00,DOWN
MOV-003324,TRN-12023,SEC-RKMP-BPL,2026-11-06T02:00:00,2026-11-06T02:23:00,UP
MOV-003325,TRN-12045,SEC-RKMP-BPL,2026-11-06T11:00:00,2026-11-06T11:19:00,DOWN
MOV-003326,TRN-12021,SEC-RKMP-BPL,2026-11-06T16:45:00,2026-11-06T17:07:00,DOWN
MOV-003327,TRN-12050,SEC-RKMP-BPL,2026-11-06T05:30:00,2026-11-06T05:51:00,DOWN
MOV-003328,TRN-12045,SEC-RKMP-BPL,2026-11-06T03:00:00,2026-11-06T03:15:00,UP
MOV-003329,TRN-12004,SEC-RKMP-BPL,2026-11-06T16:45:00,2026-11-06T17:08:00,DOWN
MOV-003330,TRN-12044,SEC-RKMP-BPL,2026-11-06T19:30:00,2026-11-06T19:48:00,DOWN
MOV-003331,TRN-12032,SEC-RKMP-BPL,2026-11-06T15:45:00,2026-11-06T16:02:00,DOWN
MOV-003332,TRN-12050,SEC-RKMP-BPL,2026-11-06T02:15:00,2026-11-06T02:47:00,UP
MOV-003333,TRN-12010,SEC-RKMP-BPL,2026-11-06T19:00:00,2026-11-06T19:29:00,DOWN
MOV-003334,TRN-12030,SEC-RKMP-BPL,2026-11-06T11:15:00,2026-11-06T11:37:00,UP
MOV-003335,TRN-12034,SEC-RKMP-BPL,2026-11-06T21:45:00,2026-11-06T22:17:00,UP
MOV-003336,TRN-12019,SEC-RKMP-BPL,2026-11-06T18:30:00,2026-11-06T18:51:00,UP
MOV-003337,TRN-12008,SEC-RKMP-BPL,2026-11-06T07:15:00,2026-11-06T07:38:00,DOWN
MOV-003338,TRN-12017,SEC-RKMP-BPL,2026-11-06T04:45:00,2026-11-06T05:08:00,UP
MOV-003339,TRN-12039,SEC-RKMP-BPL,2026-11-06T13:30:00,2026-11-06T13:49:00,DOWN
MOV-003340,TRN-12012,SEC-RKMP-BPL,2026-11-06T20:15:00,2026-11-06T20:38:00,UP
MOV-003341,TRN-12026,SEC-RKMP-BPL,2026-11-06T15:15:00,2026-11-06T15:32:00,DOWN
MOV-003342,TRN-12017,SEC-RKMP-BPL,2026-11-06T02:45:00,2026-11-06T03:06:00,DOWN
MOV-003343,TRN-12011,SEC-RKMP-BPL,2026-11-06T08:15:00,2026-11-06T08:32:00,DOWN
MOV-003344,TRN-12019,SEC-RKMP-BPL,2026-11-06T13:30:00,2026-11-06T13:53:00,DOWN
MOV-003345,TRN-12034,SEC-RKMP-BPL,2026-11-06T01:30:00,2026-11-06T01:47:00,UP
MOV-003346,TRN-12027,SEC-RKMP-BPL,2026-11-07T01:30:00,2026-11-07T01:53:00,UP
MOV-003347,TRN-12001,SEC-RKMP-BPL,2026-11-07T12:30:00,2026-11-07T12:55:00,DOWN
MOV-003348,TRN-12046,SEC-RKMP-BPL,2026-11-07T20:45:00,2026-11-07T21:17:00,DOWN
MOV-003349,TRN-12026,SEC-RKMP-BPL,2026-11-07T12:30:00,2026-11-07T12:48:00,DOWN
MOV-003350,TRN-12036,SEC-RKMP-BPL,2026-11-07T12:45:00,2026-11-07T13:13:00,DOWN
MOV-003351,TRN-12059,SEC-RKMP-BPL,2026-11-07T19:15:00,2026-11-07T19:33:00,UP
MOV-003352,TRN-12043,SEC-RKMP-BPL,2026-11-07T20:45:00,2026-11-07T21:13:00,DOWN
MOV-003353,TRN-12058,SEC-RKMP-BPL,2026-11-07T16:00:00,2026-11-07T16:25:00,UP
MOV-003354,TRN-12039,SEC-RKMP-BPL,2026-11-07T15:15:00,2026-11-07T15:35:00,UP
MOV-003355,TRN-12018,SEC-RKMP-BPL,2026-11-07T19:30:00,2026-11-07T20:03:00,DOWN
MOV-003356,TRN-12052,SEC-RKMP-BPL,2026-11-07T04:15:00,2026-11-07T04:31:00,UP
MOV-003357,TRN-12014,SEC-RKMP-BPL,2026-11-07T06:00:00,2026-11-07T06:31:00,DOWN
MOV-003358,TRN-12040,SEC-RKMP-BPL,2026-11-07T15:45:00,2026-11-07T16:02:00,UP
MOV-003359,TRN-12019,SEC-RKMP-BPL,2026-11-07T13:30:00,2026-11-07T14:00:00,DOWN
MOV-003360,TRN-12015,SEC-RKMP-BPL,2026-11-07T13:45:00,2026-11-07T14:11:00,DOWN
MOV-003361,TRN-12011,SEC-RKMP-BPL,2026-11-07T00:00:00,2026-11-07T00:15:00,UP
MOV-003362,TRN-12053,SEC-RKMP-BPL,2026-11-07T10:30:00,2026-11-07T11:02:00,DOWN
MOV-003363,TRN-12040,SEC-RKMP-BPL,2026-11-07T18:15:00,2026-11-07T18:38:00,UP
MOV-003364,TRN-12048,SEC-RKMP-BPL,2026-11-07T09:45:00,2026-11-07T10:03:00,UP
MOV-003365,TRN-12043,SEC-RKMP-BPL,2026-11-07T18:30:00,2026-11-07T18:51:00,UP
MOV-003366,TRN-12020,SEC-RKMP-BPL,2026-11-07T11:15:00,2026-11-07T11:48:00,DOWN
MOV-003367,TRN-12047,SEC-RKMP-BPL,2026-11-07T00:00:00,2026-11-07T00:23:00,DOWN
MOV-003368,TRN-12041,SEC-RKMP-BPL,2026-11-07T07:00:00,2026-11-07T07:21:00,DOWN
MOV-003369,TRN-12060,SEC-RKMP-BPL,2026-11-07T22:30:00,2026-11-07T22:46:00,DOWN
MOV-003370,TRN-12010,SEC-RKMP-BPL,2026-11-07T06:45:00,2026-11-07T07:10:00,UP
MOV-003371,TRN-12031,SEC-RKMP-BPL,2026-11-07T01:15:00,2026-11-07T01:49:00,UP
MOV-003372,TRN-12054,SEC-RKMP-BPL,2026-11-07T13:30:00,2026-11-07T13:59:00,DOWN
MOV-003373,TRN-12003,SEC-RKMP-BPL,2026-11-07T22:15:00,2026-11-07T22:43:00,DOWN
MOV-003374,TRN-12040,SEC-RKMP-BPL,2026-11-07T08:45:00,2026-11-07T09:04:00,DOWN
MOV-003375,TRN-12035,SEC-RKMP-BPL,2026-11-07T12:00:00,2026-11-07T12:22:00,UP
MOV-003376,TRN-12031,SEC-RKMP-BPL,2026-11-07T16:30:00,2026-11-07T17:00:00,UP
MOV-003377,TRN-12019,SEC-RKMP-BPL,2026-11-07T10:00:00,2026-11-07T10:31:00,DOWN
MOV-003378,TRN-12025,SEC-RKMP-BPL,2026-11-07T19:00:00,2026-11-07T19:18:00,UP
MOV-003379,TRN-12024,SEC-RKMP-BPL,2026-11-07T05:30:00,2026-11-07T06:00:00,UP
MOV-003380,TRN-12027,SEC-RKMP-BPL,2026-11-07T01:15:00,2026-11-07T01:46:00,DOWN
MOV-003381,TRN-12007,SEC-RKMP-BPL,2026-11-07T00:45:00,2026-11-07T01:03:00,DOWN
MOV-003382,TRN-12050,SEC-RKMP-BPL,2026-11-07T18:30:00,2026-11-07T18:52:00,DOWN
MOV-003383,TRN-12042,SEC-RKMP-BPL,2026-11-07T20:30:00,2026-11-07T21:03:00,DOWN
MOV-003384,TRN-12004,SEC-RKMP-BPL,2026-11-07T07:45:00,2026-11-07T08:02:00,DOWN
MOV-003385,TRN-12021,SEC-RKMP-BPL,2026-11-07T04:30:00,2026-11-07T05:03:00,DOWN
MOV-003386,TRN-12025,SEC-RKMP-BPL,2026-11-07T00:45:00,2026-11-07T01:17:00,DOWN
MOV-003387,TRN-12038,SEC-RKMP-BPL,2026-11-07T12:00:00,2026-11-07T12:18:00,UP
MOV-003388,TRN-12055,SEC-RKMP-BPL,2026-11-07T01:30:00,2026-11-07T01:52:00,UP
MOV-003389,TRN-12056,SEC-RKMP-BPL,2026-11-07T00:45:00,2026-11-07T01:15:00,DOWN
MOV-003390,TRN-12010,SEC-RKMP-BPL,2026-11-07T21:30:00,2026-11-07T21:53:00,DOWN
MOV-003391,TRN-12021,SEC-RKMP-BPL,2026-11-07T06:15:00,2026-11-07T06:41:00,DOWN
MOV-003392,TRN-12015,SEC-RKMP-BPL,2026-11-07T05:45:00,2026-11-07T06:10:00,DOWN
MOV-003393,TRN-12020,SEC-RKMP-BPL,2026-11-07T06:15:00,2026-11-07T06:40:00,DOWN
MOV-003394,TRN-12031,SEC-RKMP-BPL,2026-11-07T07:45:00,2026-11-07T08:11:00,UP
MOV-003395,TRN-12001,SEC-RKMP-BPL,2026-11-07T13:30:00,2026-11-07T14:03:00,UP
MOV-003396,TRN-12010,SEC-RKMP-BPL,2026-11-07T23:30:00,2026-11-07T23:45:00,UP
MOV-003397,TRN-12029,SEC-RKMP-BPL,2026-11-07T14:00:00,2026-11-07T14:22:00,DOWN
MOV-003398,TRN-12059,SEC-RKMP-BPL,2026-11-07T11:15:00,2026-11-07T11:37:00,UP
MOV-003399,TRN-12004,SEC-RKMP-BPL,2026-11-07T20:00:00,2026-11-07T20:31:00,UP
MOV-003400,TRN-12042,SEC-RKMP-BPL,2026-11-07T22:30:00,2026-11-07T22:59:00,UP
MOV-003401,TRN-12039,SEC-RKMP-BPL,2026-11-08T10:00:00,2026-11-08T10:33:00,UP
MOV-003402,TRN-12059,SEC-RKMP-BPL,2026-11-08T22:00:00,2026-11-08T22:29:00,DOWN
MOV-003403,TRN-12014,SEC-RKMP-BPL,2026-11-08T19:00:00,2026-11-08T19:19:00,DOWN
MOV-003404,TRN-12045,SEC-RKMP-BPL,2026-11-08T02:00:00,2026-11-08T02:20:00,UP
MOV-003405,TRN-12011,SEC-RKMP-BPL,2026-11-08T13:00:00,2026-11-08T13:20:00,UP
MOV-003406,TRN-12059,SEC-RKMP-BPL,2026-11-08T23:45:00,2026-11-09T00:06:00,DOWN
MOV-003407,TRN-12031,SEC-RKMP-BPL,2026-11-08T20:30:00,2026-11-08T21:03:00,DOWN
MOV-003408,TRN-12056,SEC-RKMP-BPL,2026-11-08T17:30:00,2026-11-08T17:58:00,UP
MOV-003409,TRN-12037,SEC-RKMP-BPL,2026-11-08T08:30:00,2026-11-08T08:50:00,DOWN
MOV-003410,TRN-12035,SEC-RKMP-BPL,2026-11-08T17:00:00,2026-11-08T17:30:00,DOWN
MOV-003411,TRN-12009,SEC-RKMP-BPL,2026-11-08T08:30:00,2026-11-08T09:02:00,DOWN
MOV-003412,TRN-12029,SEC-RKMP-BPL,2026-11-08T07:45:00,2026-11-08T08:17:00,DOWN
MOV-003413,TRN-12019,SEC-RKMP-BPL,2026-11-08T10:00:00,2026-11-08T10:34:00,DOWN
MOV-003414,TRN-12011,SEC-RKMP-BPL,2026-11-08T05:30:00,2026-11-08T05:53:00,UP
MOV-003415,TRN-12023,SEC-RKMP-BPL,2026-11-08T16:45:00,2026-11-08T17:18:00,UP
MOV-003416,TRN-12050,SEC-RKMP-BPL,2026-11-08T16:00:00,2026-11-08T16:30:00,UP
MOV-003417,TRN-12038,SEC-RKMP-BPL,2026-11-08T17:45:00,2026-11-08T18:18:00,DOWN
MOV-003418,TRN-12031,SEC-RKMP-BPL,2026-11-08T09:15:00,2026-11-08T09:49:00,UP
MOV-003419,TRN-12032,SEC-RKMP-BPL,2026-11-08T16:00:00,2026-11-08T16:27:00,UP
MOV-003420,TRN-12017,SEC-RKMP-BPL,2026-11-08T14:00:00,2026-11-08T14:18:00,UP
MOV-003421,TRN-12036,SEC-RKMP-BPL,2026-11-08T02:15:00,2026-11-08T02:36:00,DOWN
MOV-003422,TRN-12019,SEC-RKMP-BPL,2026-11-08T00:30:00,2026-11-08T01:01:00,DOWN
MOV-003423,TRN-12022,SEC-RKMP-BPL,2026-11-08T11:00:00,2026-11-08T11:19:00,UP
MOV-003424,TRN-12036,SEC-RKMP-BPL,2026-11-08T11:45:00,2026-11-08T12:12:00,UP
MOV-003425,TRN-12032,SEC-RKMP-BPL,2026-11-08T13:00:00,2026-11-08T13:22:00,DOWN
MOV-003426,TRN-12022,SEC-RKMP-BPL,2026-11-08T10:00:00,2026-11-08T10:16:00,UP
MOV-003427,TRN-12047,SEC-RKMP-BPL,2026-11-08T23:30:00,2026-11-09T00:01:00,DOWN
MOV-003428,TRN-12040,SEC-RKMP-BPL,2026-11-08T10:00:00,2026-11-08T10:23:00,DOWN
MOV-003429,TRN-12033,SEC-RKMP-BPL,2026-11-08T18:00:00,2026-11-08T18:19:00,UP
MOV-003430,TRN-12022,SEC-RKMP-BPL,2026-11-08T23:15:00,2026-11-08T23:43:00,DOWN
MOV-003431,TRN-12026,SEC-RKMP-BPL,2026-11-08T23:00:00,2026-11-08T23:15:00,DOWN
MOV-003432,TRN-12040,SEC-RKMP-BPL,2026-11-08T06:45:00,2026-11-08T07:03:00,UP
MOV-003433,TRN-12010,SEC-RKMP-BPL,2026-11-08T04:30:00,2026-11-08T04:59:00,DOWN
MOV-003434,TRN-12052,SEC-RKMP-BPL,2026-11-08T01:30:00,2026-11-08T01:47:00,DOWN
MOV-003435,TRN-12039,SEC-RKMP-BPL,2026-11-08T18:30:00,2026-11-08T18:52:00,DOWN
MOV-003436,TRN-12051,SEC-RKMP-BPL,2026-11-08T04:45:00,2026-11-08T05:14:00,UP
MOV-003437,TRN-12057,SEC-RKMP-BPL,2026-11-08T04:30:00,2026-11-08T04:47:00,UP
MOV-003438,TRN-12039,SEC-RKMP-BPL,2026-11-08T16:30:00,2026-11-08T16:51:00,DOWN
MOV-003439,TRN-12003,SEC-RKMP-BPL,2026-11-08T20:15:00,2026-11-08T20:42:00,DOWN
MOV-003440,TRN-12016,SEC-RKMP-BPL,2026-11-08T09:45:00,2026-11-08T10:17:00,UP
MOV-003441,TRN-12031,SEC-RKMP-BPL,2026-11-08T07:30:00,2026-11-08T07:52:00,UP
MOV-003442,TRN-12056,SEC-RKMP-BPL,2026-11-08T15:15:00,2026-11-08T15:32:00,UP
MOV-003443,TRN-12029,SEC-RKMP-BPL,2026-11-08T15:15:00,2026-11-08T15:44:00,UP
MOV-003444,TRN-12001,SEC-RKMP-BPL,2026-11-08T12:00:00,2026-11-08T12:15:00,UP
MOV-003445,TRN-12018,SEC-RKMP-BPL,2026-11-08T12:45:00,2026-11-08T13:04:00,UP
MOV-003446,TRN-12012,SEC-RKMP-BPL,2026-11-08T07:00:00,2026-11-08T07:21:00,DOWN
MOV-003447,TRN-12023,SEC-RKMP-BPL,2026-11-08T15:30:00,2026-11-08T15:47:00,UP
MOV-003448,TRN-12025,SEC-RKMP-BPL,2026-11-08T11:00:00,2026-11-08T11:27:00,UP
MOV-003449,TRN-12020,SEC-RKMP-BPL,2026-11-08T14:45:00,2026-11-08T15:17:00,DOWN
MOV-003450,TRN-12025,SEC-RKMP-BPL,2026-11-08T02:00:00,2026-11-08T02:21:00,UP
MOV-003451,TRN-12013,SEC-RKMP-BPL,2026-11-08T03:00:00,2026-11-08T03:28:00,UP
MOV-003452,TRN-12003,SEC-RKMP-BPL,2026-11-08T13:45:00,2026-11-08T14:08:00,UP
MOV-003453,TRN-12017,SEC-RKMP-BPL,2026-11-08T09:15:00,2026-11-08T09:48:00,DOWN
MOV-003454,TRN-12021,SEC-RKMP-BPL,2026-11-08T22:45:00,2026-11-08T23:01:00,UP
MOV-003455,TRN-12040,SEC-RKMP-BPL,2026-11-08T10:15:00,2026-11-08T10:39:00,DOWN
MOV-003456,TRN-12018,SEC-RKMP-BPL,2026-11-08T14:00:00,2026-11-08T14:32:00,UP
MOV-003457,TRN-12005,SEC-RKMP-BPL,2026-11-08T00:15:00,2026-11-08T00:42:00,DOWN
MOV-003458,TRN-12028,SEC-RKMP-BPL,2026-11-08T04:15:00,2026-11-08T04:32:00,UP
MOV-003459,TRN-12003,SEC-RKMP-BPL,2026-11-09T18:00:00,2026-11-09T18:28:00,DOWN
MOV-003460,TRN-12047,SEC-RKMP-BPL,2026-11-09T16:30:00,2026-11-09T16:48:00,UP
MOV-003461,TRN-12023,SEC-RKMP-BPL,2026-11-09T14:30:00,2026-11-09T15:00:00,UP
MOV-003462,TRN-12052,SEC-RKMP-BPL,2026-11-09T10:00:00,2026-11-09T10:29:00,UP
MOV-003463,TRN-12025,SEC-RKMP-BPL,2026-11-09T18:45:00,2026-11-09T19:05:00,UP
MOV-003464,TRN-12002,SEC-RKMP-BPL,2026-11-09T02:45:00,2026-11-09T03:15:00,DOWN
MOV-003465,TRN-12035,SEC-RKMP-BPL,2026-11-09T07:00:00,2026-11-09T07:15:00,DOWN
MOV-003466,TRN-12003,SEC-RKMP-BPL,2026-11-09T02:45:00,2026-11-09T03:11:00,UP
MOV-003467,TRN-12014,SEC-RKMP-BPL,2026-11-09T03:15:00,2026-11-09T03:37:00,DOWN
MOV-003468,TRN-12010,SEC-RKMP-BPL,2026-11-09T05:00:00,2026-11-09T05:23:00,UP
MOV-003469,TRN-12014,SEC-RKMP-BPL,2026-11-09T13:15:00,2026-11-09T13:34:00,DOWN
MOV-003470,TRN-12021,SEC-RKMP-BPL,2026-11-09T08:15:00,2026-11-09T08:32:00,UP
MOV-003471,TRN-12035,SEC-RKMP-BPL,2026-11-09T03:30:00,2026-11-09T03:45:00,DOWN
MOV-003472,TRN-12003,SEC-RKMP-BPL,2026-11-09T04:15:00,2026-11-09T04:42:00,DOWN
MOV-003473,TRN-12029,SEC-RKMP-BPL,2026-11-09T03:15:00,2026-11-09T03:45:00,UP
MOV-003474,TRN-12043,SEC-RKMP-BPL,2026-11-09T09:00:00,2026-11-09T09:28:00,UP
MOV-003475,TRN-12023,SEC-RKMP-BPL,2026-11-09T04:30:00,2026-11-09T04:46:00,UP
MOV-003476,TRN-12032,SEC-RKMP-BPL,2026-11-09T23:00:00,2026-11-09T23:24:00,DOWN
MOV-003477,TRN-12018,SEC-RKMP-BPL,2026-11-09T11:45:00,2026-11-09T12:14:00,UP
MOV-003478,TRN-12046,SEC-RKMP-BPL,2026-11-09T16:30:00,2026-11-09T16:53:00,DOWN
MOV-003479,TRN-12053,SEC-RKMP-BPL,2026-11-09T23:30:00,2026-11-09T23:52:00,UP
MOV-003480,TRN-12008,SEC-RKMP-BPL,2026-11-09T22:15:00,2026-11-09T22:32:00,UP
MOV-003481,TRN-12002,SEC-RKMP-BPL,2026-11-09T12:30:00,2026-11-09T12:52:00,DOWN
MOV-003482,TRN-12029,SEC-RKMP-BPL,2026-11-09T23:45:00,2026-11-10T00:01:00,UP
MOV-003483,TRN-12046,SEC-RKMP-BPL,2026-11-09T12:45:00,2026-11-09T13:06:00,UP
MOV-003484,TRN-12048,SEC-RKMP-BPL,2026-11-09T18:30:00,2026-11-09T18:53:00,UP
MOV-003485,TRN-12044,SEC-RKMP-BPL,2026-11-09T15:30:00,2026-11-09T15:48:00,DOWN
MOV-003486,TRN-12044,SEC-RKMP-BPL,2026-11-09T20:30:00,2026-11-09T20:59:00,UP
MOV-003487,TRN-12042,SEC-RKMP-BPL,2026-11-09T16:45:00,2026-11-09T17:17:00,UP
MOV-003488,TRN-12047,SEC-RKMP-BPL,2026-11-09T19:30:00,2026-11-09T19:55:00,DOWN
MOV-003489,TRN-12028,SEC-RKMP-BPL,2026-11-09T09:45:00,2026-11-09T10:15:00,UP
MOV-003490,TRN-12050,SEC-RKMP-BPL,2026-11-09T07:00:00,2026-11-09T07:32:00,UP
MOV-003491,TRN-12013,SEC-RKMP-BPL,2026-11-09T06:15:00,2026-11-09T06:33:00,UP
MOV-003492,TRN-12024,SEC-RKMP-BPL,2026-11-09T05:00:00,2026-11-09T05:33:00,DOWN
MOV-003493,TRN-12001,SEC-RKMP-BPL,2026-11-09T02:45:00,2026-11-09T03:05:00,UP
MOV-003494,TRN-12040,SEC-RKMP-BPL,2026-11-09T20:15:00,2026-11-09T20:44:00,UP
MOV-003495,TRN-12007,SEC-RKMP-BPL,2026-11-09T19:45:00,2026-11-09T20:19:00,UP
MOV-003496,TRN-12034,SEC-RKMP-BPL,2026-11-09T14:00:00,2026-11-09T14:34:00,UP
MOV-003497,TRN-12017,SEC-RKMP-BPL,2026-11-09T23:30:00,2026-11-09T23:58:00,UP
MOV-003498,TRN-12046,SEC-RKMP-BPL,2026-11-09T01:30:00,2026-11-09T01:46:00,UP
MOV-003499,TRN-12031,SEC-RKMP-BPL,2026-11-09T10:00:00,2026-11-09T10:30:00,UP
MOV-003500,TRN-12052,SEC-RKMP-BPL,2026-11-09T00:00:00,2026-11-09T00:20:00,DOWN
MOV-003501,TRN-12025,SEC-RKMP-BPL,2026-11-09T03:30:00,2026-11-09T04:04:00,UP
MOV-003502,TRN-12016,SEC-RKMP-BPL,2026-11-09T11:30:00,2026-11-09T11:47:00,UP
MOV-003503,TRN-12015,SEC-RKMP-BPL,2026-11-09T14:00:00,2026-11-09T14:28:00,UP
MOV-003504,TRN-12020,SEC-RKMP-BPL,2026-11-09T20:45:00,2026-11-09T21:16:00,DOWN
MOV-003505,TRN-12015,SEC-RKMP-BPL,2026-11-09T20:00:00,2026-11-09T20:21:00,DOWN
MOV-003506,TRN-12045,SEC-RKMP-BPL,2026-11-09T13:30:00,2026-11-09T13:52:00,DOWN
MOV-003507,TRN-12029,SEC-RKMP-BPL,2026-11-09T11:30:00,2026-11-09T11:57:00,UP
MOV-003508,TRN-12009,SEC-RKMP-BPL,2026-11-09T07:15:00,2026-11-09T07:33:00,UP
MOV-003509,TRN-12058,SEC-RKMP-BPL,2026-11-09T06:30:00,2026-11-09T06:47:00,DOWN
MOV-003510,TRN-12013,SEC-RKMP-BPL,2026-11-09T09:45:00,2026-11-09T10:04:00,DOWN
MOV-003511,TRN-12048,SEC-RKMP-BPL,2026-11-09T00:00:00,2026-11-09T00:30:00,UP
MOV-003512,TRN-12055,SEC-RKMP-BPL,2026-11-09T22:45:00,2026-11-09T23:19:00,DOWN
MOV-003513,TRN-12024,SEC-RKMP-BPL,2026-11-09T23:15:00,2026-11-09T23:41:00,UP
MOV-003514,TRN-12058,SEC-RKMP-BPL,2026-11-09T14:45:00,2026-11-09T15:07:00,UP
MOV-003515,TRN-12032,SEC-RKMP-BPL,2026-11-09T20:30:00,2026-11-09T21:00:00,UP
MOV-003516,TRN-12047,SEC-RKMP-BPL,2026-11-09T17:45:00,2026-11-09T18:01:00,UP
MOV-003517,TRN-12006,SEC-RKMP-BPL,2026-11-09T09:45:00,2026-11-09T10:12:00,DOWN
MOV-003518,TRN-12045,SEC-RKMP-BPL,2026-11-09T23:45:00,2026-11-10T00:11:00,DOWN
MOV-003519,TRN-12044,SEC-RKMP-BPL,2026-11-10T12:45:00,2026-11-10T13:10:00,UP
MOV-003520,TRN-12044,SEC-RKMP-BPL,2026-11-10T22:00:00,2026-11-10T22:16:00,DOWN
MOV-003521,TRN-12034,SEC-RKMP-BPL,2026-11-10T13:00:00,2026-11-10T13:26:00,DOWN
MOV-003522,TRN-12051,SEC-RKMP-BPL,2026-11-10T09:15:00,2026-11-10T09:31:00,DOWN
MOV-003523,TRN-12039,SEC-RKMP-BPL,2026-11-10T06:30:00,2026-11-10T07:03:00,UP
MOV-003524,TRN-12035,SEC-RKMP-BPL,2026-11-10T16:00:00,2026-11-10T16:18:00,UP
MOV-003525,TRN-12009,SEC-RKMP-BPL,2026-11-10T08:00:00,2026-11-10T08:32:00,DOWN
MOV-003526,TRN-12020,SEC-RKMP-BPL,2026-11-10T18:00:00,2026-11-10T18:26:00,DOWN
MOV-003527,TRN-12049,SEC-RKMP-BPL,2026-11-10T05:30:00,2026-11-10T06:00:00,DOWN
MOV-003528,TRN-12011,SEC-RKMP-BPL,2026-11-10T23:15:00,2026-11-10T23:37:00,UP
MOV-003529,TRN-12009,SEC-RKMP-BPL,2026-11-10T06:00:00,2026-11-10T06:29:00,DOWN
MOV-003530,TRN-12024,SEC-RKMP-BPL,2026-11-10T13:30:00,2026-11-10T13:48:00,UP
MOV-003531,TRN-12053,SEC-RKMP-BPL,2026-11-10T00:45:00,2026-11-10T01:19:00,UP
MOV-003532,TRN-12020,SEC-RKMP-BPL,2026-11-10T04:30:00,2026-11-10T04:49:00,DOWN
MOV-003533,TRN-12024,SEC-RKMP-BPL,2026-11-10T23:45:00,2026-11-11T00:08:00,DOWN
MOV-003534,TRN-12002,SEC-RKMP-BPL,2026-11-10T01:30:00,2026-11-10T01:54:00,UP
MOV-003535,TRN-12006,SEC-RKMP-BPL,2026-11-10T20:15:00,2026-11-10T20:39:00,UP
MOV-003536,TRN-12030,SEC-RKMP-BPL,2026-11-10T15:45:00,2026-11-10T16:10:00,UP
MOV-003537,TRN-12053,SEC-RKMP-BPL,2026-11-10T06:00:00,2026-11-10T06:15:00,DOWN
MOV-003538,TRN-12024,SEC-RKMP-BPL,2026-11-10T00:45:00,2026-11-10T01:06:00,DOWN
MOV-003539,TRN-12053,SEC-RKMP-BPL,2026-11-10T01:30:00,2026-11-10T01:57:00,UP
MOV-003540,TRN-12021,SEC-RKMP-BPL,2026-11-10T11:00:00,2026-11-10T11:29:00,UP
MOV-003541,TRN-12057,SEC-RKMP-BPL,2026-11-10T19:30:00,2026-11-10T19:47:00,UP
MOV-003542,TRN-12009,SEC-RKMP-BPL,2026-11-10T11:45:00,2026-11-10T12:03:00,DOWN
MOV-003543,TRN-12003,SEC-RKMP-BPL,2026-11-10T06:30:00,2026-11-10T07:01:00,DOWN
MOV-003544,TRN-12032,SEC-RKMP-BPL,2026-11-10T00:15:00,2026-11-10T00:45:00,UP
MOV-003545,TRN-12043,SEC-RKMP-BPL,2026-11-10T16:45:00,2026-11-10T17:04:00,UP
MOV-003546,TRN-12012,SEC-RKMP-BPL,2026-11-10T09:30:00,2026-11-10T09:47:00,DOWN
MOV-003547,TRN-12015,SEC-RKMP-BPL,2026-11-10T13:15:00,2026-11-10T13:49:00,UP
MOV-003548,TRN-12053,SEC-RKMP-BPL,2026-11-10T04:00:00,2026-11-10T04:18:00,UP
MOV-003549,TRN-12055,SEC-RKMP-BPL,2026-11-10T04:45:00,2026-11-10T05:13:00,UP
MOV-003550,TRN-12021,SEC-RKMP-BPL,2026-11-10T22:30:00,2026-11-10T22:49:00,DOWN
MOV-003551,TRN-12025,SEC-RKMP-BPL,2026-11-10T01:45:00,2026-11-10T02:17:00,UP
MOV-003552,TRN-12043,SEC-RKMP-BPL,2026-11-10T05:45:00,2026-11-10T06:07:00,UP
MOV-003553,TRN-12031,SEC-RKMP-BPL,2026-11-10T06:30:00,2026-11-10T06:59:00,UP
MOV-003554,TRN-12048,SEC-RKMP-BPL,2026-11-10T10:45:00,2026-11-10T11:05:00,DOWN
MOV-003555,TRN-12033,SEC-RKMP-BPL,2026-11-10T22:00:00,2026-11-10T22:18:00,DOWN
MOV-003556,TRN-12055,SEC-RKMP-BPL,2026-11-10T17:15:00,2026-11-10T17:38:00,DOWN
MOV-003557,TRN-12045,SEC-RKMP-BPL,2026-11-10T06:00:00,2026-11-10T06:16:00,UP
MOV-003558,TRN-12041,SEC-RKMP-BPL,2026-11-10T10:30:00,2026-11-10T10:54:00,UP
MOV-003559,TRN-12045,SEC-RKMP-BPL,2026-11-10T17:45:00,2026-11-10T18:16:00,UP
MOV-003560,TRN-12043,SEC-RKMP-BPL,2026-11-10T08:45:00,2026-11-10T09:12:00,DOWN
MOV-003561,TRN-12017,SEC-RKMP-BPL,2026-11-10T00:00:00,2026-11-10T00:25:00,DOWN
MOV-003562,TRN-12038,SEC-RKMP-BPL,2026-11-10T19:15:00,2026-11-10T19:49:00,DOWN
MOV-003563,TRN-12014,SEC-RKMP-BPL,2026-11-10T20:00:00,2026-11-10T20:26:00,UP
MOV-003564,TRN-12019,SEC-RKMP-BPL,2026-11-10T22:30:00,2026-11-10T22:47:00,UP
MOV-003565,TRN-12008,SEC-RKMP-BPL,2026-11-10T07:00:00,2026-11-10T07:20:00,DOWN
MOV-003566,TRN-12053,SEC-RKMP-BPL,2026-11-10T18:15:00,2026-11-10T18:43:00,DOWN
MOV-003567,TRN-12004,SEC-RKMP-BPL,2026-11-10T21:30:00,2026-11-10T21:52:00,UP
MOV-003568,TRN-12027,SEC-RKMP-BPL,2026-11-10T03:00:00,2026-11-10T03:20:00,UP
MOV-003569,TRN-12029,SEC-RKMP-BPL,2026-11-11T07:00:00,2026-11-11T07:34:00,DOWN
MOV-003570,TRN-12029,SEC-RKMP-BPL,2026-11-11T17:15:00,2026-11-11T17:34:00,DOWN
MOV-003571,TRN-12047,SEC-RKMP-BPL,2026-11-11T15:30:00,2026-11-11T15:45:00,DOWN
MOV-003572,TRN-12038,SEC-RKMP-BPL,2026-11-11T09:00:00,2026-11-11T09:34:00,UP
MOV-003573,TRN-12017,SEC-RKMP-BPL,2026-11-11T16:15:00,2026-11-11T16:41:00,DOWN
MOV-003574,TRN-12023,SEC-RKMP-BPL,2026-11-11T03:00:00,2026-11-11T03:33:00,DOWN
MOV-003575,TRN-12026,SEC-RKMP-BPL,2026-11-11T07:30:00,2026-11-11T08:03:00,DOWN
MOV-003576,TRN-12033,SEC-RKMP-BPL,2026-11-11T11:45:00,2026-11-11T12:17:00,UP
MOV-003577,TRN-12058,SEC-RKMP-BPL,2026-11-11T19:45:00,2026-11-11T20:01:00,UP
MOV-003578,TRN-12018,SEC-RKMP-BPL,2026-11-11T18:00:00,2026-11-11T18:16:00,UP
MOV-003579,TRN-12012,SEC-RKMP-BPL,2026-11-11T22:30:00,2026-11-11T22:59:00,UP
MOV-003580,TRN-12038,SEC-RKMP-BPL,2026-11-11T18:30:00,2026-11-11T19:02:00,DOWN
MOV-003581,TRN-12020,SEC-RKMP-BPL,2026-11-11T15:45:00,2026-11-11T16:16:00,UP
MOV-003582,TRN-12036,SEC-RKMP-BPL,2026-11-11T23:30:00,2026-11-11T23:55:00,UP
MOV-003583,TRN-12055,SEC-RKMP-BPL,2026-11-11T23:00:00,2026-11-11T23:15:00,UP
MOV-003584,TRN-12024,SEC-RKMP-BPL,2026-11-11T03:45:00,2026-11-11T04:18:00,UP
MOV-003585,TRN-12050,SEC-RKMP-BPL,2026-11-11T03:45:00,2026-11-11T04:07:00,UP
MOV-003586,TRN-12026,SEC-RKMP-BPL,2026-11-11T19:45:00,2026-11-11T20:02:00,DOWN
MOV-003587,TRN-12018,SEC-RKMP-BPL,2026-11-11T11:00:00,2026-11-11T11:34:00,DOWN
MOV-003588,TRN-12039,SEC-RKMP-BPL,2026-11-11T17:45:00,2026-11-11T18:02:00,UP
MOV-003589,TRN-12003,SEC-RKMP-BPL,2026-11-11T11:15:00,2026-11-11T11:30:00,DOWN
MOV-003590,TRN-12001,SEC-RKMP-BPL,2026-11-11T19:30:00,2026-11-11T20:01:00,UP
MOV-003591,TRN-12053,SEC-RKMP-BPL,2026-11-11T13:45:00,2026-11-11T14:13:00,DOWN
MOV-003592,TRN-12002,SEC-RKMP-BPL,2026-11-11T16:15:00,2026-11-11T16:46:00,DOWN
MOV-003593,TRN-12005,SEC-RKMP-BPL,2026-11-11T21:00:00,2026-11-11T21:20:00,UP
MOV-003594,TRN-12059,SEC-RKMP-BPL,2026-11-11T03:45:00,2026-11-11T04:04:00,DOWN
MOV-003595,TRN-12006,SEC-RKMP-BPL,2026-11-11T09:30:00,2026-11-11T09:59:00,DOWN
MOV-003596,TRN-12049,SEC-RKMP-BPL,2026-11-11T12:15:00,2026-11-11T12:35:00,DOWN
MOV-003597,TRN-12037,SEC-RKMP-BPL,2026-11-11T21:15:00,2026-11-11T21:39:00,DOWN
MOV-003598,TRN-12044,SEC-RKMP-BPL,2026-11-11T04:30:00,2026-11-11T04:49:00,DOWN
MOV-003599,TRN-12002,SEC-RKMP-BPL,2026-11-11T19:45:00,2026-11-11T20:00:00,DOWN
MOV-003600,TRN-12005,SEC-RKMP-BPL,2026-11-11T08:15:00,2026-11-11T08:40:00,DOWN
MOV-003601,TRN-12028,SEC-RKMP-BPL,2026-11-11T09:00:00,2026-11-11T09:32:00,UP
MOV-003602,TRN-12028,SEC-RKMP-BPL,2026-11-11T02:15:00,2026-11-11T02:41:00,DOWN
MOV-003603,TRN-12020,SEC-RKMP-BPL,2026-11-11T13:45:00,2026-11-11T14:07:00,UP
MOV-003604,TRN-12003,SEC-RKMP-BPL,2026-11-11T21:00:00,2026-11-11T21:19:00,UP
MOV-003605,TRN-12043,SEC-RKMP-BPL,2026-11-11T08:30:00,2026-11-11T08:57:00,UP
MOV-003606,TRN-12019,SEC-RKMP-BPL,2026-11-11T00:00:00,2026-11-11T00:24:00,UP
MOV-003607,TRN-12006,SEC-RKMP-BPL,2026-11-11T09:15:00,2026-11-11T09:49:00,DOWN
MOV-003608,TRN-12024,SEC-RKMP-BPL,2026-11-11T11:00:00,2026-11-11T11:22:00,DOWN
MOV-003609,TRN-12002,SEC-RKMP-BPL,2026-11-11T22:30:00,2026-11-11T23:00:00,UP
MOV-003610,TRN-12051,SEC-RKMP-BPL,2026-11-11T08:45:00,2026-11-11T09:10:00,DOWN
MOV-003611,TRN-12013,SEC-RKMP-BPL,2026-11-11T23:00:00,2026-11-11T23:15:00,UP
MOV-003612,TRN-12051,SEC-RKMP-BPL,2026-11-11T22:45:00,2026-11-11T23:11:00,DOWN
MOV-003613,TRN-12030,SEC-RKMP-BPL,2026-11-11T11:00:00,2026-11-11T11:30:00,UP
MOV-003614,TRN-12012,SEC-RKMP-BPL,2026-11-11T08:30:00,2026-11-11T08:50:00,UP
MOV-003615,TRN-12020,SEC-RKMP-BPL,2026-11-11T14:30:00,2026-11-11T14:58:00,UP
MOV-003616,TRN-12021,SEC-RKMP-BPL,2026-11-11T15:00:00,2026-11-11T15:16:00,UP
MOV-003617,TRN-12041,SEC-RKMP-BPL,2026-11-11T15:00:00,2026-11-11T15:28:00,UP
MOV-003618,TRN-12045,SEC-RKMP-BPL,2026-11-11T13:00:00,2026-11-11T13:22:00,DOWN
MOV-003619,TRN-12026,SEC-RKMP-BPL,2026-11-11T16:30:00,2026-11-11T16:45:00,DOWN
MOV-003620,TRN-12021,SEC-RKMP-BPL,2026-11-11T19:15:00,2026-11-11T19:41:00,UP
MOV-003621,TRN-12052,SEC-RKMP-BPL,2026-11-11T02:45:00,2026-11-11T03:04:00,DOWN
MOV-003622,TRN-12002,SEC-RKMP-BPL,2026-11-11T00:00:00,2026-11-11T00:25:00,UP
MOV-003623,TRN-12036,SEC-RKMP-BPL,2026-11-11T19:00:00,2026-11-11T19:25:00,DOWN
MOV-003624,TRN-12026,SEC-RKMP-BPL,2026-11-11T22:30:00,2026-11-11T22:45:00,DOWN
MOV-003625,TRN-12024,SEC-RKMP-BPL,2026-11-11T03:45:00,2026-11-11T04:04:00,UP
MOV-003626,TRN-12050,SEC-RKMP-BPL,2026-11-12T14:45:00,2026-11-12T15:09:00,UP
MOV-003627,TRN-12024,SEC-RKMP-BPL,2026-11-12T04:30:00,2026-11-12T04:50:00,DOWN
MOV-003628,TRN-12023,SEC-RKMP-BPL,2026-11-12T07:45:00,2026-11-12T08:10:00,UP
MOV-003629,TRN-12029,SEC-RKMP-BPL,2026-11-12T06:30:00,2026-11-12T06:56:00,DOWN
MOV-003630,TRN-12057,SEC-RKMP-BPL,2026-11-12T17:15:00,2026-11-12T17:34:00,DOWN
MOV-003631,TRN-12027,SEC-RKMP-BPL,2026-11-12T07:45:00,2026-11-12T08:18:00,UP
MOV-003632,TRN-12041,SEC-RKMP-BPL,2026-11-12T23:00:00,2026-11-12T23:22:00,DOWN
MOV-003633,TRN-12030,SEC-RKMP-BPL,2026-11-12T19:15:00,2026-11-12T19:31:00,UP
MOV-003634,TRN-12025,SEC-RKMP-BPL,2026-11-12T20:00:00,2026-11-12T20:18:00,UP
MOV-003635,TRN-12035,SEC-RKMP-BPL,2026-11-12T23:30:00,2026-11-13T00:01:00,DOWN
MOV-003636,TRN-12037,SEC-RKMP-BPL,2026-11-12T14:00:00,2026-11-12T14:34:00,DOWN
MOV-003637,TRN-12053,SEC-RKMP-BPL,2026-11-12T23:15:00,2026-11-12T23:32:00,DOWN
MOV-003638,TRN-12029,SEC-RKMP-BPL,2026-11-12T23:30:00,2026-11-12T23:50:00,UP
MOV-003639,TRN-12037,SEC-RKMP-BPL,2026-11-12T09:15:00,2026-11-12T09:34:00,DOWN
MOV-003640,TRN-12003,SEC-RKMP-BPL,2026-11-12T02:00:00,2026-11-12T02:29:00,UP
MOV-003641,TRN-12026,SEC-RKMP-BPL,2026-11-12T02:30:00,2026-11-12T02:45:00,UP
MOV-003642,TRN-12025,SEC-RKMP-BPL,2026-11-12T16:00:00,2026-11-12T16:24:00,DOWN
MOV-003643,TRN-12038,SEC-RKMP-BPL,2026-11-12T18:15:00,2026-11-12T18:48:00,UP
MOV-003644,TRN-12037,SEC-RKMP-BPL,2026-11-12T10:00:00,2026-11-12T10:33:00,DOWN
MOV-003645,TRN-12014,SEC-RKMP-BPL,2026-11-12T01:30:00,2026-11-12T01:55:00,UP
MOV-003646,TRN-12060,SEC-RKMP-BPL,2026-11-12T17:15:00,2026-11-12T17:34:00,UP
MOV-003647,TRN-12028,SEC-RKMP-BPL,2026-11-12T01:15:00,2026-11-12T01:34:00,UP
MOV-003648,TRN-12008,SEC-RKMP-BPL,2026-11-12T08:15:00,2026-11-12T08:37:00,DOWN
MOV-003649,TRN-12032,SEC-RKMP-BPL,2026-11-12T04:45:00,2026-11-12T05:14:00,UP
MOV-003650,TRN-12003,SEC-RKMP-BPL,2026-11-12T21:30:00,2026-11-12T21:54:00,UP
MOV-003651,TRN-12007,SEC-RKMP-BPL,2026-11-12T06:00:00,2026-11-12T06:19:00,UP
MOV-003652,TRN-12003,SEC-RKMP-BPL,2026-11-12T07:45:00,2026-11-12T08:17:00,UP
MOV-003653,TRN-12041,SEC-RKMP-BPL,2026-11-12T23:30:00,2026-11-12T23:52:00,UP
MOV-003654,TRN-12013,SEC-RKMP-BPL,2026-11-12T09:45:00,2026-11-12T10:12:00,UP
MOV-003655,TRN-12008,SEC-RKMP-BPL,2026-11-12T21:00:00,2026-11-12T21:29:00,UP
MOV-003656,TRN-12017,SEC-RKMP-BPL,2026-11-12T04:15:00,2026-11-12T04:43:00,UP
MOV-003657,TRN-12002,SEC-RKMP-BPL,2026-11-12T06:00:00,2026-11-12T06:23:00,DOWN
MOV-003658,TRN-12058,SEC-RKMP-BPL,2026-11-12T23:00:00,2026-11-12T23:24:00,UP
MOV-003659,TRN-12030,SEC-RKMP-BPL,2026-11-12T13:45:00,2026-11-12T14:06:00,UP
MOV-003660,TRN-12028,SEC-RKMP-BPL,2026-11-12T10:30:00,2026-11-12T10:46:00,DOWN
MOV-003661,TRN-12025,SEC-RKMP-BPL,2026-11-12T17:45:00,2026-11-12T18:04:00,DOWN
MOV-003662,TRN-12008,SEC-RKMP-BPL,2026-11-12T23:15:00,2026-11-12T23:44:00,DOWN
MOV-003663,TRN-12037,SEC-RKMP-BPL,2026-11-12T09:45:00,2026-11-12T10:09:00,DOWN
MOV-003664,TRN-12037,SEC-RKMP-BPL,2026-11-12T11:00:00,2026-11-12T11:20:00,DOWN
MOV-003665,TRN-12032,SEC-RKMP-BPL,2026-11-12T15:15:00,2026-11-12T15:44:00,UP
MOV-003666,TRN-12014,SEC-RKMP-BPL,2026-11-12T03:15:00,2026-11-12T03:41:00,UP
MOV-003667,TRN-12015,SEC-RKMP-BPL,2026-11-12T06:15:00,2026-11-12T06:44:00,UP
MOV-003668,TRN-12029,SEC-RKMP-BPL,2026-11-12T03:30:00,2026-11-12T04:04:00,DOWN
MOV-003669,TRN-12027,SEC-RKMP-BPL,2026-11-12T07:15:00,2026-11-12T07:30:00,UP
MOV-003670,TRN-12047,SEC-RKMP-BPL,2026-11-12T20:45:00,2026-11-12T21:12:00,DOWN
MOV-003671,TRN-12025,SEC-RKMP-BPL,2026-11-12T06:00:00,2026-11-12T06:19:00,DOWN
MOV-003672,TRN-12001,SEC-RKMP-BPL,2026-11-12T22:45:00,2026-11-12T23:07:00,DOWN
MOV-003673,TRN-12009,SEC-RKMP-BPL,2026-11-12T10:00:00,2026-11-12T10:17:00,UP
MOV-003674,TRN-12048,SEC-RKMP-BPL,2026-11-12T17:45:00,2026-11-12T18:19:00,DOWN
MOV-003675,TRN-12060,SEC-RKMP-BPL,2026-11-12T00:45:00,2026-11-12T01:14:00,UP
MOV-003676,TRN-12009,SEC-RKMP-BPL,2026-11-12T23:45:00,2026-11-13T00:06:00,UP
MOV-003677,TRN-12021,SEC-RKMP-BPL,2026-11-12T00:30:00,2026-11-12T00:52:00,UP
MOV-003678,TRN-12059,SEC-RKMP-BPL,2026-11-12T19:45:00,2026-11-12T20:19:00,UP
MOV-003679,TRN-12048,SEC-RKMP-BPL,2026-11-13T18:15:00,2026-11-13T18:37:00,DOWN
MOV-003680,TRN-12004,SEC-RKMP-BPL,2026-11-13T15:45:00,2026-11-13T16:15:00,DOWN
MOV-003681,TRN-12047,SEC-RKMP-BPL,2026-11-13T21:45:00,2026-11-13T22:02:00,UP
MOV-003682,TRN-12019,SEC-RKMP-BPL,2026-11-13T08:15:00,2026-11-13T08:34:00,DOWN
MOV-003683,TRN-12007,SEC-RKMP-BPL,2026-11-13T18:30:00,2026-11-13T19:04:00,UP
MOV-003684,TRN-12018,SEC-RKMP-BPL,2026-11-13T21:15:00,2026-11-13T21:41:00,UP
MOV-003685,TRN-12046,SEC-RKMP-BPL,2026-11-13T06:45:00,2026-11-13T07:07:00,UP
MOV-003686,TRN-12036,SEC-RKMP-BPL,2026-11-13T11:15:00,2026-11-13T11:48:00,UP
MOV-003687,TRN-12024,SEC-RKMP-BPL,2026-11-13T14:00:00,2026-11-13T14:31:00,UP
MOV-003688,TRN-12015,SEC-RKMP-BPL,2026-11-13T00:15:00,2026-11-13T00:41:00,DOWN
MOV-003689,TRN-12054,SEC-RKMP-BPL,2026-11-13T18:15:00,2026-11-13T18:46:00,UP
MOV-003690,TRN-12013,SEC-RKMP-BPL,2026-11-13T08:30:00,2026-11-13T08:49:00,DOWN
MOV-003691,TRN-12017,SEC-RKMP-BPL,2026-11-13T09:30:00,2026-11-13T09:53:00,UP
MOV-003692,TRN-12060,SEC-RKMP-BPL,2026-11-13T10:00:00,2026-11-13T10:29:00,DOWN
MOV-003693,TRN-12014,SEC-RKMP-BPL,2026-11-13T20:15:00,2026-11-13T20:33:00,UP
MOV-003694,TRN-12043,SEC-RKMP-BPL,2026-11-13T05:15:00,2026-11-13T05:44:00,DOWN
MOV-003695,TRN-12030,SEC-RKMP-BPL,2026-11-13T21:15:00,2026-11-13T21:47:00,UP
MOV-003696,TRN-12004,SEC-RKMP-BPL,2026-11-13T17:45:00,2026-11-13T18:18:00,DOWN
MOV-003697,TRN-12007,SEC-RKMP-BPL,2026-11-13T14:30:00,2026-11-13T14:57:00,UP
MOV-003698,TRN-12003,SEC-RKMP-BPL,2026-11-13T16:45:00,2026-11-13T17:03:00,UP
MOV-003699,TRN-12025,SEC-RKMP-BPL,2026-11-13T07:45:00,2026-11-13T08:18:00,DOWN
MOV-003700,TRN-12057,SEC-RKMP-BPL,2026-11-13T05:45:00,2026-11-13T06:08:00,UP
MOV-003701,TRN-12004,SEC-RKMP-BPL,2026-11-13T04:00:00,2026-11-13T04:24:00,UP
MOV-003702,TRN-12007,SEC-RKMP-BPL,2026-11-13T14:45:00,2026-11-13T15:01:00,DOWN
MOV-003703,TRN-12058,SEC-RKMP-BPL,2026-11-13T09:00:00,2026-11-13T09:16:00,DOWN
MOV-003704,TRN-12025,SEC-RKMP-BPL,2026-11-13T02:45:00,2026-11-13T03:16:00,DOWN
MOV-003705,TRN-12006,SEC-RKMP-BPL,2026-11-13T01:00:00,2026-11-13T01:18:00,DOWN
MOV-003706,TRN-12024,SEC-RKMP-BPL,2026-11-13T18:00:00,2026-11-13T18:29:00,DOWN
MOV-003707,TRN-12008,SEC-RKMP-BPL,2026-11-13T15:30:00,2026-11-13T15:46:00,UP
MOV-003708,TRN-12048,SEC-RKMP-BPL,2026-11-13T20:15:00,2026-11-13T20:32:00,UP
MOV-003709,TRN-12051,SEC-RKMP-BPL,2026-11-13T13:15:00,2026-11-13T13:30:00,DOWN
MOV-003710,TRN-12028,SEC-RKMP-BPL,2026-11-13T13:45:00,2026-11-13T14:11:00,DOWN
MOV-003711,TRN-12034,SEC-RKMP-BPL,2026-11-13T08:45:00,2026-11-13T09:12:00,DOWN
MOV-003712,TRN-12014,SEC-RKMP-BPL,2026-11-13T16:30:00,2026-11-13T16:47:00,UP
MOV-003713,TRN-12055,SEC-RKMP-BPL,2026-11-13T13:45:00,2026-11-13T14:03:00,UP
MOV-003714,TRN-12057,SEC-RKMP-BPL,2026-11-13T10:45:00,2026-11-13T11:16:00,UP
MOV-003715,TRN-12057,SEC-RKMP-BPL,2026-11-13T18:00:00,2026-11-13T18:16:00,UP
MOV-003716,TRN-12045,SEC-RKMP-BPL,2026-11-13T03:15:00,2026-11-13T03:38:00,UP
MOV-003717,TRN-12020,SEC-RKMP-BPL,2026-11-13T16:45:00,2026-11-13T17:09:00,DOWN
MOV-003718,TRN-12032,SEC-RKMP-BPL,2026-11-13T11:30:00,2026-11-13T12:04:00,UP
MOV-003719,TRN-12031,SEC-RKMP-BPL,2026-11-13T01:45:00,2026-11-13T02:12:00,UP
MOV-003720,TRN-12038,SEC-RKMP-BPL,2026-11-13T10:00:00,2026-11-13T10:34:00,UP
MOV-003721,TRN-12002,SEC-RKMP-BPL,2026-11-13T14:15:00,2026-11-13T14:43:00,UP
MOV-003722,TRN-12050,SEC-RKMP-BPL,2026-11-13T10:15:00,2026-11-13T10:46:00,DOWN
MOV-003723,TRN-12001,SEC-RKMP-BPL,2026-11-13T13:30:00,2026-11-13T13:51:00,UP
MOV-003724,TRN-12004,SEC-RKMP-BPL,2026-11-13T20:00:00,2026-11-13T20:26:00,DOWN
MOV-003725,TRN-12022,SEC-RKMP-BPL,2026-11-13T04:30:00,2026-11-13T04:57:00,UP
MOV-003726,TRN-12035,SEC-RKMP-BPL,2026-11-13T00:15:00,2026-11-13T00:36:00,DOWN
MOV-003727,TRN-12059,SEC-RKMP-BPL,2026-11-13T16:30:00,2026-11-13T16:45:00,UP
MOV-003728,TRN-12047,SEC-RKMP-BPL,2026-11-13T10:30:00,2026-11-13T10:58:00,UP
MOV-003729,TRN-12041,SEC-RKMP-BPL,2026-11-13T17:00:00,2026-11-13T17:28:00,UP
MOV-003730,TRN-12019,SEC-RKMP-BPL,2026-11-13T18:45:00,2026-11-13T19:01:00,DOWN
MOV-003731,TRN-12035,SEC-RKMP-BPL,2026-11-13T14:45:00,2026-11-13T15:01:00,DOWN
MOV-003732,TRN-12017,SEC-RKMP-BPL,2026-11-13T03:15:00,2026-11-13T03:30:00,DOWN
MOV-003733,TRN-12034,SEC-RKMP-BPL,2026-11-13T12:00:00,2026-11-13T12:30:00,UP
MOV-003734,TRN-12016,SEC-RKMP-BPL,2026-11-13T09:30:00,2026-11-13T09:53:00,DOWN
MOV-003735,TRN-12057,SEC-RKMP-BPL,2026-11-13T18:00:00,2026-11-13T18:30:00,UP
MOV-003736,TRN-12054,SEC-RKMP-BPL,2026-11-13T23:00:00,2026-11-13T23:16:00,DOWN
MOV-003737,TRN-12009,SEC-RKMP-BPL,2026-11-13T23:30:00,2026-11-13T23:56:00,DOWN
MOV-003738,TRN-12014,SEC-RKMP-BPL,2026-11-13T13:45:00,2026-11-13T14:00:00,UP
MOV-003739,TRN-12009,SEC-RKMP-BPL,2026-11-13T08:00:00,2026-11-13T08:18:00,DOWN
MOV-003740,TRN-12022,SEC-RKMP-BPL,2026-11-14T10:45:00,2026-11-14T11:09:00,UP
MOV-003741,TRN-12056,SEC-RKMP-BPL,2026-11-14T00:15:00,2026-11-14T00:44:00,DOWN
MOV-003742,TRN-12053,SEC-RKMP-BPL,2026-11-14T21:15:00,2026-11-14T21:46:00,UP
MOV-003743,TRN-12015,SEC-RKMP-BPL,2026-11-14T23:00:00,2026-11-14T23:22:00,DOWN
MOV-003744,TRN-12025,SEC-RKMP-BPL,2026-11-14T20:15:00,2026-11-14T20:41:00,UP
MOV-003745,TRN-12013,SEC-RKMP-BPL,2026-11-14T04:30:00,2026-11-14T04:49:00,DOWN
MOV-003746,TRN-12021,SEC-RKMP-BPL,2026-11-14T13:45:00,2026-11-14T14:17:00,UP
MOV-003747,TRN-12048,SEC-RKMP-BPL,2026-11-14T22:30:00,2026-11-14T22:48:00,DOWN
MOV-003748,TRN-12039,SEC-RKMP-BPL,2026-11-14T15:15:00,2026-11-14T15:40:00,DOWN
MOV-003749,TRN-12028,SEC-RKMP-BPL,2026-11-14T18:30:00,2026-11-14T18:51:00,DOWN
MOV-003750,TRN-12046,SEC-RKMP-BPL,2026-11-14T11:30:00,2026-11-14T11:47:00,UP
MOV-003751,TRN-12043,SEC-RKMP-BPL,2026-11-14T21:30:00,2026-11-14T21:58:00,UP
MOV-003752,TRN-12043,SEC-RKMP-BPL,2026-11-14T08:00:00,2026-11-14T08:19:00,DOWN
MOV-003753,TRN-12058,SEC-RKMP-BPL,2026-11-14T11:45:00,2026-11-14T12:15:00,DOWN
MOV-003754,TRN-12049,SEC-RKMP-BPL,2026-11-14T09:15:00,2026-11-14T09:44:00,DOWN
MOV-003755,TRN-12032,SEC-RKMP-BPL,2026-11-14T10:45:00,2026-11-14T11:01:00,UP
MOV-003756,TRN-12029,SEC-RKMP-BPL,2026-11-14T00:15:00,2026-11-14T00:41:00,UP
MOV-003757,TRN-12013,SEC-RKMP-BPL,2026-11-14T06:30:00,2026-11-14T07:04:00,DOWN
MOV-003758,TRN-12033,SEC-RKMP-BPL,2026-11-14T03:00:00,2026-11-14T03:23:00,UP
MOV-003759,TRN-12042,SEC-RKMP-BPL,2026-11-14T08:45:00,2026-11-14T09:05:00,UP
MOV-003760,TRN-12043,SEC-RKMP-BPL,2026-11-14T04:45:00,2026-11-14T05:11:00,DOWN
MOV-003761,TRN-12028,SEC-RKMP-BPL,2026-11-14T22:45:00,2026-11-14T23:03:00,DOWN
MOV-003762,TRN-12055,SEC-RKMP-BPL,2026-11-14T06:30:00,2026-11-14T07:00:00,UP
MOV-003763,TRN-12032,SEC-RKMP-BPL,2026-11-14T13:00:00,2026-11-14T13:18:00,DOWN
MOV-003764,TRN-12011,SEC-RKMP-BPL,2026-11-14T22:30:00,2026-11-14T22:59:00,UP
MOV-003765,TRN-12018,SEC-RKMP-BPL,2026-11-14T11:30:00,2026-11-14T11:52:00,UP
MOV-003766,TRN-12009,SEC-RKMP-BPL,2026-11-14T13:30:00,2026-11-14T13:55:00,UP
MOV-003767,TRN-12015,SEC-RKMP-BPL,2026-11-14T09:15:00,2026-11-14T09:34:00,DOWN
MOV-003768,TRN-12020,SEC-RKMP-BPL,2026-11-14T06:30:00,2026-11-14T07:01:00,UP
MOV-003769,TRN-12041,SEC-RKMP-BPL,2026-11-14T02:30:00,2026-11-14T02:46:00,UP
MOV-003770,TRN-12036,SEC-RKMP-BPL,2026-11-14T04:00:00,2026-11-14T04:18:00,DOWN
MOV-003771,TRN-12036,SEC-RKMP-BPL,2026-11-14T09:45:00,2026-11-14T10:07:00,DOWN
MOV-003772,TRN-12021,SEC-RKMP-BPL,2026-11-14T00:00:00,2026-11-14T00:20:00,UP
MOV-003773,TRN-12010,SEC-RKMP-BPL,2026-11-14T09:45:00,2026-11-14T10:04:00,UP
MOV-003774,TRN-12060,SEC-RKMP-BPL,2026-11-14T04:45:00,2026-11-14T05:12:00,DOWN
MOV-003775,TRN-12034,SEC-RKMP-BPL,2026-11-14T14:00:00,2026-11-14T14:26:00,DOWN
MOV-003776,TRN-12060,SEC-RKMP-BPL,2026-11-14T02:00:00,2026-11-14T02:15:00,DOWN
MOV-003777,TRN-12005,SEC-RKMP-BPL,2026-11-14T21:15:00,2026-11-14T21:35:00,DOWN
MOV-003778,TRN-12044,SEC-RKMP-BPL,2026-11-14T13:45:00,2026-11-14T14:15:00,DOWN
MOV-003779,TRN-12020,SEC-RKMP-BPL,2026-11-14T23:30:00,2026-11-15T00:03:00,DOWN
MOV-003780,TRN-12033,SEC-RKMP-BPL,2026-11-14T08:45:00,2026-11-14T09:19:00,UP
MOV-003781,TRN-12039,SEC-RKMP-BPL,2026-11-14T14:30:00,2026-11-14T15:04:00,UP
MOV-003782,TRN-12059,SEC-RKMP-BPL,2026-11-14T15:00:00,2026-11-14T15:25:00,UP
MOV-003783,TRN-12058,SEC-RKMP-BPL,2026-11-14T18:45:00,2026-11-14T19:12:00,UP
MOV-003784,TRN-12026,SEC-RKMP-BPL,2026-11-14T22:00:00,2026-11-14T22:32:00,UP
MOV-003785,TRN-12036,SEC-RKMP-BPL,2026-11-14T16:00:00,2026-11-14T16:17:00,UP
MOV-003786,TRN-12047,SEC-RKMP-BPL,2026-11-14T01:30:00,2026-11-14T01:47:00,DOWN
MOV-003787,TRN-12059,SEC-RKMP-BPL,2026-11-14T09:00:00,2026-11-14T09:23:00,DOWN
MOV-003788,TRN-12044,SEC-RKMP-BPL,2026-11-14T15:30:00,2026-11-14T15:57:00,UP
MOV-003789,TRN-12013,SEC-RKMP-BPL,2026-11-14T22:30:00,2026-11-14T23:02:00,DOWN
MOV-003790,TRN-12028,SEC-RKMP-BPL,2026-11-14T13:30:00,2026-11-14T13:48:00,UP
MOV-003791,TRN-12044,SEC-RKMP-BPL,2026-11-14T02:00:00,2026-11-14T02:18:00,DOWN
MOV-003792,TRN-12015,SEC-RKMP-BPL,2026-11-14T10:00:00,2026-11-14T10:20:00,UP
MOV-003793,TRN-12049,SEC-RKMP-BPL,2026-11-14T11:00:00,2026-11-14T11:25:00,DOWN
MOV-003794,TRN-12050,SEC-RKMP-BPL,2026-11-14T21:15:00,2026-11-14T21:37:00,UP
MOV-003795,TRN-12019,SEC-RKMP-BPL,2026-11-14T22:00:00,2026-11-14T22:32:00,DOWN
MOV-003796,TRN-12038,SEC-RKMP-BPL,2026-11-15T20:00:00,2026-11-15T20:31:00,DOWN
MOV-003797,TRN-12058,SEC-RKMP-BPL,2026-11-15T02:45:00,2026-11-15T03:11:00,UP
MOV-003798,TRN-12031,SEC-RKMP-BPL,2026-11-15T00:00:00,2026-11-15T00:25:00,DOWN
MOV-003799,TRN-12007,SEC-RKMP-BPL,2026-11-15T06:15:00,2026-11-15T06:40:00,UP
MOV-003800,TRN-12039,SEC-RKMP-BPL,2026-11-15T11:45:00,2026-11-15T12:06:00,UP
MOV-003801,TRN-12005,SEC-RKMP-BPL,2026-11-15T22:45:00,2026-11-15T23:07:00,UP
MOV-003802,TRN-12052,SEC-RKMP-BPL,2026-11-15T07:00:00,2026-11-15T07:19:00,DOWN
MOV-003803,TRN-12013,SEC-RKMP-BPL,2026-11-15T02:00:00,2026-11-15T02:34:00,DOWN
MOV-003804,TRN-12058,SEC-RKMP-BPL,2026-11-15T06:15:00,2026-11-15T06:39:00,DOWN
MOV-003805,TRN-12002,SEC-RKMP-BPL,2026-11-15T14:00:00,2026-11-15T14:20:00,UP
MOV-003806,TRN-12041,SEC-RKMP-BPL,2026-11-15T21:30:00,2026-11-15T21:53:00,DOWN
MOV-003807,TRN-12031,SEC-RKMP-BPL,2026-11-15T03:45:00,2026-11-15T04:18:00,UP
MOV-003808,TRN-12007,SEC-RKMP-BPL,2026-11-15T03:30:00,2026-11-15T03:45:00,UP
MOV-003809,TRN-12039,SEC-RKMP-BPL,2026-11-15T03:00:00,2026-11-15T03:15:00,DOWN
MOV-003810,TRN-12022,SEC-RKMP-BPL,2026-11-15T06:30:00,2026-11-15T06:48:00,DOWN
MOV-003811,TRN-12030,SEC-RKMP-BPL,2026-11-15T16:30:00,2026-11-15T16:58:00,UP
MOV-003812,TRN-12009,SEC-RKMP-BPL,2026-11-15T12:00:00,2026-11-15T12:24:00,DOWN
MOV-003813,TRN-12050,SEC-RKMP-BPL,2026-11-15T15:45:00,2026-11-15T16:11:00,UP
MOV-003814,TRN-12015,SEC-RKMP-BPL,2026-11-15T16:45:00,2026-11-15T17:06:00,UP
MOV-003815,TRN-12001,SEC-RKMP-BPL,2026-11-15T15:30:00,2026-11-15T15:47:00,UP
MOV-003816,TRN-12040,SEC-RKMP-BPL,2026-11-15T09:15:00,2026-11-15T09:35:00,DOWN
MOV-003817,TRN-12045,SEC-RKMP-BPL,2026-11-15T01:00:00,2026-11-15T01:26:00,DOWN
MOV-003818,TRN-12009,SEC-RKMP-BPL,2026-11-15T03:30:00,2026-11-15T03:54:00,UP
MOV-003819,TRN-12037,SEC-RKMP-BPL,2026-11-15T01:00:00,2026-11-15T01:29:00,UP
MOV-003820,TRN-12004,SEC-RKMP-BPL,2026-11-15T23:00:00,2026-11-15T23:25:00,DOWN
MOV-003821,TRN-12060,SEC-RKMP-BPL,2026-11-15T19:15:00,2026-11-15T19:47:00,UP
MOV-003822,TRN-12020,SEC-RKMP-BPL,2026-11-15T04:30:00,2026-11-15T05:02:00,DOWN
MOV-003823,TRN-12060,SEC-RKMP-BPL,2026-11-15T03:45:00,2026-11-15T04:14:00,UP
MOV-003824,TRN-12006,SEC-RKMP-BPL,2026-11-15T02:45:00,2026-11-15T03:05:00,DOWN
MOV-003825,TRN-12057,SEC-RKMP-BPL,2026-11-15T11:00:00,2026-11-15T11:24:00,UP
MOV-003826,TRN-12011,SEC-RKMP-BPL,2026-11-15T19:15:00,2026-11-15T19:43:00,DOWN
MOV-003827,TRN-12033,SEC-RKMP-BPL,2026-11-15T12:00:00,2026-11-15T12:25:00,DOWN
MOV-003828,TRN-12012,SEC-RKMP-BPL,2026-11-15T05:30:00,2026-11-15T06:04:00,UP
MOV-003829,TRN-12050,SEC-RKMP-BPL,2026-11-15T04:30:00,2026-11-15T05:03:00,UP
MOV-003830,TRN-12031,SEC-RKMP-BPL,2026-11-15T03:30:00,2026-11-15T03:56:00,DOWN
MOV-003831,TRN-12013,SEC-RKMP-BPL,2026-11-15T08:30:00,2026-11-15T09:03:00,UP
MOV-003832,TRN-12042,SEC-RKMP-BPL,2026-11-15T21:30:00,2026-11-15T21:53:00,UP
MOV-003833,TRN-12018,SEC-RKMP-BPL,2026-11-15T01:00:00,2026-11-15T01:23:00,UP
MOV-003834,TRN-12001,SEC-RKMP-BPL,2026-11-15T16:00:00,2026-11-15T16:17:00,DOWN
MOV-003835,TRN-12056,SEC-RKMP-BPL,2026-11-15T17:00:00,2026-11-15T17:18:00,DOWN
MOV-003836,TRN-12044,SEC-RKMP-BPL,2026-11-15T09:45:00,2026-11-15T10:17:00,DOWN
MOV-003837,TRN-12045,SEC-RKMP-BPL,2026-11-15T18:00:00,2026-11-15T18:29:00,DOWN
MOV-003838,TRN-12014,SEC-RKMP-BPL,2026-11-15T00:15:00,2026-11-15T00:35:00,DOWN
MOV-003839,TRN-12027,SEC-RKMP-BPL,2026-11-15T15:45:00,2026-11-15T16:15:00,DOWN
MOV-003840,TRN-12059,SEC-RKMP-BPL,2026-11-15T16:00:00,2026-11-15T16:29:00,UP
MOV-003841,TRN-12020,SEC-RKMP-BPL,2026-11-15T15:15:00,2026-11-15T15:30:00,DOWN
MOV-003842,TRN-12035,SEC-RKMP-BPL,2026-11-15T16:45:00,2026-11-15T17:12:00,DOWN
MOV-003843,TRN-12048,SEC-RKMP-BPL,2026-11-15T07:45:00,2026-11-15T08:14:00,UP
MOV-003844,TRN-12009,SEC-RKMP-BPL,2026-11-15T21:45:00,2026-11-15T22:19:00,UP
MOV-003845,TRN-12054,SEC-RKMP-BPL,2026-11-15T20:45:00,2026-11-15T21:09:00,DOWN
MOV-003846,TRN-12026,SEC-RKMP-BPL,2026-11-15T00:30:00,2026-11-15T00:49:00,UP
MOV-003847,TRN-12004,SEC-RKMP-BPL,2026-11-15T10:00:00,2026-11-15T10:31:00,DOWN
MOV-003848,TRN-12049,SEC-RKMP-BPL,2026-11-15T07:00:00,2026-11-15T07:25:00,DOWN
MOV-003849,TRN-12002,SEC-RKMP-BPL,2026-11-15T20:15:00,2026-11-15T20:46:00,UP
MOV-003850,TRN-12026,SEC-RKMP-BPL,2026-11-15T10:00:00,2026-11-15T10:29:00,DOWN
MOV-003851,TRN-12033,SEC-RKMP-BPL,2026-11-15T09:30:00,2026-11-15T09:52:00,UP
MOV-003852,TRN-12046,SEC-RKMP-BPL,2026-11-15T14:15:00,2026-11-15T14:38:00,DOWN
MOV-003853,TRN-12032,SEC-RKMP-BPL,2026-11-15T01:45:00,2026-11-15T02:14:00,UP
MOV-003854,TRN-12058,SEC-RKMP-BPL,2026-11-15T22:45:00,2026-11-15T23:07:00,DOWN
MOV-003855,TRN-12049,SEC-RKMP-BPL,2026-11-15T20:30:00,2026-11-15T20:50:00,UP
MOV-003856,TRN-12058,SEC-RKMP-BPL,2026-11-15T12:45:00,2026-11-15T13:11:00,DOWN
MOV-003857,TRN-12005,SEC-RKMP-BPL,2026-11-15T09:30:00,2026-11-15T09:47:00,UP
MOV-003858,TRN-12015,SEC-RKMP-BPL,2026-11-16T16:15:00,2026-11-16T16:38:00,UP
MOV-003859,TRN-12025,SEC-RKMP-BPL,2026-11-16T13:30:00,2026-11-16T13:50:00,UP
MOV-003860,TRN-12057,SEC-RKMP-BPL,2026-11-16T22:45:00,2026-11-16T23:05:00,DOWN
MOV-003861,TRN-12009,SEC-RKMP-BPL,2026-11-16T21:00:00,2026-11-16T21:24:00,DOWN
MOV-003862,TRN-12044,SEC-RKMP-BPL,2026-11-16T20:15:00,2026-11-16T20:31:00,UP
MOV-003863,TRN-12010,SEC-RKMP-BPL,2026-11-16T01:15:00,2026-11-16T01:31:00,UP
MOV-003864,TRN-12026,SEC-RKMP-BPL,2026-11-16T17:30:00,2026-11-16T17:46:00,DOWN
MOV-003865,TRN-12033,SEC-RKMP-BPL,2026-11-16T08:15:00,2026-11-16T08:46:00,UP
MOV-003866,TRN-12015,SEC-RKMP-BPL,2026-11-16T10:00:00,2026-11-16T10:18:00,UP
MOV-003867,TRN-12014,SEC-RKMP-BPL,2026-11-16T08:00:00,2026-11-16T08:27:00,UP
MOV-003868,TRN-12014,SEC-RKMP-BPL,2026-11-16T23:00:00,2026-11-16T23:20:00,DOWN
MOV-003869,TRN-12019,SEC-RKMP-BPL,2026-11-16T07:00:00,2026-11-16T07:23:00,DOWN
MOV-003870,TRN-12036,SEC-RKMP-BPL,2026-11-16T22:30:00,2026-11-16T23:00:00,UP
MOV-003871,TRN-12037,SEC-RKMP-BPL,2026-11-16T13:45:00,2026-11-16T14:10:00,UP
MOV-003872,TRN-12005,SEC-RKMP-BPL,2026-11-16T20:15:00,2026-11-16T20:45:00,DOWN
MOV-003873,TRN-12001,SEC-RKMP-BPL,2026-11-16T15:15:00,2026-11-16T15:34:00,UP
MOV-003874,TRN-12039,SEC-RKMP-BPL,2026-11-16T02:30:00,2026-11-16T03:01:00,UP
MOV-003875,TRN-12001,SEC-RKMP-BPL,2026-11-16T01:30:00,2026-11-16T02:01:00,DOWN
MOV-003876,TRN-12002,SEC-RKMP-BPL,2026-11-16T11:00:00,2026-11-16T11:22:00,UP
MOV-003877,TRN-12037,SEC-RKMP-BPL,2026-11-16T21:45:00,2026-11-16T22:01:00,UP
MOV-003878,TRN-12017,SEC-RKMP-BPL,2026-11-16T06:15:00,2026-11-16T06:42:00,DOWN
MOV-003879,TRN-12057,SEC-RKMP-BPL,2026-11-16T16:15:00,2026-11-16T16:33:00,UP
MOV-003880,TRN-12048,SEC-RKMP-BPL,2026-11-16T23:15:00,2026-11-16T23:33:00,UP
MOV-003881,TRN-12005,SEC-RKMP-BPL,2026-11-16T15:30:00,2026-11-16T15:57:00,UP
MOV-003882,TRN-12027,SEC-RKMP-BPL,2026-11-16T04:15:00,2026-11-16T04:42:00,UP
MOV-003883,TRN-12040,SEC-RKMP-BPL,2026-11-16T06:30:00,2026-11-16T06:54:00,UP
MOV-003884,TRN-12008,SEC-RKMP-BPL,2026-11-16T13:45:00,2026-11-16T14:12:00,DOWN
MOV-003885,TRN-12049,SEC-RKMP-BPL,2026-11-16T00:45:00,2026-11-16T01:04:00,DOWN
MOV-003886,TRN-12060,SEC-RKMP-BPL,2026-11-16T21:15:00,2026-11-16T21:46:00,DOWN
MOV-003887,TRN-12008,SEC-RKMP-BPL,2026-11-16T05:45:00,2026-11-16T06:18:00,DOWN
MOV-003888,TRN-12024,SEC-RKMP-BPL,2026-11-16T07:45:00,2026-11-16T08:00:00,DOWN
MOV-003889,TRN-12037,SEC-RKMP-BPL,2026-11-16T15:15:00,2026-11-16T15:49:00,DOWN
MOV-003890,TRN-12004,SEC-RKMP-BPL,2026-11-16T12:45:00,2026-11-16T13:01:00,DOWN
MOV-003891,TRN-12015,SEC-RKMP-BPL,2026-11-16T12:45:00,2026-11-16T13:09:00,UP
MOV-003892,TRN-12002,SEC-RKMP-BPL,2026-11-16T17:45:00,2026-11-16T18:05:00,DOWN
MOV-003893,TRN-12028,SEC-RKMP-BPL,2026-11-16T01:30:00,2026-11-16T02:04:00,UP
MOV-003894,TRN-12058,SEC-RKMP-BPL,2026-11-16T15:15:00,2026-11-16T15:43:00,UP
MOV-003895,TRN-12006,SEC-RKMP-BPL,2026-11-16T20:15:00,2026-11-16T20:41:00,DOWN
MOV-003896,TRN-12005,SEC-RKMP-BPL,2026-11-16T17:15:00,2026-11-16T17:40:00,UP
MOV-003897,TRN-12047,SEC-RKMP-BPL,2026-11-16T04:00:00,2026-11-16T04:23:00,UP
MOV-003898,TRN-12015,SEC-RKMP-BPL,2026-11-16T15:45:00,2026-11-16T16:13:00,UP
MOV-003899,TRN-12049,SEC-RKMP-BPL,2026-11-16T09:00:00,2026-11-16T09:30:00,DOWN
MOV-003900,TRN-12023,SEC-RKMP-BPL,2026-11-16T15:30:00,2026-11-16T15:49:00,UP
MOV-003901,TRN-12032,SEC-RKMP-BPL,2026-11-16T01:30:00,2026-11-16T01:53:00,UP
MOV-003902,TRN-12036,SEC-RKMP-BPL,2026-11-16T09:15:00,2026-11-16T09:34:00,DOWN
MOV-003903,TRN-12055,SEC-RKMP-BPL,2026-11-16T14:00:00,2026-11-16T14:31:00,UP
MOV-003904,TRN-12018,SEC-RKMP-BPL,2026-11-16T00:45:00,2026-11-16T01:00:00,DOWN
MOV-003905,TRN-12012,SEC-RKMP-BPL,2026-11-16T05:30:00,2026-11-16T06:01:00,UP
MOV-003906,TRN-12010,SEC-RKMP-BPL,2026-11-16T06:45:00,2026-11-16T07:01:00,UP
MOV-003907,TRN-12025,SEC-RKMP-BPL,2026-11-16T07:00:00,2026-11-16T07:25:00,DOWN
MOV-003908,TRN-12011,SEC-RKMP-BPL,2026-11-16T16:00:00,2026-11-16T16:29:00,UP
MOV-003909,TRN-12014,SEC-RKMP-BPL,2026-11-16T04:45:00,2026-11-16T05:10:00,DOWN
MOV-003910,TRN-12013,SEC-RKMP-BPL,2026-11-16T01:00:00,2026-11-16T01:23:00,UP
MOV-003911,TRN-12047,SEC-RKMP-BPL,2026-11-16T18:15:00,2026-11-16T18:38:00,UP
MOV-003912,TRN-12041,SEC-RKMP-BPL,2026-11-16T15:30:00,2026-11-16T15:46:00,UP
MOV-003913,TRN-12059,SEC-RKMP-BPL,2026-11-16T08:00:00,2026-11-16T08:18:00,UP
MOV-003914,TRN-12047,SEC-RKMP-BPL,2026-11-16T00:30:00,2026-11-16T00:52:00,UP
MOV-003915,TRN-12054,SEC-RKMP-BPL,2026-11-16T17:45:00,2026-11-16T18:18:00,DOWN
MOV-003916,TRN-12033,SEC-RKMP-BPL,2026-11-17T16:15:00,2026-11-17T16:33:00,UP
MOV-003917,TRN-12029,SEC-RKMP-BPL,2026-11-17T01:45:00,2026-11-17T02:18:00,UP
MOV-003918,TRN-12030,SEC-RKMP-BPL,2026-11-17T20:15:00,2026-11-17T20:43:00,DOWN
MOV-003919,TRN-12017,SEC-RKMP-BPL,2026-11-17T19:00:00,2026-11-17T19:19:00,DOWN
MOV-003920,TRN-12043,SEC-RKMP-BPL,2026-11-17T22:30:00,2026-11-17T22:45:00,DOWN
MOV-003921,TRN-12025,SEC-RKMP-BPL,2026-11-17T00:30:00,2026-11-17T00:48:00,UP
MOV-003922,TRN-12029,SEC-RKMP-BPL,2026-11-17T01:45:00,2026-11-17T02:10:00,DOWN
MOV-003923,TRN-12028,SEC-RKMP-BPL,2026-11-17T14:45:00,2026-11-17T15:04:00,DOWN
MOV-003924,TRN-12012,SEC-RKMP-BPL,2026-11-17T23:30:00,2026-11-17T23:55:00,UP
MOV-003925,TRN-12035,SEC-RKMP-BPL,2026-11-17T13:45:00,2026-11-17T14:16:00,UP
MOV-003926,TRN-12024,SEC-RKMP-BPL,2026-11-17T09:15:00,2026-11-17T09:30:00,UP
MOV-003927,TRN-12046,SEC-RKMP-BPL,2026-11-17T06:15:00,2026-11-17T06:43:00,DOWN
MOV-003928,TRN-12022,SEC-RKMP-BPL,2026-11-17T18:00:00,2026-11-17T18:24:00,UP
MOV-003929,TRN-12032,SEC-RKMP-BPL,2026-11-17T02:45:00,2026-11-17T03:13:00,UP
MOV-003930,TRN-12037,SEC-RKMP-BPL,2026-11-17T08:30:00,2026-11-17T08:48:00,DOWN
MOV-003931,TRN-12007,SEC-RKMP-BPL,2026-11-17T03:30:00,2026-11-17T03:55:00,UP
MOV-003932,TRN-12004,SEC-RKMP-BPL,2026-11-17T10:45:00,2026-11-17T11:14:00,UP
MOV-003933,TRN-12057,SEC-RKMP-BPL,2026-11-17T10:30:00,2026-11-17T10:45:00,UP
MOV-003934,TRN-12048,SEC-RKMP-BPL,2026-11-17T07:00:00,2026-11-17T07:16:00,DOWN
MOV-003935,TRN-12049,SEC-RKMP-BPL,2026-11-17T01:45:00,2026-11-17T02:16:00,UP
MOV-003936,TRN-12040,SEC-RKMP-BPL,2026-11-17T06:00:00,2026-11-17T06:29:00,UP
MOV-003937,TRN-12022,SEC-RKMP-BPL,2026-11-17T08:00:00,2026-11-17T08:31:00,DOWN
MOV-003938,TRN-12052,SEC-RKMP-BPL,2026-11-17T12:00:00,2026-11-17T12:20:00,UP
MOV-003939,TRN-12057,SEC-RKMP-BPL,2026-11-17T05:30:00,2026-11-17T05:47:00,DOWN
MOV-003940,TRN-12039,SEC-RKMP-BPL,2026-11-17T10:15:00,2026-11-17T10:37:00,UP
MOV-003941,TRN-12036,SEC-RKMP-BPL,2026-11-17T20:00:00,2026-11-17T20:29:00,DOWN
MOV-003942,TRN-12047,SEC-RKMP-BPL,2026-11-17T18:00:00,2026-11-17T18:15:00,DOWN
MOV-003943,TRN-12010,SEC-RKMP-BPL,2026-11-17T13:45:00,2026-11-17T14:10:00,UP
MOV-003944,TRN-12001,SEC-RKMP-BPL,2026-11-17T16:45:00,2026-11-17T17:06:00,DOWN
MOV-003945,TRN-12057,SEC-RKMP-BPL,2026-11-17T19:30:00,2026-11-17T19:58:00,DOWN
MOV-003946,TRN-12048,SEC-RKMP-BPL,2026-11-17T09:30:00,2026-11-17T09:51:00,DOWN
MOV-003947,TRN-12006,SEC-RKMP-BPL,2026-11-17T05:15:00,2026-11-17T05:34:00,DOWN
MOV-003948,TRN-12043,SEC-RKMP-BPL,2026-11-17T21:30:00,2026-11-17T21:57:00,DOWN
MOV-003949,TRN-12001,SEC-RKMP-BPL,2026-11-17T17:00:00,2026-11-17T17:25:00,DOWN
MOV-003950,TRN-12048,SEC-RKMP-BPL,2026-11-17T12:15:00,2026-11-17T12:46:00,DOWN
MOV-003951,TRN-12023,SEC-RKMP-BPL,2026-11-17T02:30:00,2026-11-17T02:57:00,DOWN
MOV-003952,TRN-12054,SEC-RKMP-BPL,2026-11-17T05:15:00,2026-11-17T05:49:00,UP
MOV-003953,TRN-12028,SEC-RKMP-BPL,2026-11-17T07:15:00,2026-11-17T07:41:00,UP
MOV-003954,TRN-12025,SEC-RKMP-BPL,2026-11-17T08:00:00,2026-11-17T08:30:00,DOWN
MOV-003955,TRN-12030,SEC-RKMP-BPL,2026-11-17T04:30:00,2026-11-17T04:55:00,DOWN
MOV-003956,TRN-12036,SEC-RKMP-BPL,2026-11-17T17:00:00,2026-11-17T17:16:00,UP
MOV-003957,TRN-12010,SEC-RKMP-BPL,2026-11-17T23:30:00,2026-11-17T23:58:00,DOWN
MOV-003958,TRN-12003,SEC-RKMP-BPL,2026-11-17T05:45:00,2026-11-17T06:09:00,DOWN
MOV-003959,TRN-12046,SEC-RKMP-BPL,2026-11-17T01:45:00,2026-11-17T02:13:00,UP
MOV-003960,TRN-12030,SEC-RKMP-BPL,2026-11-17T01:00:00,2026-11-17T01:19:00,DOWN
MOV-003961,TRN-12007,SEC-RKMP-BPL,2026-11-17T06:00:00,2026-11-17T06:20:00,UP
MOV-003962,TRN-12017,SEC-RKMP-BPL,2026-11-17T17:45:00,2026-11-17T18:07:00,DOWN
MOV-003963,TRN-12038,SEC-RKMP-BPL,2026-11-17T21:45:00,2026-11-17T22:04:00,DOWN
MOV-003964,TRN-12048,SEC-RKMP-BPL,2026-11-17T07:30:00,2026-11-17T07:53:00,UP
MOV-003965,TRN-12012,SEC-RKMP-BPL,2026-11-17T00:30:00,2026-11-17T01:01:00,DOWN
MOV-003966,TRN-12015,SEC-RKMP-BPL,2026-11-17T00:30:00,2026-11-17T00:48:00,DOWN
MOV-003967,TRN-12059,SEC-RKMP-BPL,2026-11-17T00:30:00,2026-11-17T01:04:00,UP
MOV-003968,TRN-12049,SEC-RKMP-BPL,2026-11-17T19:15:00,2026-11-17T19:36:00,DOWN
MOV-003969,TRN-12038,SEC-RKMP-BPL,2026-11-17T11:00:00,2026-11-17T11:29:00,UP
MOV-003970,TRN-12009,SEC-RKMP-BPL,2026-11-17T01:15:00,2026-11-17T01:32:00,UP
MOV-003971,TRN-12015,SEC-RKMP-BPL,2026-11-17T11:45:00,2026-11-17T12:09:00,DOWN
MOV-003972,TRN-12009,SEC-RKMP-BPL,2026-11-17T02:45:00,2026-11-17T03:12:00,UP
MOV-003973,TRN-12034,SEC-RKMP-BPL,2026-11-17T00:00:00,2026-11-17T00:22:00,DOWN
MOV-003974,TRN-12038,SEC-RKMP-BPL,2026-11-17T18:00:00,2026-11-17T18:18:00,DOWN
MOV-003975,TRN-12053,SEC-RKMP-BPL,2026-11-17T17:30:00,2026-11-17T17:46:00,DOWN
MOV-003976,TRN-12035,SEC-RKMP-BPL,2026-11-18T08:30:00,2026-11-18T08:57:00,DOWN
MOV-003977,TRN-12007,SEC-RKMP-BPL,2026-11-18T12:30:00,2026-11-18T12:51:00,DOWN
MOV-003978,TRN-12004,SEC-RKMP-BPL,2026-11-18T02:45:00,2026-11-18T03:02:00,UP
MOV-003979,TRN-12017,SEC-RKMP-BPL,2026-11-18T16:00:00,2026-11-18T16:22:00,DOWN
MOV-003980,TRN-12023,SEC-RKMP-BPL,2026-11-18T14:45:00,2026-11-18T15:12:00,DOWN
MOV-003981,TRN-12058,SEC-RKMP-BPL,2026-11-18T14:45:00,2026-11-18T15:10:00,DOWN
MOV-003982,TRN-12039,SEC-RKMP-BPL,2026-11-18T08:30:00,2026-11-18T08:51:00,UP
MOV-003983,TRN-12018,SEC-RKMP-BPL,2026-11-18T11:15:00,2026-11-18T11:42:00,UP
MOV-003984,TRN-12030,SEC-RKMP-BPL,2026-11-18T03:15:00,2026-11-18T03:37:00,DOWN
MOV-003985,TRN-12027,SEC-RKMP-BPL,2026-11-18T00:15:00,2026-11-18T00:44:00,UP
MOV-003986,TRN-12010,SEC-RKMP-BPL,2026-11-18T08:15:00,2026-11-18T08:39:00,UP
MOV-003987,TRN-12044,SEC-RKMP-BPL,2026-11-18T05:30:00,2026-11-18T05:56:00,UP
MOV-003988,TRN-12029,SEC-RKMP-BPL,2026-11-18T00:30:00,2026-11-18T00:51:00,UP
MOV-003989,TRN-12010,SEC-RKMP-BPL,2026-11-18T08:15:00,2026-11-18T08:34:00,DOWN
MOV-003990,TRN-12017,SEC-RKMP-BPL,2026-11-18T04:30:00,2026-11-18T04:51:00,UP
MOV-003991,TRN-12044,SEC-RKMP-BPL,2026-11-18T01:30:00,2026-11-18T01:45:00,UP
MOV-003992,TRN-12006,SEC-RKMP-BPL,2026-11-18T03:15:00,2026-11-18T03:48:00,DOWN
MOV-003993,TRN-12007,SEC-RKMP-BPL,2026-11-18T23:30:00,2026-11-18T23:56:00,DOWN
MOV-003994,TRN-12030,SEC-RKMP-BPL,2026-11-18T06:30:00,2026-11-18T06:59:00,DOWN
MOV-003995,TRN-12011,SEC-RKMP-BPL,2026-11-18T22:15:00,2026-11-18T22:46:00,UP
MOV-003996,TRN-12004,SEC-RKMP-BPL,2026-11-18T23:30:00,2026-11-18T23:49:00,UP
MOV-003997,TRN-12008,SEC-RKMP-BPL,2026-11-18T04:45:00,2026-11-18T05:03:00,UP
MOV-003998,TRN-12051,SEC-RKMP-BPL,2026-11-18T21:00:00,2026-11-18T21:28:00,DOWN
MOV-003999,TRN-12035,SEC-RKMP-BPL,2026-11-18T07:45:00,2026-11-18T08:17:00,DOWN
MOV-004000,TRN-12055,SEC-RKMP-BPL,2026-11-18T02:30:00,2026-11-18T03:04:00,DOWN
MOV-004001,TRN-12057,SEC-RKMP-BPL,2026-11-18T08:45:00,2026-11-18T09:18:00,DOWN
MOV-004002,TRN-12043,SEC-RKMP-BPL,2026-11-18T12:15:00,2026-11-18T12:40:00,DOWN
MOV-004003,TRN-12001,SEC-RKMP-BPL,2026-11-18T04:15:00,2026-11-18T04:36:00,DOWN
MOV-004004,TRN-12022,SEC-RKMP-BPL,2026-11-18T15:00:00,2026-11-18T15:21:00,DOWN
MOV-004005,TRN-12029,SEC-RKMP-BPL,2026-11-18T17:30:00,2026-11-18T17:51:00,UP
MOV-004006,TRN-12058,SEC-RKMP-BPL,2026-11-18T23:00:00,2026-11-18T23:29:00,UP
MOV-004007,TRN-12001,SEC-RKMP-BPL,2026-11-18T15:00:00,2026-11-18T15:21:00,DOWN
MOV-004008,TRN-12049,SEC-RKMP-BPL,2026-11-18T09:45:00,2026-11-18T10:16:00,UP
MOV-004009,TRN-12011,SEC-RKMP-BPL,2026-11-18T15:00:00,2026-11-18T15:32:00,UP
MOV-004010,TRN-12046,SEC-RKMP-BPL,2026-11-18T17:15:00,2026-11-18T17:49:00,DOWN
MOV-004011,TRN-12054,SEC-RKMP-BPL,2026-11-18T02:15:00,2026-11-18T02:49:00,DOWN
MOV-004012,TRN-12028,SEC-RKMP-BPL,2026-11-18T01:15:00,2026-11-18T01:41:00,DOWN
MOV-004013,TRN-12056,SEC-RKMP-BPL,2026-11-18T02:15:00,2026-11-18T02:35:00,DOWN
MOV-004014,TRN-12010,SEC-RKMP-BPL,2026-11-18T05:15:00,2026-11-18T05:32:00,DOWN
MOV-004015,TRN-12032,SEC-RKMP-BPL,2026-11-18T13:45:00,2026-11-18T14:08:00,UP
MOV-004016,TRN-12023,SEC-RKMP-BPL,2026-11-18T19:30:00,2026-11-18T19:48:00,DOWN
MOV-004017,TRN-12045,SEC-RKMP-BPL,2026-11-18T05:30:00,2026-11-18T05:56:00,UP
MOV-004018,TRN-12001,SEC-RKMP-BPL,2026-11-18T17:30:00,2026-11-18T17:59:00,UP
MOV-004019,TRN-12031,SEC-RKMP-BPL,2026-11-18T23:00:00,2026-11-18T23:28:00,UP
MOV-004020,TRN-12004,SEC-RKMP-BPL,2026-11-18T22:00:00,2026-11-18T22:28:00,DOWN
MOV-004021,TRN-12049,SEC-RKMP-BPL,2026-11-18T13:30:00,2026-11-18T14:02:00,DOWN
MOV-004022,TRN-12044,SEC-RKMP-BPL,2026-11-18T03:00:00,2026-11-18T03:24:00,DOWN
MOV-004023,TRN-12041,SEC-RKMP-BPL,2026-11-18T18:00:00,2026-11-18T18:18:00,UP
MOV-004024,TRN-12033,SEC-RKMP-BPL,2026-11-18T15:00:00,2026-11-18T15:32:00,UP
MOV-004025,TRN-12040,SEC-RKMP-BPL,2026-11-18T18:00:00,2026-11-18T18:32:00,DOWN
MOV-004026,TRN-12058,SEC-RKMP-BPL,2026-11-18T03:15:00,2026-11-18T03:34:00,UP
MOV-004027,TRN-12059,SEC-RKMP-BPL,2026-11-18T18:45:00,2026-11-18T19:08:00,DOWN
MOV-004028,TRN-12056,SEC-RKMP-BPL,2026-11-18T19:45:00,2026-11-18T20:13:00,UP
MOV-004029,TRN-12018,SEC-RKMP-BPL,2026-11-18T18:15:00,2026-11-18T18:33:00,DOWN
MOV-004030,TRN-12030,SEC-RKMP-BPL,2026-11-18T20:15:00,2026-11-18T20:37:00,UP
MOV-004031,TRN-12023,SEC-RKMP-BPL,2026-11-18T10:15:00,2026-11-18T10:46:00,UP
MOV-004032,TRN-12027,SEC-RKMP-BPL,2026-11-18T20:15:00,2026-11-18T20:30:00,UP
MOV-004033,TRN-12027,SEC-RKMP-BPL,2026-11-18T15:45:00,2026-11-18T16:02:00,DOWN
MOV-004034,TRN-12018,SEC-RKMP-BPL,2026-11-18T10:15:00,2026-11-18T10:36:00,UP
MOV-004035,TRN-12005,SEC-RKMP-BPL,2026-11-18T12:00:00,2026-11-18T12:21:00,UP
MOV-004036,TRN-12003,SEC-RKMP-BPL,2026-11-18T03:15:00,2026-11-18T03:33:00,UP
MOV-004037,TRN-12019,SEC-RKMP-BPL,2026-11-18T06:00:00,2026-11-18T06:17:00,DOWN
MOV-004038,TRN-12041,SEC-RKMP-BPL,2026-11-18T02:15:00,2026-11-18T02:37:00,DOWN
MOV-004039,TRN-12053,SEC-RKMP-BPL,2026-11-18T18:00:00,2026-11-18T18:24:00,UP
MOV-004040,TRN-12051,SEC-RKMP-BPL,2026-11-19T07:30:00,2026-11-19T07:50:00,UP
MOV-004041,TRN-12019,SEC-RKMP-BPL,2026-11-19T17:15:00,2026-11-19T17:43:00,DOWN
MOV-004042,TRN-12022,SEC-RKMP-BPL,2026-11-19T22:00:00,2026-11-19T22:32:00,UP
MOV-004043,TRN-12023,SEC-RKMP-BPL,2026-11-19T19:30:00,2026-11-19T19:51:00,DOWN
MOV-004044,TRN-12009,SEC-RKMP-BPL,2026-11-19T16:30:00,2026-11-19T16:49:00,DOWN
MOV-004045,TRN-12046,SEC-RKMP-BPL,2026-11-19T00:00:00,2026-11-19T00:16:00,UP
MOV-004046,TRN-12026,SEC-RKMP-BPL,2026-11-19T17:30:00,2026-11-19T17:45:00,UP
MOV-004047,TRN-12048,SEC-RKMP-BPL,2026-11-19T21:15:00,2026-11-19T21:30:00,UP
MOV-004048,TRN-12021,SEC-RKMP-BPL,2026-11-19T10:15:00,2026-11-19T10:31:00,UP
MOV-004049,TRN-12018,SEC-RKMP-BPL,2026-11-19T11:00:00,2026-11-19T11:30:00,UP
MOV-004050,TRN-12020,SEC-RKMP-BPL,2026-11-19T21:30:00,2026-11-19T21:47:00,UP
MOV-004051,TRN-12001,SEC-RKMP-BPL,2026-11-19T13:15:00,2026-11-19T13:37:00,DOWN
MOV-004052,TRN-12033,SEC-RKMP-BPL,2026-11-19T00:00:00,2026-11-19T00:30:00,DOWN
MOV-004053,TRN-12051,SEC-RKMP-BPL,2026-11-19T21:15:00,2026-11-19T21:46:00,DOWN
MOV-004054,TRN-12054,SEC-RKMP-BPL,2026-11-19T03:00:00,2026-11-19T03:23:00,DOWN
MOV-004055,TRN-12058,SEC-RKMP-BPL,2026-11-19T07:45:00,2026-11-19T08:17:00,DOWN
MOV-004056,TRN-12012,SEC-RKMP-BPL,2026-11-19T05:00:00,2026-11-19T05:29:00,DOWN
MOV-004057,TRN-12025,SEC-RKMP-BPL,2026-11-19T02:30:00,2026-11-19T02:59:00,UP
MOV-004058,TRN-12017,SEC-RKMP-BPL,2026-11-19T14:30:00,2026-11-19T14:56:00,DOWN
MOV-004059,TRN-12019,SEC-RKMP-BPL,2026-11-19T14:45:00,2026-11-19T15:04:00,UP
MOV-004060,TRN-12003,SEC-RKMP-BPL,2026-11-19T08:00:00,2026-11-19T08:29:00,UP
MOV-004061,TRN-12042,SEC-RKMP-BPL,2026-11-19T13:45:00,2026-11-19T14:06:00,UP
MOV-004062,TRN-12015,SEC-RKMP-BPL,2026-11-19T12:00:00,2026-11-19T12:17:00,DOWN
MOV-004063,TRN-12041,SEC-RKMP-BPL,2026-11-19T02:30:00,2026-11-19T02:51:00,UP
MOV-004064,TRN-12029,SEC-RKMP-BPL,2026-11-19T18:00:00,2026-11-19T18:22:00,DOWN
MOV-004065,TRN-12024,SEC-RKMP-BPL,2026-11-19T02:15:00,2026-11-19T02:43:00,DOWN
MOV-004066,TRN-12038,SEC-RKMP-BPL,2026-11-19T01:45:00,2026-11-19T02:15:00,DOWN
MOV-004067,TRN-12054,SEC-RKMP-BPL,2026-11-19T18:00:00,2026-11-19T18:23:00,DOWN
MOV-004068,TRN-12030,SEC-RKMP-BPL,2026-11-19T15:30:00,2026-11-19T15:47:00,DOWN
MOV-004069,TRN-12003,SEC-RKMP-BPL,2026-11-19T12:15:00,2026-11-19T12:34:00,DOWN
MOV-004070,TRN-12016,SEC-RKMP-BPL,2026-11-19T01:15:00,2026-11-19T01:45:00,UP
MOV-004071,TRN-12030,SEC-RKMP-BPL,2026-11-19T10:45:00,2026-11-19T11:00:00,UP
MOV-004072,TRN-12034,SEC-RKMP-BPL,2026-11-19T04:30:00,2026-11-19T04:50:00,DOWN
MOV-004073,TRN-12003,SEC-RKMP-BPL,2026-11-19T16:30:00,2026-11-19T16:45:00,UP
MOV-004074,TRN-12004,SEC-RKMP-BPL,2026-11-19T01:30:00,2026-11-19T01:53:00,DOWN
MOV-004075,TRN-12016,SEC-RKMP-BPL,2026-11-19T17:30:00,2026-11-19T17:58:00,DOWN
MOV-004076,TRN-12043,SEC-RKMP-BPL,2026-11-19T17:30:00,2026-11-19T17:53:00,DOWN
MOV-004077,TRN-12051,SEC-RKMP-BPL,2026-11-19T17:30:00,2026-11-19T17:46:00,UP
MOV-004078,TRN-12004,SEC-RKMP-BPL,2026-11-19T02:15:00,2026-11-19T02:39:00,DOWN
MOV-004079,TRN-12055,SEC-RKMP-BPL,2026-11-19T18:15:00,2026-11-19T18:36:00,DOWN
MOV-004080,TRN-12017,SEC-RKMP-BPL,2026-11-19T21:45:00,2026-11-19T22:13:00,UP
MOV-004081,TRN-12038,SEC-RKMP-BPL,2026-11-19T19:00:00,2026-11-19T19:18:00,DOWN
MOV-004082,TRN-12022,SEC-RKMP-BPL,2026-11-19T17:15:00,2026-11-19T17:49:00,UP
MOV-004083,TRN-12022,SEC-RKMP-BPL,2026-11-19T00:00:00,2026-11-19T00:19:00,DOWN
MOV-004084,TRN-12021,SEC-RKMP-BPL,2026-11-19T04:15:00,2026-11-19T04:41:00,DOWN
MOV-004085,TRN-12059,SEC-RKMP-BPL,2026-11-19T01:45:00,2026-11-19T02:07:00,DOWN
MOV-004086,TRN-12003,SEC-RKMP-BPL,2026-11-19T15:45:00,2026-11-19T16:00:00,DOWN
MOV-004087,TRN-12007,SEC-RKMP-BPL,2026-11-19T23:30:00,2026-11-20T00:03:00,DOWN
MOV-004088,TRN-12019,SEC-RKMP-BPL,2026-11-19T09:30:00,2026-11-19T09:48:00,UP
MOV-004089,TRN-12006,SEC-RKMP-BPL,2026-11-19T21:00:00,2026-11-19T21:23:00,UP
MOV-004090,TRN-12023,SEC-RKMP-BPL,2026-11-19T18:45:00,2026-11-19T19:11:00,DOWN
MOV-004091,TRN-12007,SEC-RKMP-BPL,2026-11-19T23:00:00,2026-11-19T23:16:00,UP
MOV-004092,TRN-12015,SEC-RKMP-BPL,2026-11-19T20:15:00,2026-11-19T20:45:00,UP
MOV-004093,TRN-12007,SEC-RKMP-BPL,2026-11-19T11:00:00,2026-11-19T11:20:00,DOWN
MOV-004094,TRN-12048,SEC-RKMP-BPL,2026-11-19T14:00:00,2026-11-19T14:29:00,DOWN
MOV-004095,TRN-12015,SEC-RKMP-BPL,2026-11-19T20:45:00,2026-11-19T21:12:00,UP
MOV-004096,TRN-12022,SEC-RKMP-BPL,2026-11-19T10:00:00,2026-11-19T10:21:00,UP
MOV-004097,TRN-12010,SEC-RKMP-BPL,2026-11-19T17:00:00,2026-11-19T17:24:00,UP
MOV-004098,TRN-12003,SEC-RKMP-BPL,2026-11-19T19:45:00,2026-11-19T20:12:00,DOWN
MOV-004099,TRN-12051,SEC-RKMP-BPL,2026-11-20T18:15:00,2026-11-20T18:44:00,DOWN
MOV-004100,TRN-12037,SEC-RKMP-BPL,2026-11-20T04:15:00,2026-11-20T04:33:00,UP
MOV-004101,TRN-12054,SEC-RKMP-BPL,2026-11-20T04:45:00,2026-11-20T05:05:00,UP
MOV-004102,TRN-12032,SEC-RKMP-BPL,2026-11-20T03:00:00,2026-11-20T03:21:00,UP
MOV-004103,TRN-12046,SEC-RKMP-BPL,2026-11-20T13:45:00,2026-11-20T14:17:00,UP
MOV-004104,TRN-12050,SEC-RKMP-BPL,2026-11-20T01:15:00,2026-11-20T01:43:00,UP
MOV-004105,TRN-12045,SEC-RKMP-BPL,2026-11-20T20:15:00,2026-11-20T20:35:00,DOWN
MOV-004106,TRN-12053,SEC-RKMP-BPL,2026-11-20T23:45:00,2026-11-21T00:04:00,UP
MOV-004107,TRN-12035,SEC-RKMP-BPL,2026-11-20T09:30:00,2026-11-20T10:03:00,DOWN
MOV-004108,TRN-12022,SEC-RKMP-BPL,2026-11-20T20:15:00,2026-11-20T20:42:00,UP
MOV-004109,TRN-12031,SEC-RKMP-BPL,2026-11-20T10:00:00,2026-11-20T10:19:00,DOWN
MOV-004110,TRN-12011,SEC-RKMP-BPL,2026-11-20T03:00:00,2026-11-20T03:15:00,UP
MOV-004111,TRN-12030,SEC-RKMP-BPL,2026-11-20T14:30:00,2026-11-20T14:55:00,DOWN
MOV-004112,TRN-12015,SEC-RKMP-BPL,2026-11-20T17:00:00,2026-11-20T17:31:00,UP
MOV-004113,TRN-12021,SEC-RKMP-BPL,2026-11-20T03:30:00,2026-11-20T03:52:00,DOWN
MOV-004114,TRN-12011,SEC-RKMP-BPL,2026-11-20T10:45:00,2026-11-20T11:16:00,DOWN
MOV-004115,TRN-12032,SEC-RKMP-BPL,2026-11-20T20:00:00,2026-11-20T20:31:00,DOWN
MOV-004116,TRN-12021,SEC-RKMP-BPL,2026-11-20T05:30:00,2026-11-20T05:45:00,DOWN
MOV-004117,TRN-12015,SEC-RKMP-BPL,2026-11-20T09:00:00,2026-11-20T09:24:00,UP
MOV-004118,TRN-12012,SEC-RKMP-BPL,2026-11-20T21:45:00,2026-11-20T22:07:00,UP
MOV-004119,TRN-12051,SEC-RKMP-BPL,2026-11-20T16:30:00,2026-11-20T16:57:00,UP
MOV-004120,TRN-12029,SEC-RKMP-BPL,2026-11-20T04:30:00,2026-11-20T05:03:00,DOWN
MOV-004121,TRN-12037,SEC-RKMP-BPL,2026-11-20T16:45:00,2026-11-20T17:00:00,UP
MOV-004122,TRN-12017,SEC-RKMP-BPL,2026-11-20T17:15:00,2026-11-20T17:45:00,UP
MOV-004123,TRN-12059,SEC-RKMP-BPL,2026-11-20T18:00:00,2026-11-20T18:34:00,DOWN
MOV-004124,TRN-12003,SEC-RKMP-BPL,2026-11-20T09:45:00,2026-11-20T10:16:00,UP
MOV-004125,TRN-12033,SEC-RKMP-BPL,2026-11-20T00:30:00,2026-11-20T00:58:00,UP
MOV-004126,TRN-12019,SEC-RKMP-BPL,2026-11-20T19:15:00,2026-11-20T19:35:00,UP
MOV-004127,TRN-12030,SEC-RKMP-BPL,2026-11-20T06:30:00,2026-11-20T07:02:00,DOWN
MOV-004128,TRN-12014,SEC-RKMP-BPL,2026-11-20T11:30:00,2026-11-20T11:58:00,DOWN
MOV-004129,TRN-12030,SEC-RKMP-BPL,2026-11-20T07:30:00,2026-11-20T07:47:00,DOWN
MOV-004130,TRN-12054,SEC-RKMP-BPL,2026-11-20T17:15:00,2026-11-20T17:46:00,DOWN
MOV-004131,TRN-12033,SEC-RKMP-BPL,2026-11-20T20:00:00,2026-11-20T20:30:00,DOWN
MOV-004132,TRN-12032,SEC-RKMP-BPL,2026-11-20T01:45:00,2026-11-20T02:04:00,DOWN
MOV-004133,TRN-12048,SEC-RKMP-BPL,2026-11-20T08:15:00,2026-11-20T08:30:00,UP
MOV-004134,TRN-12004,SEC-RKMP-BPL,2026-11-20T23:30:00,2026-11-20T23:49:00,DOWN
MOV-004135,TRN-12002,SEC-RKMP-BPL,2026-11-20T13:00:00,2026-11-20T13:16:00,UP
MOV-004136,TRN-12018,SEC-RKMP-BPL,2026-11-20T17:45:00,2026-11-20T18:15:00,DOWN
MOV-004137,TRN-12034,SEC-RKMP-BPL,2026-11-20T08:15:00,2026-11-20T08:48:00,DOWN
MOV-004138,TRN-12034,SEC-RKMP-BPL,2026-11-20T00:15:00,2026-11-20T00:43:00,UP
MOV-004139,TRN-12037,SEC-RKMP-BPL,2026-11-20T19:00:00,2026-11-20T19:33:00,DOWN
MOV-004140,TRN-12026,SEC-RKMP-BPL,2026-11-20T18:00:00,2026-11-20T18:21:00,UP
MOV-004141,TRN-12039,SEC-RKMP-BPL,2026-11-20T20:30:00,2026-11-20T20:59:00,UP
MOV-004142,TRN-12057,SEC-RKMP-BPL,2026-11-20T04:30:00,2026-11-20T04:58:00,DOWN
MOV-004143,TRN-12057,SEC-RKMP-BPL,2026-11-20T14:30:00,2026-11-20T14:53:00,DOWN
MOV-004144,TRN-12041,SEC-RKMP-BPL,2026-11-20T15:30:00,2026-11-20T15:53:00,UP
MOV-004145,TRN-12004,SEC-RKMP-BPL,2026-11-20T10:15:00,2026-11-20T10:42:00,DOWN
MOV-004146,TRN-12043,SEC-RKMP-BPL,2026-11-20T19:30:00,2026-11-20T20:03:00,DOWN
MOV-004147,TRN-12010,SEC-RKMP-BPL,2026-11-20T15:30:00,2026-11-20T16:04:00,DOWN
MOV-004148,TRN-12001,SEC-RKMP-BPL,2026-11-20T05:00:00,2026-11-20T05:19:00,UP
MOV-004149,TRN-12047,SEC-RKMP-BPL,2026-11-20T11:30:00,2026-11-20T12:04:00,DOWN
MOV-004150,TRN-12029,SEC-RKMP-BPL,2026-11-20T06:45:00,2026-11-20T07:10:00,DOWN
MOV-004151,TRN-12002,SEC-RKMP-BPL,2026-11-20T03:00:00,2026-11-20T03:28:00,DOWN
MOV-004152,TRN-12019,SEC-RKMP-BPL,2026-11-21T14:45:00,2026-11-21T15:19:00,UP
MOV-004153,TRN-12041,SEC-RKMP-BPL,2026-11-21T02:45:00,2026-11-21T03:00:00,UP
MOV-004154,TRN-12044,SEC-RKMP-BPL,2026-11-21T23:00:00,2026-11-21T23:28:00,UP
MOV-004155,TRN-12004,SEC-RKMP-BPL,2026-11-21T10:30:00,2026-11-21T10:50:00,DOWN
MOV-004156,TRN-12037,SEC-RKMP-BPL,2026-11-21T10:15:00,2026-11-21T10:39:00,UP
MOV-004157,TRN-12037,SEC-RKMP-BPL,2026-11-21T18:15:00,2026-11-21T18:38:00,DOWN
MOV-004158,TRN-12037,SEC-RKMP-BPL,2026-11-21T07:00:00,2026-11-21T07:31:00,DOWN
MOV-004159,TRN-12038,SEC-RKMP-BPL,2026-11-21T06:00:00,2026-11-21T06:24:00,DOWN
MOV-004160,TRN-12018,SEC-RKMP-BPL,2026-11-21T12:45:00,2026-11-21T13:04:00,UP
MOV-004161,TRN-12015,SEC-RKMP-BPL,2026-11-21T21:30:00,2026-11-21T22:03:00,DOWN
MOV-004162,TRN-12026,SEC-RKMP-BPL,2026-11-21T01:15:00,2026-11-21T01:40:00,UP
MOV-004163,TRN-12001,SEC-RKMP-BPL,2026-11-21T23:15:00,2026-11-21T23:42:00,DOWN
MOV-004164,TRN-12033,SEC-RKMP-BPL,2026-11-21T16:00:00,2026-11-21T16:28:00,DOWN
MOV-004165,TRN-12056,SEC-RKMP-BPL,2026-11-21T02:00:00,2026-11-21T02:15:00,DOWN
MOV-004166,TRN-12017,SEC-RKMP-BPL,2026-11-21T12:15:00,2026-11-21T12:43:00,DOWN
MOV-004167,TRN-12020,SEC-RKMP-BPL,2026-11-21T18:15:00,2026-11-21T18:33:00,UP
MOV-004168,TRN-12023,SEC-RKMP-BPL,2026-11-21T13:45:00,2026-11-21T14:16:00,DOWN
MOV-004169,TRN-12025,SEC-RKMP-BPL,2026-11-21T04:45:00,2026-11-21T05:07:00,DOWN
MOV-004170,TRN-12038,SEC-RKMP-BPL,2026-11-21T22:45:00,2026-11-21T23:14:00,DOWN
MOV-004171,TRN-12009,SEC-RKMP-BPL,2026-11-21T00:30:00,2026-11-21T00:59:00,DOWN
MOV-004172,TRN-12016,SEC-RKMP-BPL,2026-11-21T12:45:00,2026-11-21T13:01:00,UP
MOV-004173,TRN-12057,SEC-RKMP-BPL,2026-11-21T04:15:00,2026-11-21T04:39:00,DOWN
MOV-004174,TRN-12016,SEC-RKMP-BPL,2026-11-21T19:00:00,2026-11-21T19:22:00,DOWN
MOV-004175,TRN-12001,SEC-RKMP-BPL,2026-11-21T18:30:00,2026-11-21T19:01:00,UP
MOV-004176,TRN-12024,SEC-RKMP-BPL,2026-11-21T21:00:00,2026-11-21T21:24:00,UP
MOV-004177,TRN-12027,SEC-RKMP-BPL,2026-11-21T10:30:00,2026-11-21T10:48:00,DOWN
MOV-004178,TRN-12054,SEC-RKMP-BPL,2026-11-21T04:45:00,2026-11-21T05:05:00,UP
MOV-004179,TRN-12024,SEC-RKMP-BPL,2026-11-21T19:45:00,2026-11-21T20:12:00,DOWN
MOV-004180,TRN-12016,SEC-RKMP-BPL,2026-11-21T21:30:00,2026-11-21T21:47:00,UP
MOV-004181,TRN-12017,SEC-RKMP-BPL,2026-11-21T01:15:00,2026-11-21T01:49:00,UP
MOV-004182,TRN-12039,SEC-RKMP-BPL,2026-11-21T23:15:00,2026-11-21T23:43:00,UP
MOV-004183,TRN-12018,SEC-RKMP-BPL,2026-11-21T22:30:00,2026-11-21T22:53:00,DOWN
MOV-004184,TRN-12055,SEC-RKMP-BPL,2026-11-21T18:45:00,2026-11-21T19:06:00,UP
MOV-004185,TRN-12014,SEC-RKMP-BPL,2026-11-21T16:45:00,2026-11-21T17:13:00,DOWN
MOV-004186,TRN-12047,SEC-RKMP-BPL,2026-11-21T04:15:00,2026-11-21T04:44:00,UP
MOV-004187,TRN-12055,SEC-RKMP-BPL,2026-11-21T04:45:00,2026-11-21T05:12:00,DOWN
MOV-004188,TRN-12047,SEC-RKMP-BPL,2026-11-21T12:45:00,2026-11-21T13:06:00,DOWN
MOV-004189,TRN-12055,SEC-RKMP-BPL,2026-11-21T02:15:00,2026-11-21T02:30:00,DOWN
MOV-004190,TRN-12047,SEC-RKMP-BPL,2026-11-21T00:30:00,2026-11-21T00:53:00,DOWN
MOV-004191,TRN-12014,SEC-RKMP-BPL,2026-11-21T03:00:00,2026-11-21T03:23:00,UP
MOV-004192,TRN-12056,SEC-RKMP-BPL,2026-11-21T11:00:00,2026-11-21T11:28:00,UP
MOV-004193,TRN-12021,SEC-RKMP-BPL,2026-11-21T15:15:00,2026-11-21T15:41:00,UP
MOV-004194,TRN-12058,SEC-RKMP-BPL,2026-11-21T06:45:00,2026-11-21T07:12:00,DOWN
MOV-004195,TRN-12011,SEC-RKMP-BPL,2026-11-21T00:30:00,2026-11-21T00:54:00,UP
MOV-004196,TRN-12054,SEC-RKMP-BPL,2026-11-21T07:15:00,2026-11-21T07:44:00,DOWN
MOV-004197,TRN-12054,SEC-RKMP-BPL,2026-11-21T15:00:00,2026-11-21T15:17:00,DOWN
MOV-004198,TRN-12031,SEC-RKMP-BPL,2026-11-21T03:30:00,2026-11-21T04:03:00,UP
MOV-004199,TRN-12050,SEC-RKMP-BPL,2026-11-21T08:15:00,2026-11-21T08:44:00,UP
MOV-004200,TRN-12010,SEC-RKMP-BPL,2026-11-21T23:15:00,2026-11-21T23:33:00,DOWN
MOV-004201,TRN-12014,SEC-RKMP-BPL,2026-11-21T18:00:00,2026-11-21T18:25:00,UP
MOV-004202,TRN-12058,SEC-RKMP-BPL,2026-11-21T12:45:00,2026-11-21T13:04:00,UP
MOV-004203,TRN-12049,SEC-RKMP-BPL,2026-11-21T03:45:00,2026-11-21T04:15:00,DOWN
MOV-004204,TRN-12015,SEC-RKMP-BPL,2026-11-21T19:45:00,2026-11-21T20:05:00,DOWN
MOV-004205,TRN-12004,SEC-RKMP-BPL,2026-11-21T09:00:00,2026-11-21T09:26:00,DOWN
MOV-004206,TRN-12041,SEC-RKMP-BPL,2026-11-22T22:00:00,2026-11-22T22:19:00,UP
MOV-004207,TRN-12056,SEC-RKMP-BPL,2026-11-22T02:00:00,2026-11-22T02:18:00,DOWN
MOV-004208,TRN-12035,SEC-RKMP-BPL,2026-11-22T22:00:00,2026-11-22T22:22:00,DOWN
MOV-004209,TRN-12005,SEC-RKMP-BPL,2026-11-22T22:45:00,2026-11-22T23:02:00,DOWN
MOV-004210,TRN-12027,SEC-RKMP-BPL,2026-11-22T08:45:00,2026-11-22T09:10:00,UP
MOV-004211,TRN-12049,SEC-RKMP-BPL,2026-11-22T17:00:00,2026-11-22T17:28:00,DOWN
MOV-004212,TRN-12017,SEC-RKMP-BPL,2026-11-22T10:45:00,2026-11-22T11:03:00,DOWN
MOV-004213,TRN-12050,SEC-RKMP-BPL,2026-11-22T22:15:00,2026-11-22T22:35:00,DOWN
MOV-004214,TRN-12028,SEC-RKMP-BPL,2026-11-22T13:30:00,2026-11-22T13:55:00,DOWN
MOV-004215,TRN-12026,SEC-RKMP-BPL,2026-11-22T09:15:00,2026-11-22T09:43:00,DOWN
MOV-004216,TRN-12034,SEC-RKMP-BPL,2026-11-22T16:15:00,2026-11-22T16:45:00,UP
MOV-004217,TRN-12026,SEC-RKMP-BPL,2026-11-22T01:15:00,2026-11-22T01:44:00,UP
MOV-004218,TRN-12014,SEC-RKMP-BPL,2026-11-22T18:45:00,2026-11-22T19:08:00,UP
MOV-004219,TRN-12031,SEC-RKMP-BPL,2026-11-22T18:15:00,2026-11-22T18:33:00,UP
MOV-004220,TRN-12016,SEC-RKMP-BPL,2026-11-22T16:00:00,2026-11-22T16:27:00,UP
MOV-004221,TRN-12059,SEC-RKMP-BPL,2026-11-22T15:00:00,2026-11-22T15:34:00,DOWN
MOV-004222,TRN-12037,SEC-RKMP-BPL,2026-11-22T01:00:00,2026-11-22T01:31:00,UP
MOV-004223,TRN-12037,SEC-RKMP-BPL,2026-11-22T23:15:00,2026-11-22T23:37:00,DOWN
MOV-004224,TRN-12004,SEC-RKMP-BPL,2026-11-22T10:45:00,2026-11-22T11:04:00,UP
MOV-004225,TRN-12029,SEC-RKMP-BPL,2026-11-22T01:00:00,2026-11-22T01:20:00,DOWN
MOV-004226,TRN-12014,SEC-RKMP-BPL,2026-11-22T17:15:00,2026-11-22T17:45:00,UP
MOV-004227,TRN-12053,SEC-RKMP-BPL,2026-11-22T08:45:00,2026-11-22T09:16:00,UP
MOV-004228,TRN-12041,SEC-RKMP-BPL,2026-11-22T02:15:00,2026-11-22T02:37:00,DOWN
MOV-004229,TRN-12057,SEC-RKMP-BPL,2026-11-22T18:45:00,2026-11-22T19:19:00,DOWN
MOV-004230,TRN-12036,SEC-RKMP-BPL,2026-11-22T04:45:00,2026-11-22T05:03:00,UP
MOV-004231,TRN-12053,SEC-RKMP-BPL,2026-11-22T02:00:00,2026-11-22T02:25:00,DOWN
MOV-004232,TRN-12003,SEC-RKMP-BPL,2026-11-22T09:00:00,2026-11-22T09:21:00,UP
MOV-004233,TRN-12041,SEC-RKMP-BPL,2026-11-22T11:45:00,2026-11-22T12:00:00,DOWN
MOV-004234,TRN-12055,SEC-RKMP-BPL,2026-11-22T11:30:00,2026-11-22T11:53:00,DOWN
MOV-004235,TRN-12055,SEC-RKMP-BPL,2026-11-22T12:30:00,2026-11-22T13:04:00,UP
MOV-004236,TRN-12011,SEC-RKMP-BPL,2026-11-22T16:30:00,2026-11-22T16:49:00,DOWN
MOV-004237,TRN-12004,SEC-RKMP-BPL,2026-11-22T07:45:00,2026-11-22T08:12:00,DOWN
MOV-004238,TRN-12038,SEC-RKMP-BPL,2026-11-22T03:45:00,2026-11-22T04:05:00,DOWN
MOV-004239,TRN-12060,SEC-RKMP-BPL,2026-11-22T05:30:00,2026-11-22T05:45:00,DOWN
MOV-004240,TRN-12027,SEC-RKMP-BPL,2026-11-22T01:30:00,2026-11-22T02:04:00,UP
MOV-004241,TRN-12054,SEC-RKMP-BPL,2026-11-22T20:30:00,2026-11-22T21:03:00,UP
MOV-004242,TRN-12044,SEC-RKMP-BPL,2026-11-22T16:30:00,2026-11-22T17:01:00,DOWN
MOV-004243,TRN-12048,SEC-RKMP-BPL,2026-11-22T14:45:00,2026-11-22T15:11:00,DOWN
MOV-004244,TRN-12012,SEC-RKMP-BPL,2026-11-22T07:45:00,2026-11-22T08:09:00,DOWN
MOV-004245,TRN-12049,SEC-RKMP-BPL,2026-11-22T07:15:00,2026-11-22T07:30:00,UP
MOV-004246,TRN-12031,SEC-RKMP-BPL,2026-11-22T17:15:00,2026-11-22T17:38:00,UP
MOV-004247,TRN-12049,SEC-RKMP-BPL,2026-11-22T12:00:00,2026-11-22T12:27:00,UP
MOV-004248,TRN-12052,SEC-RKMP-BPL,2026-11-22T06:45:00,2026-11-22T07:13:00,UP
MOV-004249,TRN-12046,SEC-RKMP-BPL,2026-11-22T17:15:00,2026-11-22T17:33:00,UP
MOV-004250,TRN-12037,SEC-RKMP-BPL,2026-11-22T03:15:00,2026-11-22T03:44:00,DOWN
MOV-004251,TRN-12060,SEC-RKMP-BPL,2026-11-22T05:45:00,2026-11-22T06:08:00,UP
MOV-004252,TRN-12058,SEC-RKMP-BPL,2026-11-22T14:30:00,2026-11-22T14:50:00,DOWN
MOV-004253,TRN-12002,SEC-RKMP-BPL,2026-11-22T02:00:00,2026-11-22T02:28:00,UP
MOV-004254,TRN-12048,SEC-RKMP-BPL,2026-11-22T04:30:00,2026-11-22T05:00:00,DOWN
MOV-004255,TRN-12018,SEC-RKMP-BPL,2026-11-22T01:45:00,2026-11-22T02:08:00,DOWN
MOV-004256,TRN-12012,SEC-RKMP-BPL,2026-11-22T13:00:00,2026-11-22T13:24:00,UP
MOV-004257,TRN-12046,SEC-RKMP-BPL,2026-11-22T14:00:00,2026-11-22T14:24:00,UP
MOV-004258,TRN-12041,SEC-RKMP-BPL,2026-11-22T11:15:00,2026-11-22T11:46:00,DOWN
MOV-004259,TRN-12049,SEC-RKMP-BPL,2026-11-22T21:45:00,2026-11-22T22:19:00,DOWN
MOV-004260,TRN-12034,SEC-RKMP-BPL,2026-11-22T12:00:00,2026-11-22T12:31:00,DOWN
MOV-004261,TRN-12053,SEC-RKMP-BPL,2026-11-22T16:15:00,2026-11-22T16:35:00,DOWN
MOV-004262,TRN-12045,SEC-RKMP-BPL,2026-11-22T20:30:00,2026-11-22T20:55:00,UP
MOV-004263,TRN-12043,SEC-RKMP-BPL,2026-11-23T05:00:00,2026-11-23T05:30:00,DOWN
MOV-004264,TRN-12007,SEC-RKMP-BPL,2026-11-23T11:15:00,2026-11-23T11:30:00,DOWN
MOV-004265,TRN-12024,SEC-RKMP-BPL,2026-11-23T21:00:00,2026-11-23T21:31:00,UP
MOV-004266,TRN-12046,SEC-RKMP-BPL,2026-11-23T18:15:00,2026-11-23T18:35:00,UP
MOV-004267,TRN-12021,SEC-RKMP-BPL,2026-11-23T16:30:00,2026-11-23T16:48:00,UP
MOV-004268,TRN-12034,SEC-RKMP-BPL,2026-11-23T13:45:00,2026-11-23T14:15:00,DOWN
MOV-004269,TRN-12036,SEC-RKMP-BPL,2026-11-23T15:15:00,2026-11-23T15:43:00,UP
MOV-004270,TRN-12050,SEC-RKMP-BPL,2026-11-23T20:15:00,2026-11-23T20:39:00,UP
MOV-004271,TRN-12050,SEC-RKMP-BPL,2026-11-23T04:15:00,2026-11-23T04:42:00,DOWN
MOV-004272,TRN-12018,SEC-RKMP-BPL,2026-11-23T02:30:00,2026-11-23T02:57:00,DOWN
MOV-004273,TRN-12001,SEC-RKMP-BPL,2026-11-23T00:15:00,2026-11-23T00:41:00,UP
MOV-004274,TRN-12011,SEC-RKMP-BPL,2026-11-23T10:15:00,2026-11-23T10:44:00,UP
MOV-004275,TRN-12054,SEC-RKMP-BPL,2026-11-23T04:15:00,2026-11-23T04:49:00,DOWN
MOV-004276,TRN-12060,SEC-RKMP-BPL,2026-11-23T00:30:00,2026-11-23T00:46:00,DOWN
MOV-004277,TRN-12020,SEC-RKMP-BPL,2026-11-23T18:00:00,2026-11-23T18:32:00,UP
MOV-004278,TRN-12032,SEC-RKMP-BPL,2026-11-23T13:00:00,2026-11-23T13:21:00,DOWN
MOV-004279,TRN-12058,SEC-RKMP-BPL,2026-11-23T23:30:00,2026-11-23T23:50:00,UP
MOV-004280,TRN-12028,SEC-RKMP-BPL,2026-11-23T09:15:00,2026-11-23T09:47:00,UP
MOV-004281,TRN-12002,SEC-RKMP-BPL,2026-11-23T17:30:00,2026-11-23T17:52:00,DOWN
MOV-004282,TRN-12057,SEC-RKMP-BPL,2026-11-23T22:45:00,2026-11-23T23:11:00,UP
MOV-004283,TRN-12031,SEC-RKMP-BPL,2026-11-23T19:45:00,2026-11-23T20:15:00,DOWN
MOV-004284,TRN-12031,SEC-RKMP-BPL,2026-11-23T02:15:00,2026-11-23T02:36:00,DOWN
MOV-004285,TRN-12047,SEC-RKMP-BPL,2026-11-23T10:15:00,2026-11-23T10:33:00,UP
MOV-004286,TRN-12019,SEC-RKMP-BPL,2026-11-23T05:15:00,2026-11-23T05:49:00,DOWN
MOV-004287,TRN-12034,SEC-RKMP-BPL,2026-11-23T04:45:00,2026-11-23T05:12:00,DOWN
MOV-004288,TRN-12028,SEC-RKMP-BPL,2026-11-23T13:45:00,2026-11-23T14:14:00,UP
MOV-004289,TRN-12041,SEC-RKMP-BPL,2026-11-23T22:15:00,2026-11-23T22:48:00,DOWN
MOV-004290,TRN-12012,SEC-RKMP-BPL,2026-11-23T23:30:00,2026-11-23T23:52:00,UP
MOV-004291,TRN-12055,SEC-RKMP-BPL,2026-11-23T19:00:00,2026-11-23T19:27:00,UP
MOV-004292,TRN-12018,SEC-RKMP-BPL,2026-11-23T13:00:00,2026-11-23T13:25:00,UP
MOV-004293,TRN-12035,SEC-RKMP-BPL,2026-11-23T19:00:00,2026-11-23T19:30:00,UP
MOV-004294,TRN-12003,SEC-RKMP-BPL,2026-11-23T10:15:00,2026-11-23T10:33:00,UP
MOV-004295,TRN-12053,SEC-RKMP-BPL,2026-11-23T14:30:00,2026-11-23T14:47:00,UP
MOV-004296,TRN-12021,SEC-RKMP-BPL,2026-11-23T18:45:00,2026-11-23T19:02:00,UP
MOV-004297,TRN-12024,SEC-RKMP-BPL,2026-11-23T17:00:00,2026-11-23T17:24:00,DOWN
MOV-004298,TRN-12028,SEC-RKMP-BPL,2026-11-23T18:30:00,2026-11-23T18:56:00,UP
MOV-004299,TRN-12060,SEC-RKMP-BPL,2026-11-23T05:45:00,2026-11-23T06:19:00,DOWN
MOV-004300,TRN-12053,SEC-RKMP-BPL,2026-11-23T17:30:00,2026-11-23T17:46:00,UP
MOV-004301,TRN-12005,SEC-RKMP-BPL,2026-11-23T00:45:00,2026-11-23T01:03:00,UP
MOV-004302,TRN-12057,SEC-RKMP-BPL,2026-11-23T06:45:00,2026-11-23T07:19:00,DOWN
MOV-004303,TRN-12056,SEC-RKMP-BPL,2026-11-23T23:00:00,2026-11-23T23:17:00,UP
MOV-004304,TRN-12034,SEC-RKMP-BPL,2026-11-23T18:00:00,2026-11-23T18:18:00,UP
MOV-004305,TRN-12017,SEC-RKMP-BPL,2026-11-23T22:15:00,2026-11-23T22:47:00,UP
MOV-004306,TRN-12007,SEC-RKMP-BPL,2026-11-23T19:00:00,2026-11-23T19:16:00,DOWN
MOV-004307,TRN-12009,SEC-RKMP-BPL,2026-11-23T01:15:00,2026-11-23T01:41:00,DOWN
MOV-004308,TRN-12036,SEC-RKMP-BPL,2026-11-23T00:15:00,2026-11-23T00:36:00,UP
MOV-004309,TRN-12034,SEC-RKMP-BPL,2026-11-23T05:30:00,2026-11-23T06:03:00,DOWN
MOV-004310,TRN-12024,SEC-RKMP-BPL,2026-11-23T10:30:00,2026-11-23T10:59:00,UP
MOV-004311,TRN-12003,SEC-RKMP-BPL,2026-11-23T16:30:00,2026-11-23T16:47:00,DOWN
MOV-004312,TRN-12005,SEC-RKMP-BPL,2026-11-23T15:30:00,2026-11-23T15:45:00,DOWN
MOV-004313,TRN-12008,SEC-RKMP-BPL,2026-11-23T06:30:00,2026-11-23T06:52:00,DOWN
MOV-004314,TRN-12060,SEC-RKMP-BPL,2026-11-24T02:00:00,2026-11-24T02:18:00,DOWN
MOV-004315,TRN-12026,SEC-RKMP-BPL,2026-11-24T17:15:00,2026-11-24T17:33:00,DOWN
MOV-004316,TRN-12038,SEC-RKMP-BPL,2026-11-24T16:15:00,2026-11-24T16:40:00,DOWN
MOV-004317,TRN-12037,SEC-RKMP-BPL,2026-11-24T22:15:00,2026-11-24T22:30:00,DOWN
MOV-004318,TRN-12028,SEC-RKMP-BPL,2026-11-24T01:00:00,2026-11-24T01:21:00,UP
MOV-004319,TRN-12042,SEC-RKMP-BPL,2026-11-24T14:15:00,2026-11-24T14:31:00,UP
MOV-004320,TRN-12057,SEC-RKMP-BPL,2026-11-24T08:00:00,2026-11-24T08:29:00,DOWN
MOV-004321,TRN-12008,SEC-RKMP-BPL,2026-11-24T22:30:00,2026-11-24T22:50:00,DOWN
MOV-004322,TRN-12026,SEC-RKMP-BPL,2026-11-24T15:00:00,2026-11-24T15:19:00,DOWN
MOV-004323,TRN-12049,SEC-RKMP-BPL,2026-11-24T00:00:00,2026-11-24T00:27:00,DOWN
MOV-004324,TRN-12041,SEC-RKMP-BPL,2026-11-24T16:15:00,2026-11-24T16:31:00,DOWN
MOV-004325,TRN-12048,SEC-RKMP-BPL,2026-11-24T10:30:00,2026-11-24T10:49:00,UP
MOV-004326,TRN-12015,SEC-RKMP-BPL,2026-11-24T10:00:00,2026-11-24T10:27:00,UP
MOV-004327,TRN-12044,SEC-RKMP-BPL,2026-11-24T12:45:00,2026-11-24T13:04:00,UP
MOV-004328,TRN-12015,SEC-RKMP-BPL,2026-11-24T15:00:00,2026-11-24T15:28:00,DOWN
MOV-004329,TRN-12041,SEC-RKMP-BPL,2026-11-24T03:15:00,2026-11-24T03:40:00,UP
MOV-004330,TRN-12028,SEC-RKMP-BPL,2026-11-24T18:45:00,2026-11-24T19:06:00,UP
MOV-004331,TRN-12013,SEC-RKMP-BPL,2026-11-24T09:30:00,2026-11-24T09:59:00,UP
MOV-004332,TRN-12013,SEC-RKMP-BPL,2026-11-24T00:00:00,2026-11-24T00:16:00,UP
MOV-004333,TRN-12042,SEC-RKMP-BPL,2026-11-24T18:45:00,2026-11-24T19:10:00,UP
MOV-004334,TRN-12054,SEC-RKMP-BPL,2026-11-24T03:30:00,2026-11-24T04:01:00,DOWN
MOV-004335,TRN-12016,SEC-RKMP-BPL,2026-11-24T14:45:00,2026-11-24T15:04:00,DOWN
MOV-004336,TRN-12004,SEC-RKMP-BPL,2026-11-24T05:45:00,2026-11-24T06:09:00,UP
MOV-004337,TRN-12021,SEC-RKMP-BPL,2026-11-24T02:45:00,2026-11-24T03:18:00,UP
MOV-004338,TRN-12015,SEC-RKMP-BPL,2026-11-24T20:45:00,2026-11-24T21:15:00,DOWN
MOV-004339,TRN-12052,SEC-RKMP-BPL,2026-11-24T08:45:00,2026-11-24T09:17:00,UP
MOV-004340,TRN-12005,SEC-RKMP-BPL,2026-11-24T12:45:00,2026-11-24T13:16:00,UP
MOV-004341,TRN-12023,SEC-RKMP-BPL,2026-11-24T18:00:00,2026-11-24T18:29:00,UP
MOV-004342,TRN-12002,SEC-RKMP-BPL,2026-11-24T05:30:00,2026-11-24T06:02:00,UP
MOV-004343,TRN-12028,SEC-RKMP-BPL,2026-11-24T04:30:00,2026-11-24T05:00:00,DOWN
MOV-004344,TRN-12022,SEC-RKMP-BPL,2026-11-24T07:15:00,2026-11-24T07:45:00,UP
MOV-004345,TRN-12002,SEC-RKMP-BPL,2026-11-24T22:00:00,2026-11-24T22:33:00,UP
MOV-004346,TRN-12033,SEC-RKMP-BPL,2026-11-24T07:30:00,2026-11-24T07:53:00,UP
MOV-004347,TRN-12029,SEC-RKMP-BPL,2026-11-24T23:00:00,2026-11-24T23:19:00,UP
MOV-004348,TRN-12045,SEC-RKMP-BPL,2026-11-24T16:30:00,2026-11-24T16:45:00,DOWN
MOV-004349,TRN-12049,SEC-RKMP-BPL,2026-11-24T22:45:00,2026-11-24T23:05:00,DOWN
MOV-004350,TRN-12025,SEC-RKMP-BPL,2026-11-24T14:15:00,2026-11-24T14:43:00,DOWN
MOV-004351,TRN-12040,SEC-RKMP-BPL,2026-11-24T22:45:00,2026-11-24T23:02:00,DOWN
MOV-004352,TRN-12050,SEC-RKMP-BPL,2026-11-24T10:30:00,2026-11-24T10:57:00,DOWN
MOV-004353,TRN-12049,SEC-RKMP-BPL,2026-11-24T02:00:00,2026-11-24T02:19:00,DOWN
MOV-004354,TRN-12051,SEC-RKMP-BPL,2026-11-24T15:00:00,2026-11-24T15:29:00,UP
MOV-004355,TRN-12023,SEC-RKMP-BPL,2026-11-24T18:15:00,2026-11-24T18:42:00,UP
MOV-004356,TRN-12023,SEC-RKMP-BPL,2026-11-24T13:30:00,2026-11-24T14:03:00,UP
MOV-004357,TRN-12054,SEC-RKMP-BPL,2026-11-24T19:15:00,2026-11-24T19:32:00,UP
MOV-004358,TRN-12040,SEC-RKMP-BPL,2026-11-24T18:30:00,2026-11-24T18:59:00,UP
MOV-004359,TRN-12031,SEC-RKMP-BPL,2026-11-24T20:15:00,2026-11-24T20:47:00,UP
MOV-004360,TRN-12059,SEC-RKMP-BPL,2026-11-24T18:30:00,2026-11-24T18:57:00,DOWN
MOV-004361,TRN-12023,SEC-RKMP-BPL,2026-11-24T03:45:00,2026-11-24T04:02:00,DOWN
MOV-004362,TRN-12016,SEC-RKMP-BPL,2026-11-24T22:45:00,2026-11-24T23:09:00,DOWN
MOV-004363,TRN-12028,SEC-RKMP-BPL,2026-11-24T10:45:00,2026-11-24T11:05:00,DOWN
MOV-004364,TRN-12040,SEC-RKMP-BPL,2026-11-24T23:30:00,2026-11-25T00:01:00,UP
MOV-004365,TRN-12028,SEC-RKMP-BPL,2026-11-24T06:00:00,2026-11-24T06:15:00,UP
MOV-004366,TRN-12060,SEC-RKMP-BPL,2026-11-24T22:30:00,2026-11-24T22:52:00,DOWN
MOV-004367,TRN-12046,SEC-RKMP-BPL,2026-11-24T00:45:00,2026-11-24T01:17:00,DOWN
MOV-004368,TRN-12006,SEC-RKMP-BPL,2026-11-24T22:30:00,2026-11-24T22:56:00,UP
MOV-004369,TRN-12030,SEC-RKMP-BPL,2026-11-24T08:45:00,2026-11-24T09:06:00,UP
MOV-004370,TRN-12057,SEC-RKMP-BPL,2026-11-24T04:45:00,2026-11-24T05:19:00,UP
MOV-004371,TRN-12042,SEC-RKMP-BPL,2026-11-24T19:30:00,2026-11-24T19:58:00,UP
MOV-004372,TRN-12031,SEC-RKMP-BPL,2026-11-24T12:30:00,2026-11-24T13:03:00,DOWN
MOV-004373,TRN-12037,SEC-RKMP-BPL,2026-11-24T09:15:00,2026-11-24T09:30:00,DOWN
MOV-004374,TRN-12016,SEC-RKMP-BPL,2026-11-24T21:45:00,2026-11-24T22:18:00,DOWN
MOV-004375,TRN-12025,SEC-RKMP-BPL,2026-11-24T10:30:00,2026-11-24T10:53:00,UP
MOV-004376,TRN-12043,SEC-RKMP-BPL,2026-11-24T10:45:00,2026-11-24T11:04:00,UP
MOV-004377,TRN-12032,SEC-RKMP-BPL,2026-11-24T21:30:00,2026-11-24T21:46:00,UP
MOV-004378,TRN-12017,SEC-RKMP-BPL,2026-11-25T08:00:00,2026-11-25T08:29:00,UP
MOV-004379,TRN-12023,SEC-RKMP-BPL,2026-11-25T17:45:00,2026-11-25T18:04:00,UP
MOV-004380,TRN-12008,SEC-RKMP-BPL,2026-11-25T10:45:00,2026-11-25T11:06:00,UP
MOV-004381,TRN-12024,SEC-RKMP-BPL,2026-11-25T21:30:00,2026-11-25T21:57:00,DOWN
MOV-004382,TRN-12043,SEC-RKMP-BPL,2026-11-25T14:30:00,2026-11-25T14:55:00,UP
MOV-004383,TRN-12025,SEC-RKMP-BPL,2026-11-25T20:00:00,2026-11-25T20:31:00,DOWN
MOV-004384,TRN-12021,SEC-RKMP-BPL,2026-11-25T02:45:00,2026-11-25T03:00:00,DOWN
MOV-004385,TRN-12010,SEC-RKMP-BPL,2026-11-25T21:00:00,2026-11-25T21:31:00,DOWN
MOV-004386,TRN-12003,SEC-RKMP-BPL,2026-11-25T17:45:00,2026-11-25T18:04:00,DOWN
MOV-004387,TRN-12048,SEC-RKMP-BPL,2026-11-25T17:15:00,2026-11-25T17:32:00,UP
MOV-004388,TRN-12049,SEC-RKMP-BPL,2026-11-25T14:30:00,2026-11-25T15:00:00,UP
MOV-004389,TRN-12003,SEC-RKMP-BPL,2026-11-25T21:30:00,2026-11-25T21:56:00,DOWN
MOV-004390,TRN-12052,SEC-RKMP-BPL,2026-11-25T18:30:00,2026-11-25T19:00:00,UP
MOV-004391,TRN-12043,SEC-RKMP-BPL,2026-11-25T23:00:00,2026-11-25T23:26:00,DOWN
MOV-004392,TRN-12032,SEC-RKMP-BPL,2026-11-25T23:15:00,2026-11-25T23:34:00,UP
MOV-004393,TRN-12051,SEC-RKMP-BPL,2026-11-25T16:30:00,2026-11-25T16:53:00,UP
MOV-004394,TRN-12057,SEC-RKMP-BPL,2026-11-25T16:45:00,2026-11-25T17:16:00,DOWN
MOV-004395,TRN-12034,SEC-RKMP-BPL,2026-11-25T05:30:00,2026-11-25T05:59:00,DOWN
MOV-004396,TRN-12002,SEC-RKMP-BPL,2026-11-25T23:45:00,2026-11-26T00:07:00,UP
MOV-004397,TRN-12008,SEC-RKMP-BPL,2026-11-25T22:00:00,2026-11-25T22:22:00,UP
MOV-004398,TRN-12016,SEC-RKMP-BPL,2026-11-25T15:45:00,2026-11-25T16:17:00,DOWN
MOV-004399,TRN-12008,SEC-RKMP-BPL,2026-11-25T20:15:00,2026-11-25T20:48:00,UP
MOV-004400,TRN-12032,SEC-RKMP-BPL,2026-11-25T10:15:00,2026-11-25T10:33:00,DOWN
MOV-004401,TRN-12025,SEC-RKMP-BPL,2026-11-25T20:15:00,2026-11-25T20:49:00,UP
MOV-004402,TRN-12020,SEC-RKMP-BPL,2026-11-25T00:30:00,2026-11-25T00:46:00,UP
MOV-004403,TRN-12055,SEC-RKMP-BPL,2026-11-25T14:30:00,2026-11-25T15:01:00,DOWN
MOV-004404,TRN-12054,SEC-RKMP-BPL,2026-11-25T15:15:00,2026-11-25T15:32:00,UP
MOV-004405,TRN-12043,SEC-RKMP-BPL,2026-11-25T06:30:00,2026-11-25T06:47:00,UP
MOV-004406,TRN-12022,SEC-RKMP-BPL,2026-11-25T05:45:00,2026-11-25T06:07:00,UP
MOV-004407,TRN-12025,SEC-RKMP-BPL,2026-11-25T07:45:00,2026-11-25T08:14:00,UP
MOV-004408,TRN-12013,SEC-RKMP-BPL,2026-11-25T01:15:00,2026-11-25T01:43:00,DOWN
MOV-004409,TRN-12029,SEC-RKMP-BPL,2026-11-25T01:00:00,2026-11-25T01:23:00,UP
MOV-004410,TRN-12035,SEC-RKMP-BPL,2026-11-25T02:00:00,2026-11-25T02:26:00,UP
MOV-004411,TRN-12022,SEC-RKMP-BPL,2026-11-25T05:00:00,2026-11-25T05:21:00,UP
MOV-004412,TRN-12054,SEC-RKMP-BPL,2026-11-25T21:15:00,2026-11-25T21:35:00,UP
MOV-004413,TRN-12037,SEC-RKMP-BPL,2026-11-25T09:45:00,2026-11-25T10:19:00,UP
MOV-004414,TRN-12008,SEC-RKMP-BPL,2026-11-25T02:45:00,2026-11-25T03:08:00,UP
MOV-004415,TRN-12038,SEC-RKMP-BPL,2026-11-25T22:15:00,2026-11-25T22:36:00,DOWN
MOV-004416,TRN-12005,SEC-RKMP-BPL,2026-11-25T20:30:00,2026-11-25T20:45:00,UP
MOV-004417,TRN-12041,SEC-RKMP-BPL,2026-11-25T18:00:00,2026-11-25T18:28:00,DOWN
MOV-004418,TRN-12042,SEC-RKMP-BPL,2026-11-25T16:00:00,2026-11-25T16:27:00,DOWN
MOV-004419,TRN-12007,SEC-RKMP-BPL,2026-11-25T07:45:00,2026-11-25T08:19:00,UP
MOV-004420,TRN-12044,SEC-RKMP-BPL,2026-11-25T12:30:00,2026-11-25T12:55:00,DOWN
MOV-004421,TRN-12027,SEC-RKMP-BPL,2026-11-25T14:30:00,2026-11-25T14:56:00,DOWN
MOV-004422,TRN-12015,SEC-RKMP-BPL,2026-11-25T22:30:00,2026-11-25T23:04:00,UP
MOV-004423,TRN-12029,SEC-RKMP-BPL,2026-11-25T01:45:00,2026-11-25T02:16:00,UP
MOV-004424,TRN-12004,SEC-RKMP-BPL,2026-11-25T16:30:00,2026-11-25T16:55:00,UP
MOV-004425,TRN-12056,SEC-RKMP-BPL,2026-11-25T10:30:00,2026-11-25T11:02:00,DOWN
MOV-004426,TRN-12006,SEC-RKMP-BPL,2026-11-25T21:30:00,2026-11-25T22:02:00,DOWN
MOV-004427,TRN-12055,SEC-RKMP-BPL,2026-11-25T20:00:00,2026-11-25T20:18:00,UP
MOV-004428,TRN-12048,SEC-RKMP-BPL,2026-11-25T05:15:00,2026-11-25T05:45:00,UP
MOV-004429,TRN-12004,SEC-RKMP-BPL,2026-11-25T08:00:00,2026-11-25T08:22:00,DOWN
MOV-004430,TRN-12032,SEC-RKMP-BPL,2026-11-25T16:00:00,2026-11-25T16:30:00,UP
MOV-004431,TRN-12018,SEC-RKMP-BPL,2026-11-25T15:00:00,2026-11-25T15:24:00,UP
MOV-004432,TRN-12010,SEC-RKMP-BPL,2026-11-25T22:15:00,2026-11-25T22:30:00,UP
MOV-004433,TRN-12058,SEC-RKMP-BPL,2026-11-25T16:30:00,2026-11-25T17:03:00,UP
MOV-004434,TRN-12034,SEC-RKMP-BPL,2026-11-25T07:30:00,2026-11-25T08:02:00,UP
MOV-004435,TRN-12010,SEC-RKMP-BPL,2026-11-25T22:15:00,2026-11-25T22:36:00,UP
MOV-004436,TRN-12022,SEC-RKMP-BPL,2026-11-25T00:00:00,2026-11-25T00:18:00,UP
MOV-004437,TRN-12059,SEC-RKMP-BPL,2026-11-25T18:45:00,2026-11-25T19:04:00,UP
MOV-004438,TRN-12017,SEC-RKMP-BPL,2026-11-25T13:00:00,2026-11-25T13:19:00,DOWN
MOV-004439,TRN-12022,SEC-RKMP-BPL,2026-11-25T18:00:00,2026-11-25T18:33:00,DOWN
MOV-004440,TRN-12052,SEC-RKMP-BPL,2026-11-25T12:45:00,2026-11-25T13:07:00,UP
MOV-004441,TRN-12011,SEC-RKMP-BPL,2026-11-26T18:15:00,2026-11-26T18:32:00,UP
MOV-004442,TRN-12022,SEC-RKMP-BPL,2026-11-26T17:00:00,2026-11-26T17:15:00,DOWN
MOV-004443,TRN-12009,SEC-RKMP-BPL,2026-11-26T10:30:00,2026-11-26T10:55:00,UP
MOV-004444,TRN-12044,SEC-RKMP-BPL,2026-11-26T01:00:00,2026-11-26T01:17:00,DOWN
MOV-004445,TRN-12042,SEC-RKMP-BPL,2026-11-26T15:00:00,2026-11-26T15:21:00,UP
MOV-004446,TRN-12021,SEC-RKMP-BPL,2026-11-26T05:30:00,2026-11-26T06:00:00,DOWN
MOV-004447,TRN-12013,SEC-RKMP-BPL,2026-11-26T00:00:00,2026-11-26T00:31:00,DOWN
MOV-004448,TRN-12013,SEC-RKMP-BPL,2026-11-26T21:30:00,2026-11-26T21:48:00,UP
MOV-004449,TRN-12016,SEC-RKMP-BPL,2026-11-26T18:00:00,2026-11-26T18:18:00,DOWN
MOV-004450,TRN-12019,SEC-RKMP-BPL,2026-11-26T06:45:00,2026-11-26T07:18:00,DOWN
MOV-004451,TRN-12050,SEC-RKMP-BPL,2026-11-26T20:30:00,2026-11-26T21:01:00,UP
MOV-004452,TRN-12003,SEC-RKMP-BPL,2026-11-26T21:00:00,2026-11-26T21:29:00,UP
MOV-004453,TRN-12048,SEC-RKMP-BPL,2026-11-26T15:00:00,2026-11-26T15:21:00,DOWN
MOV-004454,TRN-12056,SEC-RKMP-BPL,2026-11-26T19:45:00,2026-11-26T20:19:00,DOWN
MOV-004455,TRN-12035,SEC-RKMP-BPL,2026-11-26T08:30:00,2026-11-26T09:00:00,UP
MOV-004456,TRN-12050,SEC-RKMP-BPL,2026-11-26T16:00:00,2026-11-26T16:33:00,DOWN
MOV-004457,TRN-12036,SEC-RKMP-BPL,2026-11-26T04:00:00,2026-11-26T04:31:00,UP
MOV-004458,TRN-12030,SEC-RKMP-BPL,2026-11-26T14:00:00,2026-11-26T14:32:00,DOWN
MOV-004459,TRN-12004,SEC-RKMP-BPL,2026-11-26T07:15:00,2026-11-26T07:34:00,DOWN
MOV-004460,TRN-12022,SEC-RKMP-BPL,2026-11-26T12:30:00,2026-11-26T12:49:00,DOWN
MOV-004461,TRN-12022,SEC-RKMP-BPL,2026-11-26T00:15:00,2026-11-26T00:41:00,UP
MOV-004462,TRN-12047,SEC-RKMP-BPL,2026-11-26T15:15:00,2026-11-26T15:41:00,UP
MOV-004463,TRN-12039,SEC-RKMP-BPL,2026-11-26T03:30:00,2026-11-26T03:46:00,UP
MOV-004464,TRN-12016,SEC-RKMP-BPL,2026-11-26T04:15:00,2026-11-26T04:33:00,UP
MOV-004465,TRN-12006,SEC-RKMP-BPL,2026-11-26T21:30:00,2026-11-26T21:49:00,UP
MOV-004466,TRN-12052,SEC-RKMP-BPL,2026-11-26T16:45:00,2026-11-26T17:03:00,UP
MOV-004467,TRN-12008,SEC-RKMP-BPL,2026-11-26T10:00:00,2026-11-26T10:15:00,DOWN
MOV-004468,TRN-12059,SEC-RKMP-BPL,2026-11-26T15:45:00,2026-11-26T16:16:00,DOWN
MOV-004469,TRN-12008,SEC-RKMP-BPL,2026-11-26T06:30:00,2026-11-26T07:01:00,DOWN
MOV-004470,TRN-12044,SEC-RKMP-BPL,2026-11-26T07:15:00,2026-11-26T07:31:00,UP
MOV-004471,TRN-12010,SEC-RKMP-BPL,2026-11-26T22:00:00,2026-11-26T22:22:00,DOWN
MOV-004472,TRN-12058,SEC-RKMP-BPL,2026-11-26T09:15:00,2026-11-26T09:40:00,DOWN
MOV-004473,TRN-12047,SEC-RKMP-BPL,2026-11-26T12:15:00,2026-11-26T12:37:00,DOWN
MOV-004474,TRN-12051,SEC-RKMP-BPL,2026-11-26T01:45:00,2026-11-26T02:09:00,UP
MOV-004475,TRN-12006,SEC-RKMP-BPL,2026-11-26T08:00:00,2026-11-26T08:17:00,UP
MOV-004476,TRN-12051,SEC-RKMP-BPL,2026-11-26T17:00:00,2026-11-26T17:28:00,UP
MOV-004477,TRN-12045,SEC-RKMP-BPL,2026-11-26T05:00:00,2026-11-26T05:21:00,DOWN
MOV-004478,TRN-12034,SEC-RKMP-BPL,2026-11-26T01:45:00,2026-11-26T02:16:00,DOWN
MOV-004479,TRN-12045,SEC-RKMP-BPL,2026-11-26T04:30:00,2026-11-26T05:03:00,UP
MOV-004480,TRN-12003,SEC-RKMP-BPL,2026-11-26T18:30:00,2026-11-26T18:59:00,DOWN
MOV-004481,TRN-12009,SEC-RKMP-BPL,2026-11-26T02:45:00,2026-11-26T03:17:00,UP
MOV-004482,TRN-12035,SEC-RKMP-BPL,2026-11-26T12:15:00,2026-11-26T12:42:00,DOWN
MOV-004483,TRN-12050,SEC-RKMP-BPL,2026-11-26T03:15:00,2026-11-26T03:48:00,UP
MOV-004484,TRN-12052,SEC-RKMP-BPL,2026-11-26T11:30:00,2026-11-26T11:50:00,DOWN
MOV-004485,TRN-12032,SEC-RKMP-BPL,2026-11-26T13:15:00,2026-11-26T13:31:00,DOWN
MOV-004486,TRN-12020,SEC-RKMP-BPL,2026-11-26T05:45:00,2026-11-26T06:03:00,DOWN
MOV-004487,TRN-12029,SEC-RKMP-BPL,2026-11-26T19:00:00,2026-11-26T19:30:00,UP
MOV-004488,TRN-12053,SEC-RKMP-BPL,2026-11-26T08:00:00,2026-11-26T08:24:00,UP
MOV-004489,TRN-12017,SEC-RKMP-BPL,2026-11-26T17:30:00,2026-11-26T17:59:00,DOWN
MOV-004490,TRN-12029,SEC-RKMP-BPL,2026-11-26T13:00:00,2026-11-26T13:20:00,DOWN
MOV-004491,TRN-12022,SEC-RKMP-BPL,2026-11-27T03:45:00,2026-11-27T04:11:00,DOWN
MOV-004492,TRN-12042,SEC-RKMP-BPL,2026-11-27T05:00:00,2026-11-27T05:22:00,UP
MOV-004493,TRN-12020,SEC-RKMP-BPL,2026-11-27T07:45:00,2026-11-27T08:06:00,UP
MOV-004494,TRN-12058,SEC-RKMP-BPL,2026-11-27T01:00:00,2026-11-27T01:21:00,UP
MOV-004495,TRN-12054,SEC-RKMP-BPL,2026-11-27T08:45:00,2026-11-27T09:02:00,DOWN
MOV-004496,TRN-12008,SEC-RKMP-BPL,2026-11-27T05:15:00,2026-11-27T05:47:00,UP
MOV-004497,TRN-12046,SEC-RKMP-BPL,2026-11-27T02:15:00,2026-11-27T02:42:00,UP
MOV-004498,TRN-12031,SEC-RKMP-BPL,2026-11-27T16:00:00,2026-11-27T16:28:00,DOWN
MOV-004499,TRN-12046,SEC-RKMP-BPL,2026-11-27T06:15:00,2026-11-27T06:49:00,DOWN
MOV-004500,TRN-12056,SEC-RKMP-BPL,2026-11-27T21:15:00,2026-11-27T21:32:00,UP
MOV-004501,TRN-12018,SEC-RKMP-BPL,2026-11-27T20:15:00,2026-11-27T20:37:00,DOWN
MOV-004502,TRN-12010,SEC-RKMP-BPL,2026-11-27T15:30:00,2026-11-27T16:04:00,UP
MOV-004503,TRN-12032,SEC-RKMP-BPL,2026-11-27T20:45:00,2026-11-27T21:14:00,DOWN
MOV-004504,TRN-12053,SEC-RKMP-BPL,2026-11-27T23:30:00,2026-11-27T23:50:00,DOWN
MOV-004505,TRN-12015,SEC-RKMP-BPL,2026-11-27T12:15:00,2026-11-27T12:49:00,DOWN
MOV-004506,TRN-12058,SEC-RKMP-BPL,2026-11-27T19:45:00,2026-11-27T20:03:00,DOWN
MOV-004507,TRN-12016,SEC-RKMP-BPL,2026-11-27T13:15:00,2026-11-27T13:35:00,DOWN
MOV-004508,TRN-12053,SEC-RKMP-BPL,2026-11-27T13:00:00,2026-11-27T13:18:00,UP
MOV-004509,TRN-12059,SEC-RKMP-BPL,2026-11-27T09:00:00,2026-11-27T09:26:00,DOWN
MOV-004510,TRN-12034,SEC-RKMP-BPL,2026-11-27T10:00:00,2026-11-27T10:32:00,UP
MOV-004511,TRN-12057,SEC-RKMP-BPL,2026-11-27T05:00:00,2026-11-27T05:21:00,UP
MOV-004512,TRN-12001,SEC-RKMP-BPL,2026-11-27T04:30:00,2026-11-27T05:01:00,UP
MOV-004513,TRN-12039,SEC-RKMP-BPL,2026-11-27T08:15:00,2026-11-27T08:36:00,DOWN
MOV-004514,TRN-12031,SEC-RKMP-BPL,2026-11-27T12:45:00,2026-11-27T13:13:00,UP
MOV-004515,TRN-12012,SEC-RKMP-BPL,2026-11-27T08:00:00,2026-11-27T08:28:00,UP
MOV-004516,TRN-12003,SEC-RKMP-BPL,2026-11-27T09:45:00,2026-11-27T10:18:00,DOWN
MOV-004517,TRN-12056,SEC-RKMP-BPL,2026-11-27T14:45:00,2026-11-27T15:19:00,DOWN
MOV-004518,TRN-12025,SEC-RKMP-BPL,2026-11-27T23:15:00,2026-11-27T23:33:00,UP
MOV-004519,TRN-12035,SEC-RKMP-BPL,2026-11-27T00:00:00,2026-11-27T00:19:00,DOWN
MOV-004520,TRN-12029,SEC-RKMP-BPL,2026-11-27T12:30:00,2026-11-27T13:04:00,UP
MOV-004521,TRN-12029,SEC-RKMP-BPL,2026-11-27T14:15:00,2026-11-27T14:33:00,UP
MOV-004522,TRN-12020,SEC-RKMP-BPL,2026-11-27T06:00:00,2026-11-27T06:20:00,DOWN
MOV-004523,TRN-12050,SEC-RKMP-BPL,2026-11-27T12:00:00,2026-11-27T12:29:00,UP
MOV-004524,TRN-12004,SEC-RKMP-BPL,2026-11-27T13:15:00,2026-11-27T13:36:00,DOWN
MOV-004525,TRN-12006,SEC-RKMP-BPL,2026-11-27T01:30:00,2026-11-27T01:53:00,DOWN
MOV-004526,TRN-12003,SEC-RKMP-BPL,2026-11-27T10:00:00,2026-11-27T10:15:00,UP
MOV-004527,TRN-12045,SEC-RKMP-BPL,2026-11-27T03:45:00,2026-11-27T04:10:00,UP
MOV-004528,TRN-12056,SEC-RKMP-BPL,2026-11-27T07:00:00,2026-11-27T07:30:00,UP
MOV-004529,TRN-12053,SEC-RKMP-BPL,2026-11-27T19:45:00,2026-11-27T20:09:00,DOWN
MOV-004530,TRN-12053,SEC-RKMP-BPL,2026-11-27T03:15:00,2026-11-27T03:39:00,DOWN
MOV-004531,TRN-12041,SEC-RKMP-BPL,2026-11-27T22:15:00,2026-11-27T22:33:00,UP
MOV-004532,TRN-12049,SEC-RKMP-BPL,2026-11-27T11:30:00,2026-11-27T11:56:00,DOWN
MOV-004533,TRN-12014,SEC-RKMP-BPL,2026-11-27T04:30:00,2026-11-27T04:53:00,DOWN
MOV-004534,TRN-12008,SEC-RKMP-BPL,2026-11-27T06:45:00,2026-11-27T07:16:00,UP
MOV-004535,TRN-12050,SEC-RKMP-BPL,2026-11-27T01:00:00,2026-11-27T01:32:00,UP
MOV-004536,TRN-12019,SEC-RKMP-BPL,2026-11-27T03:30:00,2026-11-27T03:46:00,UP
MOV-004537,TRN-12020,SEC-RKMP-BPL,2026-11-27T15:15:00,2026-11-27T15:33:00,UP
MOV-004538,TRN-12028,SEC-RKMP-BPL,2026-11-27T08:30:00,2026-11-27T08:51:00,UP
MOV-004539,TRN-12048,SEC-RKMP-BPL,2026-11-27T06:15:00,2026-11-27T06:32:00,DOWN
MOV-004540,TRN-12043,SEC-RKMP-BPL,2026-11-27T16:00:00,2026-11-27T16:24:00,UP
MOV-004541,TRN-12021,SEC-RKMP-BPL,2026-11-28T09:15:00,2026-11-28T09:45:00,DOWN
MOV-004542,TRN-12050,SEC-RKMP-BPL,2026-11-28T10:45:00,2026-11-28T11:17:00,DOWN
MOV-004543,TRN-12041,SEC-RKMP-BPL,2026-11-28T21:45:00,2026-11-28T22:05:00,DOWN
MOV-004544,TRN-12027,SEC-RKMP-BPL,2026-11-28T03:15:00,2026-11-28T03:49:00,DOWN
MOV-004545,TRN-12048,SEC-RKMP-BPL,2026-11-28T23:30:00,2026-11-29T00:00:00,UP
MOV-004546,TRN-12018,SEC-RKMP-BPL,2026-11-28T04:45:00,2026-11-28T05:12:00,DOWN
MOV-004547,TRN-12025,SEC-RKMP-BPL,2026-11-28T09:30:00,2026-11-28T09:56:00,UP
MOV-004548,TRN-12020,SEC-RKMP-BPL,2026-11-28T12:00:00,2026-11-28T12:18:00,UP
MOV-004549,TRN-12010,SEC-RKMP-BPL,2026-11-28T04:00:00,2026-11-28T04:16:00,DOWN
MOV-004550,TRN-12011,SEC-RKMP-BPL,2026-11-28T13:00:00,2026-11-28T13:33:00,UP
MOV-004551,TRN-12045,SEC-RKMP-BPL,2026-11-28T15:45:00,2026-11-28T16:12:00,DOWN
MOV-004552,TRN-12047,SEC-RKMP-BPL,2026-11-28T19:15:00,2026-11-28T19:48:00,DOWN
MOV-004553,TRN-12044,SEC-RKMP-BPL,2026-11-28T22:00:00,2026-11-28T22:25:00,DOWN
MOV-004554,TRN-12056,SEC-RKMP-BPL,2026-11-28T02:45:00,2026-11-28T03:01:00,UP
MOV-004555,TRN-12042,SEC-RKMP-BPL,2026-11-28T06:45:00,2026-11-28T07:18:00,UP
MOV-004556,TRN-12016,SEC-RKMP-BPL,2026-11-28T01:30:00,2026-11-28T02:02:00,DOWN
MOV-004557,TRN-12008,SEC-RKMP-BPL,2026-11-28T04:00:00,2026-11-28T04:24:00,DOWN
MOV-004558,TRN-12010,SEC-RKMP-BPL,2026-11-28T20:15:00,2026-11-28T20:40:00,DOWN
MOV-004559,TRN-12033,SEC-RKMP-BPL,2026-11-28T11:15:00,2026-11-28T11:38:00,UP
MOV-004560,TRN-12018,SEC-RKMP-BPL,2026-11-28T18:45:00,2026-11-28T19:16:00,UP
MOV-004561,TRN-12020,SEC-RKMP-BPL,2026-11-28T01:15:00,2026-11-28T01:41:00,UP
MOV-004562,TRN-12045,SEC-RKMP-BPL,2026-11-28T01:15:00,2026-11-28T01:35:00,UP
MOV-004563,TRN-12002,SEC-RKMP-BPL,2026-11-28T10:45:00,2026-11-28T11:17:00,UP
MOV-004564,TRN-12026,SEC-RKMP-BPL,2026-11-28T16:15:00,2026-11-28T16:40:00,UP
MOV-004565,TRN-12051,SEC-RKMP-BPL,2026-11-28T15:45:00,2026-11-28T16:15:00,UP
MOV-004566,TRN-12020,SEC-RKMP-BPL,2026-11-28T02:30:00,2026-11-28T02:59:00,UP
MOV-004567,TRN-12002,SEC-RKMP-BPL,2026-11-28T19:00:00,2026-11-28T19:26:00,UP
MOV-004568,TRN-12004,SEC-RKMP-BPL,2026-11-28T21:30:00,2026-11-28T21:45:00,UP
MOV-004569,TRN-12030,SEC-RKMP-BPL,2026-11-28T16:15:00,2026-11-28T16:47:00,DOWN
MOV-004570,TRN-12037,SEC-RKMP-BPL,2026-11-28T06:30:00,2026-11-28T07:02:00,UP
MOV-004571,TRN-12045,SEC-RKMP-BPL,2026-11-28T21:15:00,2026-11-28T21:45:00,UP
MOV-004572,TRN-12012,SEC-RKMP-BPL,2026-11-28T19:15:00,2026-11-28T19:45:00,UP
MOV-004573,TRN-12024,SEC-RKMP-BPL,2026-11-28T16:15:00,2026-11-28T16:46:00,UP
MOV-004574,TRN-12001,SEC-RKMP-BPL,2026-11-28T01:15:00,2026-11-28T01:31:00,UP
MOV-004575,TRN-12002,SEC-RKMP-BPL,2026-11-28T18:00:00,2026-11-28T18:34:00,DOWN
MOV-004576,TRN-12042,SEC-RKMP-BPL,2026-11-28T19:45:00,2026-11-28T20:16:00,DOWN
MOV-004577,TRN-12038,SEC-RKMP-BPL,2026-11-28T11:30:00,2026-11-28T11:52:00,UP
MOV-004578,TRN-12056,SEC-RKMP-BPL,2026-11-28T16:30:00,2026-11-28T16:50:00,DOWN
MOV-004579,TRN-12032,SEC-RKMP-BPL,2026-11-28T01:45:00,2026-11-28T02:19:00,DOWN
MOV-004580,TRN-12029,SEC-RKMP-BPL,2026-11-28T05:00:00,2026-11-28T05:29:00,DOWN
MOV-004581,TRN-12007,SEC-RKMP-BPL,2026-11-28T16:00:00,2026-11-28T16:30:00,UP
MOV-004582,TRN-12059,SEC-RKMP-BPL,2026-11-28T04:15:00,2026-11-28T04:43:00,DOWN
MOV-004583,TRN-12022,SEC-RKMP-BPL,2026-11-28T23:00:00,2026-11-28T23:24:00,DOWN
MOV-004584,TRN-12017,SEC-RKMP-BPL,2026-11-28T12:15:00,2026-11-28T12:37:00,DOWN
MOV-004585,TRN-12032,SEC-RKMP-BPL,2026-11-28T17:30:00,2026-11-28T18:04:00,UP
MOV-004586,TRN-12048,SEC-RKMP-BPL,2026-11-28T14:45:00,2026-11-28T15:17:00,UP
MOV-004587,TRN-12019,SEC-RKMP-BPL,2026-11-28T07:15:00,2026-11-28T07:39:00,UP
MOV-004588,TRN-12054,SEC-RKMP-BPL,2026-11-28T20:30:00,2026-11-28T20:51:00,DOWN
MOV-004589,TRN-12017,SEC-RKMP-BPL,2026-11-28T07:45:00,2026-11-28T08:18:00,DOWN
MOV-004590,TRN-12011,SEC-RKMP-BPL,2026-11-28T02:45:00,2026-11-28T03:05:00,DOWN
MOV-004591,TRN-12022,SEC-RKMP-BPL,2026-11-28T11:45:00,2026-11-28T12:11:00,UP
MOV-004592,TRN-12025,SEC-RKMP-BPL,2026-11-28T05:30:00,2026-11-28T05:56:00,UP
MOV-004593,TRN-12025,SEC-RKMP-BPL,2026-11-28T15:00:00,2026-11-28T15:34:00,DOWN
MOV-004594,TRN-12039,SEC-RKMP-BPL,2026-11-28T00:30:00,2026-11-28T01:02:00,UP
MOV-004595,TRN-12048,SEC-RKMP-BPL,2026-11-28T20:00:00,2026-11-28T20:19:00,DOWN
MOV-004596,TRN-12055,SEC-RKMP-BPL,2026-11-28T18:30:00,2026-11-28T18:57:00,DOWN
MOV-004597,TRN-12035,SEC-RKMP-BPL,2026-11-28T18:00:00,2026-11-28T18:19:00,UP
MOV-004598,TRN-12048,SEC-RKMP-BPL,2026-11-28T17:00:00,2026-11-28T17:17:00,UP
MOV-004599,TRN-12015,SEC-RKMP-BPL,2026-11-28T12:15:00,2026-11-28T12:37:00,UP
MOV-004600,TRN-12039,SEC-RKMP-BPL,2026-11-28T18:30:00,2026-11-28T19:01:00,DOWN
MOV-004601,TRN-12051,SEC-RKMP-BPL,2026-11-28T15:00:00,2026-11-28T15:21:00,UP
MOV-004602,TRN-12051,SEC-RKMP-BPL,2026-11-29T15:15:00,2026-11-29T15:45:00,DOWN
MOV-004603,TRN-12048,SEC-RKMP-BPL,2026-11-29T14:30:00,2026-11-29T14:51:00,UP
MOV-004604,TRN-12017,SEC-RKMP-BPL,2026-11-29T06:30:00,2026-11-29T06:52:00,UP
MOV-004605,TRN-12003,SEC-RKMP-BPL,2026-11-29T20:15:00,2026-11-29T20:41:00,DOWN
MOV-004606,TRN-12007,SEC-RKMP-BPL,2026-11-29T22:30:00,2026-11-29T22:57:00,UP
MOV-004607,TRN-12043,SEC-RKMP-BPL,2026-11-29T04:15:00,2026-11-29T04:49:00,UP
MOV-004608,TRN-12044,SEC-RKMP-BPL,2026-11-29T22:30:00,2026-11-29T22:50:00,DOWN
MOV-004609,TRN-12050,SEC-RKMP-BPL,2026-11-29T13:00:00,2026-11-29T13:23:00,UP
MOV-004610,TRN-12012,SEC-RKMP-BPL,2026-11-29T09:00:00,2026-11-29T09:28:00,UP
MOV-004611,TRN-12044,SEC-RKMP-BPL,2026-11-29T10:30:00,2026-11-29T10:59:00,UP
MOV-004612,TRN-12027,SEC-RKMP-BPL,2026-11-29T17:30:00,2026-11-29T17:49:00,DOWN
MOV-004613,TRN-12012,SEC-RKMP-BPL,2026-11-29T23:30:00,2026-11-29T23:51:00,UP
MOV-004614,TRN-12055,SEC-RKMP-BPL,2026-11-29T12:45:00,2026-11-29T13:16:00,UP
MOV-004615,TRN-12042,SEC-RKMP-BPL,2026-11-29T08:45:00,2026-11-29T09:04:00,UP
MOV-004616,TRN-12040,SEC-RKMP-BPL,2026-11-29T13:30:00,2026-11-29T13:50:00,UP
MOV-004617,TRN-12058,SEC-RKMP-BPL,2026-11-29T18:45:00,2026-11-29T19:06:00,DOWN
MOV-004618,TRN-12023,SEC-RKMP-BPL,2026-11-29T22:45:00,2026-11-29T23:03:00,DOWN
MOV-004619,TRN-12037,SEC-RKMP-BPL,2026-11-29T18:30:00,2026-11-29T18:49:00,DOWN
MOV-004620,TRN-12007,SEC-RKMP-BPL,2026-11-29T19:00:00,2026-11-29T19:30:00,UP
MOV-004621,TRN-12015,SEC-RKMP-BPL,2026-11-29T05:15:00,2026-11-29T05:48:00,DOWN
MOV-004622,TRN-12041,SEC-RKMP-BPL,2026-11-29T15:15:00,2026-11-29T15:48:00,UP
MOV-004623,TRN-12057,SEC-RKMP-BPL,2026-11-29T09:15:00,2026-11-29T09:39:00,DOWN
MOV-004624,TRN-12043,SEC-RKMP-BPL,2026-11-29T18:00:00,2026-11-29T18:18:00,DOWN
MOV-004625,TRN-12059,SEC-RKMP-BPL,2026-11-29T03:45:00,2026-11-29T04:05:00,DOWN
MOV-004626,TRN-12060,SEC-RKMP-BPL,2026-11-29T15:00:00,2026-11-29T15:30:00,UP
MOV-004627,TRN-12021,SEC-RKMP-BPL,2026-11-29T15:00:00,2026-11-29T15:22:00,DOWN
MOV-004628,TRN-12006,SEC-RKMP-BPL,2026-11-29T08:00:00,2026-11-29T08:28:00,UP
MOV-004629,TRN-12017,SEC-RKMP-BPL,2026-11-29T12:00:00,2026-11-29T12:19:00,DOWN
MOV-004630,TRN-12047,SEC-RKMP-BPL,2026-11-29T01:45:00,2026-11-29T02:09:00,UP
MOV-004631,TRN-12055,SEC-RKMP-BPL,2026-11-29T08:15:00,2026-11-29T08:32:00,DOWN
MOV-004632,TRN-12018,SEC-RKMP-BPL,2026-11-29T14:00:00,2026-11-29T14:32:00,DOWN
MOV-004633,TRN-12031,SEC-RKMP-BPL,2026-11-29T08:30:00,2026-11-29T08:54:00,DOWN
MOV-004634,TRN-12041,SEC-RKMP-BPL,2026-11-29T00:45:00,2026-11-29T01:03:00,UP
MOV-004635,TRN-12027,SEC-RKMP-BPL,2026-11-29T05:45:00,2026-11-29T06:19:00,UP
MOV-004636,TRN-12020,SEC-RKMP-BPL,2026-11-29T08:30:00,2026-11-29T08:56:00,DOWN
MOV-004637,TRN-12002,SEC-RKMP-BPL,2026-11-29T12:00:00,2026-11-29T12:19:00,DOWN
MOV-004638,TRN-12009,SEC-RKMP-BPL,2026-11-29T00:15:00,2026-11-29T00:44:00,DOWN
MOV-004639,TRN-12010,SEC-RKMP-BPL,2026-11-29T18:15:00,2026-11-29T18:44:00,UP
MOV-004640,TRN-12055,SEC-RKMP-BPL,2026-11-29T06:45:00,2026-11-29T07:07:00,DOWN
MOV-004641,TRN-12031,SEC-RKMP-BPL,2026-11-29T01:00:00,2026-11-29T01:23:00,UP
MOV-004642,TRN-12037,SEC-RKMP-BPL,2026-11-29T03:30:00,2026-11-29T03:49:00,UP
MOV-004643,TRN-12023,SEC-RKMP-BPL,2026-11-29T13:15:00,2026-11-29T13:36:00,UP
MOV-004644,TRN-12021,SEC-RKMP-BPL,2026-11-29T09:45:00,2026-11-29T10:11:00,UP
MOV-004645,TRN-12045,SEC-RKMP-BPL,2026-11-29T12:45:00,2026-11-29T13:11:00,UP
MOV-004646,TRN-12034,SEC-RKMP-BPL,2026-11-29T18:00:00,2026-11-29T18:19:00,DOWN
MOV-004647,TRN-12054,SEC-RKMP-BPL,2026-11-29T08:30:00,2026-11-29T08:58:00,DOWN
MOV-004648,TRN-12009,SEC-RKMP-BPL,2026-11-29T09:45:00,2026-11-29T10:17:00,DOWN
MOV-004649,TRN-12002,SEC-RKMP-BPL,2026-11-29T10:00:00,2026-11-29T10:21:00,DOWN
MOV-004650,TRN-12024,SEC-RKMP-BPL,2026-11-29T04:30:00,2026-11-29T05:00:00,DOWN
MOV-004651,TRN-12049,SEC-RKMP-BPL,2026-11-29T16:30:00,2026-11-29T17:02:00,UP
MOV-004652,TRN-12028,SEC-RKMP-BPL,2026-11-29T13:30:00,2026-11-29T13:54:00,UP
MOV-004653,TRN-12010,SEC-RKMP-BPL,2026-11-29T15:00:00,2026-11-29T15:24:00,UP
MOV-004654,TRN-12047,SEC-RKMP-BPL,2026-11-29T11:00:00,2026-11-29T11:25:00,UP
MOV-004655,TRN-12023,SEC-RKMP-BPL,2026-11-29T07:00:00,2026-11-29T07:33:00,UP
MOV-004656,TRN-12031,SEC-RKMP-BPL,2026-11-29T19:15:00,2026-11-29T19:48:00,UP
MOV-004657,TRN-12057,SEC-RKMP-BPL,2026-11-29T10:00:00,2026-11-29T10:32:00,DOWN
MOV-004658,TRN-12058,SEC-RKMP-BPL,2026-11-29T02:45:00,2026-11-29T03:06:00,DOWN
MOV-004659,TRN-12058,SEC-RKMP-BPL,2026-11-29T04:15:00,2026-11-29T04:35:00,UP
MOV-004660,TRN-12036,SEC-RKMP-BPL,2026-11-29T09:30:00,2026-11-29T09:58:00,UP
MOV-004661,TRN-12003,SEC-RKMP-BPL,2026-11-29T17:00:00,2026-11-29T17:18:00,DOWN
MOV-004662,TRN-12012,SEC-RKMP-BPL,2026-11-30T07:30:00,2026-11-30T08:01:00,DOWN
MOV-004663,TRN-12044,SEC-RKMP-BPL,2026-11-30T21:30:00,2026-11-30T21:53:00,DOWN
MOV-004664,TRN-12019,SEC-RKMP-BPL,2026-11-30T19:45:00,2026-11-30T20:07:00,DOWN
MOV-004665,TRN-12047,SEC-RKMP-BPL,2026-11-30T18:00:00,2026-11-30T18:34:00,DOWN
MOV-004666,TRN-12003,SEC-RKMP-BPL,2026-11-30T02:30:00,2026-11-30T02:53:00,UP
MOV-004667,TRN-12032,SEC-RKMP-BPL,2026-11-30T14:00:00,2026-11-30T14:22:00,UP
MOV-004668,TRN-12047,SEC-RKMP-BPL,2026-11-30T15:00:00,2026-11-30T15:27:00,DOWN
MOV-004669,TRN-12004,SEC-RKMP-BPL,2026-11-30T23:00:00,2026-11-30T23:27:00,UP
MOV-004670,TRN-12044,SEC-RKMP-BPL,2026-11-30T20:45:00,2026-11-30T21:17:00,DOWN
MOV-004671,TRN-12019,SEC-RKMP-BPL,2026-11-30T11:30:00,2026-11-30T11:48:00,DOWN
MOV-004672,TRN-12032,SEC-RKMP-BPL,2026-11-30T23:00:00,2026-11-30T23:16:00,UP
MOV-004673,TRN-12033,SEC-RKMP-BPL,2026-11-30T13:30:00,2026-11-30T13:49:00,UP
MOV-004674,TRN-12026,SEC-RKMP-BPL,2026-11-30T01:45:00,2026-11-30T02:01:00,DOWN
MOV-004675,TRN-12028,SEC-RKMP-BPL,2026-11-30T23:30:00,2026-11-30T23:54:00,DOWN
MOV-004676,TRN-12008,SEC-RKMP-BPL,2026-11-30T04:15:00,2026-11-30T04:47:00,DOWN
MOV-004677,TRN-12023,SEC-RKMP-BPL,2026-11-30T06:45:00,2026-11-30T07:11:00,UP
MOV-004678,TRN-12014,SEC-RKMP-BPL,2026-11-30T20:45:00,2026-11-30T21:18:00,UP
MOV-004679,TRN-12050,SEC-RKMP-BPL,2026-11-30T02:45:00,2026-11-30T03:17:00,UP
MOV-004680,TRN-12012,SEC-RKMP-BPL,2026-11-30T17:00:00,2026-11-30T17:26:00,UP
MOV-004681,TRN-12026,SEC-RKMP-BPL,2026-11-30T19:45:00,2026-11-30T20:08:00,UP
MOV-004682,TRN-12051,SEC-RKMP-BPL,2026-11-30T09:00:00,2026-11-30T09:33:00,DOWN
MOV-004683,TRN-12018,SEC-RKMP-BPL,2026-11-30T03:00:00,2026-11-30T03:26:00,UP
MOV-004684,TRN-12038,SEC-RKMP-BPL,2026-11-30T18:00:00,2026-11-30T18:32:00,UP
MOV-004685,TRN-12007,SEC-RKMP-BPL,2026-11-30T17:30:00,2026-11-30T18:04:00,DOWN
MOV-004686,TRN-12026,SEC-RKMP-BPL,2026-11-30T16:45:00,2026-11-30T17:13:00,UP
MOV-004687,TRN-12058,SEC-RKMP-BPL,2026-11-30T07:15:00,2026-11-30T07:35:00,UP
MOV-004688,TRN-12013,SEC-RKMP-BPL,2026-11-30T13:30:00,2026-11-30T13:53:00,DOWN
MOV-004689,TRN-12029,SEC-RKMP-BPL,2026-11-30T11:00:00,2026-11-30T11:33:00,UP
MOV-004690,TRN-12010,SEC-RKMP-BPL,2026-11-30T22:30:00,2026-11-30T22:46:00,UP
MOV-004691,TRN-12036,SEC-RKMP-BPL,2026-11-30T00:45:00,2026-11-30T01:13:00,UP
MOV-004692,TRN-12038,SEC-RKMP-BPL,2026-11-30T05:30:00,2026-11-30T05:52:00,UP
MOV-004693,TRN-12031,SEC-RKMP-BPL,2026-11-30T10:15:00,2026-11-30T10:47:00,DOWN
MOV-004694,TRN-12030,SEC-RKMP-BPL,2026-11-30T05:30:00,2026-11-30T05:45:00,DOWN
MOV-004695,TRN-12001,SEC-RKMP-BPL,2026-11-30T16:15:00,2026-11-30T16:44:00,UP
MOV-004696,TRN-12002,SEC-RKMP-BPL,2026-11-30T22:45:00,2026-11-30T23:00:00,UP
MOV-004697,TRN-12032,SEC-RKMP-BPL,2026-11-30T22:30:00,2026-11-30T22:45:00,DOWN
MOV-004698,TRN-12026,SEC-RKMP-BPL,2026-11-30T15:15:00,2026-11-30T15:30:00,UP
MOV-004699,TRN-12038,SEC-RKMP-BPL,2026-11-30T15:15:00,2026-11-30T15:31:00,DOWN
MOV-004700,TRN-12010,SEC-RKMP-BPL,2026-11-30T04:15:00,2026-11-30T04:44:00,DOWN
MOV-004701,TRN-12038,SEC-RKMP-BPL,2026-11-30T23:30:00,2026-12-01T00:01:00,UP
MOV-004702,TRN-12004,SEC-RKMP-BPL,2026-11-30T16:45:00,2026-11-30T17:14:00,UP
MOV-004703,TRN-12030,SEC-RKMP-BPL,2026-11-30T02:15:00,2026-11-30T02:43:00,UP
MOV-004704,TRN-12029,SEC-RKMP-BPL,2026-11-30T06:15:00,2026-11-30T06:45:00,DOWN
MOV-004705,TRN-12025,SEC-RKMP-BPL,2026-11-30T19:30:00,2026-11-30T20:03:00,DOWN
MOV-004706,TRN-12034,SEC-RKMP-BPL,2026-11-30T16:15:00,2026-11-30T16:43:00,DOWN
MOV-004707,TRN-12037,SEC-RKMP-BPL,2026-11-30T02:30:00,2026-11-30T02:59:00,UP
MOV-004708,TRN-12048,SEC-RKMP-BPL,2026-11-30T20:30:00,2026-11-30T21:04:00,DOWN
MOV-004709,TRN-12028,SEC-RKMP-BPL,2026-11-30T21:45:00,2026-11-30T22:02:00,DOWN
MOV-004710,TRN-12001,SEC-RKMP-BPL,2026-11-30T11:45:00,2026-11-30T12:14:00,UP
MOV-004711,TRN-12039,SEC-RKMP-BPL,2026-11-30T05:00:00,2026-11-30T05:33:00,UP
MOV-004712,TRN-12058,SEC-RKMP-BPL,2026-11-30T10:00:00,2026-11-30T10:30:00,UP
MOV-004713,TRN-12020,SEC-RKMP-BPL,2026-11-30T05:45:00,2026-11-30T06:07:00,DOWN
MOV-004714,TRN-12005,SEC-RKMP-BPL,2026-11-30T16:30:00,2026-11-30T16:50:00,DOWN
MOV-004715,TRN-12041,SEC-RKMP-BPL,2026-12-01T04:45:00,2026-12-01T05:04:00,DOWN
MOV-004716,TRN-12006,SEC-RKMP-BPL,2026-12-01T01:00:00,2026-12-01T01:33:00,UP
MOV-004717,TRN-12053,SEC-RKMP-BPL,2026-12-01T13:00:00,2026-12-01T13:23:00,UP
MOV-004718,TRN-12017,SEC-RKMP-BPL,2026-12-01T14:45:00,2026-12-01T15:17:00,DOWN
MOV-004719,TRN-12054,SEC-RKMP-BPL,2026-12-01T22:00:00,2026-12-01T22:27:00,DOWN
MOV-004720,TRN-12001,SEC-RKMP-BPL,2026-12-01T14:45:00,2026-12-01T15:05:00,DOWN
MOV-004721,TRN-12057,SEC-RKMP-BPL,2026-12-01T15:30:00,2026-12-01T15:55:00,UP
MOV-004722,TRN-12028,SEC-RKMP-BPL,2026-12-01T12:15:00,2026-12-01T12:46:00,DOWN
MOV-004723,TRN-12021,SEC-RKMP-BPL,2026-12-01T12:00:00,2026-12-01T12:18:00,UP
MOV-004724,TRN-12004,SEC-RKMP-BPL,2026-12-01T20:00:00,2026-12-01T20:21:00,UP
MOV-004725,TRN-12013,SEC-RKMP-BPL,2026-12-01T08:30:00,2026-12-01T09:02:00,UP
MOV-004726,TRN-12015,SEC-RKMP-BPL,2026-12-01T11:15:00,2026-12-01T11:45:00,UP
MOV-004727,TRN-12025,SEC-RKMP-BPL,2026-12-01T13:15:00,2026-12-01T13:42:00,DOWN
MOV-004728,TRN-12032,SEC-RKMP-BPL,2026-12-01T10:45:00,2026-12-01T11:19:00,DOWN
MOV-004729,TRN-12001,SEC-RKMP-BPL,2026-12-01T20:45:00,2026-12-01T21:16:00,DOWN
MOV-004730,TRN-12022,SEC-RKMP-BPL,2026-12-01T17:30:00,2026-12-01T18:01:00,UP
MOV-004731,TRN-12045,SEC-RKMP-BPL,2026-12-01T18:45:00,2026-12-01T19:03:00,DOWN
MOV-004732,TRN-12014,SEC-RKMP-BPL,2026-12-01T22:00:00,2026-12-01T22:19:00,DOWN
MOV-004733,TRN-12033,SEC-RKMP-BPL,2026-12-01T16:15:00,2026-12-01T16:30:00,DOWN
MOV-004734,TRN-12031,SEC-RKMP-BPL,2026-12-01T12:15:00,2026-12-01T12:47:00,DOWN
MOV-004735,TRN-12011,SEC-RKMP-BPL,2026-12-01T00:00:00,2026-12-01T00:15:00,DOWN
MOV-004736,TRN-12038,SEC-RKMP-BPL,2026-12-01T11:30:00,2026-12-01T12:01:00,DOWN
MOV-004737,TRN-12027,SEC-RKMP-BPL,2026-12-01T14:30:00,2026-12-01T15:03:00,DOWN
MOV-004738,TRN-12019,SEC-RKMP-BPL,2026-12-01T21:15:00,2026-12-01T21:45:00,DOWN
MOV-004739,TRN-12049,SEC-RKMP-BPL,2026-12-01T02:00:00,2026-12-01T02:30:00,UP
MOV-004740,TRN-12001,SEC-RKMP-BPL,2026-12-01T06:15:00,2026-12-01T06:32:00,UP
MOV-004741,TRN-12021,SEC-RKMP-BPL,2026-12-01T14:30:00,2026-12-01T15:00:00,DOWN
MOV-004742,TRN-12002,SEC-RKMP-BPL,2026-12-01T16:00:00,2026-12-01T16:22:00,UP
MOV-004743,TRN-12043,SEC-RKMP-BPL,2026-12-01T06:45:00,2026-12-01T07:07:00,DOWN
MOV-004744,TRN-12058,SEC-RKMP-BPL,2026-12-01T12:00:00,2026-12-01T12:29:00,UP
MOV-004745,TRN-12021,SEC-RKMP-BPL,2026-12-01T10:15:00,2026-12-01T10:35:00,DOWN
MOV-004746,TRN-12017,SEC-RKMP-BPL,2026-12-01T11:30:00,2026-12-01T11:49:00,DOWN
MOV-004747,TRN-12054,SEC-RKMP-BPL,2026-12-01T19:00:00,2026-12-01T19:23:00,UP
MOV-004748,TRN-12037,SEC-RKMP-BPL,2026-12-01T07:45:00,2026-12-01T08:03:00,DOWN
MOV-004749,TRN-12021,SEC-RKMP-BPL,2026-12-01T22:00:00,2026-12-01T22:20:00,UP
MOV-004750,TRN-12060,SEC-RKMP-BPL,2026-12-01T17:45:00,2026-12-01T18:11:00,DOWN
MOV-004751,TRN-12038,SEC-RKMP-BPL,2026-12-01T16:45:00,2026-12-01T17:19:00,DOWN
MOV-004752,TRN-12027,SEC-RKMP-BPL,2026-12-01T15:30:00,2026-12-01T16:04:00,DOWN
MOV-004753,TRN-12058,SEC-RKMP-BPL,2026-12-01T17:45:00,2026-12-01T18:15:00,DOWN
MOV-004754,TRN-12012,SEC-RKMP-BPL,2026-12-01T23:15:00,2026-12-01T23:45:00,UP
MOV-004755,TRN-12028,SEC-RKMP-BPL,2026-12-01T17:30:00,2026-12-01T17:59:00,UP
MOV-004756,TRN-12051,SEC-RKMP-BPL,2026-12-01T09:45:00,2026-12-01T10:05:00,DOWN
MOV-004757,TRN-12036,SEC-RKMP-BPL,2026-12-01T03:15:00,2026-12-01T03:42:00,DOWN
MOV-004758,TRN-12054,SEC-RKMP-BPL,2026-12-01T09:30:00,2026-12-01T09:48:00,DOWN
MOV-004759,TRN-12053,SEC-RKMP-BPL,2026-12-01T23:15:00,2026-12-01T23:37:00,DOWN
MOV-004760,TRN-12044,SEC-RKMP-BPL,2026-12-01T05:30:00,2026-12-01T05:57:00,UP
MOV-004761,TRN-12023,SEC-RKMP-BPL,2026-12-01T05:15:00,2026-12-01T05:34:00,UP
MOV-004762,TRN-12012,SEC-RKMP-BPL,2026-12-01T09:30:00,2026-12-01T09:52:00,UP
MOV-004763,TRN-12049,SEC-RKMP-BPL,2026-12-01T10:30:00,2026-12-01T10:55:00,DOWN
MOV-004764,TRN-12027,SEC-RKMP-BPL,2026-12-01T18:45:00,2026-12-01T19:18:00,UP
MOV-004765,TRN-12021,SEC-RKMP-BPL,2026-12-01T01:15:00,2026-12-01T01:49:00,UP
MOV-004766,TRN-12051,SEC-RKMP-BPL,2026-12-01T18:30:00,2026-12-01T18:56:00,DOWN
MOV-004767,TRN-12006,SEC-RKMP-BPL,2026-12-01T03:00:00,2026-12-01T03:30:00,UP
MOV-004768,TRN-12013,SEC-RKMP-BPL,2026-12-01T01:15:00,2026-12-01T01:37:00,UP
MOV-004769,TRN-12002,SEC-RKMP-BPL,2026-12-01T18:45:00,2026-12-01T19:04:00,UP
MOV-004770,TRN-12016,SEC-RKMP-BPL,2026-12-01T09:00:00,2026-12-01T09:33:00,DOWN
MOV-004771,TRN-12055,SEC-RKMP-BPL,2026-12-01T07:45:00,2026-12-01T08:10:00,UP
MOV-004772,TRN-12049,SEC-RKMP-BPL,2026-12-02T18:30:00,2026-12-02T18:49:00,DOWN
MOV-004773,TRN-12057,SEC-RKMP-BPL,2026-12-02T01:15:00,2026-12-02T01:31:00,UP
MOV-004774,TRN-12060,SEC-RKMP-BPL,2026-12-02T05:00:00,2026-12-02T05:16:00,DOWN
MOV-004775,TRN-12029,SEC-RKMP-BPL,2026-12-02T18:15:00,2026-12-02T18:42:00,DOWN
MOV-004776,TRN-12041,SEC-RKMP-BPL,2026-12-02T12:00:00,2026-12-02T12:19:00,DOWN
MOV-004777,TRN-12028,SEC-RKMP-BPL,2026-12-02T01:00:00,2026-12-02T01:23:00,UP
MOV-004778,TRN-12034,SEC-RKMP-BPL,2026-12-02T07:15:00,2026-12-02T07:32:00,DOWN
MOV-004779,TRN-12012,SEC-RKMP-BPL,2026-12-02T15:45:00,2026-12-02T16:18:00,DOWN
MOV-004780,TRN-12049,SEC-RKMP-BPL,2026-12-02T22:30:00,2026-12-02T22:50:00,DOWN
MOV-004781,TRN-12052,SEC-RKMP-BPL,2026-12-02T16:15:00,2026-12-02T16:33:00,UP
MOV-004782,TRN-12023,SEC-RKMP-BPL,2026-12-02T19:30:00,2026-12-02T19:46:00,DOWN
MOV-004783,TRN-12025,SEC-RKMP-BPL,2026-12-02T09:45:00,2026-12-02T10:07:00,DOWN
MOV-004784,TRN-12056,SEC-RKMP-BPL,2026-12-02T12:30:00,2026-12-02T12:52:00,DOWN
MOV-004785,TRN-12005,SEC-RKMP-BPL,2026-12-02T06:45:00,2026-12-02T07:09:00,UP
MOV-004786,TRN-12025,SEC-RKMP-BPL,2026-12-02T06:30:00,2026-12-02T06:49:00,UP
MOV-004787,TRN-12055,SEC-RKMP-BPL,2026-12-02T01:45:00,2026-12-02T02:01:00,UP
MOV-004788,TRN-12041,SEC-RKMP-BPL,2026-12-02T22:15:00,2026-12-02T22:31:00,DOWN
MOV-004789,TRN-12054,SEC-RKMP-BPL,2026-12-02T13:00:00,2026-12-02T13:25:00,UP
MOV-004790,TRN-12028,SEC-RKMP-BPL,2026-12-02T01:15:00,2026-12-02T01:49:00,UP
MOV-004791,TRN-12055,SEC-RKMP-BPL,2026-12-02T12:30:00,2026-12-02T13:03:00,UP
MOV-004792,TRN-12060,SEC-RKMP-BPL,2026-12-02T06:15:00,2026-12-02T06:38:00,DOWN
MOV-004793,TRN-12020,SEC-RKMP-BPL,2026-12-02T19:00:00,2026-12-02T19:28:00,DOWN
MOV-004794,TRN-12033,SEC-RKMP-BPL,2026-12-02T14:30:00,2026-12-02T15:03:00,UP
MOV-004795,TRN-12029,SEC-RKMP-BPL,2026-12-02T13:15:00,2026-12-02T13:49:00,DOWN
MOV-004796,TRN-12036,SEC-RKMP-BPL,2026-12-02T04:15:00,2026-12-02T04:42:00,UP
MOV-004797,TRN-12047,SEC-RKMP-BPL,2026-12-02T03:00:00,2026-12-02T03:21:00,UP
MOV-004798,TRN-12049,SEC-RKMP-BPL,2026-12-02T20:15:00,2026-12-02T20:40:00,UP
MOV-004799,TRN-12032,SEC-RKMP-BPL,2026-12-02T16:30:00,2026-12-02T17:04:00,DOWN
MOV-004800,TRN-12021,SEC-RKMP-BPL,2026-12-02T01:30:00,2026-12-02T02:01:00,DOWN
MOV-004801,TRN-12056,SEC-RKMP-BPL,2026-12-02T07:00:00,2026-12-02T07:27:00,UP
MOV-004802,TRN-12006,SEC-RKMP-BPL,2026-12-02T16:15:00,2026-12-02T16:42:00,DOWN
MOV-004803,TRN-12023,SEC-RKMP-BPL,2026-12-02T14:30:00,2026-12-02T14:56:00,DOWN
MOV-004804,TRN-12023,SEC-RKMP-BPL,2026-12-02T12:30:00,2026-12-02T12:47:00,UP
MOV-004805,TRN-12006,SEC-RKMP-BPL,2026-12-02T04:15:00,2026-12-02T04:48:00,DOWN
MOV-004806,TRN-12046,SEC-RKMP-BPL,2026-12-02T13:00:00,2026-12-02T13:22:00,DOWN
MOV-004807,TRN-12055,SEC-RKMP-BPL,2026-12-02T23:15:00,2026-12-02T23:39:00,DOWN
MOV-004808,TRN-12004,SEC-RKMP-BPL,2026-12-02T02:00:00,2026-12-02T02:29:00,UP
MOV-004809,TRN-12043,SEC-RKMP-BPL,2026-12-02T09:45:00,2026-12-02T10:02:00,UP
MOV-004810,TRN-12013,SEC-RKMP-BPL,2026-12-02T10:30:00,2026-12-02T10:48:00,DOWN
MOV-004811,TRN-12058,SEC-RKMP-BPL,2026-12-02T01:00:00,2026-12-02T01:34:00,DOWN
MOV-004812,TRN-12056,SEC-RKMP-BPL,2026-12-02T16:30:00,2026-12-02T16:48:00,DOWN
MOV-004813,TRN-12022,SEC-RKMP-BPL,2026-12-02T20:00:00,2026-12-02T20:15:00,DOWN
MOV-004814,TRN-12059,SEC-RKMP-BPL,2026-12-02T23:30:00,2026-12-02T23:53:00,UP
MOV-004815,TRN-12060,SEC-RKMP-BPL,2026-12-02T04:00:00,2026-12-02T04:25:00,UP
MOV-004816,TRN-12030,SEC-RKMP-BPL,2026-12-02T21:15:00,2026-12-02T21:47:00,UP
MOV-004817,TRN-12020,SEC-RKMP-BPL,2026-12-02T00:30:00,2026-12-02T01:02:00,DOWN
MOV-004818,TRN-12011,SEC-RKMP-BPL,2026-12-02T18:00:00,2026-12-02T18:27:00,DOWN
MOV-004819,TRN-12010,SEC-RKMP-BPL,2026-12-02T02:00:00,2026-12-02T02:29:00,DOWN
MOV-004820,TRN-12008,SEC-RKMP-BPL,2026-12-02T12:45:00,2026-12-02T13:04:00,DOWN
MOV-004821,TRN-12018,SEC-RKMP-BPL,2026-12-02T06:15:00,2026-12-02T06:37:00,UP
MOV-004822,TRN-12013,SEC-RKMP-BPL,2026-12-02T09:30:00,2026-12-02T09:52:00,DOWN
MOV-004823,TRN-12007,SEC-RKMP-BPL,2026-12-02T03:45:00,2026-12-02T04:09:00,DOWN
MOV-004824,TRN-12045,SEC-RKMP-BPL,2026-12-02T03:45:00,2026-12-02T04:08:00,DOWN
MOV-004825,TRN-12026,SEC-RKMP-BPL,2026-12-02T09:30:00,2026-12-02T09:48:00,DOWN
MOV-004826,TRN-12039,SEC-RKMP-BPL,2026-12-03T01:30:00,2026-12-03T01:45:00,UP
MOV-004827,TRN-12018,SEC-RKMP-BPL,2026-12-03T07:00:00,2026-12-03T07:15:00,DOWN
MOV-004828,TRN-12028,SEC-RKMP-BPL,2026-12-03T04:15:00,2026-12-03T04:43:00,DOWN
MOV-004829,TRN-12018,SEC-RKMP-BPL,2026-12-03T04:45:00,2026-12-03T05:12:00,DOWN
MOV-004830,TRN-12019,SEC-RKMP-BPL,2026-12-03T02:15:00,2026-12-03T02:36:00,DOWN
MOV-004831,TRN-12043,SEC-RKMP-BPL,2026-12-03T01:30:00,2026-12-03T01:51:00,DOWN
MOV-004832,TRN-12024,SEC-RKMP-BPL,2026-12-03T12:30:00,2026-12-03T12:50:00,UP
MOV-004833,TRN-12043,SEC-RKMP-BPL,2026-12-03T22:15:00,2026-12-03T22:49:00,UP
MOV-004834,TRN-12050,SEC-RKMP-BPL,2026-12-03T23:15:00,2026-12-03T23:32:00,DOWN
MOV-004835,TRN-12053,SEC-RKMP-BPL,2026-12-03T01:30:00,2026-12-03T02:02:00,UP
MOV-004836,TRN-12031,SEC-RKMP-BPL,2026-12-03T01:00:00,2026-12-03T01:24:00,UP
MOV-004837,TRN-12006,SEC-RKMP-BPL,2026-12-03T19:00:00,2026-12-03T19:32:00,UP
MOV-004838,TRN-12032,SEC-RKMP-BPL,2026-12-03T17:15:00,2026-12-03T17:38:00,DOWN
MOV-004839,TRN-12001,SEC-RKMP-BPL,2026-12-03T19:30:00,2026-12-03T20:00:00,UP
MOV-004840,TRN-12024,SEC-RKMP-BPL,2026-12-03T13:30:00,2026-12-03T14:03:00,DOWN
MOV-004841,TRN-12004,SEC-RKMP-BPL,2026-12-03T03:45:00,2026-12-03T04:07:00,DOWN
MOV-004842,TRN-12004,SEC-RKMP-BPL,2026-12-03T02:15:00,2026-12-03T02:44:00,DOWN
MOV-004843,TRN-12054,SEC-RKMP-BPL,2026-12-03T04:00:00,2026-12-03T04:25:00,DOWN
MOV-004844,TRN-12003,SEC-RKMP-BPL,2026-12-03T10:45:00,2026-12-03T11:03:00,DOWN
MOV-004845,TRN-12027,SEC-RKMP-BPL,2026-12-03T12:30:00,2026-12-03T12:59:00,DOWN
MOV-004846,TRN-12007,SEC-RKMP-BPL,2026-12-03T07:45:00,2026-12-03T08:00:00,DOWN
MOV-004847,TRN-12032,SEC-RKMP-BPL,2026-12-03T02:00:00,2026-12-03T02:34:00,UP
MOV-004848,TRN-12002,SEC-RKMP-BPL,2026-12-03T00:30:00,2026-12-03T01:03:00,UP
MOV-004849,TRN-12048,SEC-RKMP-BPL,2026-12-03T17:00:00,2026-12-03T17:16:00,UP
MOV-004850,TRN-12005,SEC-RKMP-BPL,2026-12-03T02:15:00,2026-12-03T02:46:00,DOWN
MOV-004851,TRN-12038,SEC-RKMP-BPL,2026-12-03T06:15:00,2026-12-03T06:42:00,UP
MOV-004852,TRN-12032,SEC-RKMP-BPL,2026-12-03T18:45:00,2026-12-03T19:01:00,UP
MOV-004853,TRN-12016,SEC-RKMP-BPL,2026-12-03T13:00:00,2026-12-03T13:34:00,DOWN
MOV-004854,TRN-12020,SEC-RKMP-BPL,2026-12-03T09:15:00,2026-12-03T09:30:00,DOWN
MOV-004855,TRN-12047,SEC-RKMP-BPL,2026-12-03T07:30:00,2026-12-03T07:52:00,UP
MOV-004856,TRN-12019,SEC-RKMP-BPL,2026-12-03T02:45:00,2026-12-03T03:13:00,DOWN
MOV-004857,TRN-12001,SEC-RKMP-BPL,2026-12-03T15:30:00,2026-12-03T15:57:00,DOWN
MOV-004858,TRN-12024,SEC-RKMP-BPL,2026-12-03T03:00:00,2026-12-03T03:24:00,UP
MOV-004859,TRN-12009,SEC-RKMP-BPL,2026-12-03T03:15:00,2026-12-03T03:32:00,UP
MOV-004860,TRN-12040,SEC-RKMP-BPL,2026-12-03T06:00:00,2026-12-03T06:26:00,UP
MOV-004861,TRN-12045,SEC-RKMP-BPL,2026-12-03T09:15:00,2026-12-03T09:34:00,UP
MOV-004862,TRN-12009,SEC-RKMP-BPL,2026-12-03T13:00:00,2026-12-03T13:28:00,UP
MOV-004863,TRN-12034,SEC-RKMP-BPL,2026-12-03T12:30:00,2026-12-03T13:00:00,DOWN
MOV-004864,TRN-12052,SEC-RKMP-BPL,2026-12-03T06:45:00,2026-12-03T07:06:00,DOWN
MOV-004865,TRN-12030,SEC-RKMP-BPL,2026-12-03T21:15:00,2026-12-03T21:40:00,UP
MOV-004866,TRN-12039,SEC-RKMP-BPL,2026-12-03T00:15:00,2026-12-03T00:30:00,UP
MOV-004867,TRN-12030,SEC-RKMP-BPL,2026-12-03T07:15:00,2026-12-03T07:32:00,DOWN
MOV-004868,TRN-12048,SEC-RKMP-BPL,2026-12-03T10:00:00,2026-12-03T10:16:00,DOWN
MOV-004869,TRN-12056,SEC-RKMP-BPL,2026-12-03T20:15:00,2026-12-03T20:39:00,UP
MOV-004870,TRN-12005,SEC-RKMP-BPL,2026-12-03T18:15:00,2026-12-03T18:39:00,UP
MOV-004871,TRN-12019,SEC-RKMP-BPL,2026-12-03T23:45:00,2026-12-04T00:13:00,UP
MOV-004872,TRN-12044,SEC-RKMP-BPL,2026-12-03T08:30:00,2026-12-03T08:47:00,DOWN
MOV-004873,TRN-12004,SEC-RKMP-BPL,2026-12-03T17:30:00,2026-12-03T17:46:00,DOWN
MOV-004874,TRN-12014,SEC-RKMP-BPL,2026-12-03T11:00:00,2026-12-03T11:29:00,DOWN
MOV-004875,TRN-12022,SEC-RKMP-BPL,2026-12-03T21:30:00,2026-12-03T21:57:00,UP
MOV-004876,TRN-12031,SEC-RKMP-BPL,2026-12-03T16:45:00,2026-12-03T17:12:00,UP
MOV-004877,TRN-12041,SEC-RKMP-BPL,2026-12-03T01:15:00,2026-12-03T01:48:00,DOWN
MOV-004878,TRN-12055,SEC-RKMP-BPL,2026-12-03T08:30:00,2026-12-03T08:59:00,UP
MOV-004879,TRN-12057,SEC-RKMP-BPL,2026-12-03T23:00:00,2026-12-03T23:30:00,UP
MOV-004880,TRN-12041,SEC-RKMP-BPL,2026-12-03T13:00:00,2026-12-03T13:16:00,DOWN
MOV-004881,TRN-12051,SEC-RKMP-BPL,2026-12-03T19:15:00,2026-12-03T19:47:00,UP
MOV-004882,TRN-12034,SEC-RKMP-BPL,2026-12-03T07:30:00,2026-12-03T07:55:00,DOWN
MOV-004883,TRN-12029,SEC-RKMP-BPL,2026-12-03T12:30:00,2026-12-03T12:53:00,DOWN
MOV-004884,TRN-12006,SEC-RKMP-BPL,2026-12-03T20:00:00,2026-12-03T20:32:00,DOWN
MOV-004885,TRN-12057,SEC-RKMP-BPL,2026-12-03T00:00:00,2026-12-03T00:16:00,UP
MOV-004886,TRN-12055,SEC-RKMP-BPL,2026-12-03T18:30:00,2026-12-03T19:01:00,UP
MOV-004887,TRN-12048,SEC-RKMP-BPL,2026-12-03T07:30:00,2026-12-03T08:00:00,DOWN
MOV-004888,TRN-12026,SEC-RKMP-BPL,2026-12-03T14:15:00,2026-12-03T14:42:00,UP
MOV-004889,TRN-12024,SEC-RKMP-BPL,2026-12-03T04:15:00,2026-12-03T04:44:00,DOWN
MOV-004890,TRN-12011,SEC-RKMP-BPL,2026-12-04T12:30:00,2026-12-04T12:48:00,UP
MOV-004891,TRN-12003,SEC-RKMP-BPL,2026-12-04T01:00:00,2026-12-04T01:29:00,DOWN
MOV-004892,TRN-12030,SEC-RKMP-BPL,2026-12-04T04:45:00,2026-12-04T05:05:00,UP
MOV-004893,TRN-12009,SEC-RKMP-BPL,2026-12-04T08:30:00,2026-12-04T08:52:00,UP
MOV-004894,TRN-12021,SEC-RKMP-BPL,2026-12-04T22:30:00,2026-12-04T22:58:00,UP
MOV-004895,TRN-12032,SEC-RKMP-BPL,2026-12-04T21:30:00,2026-12-04T22:01:00,UP
MOV-004896,TRN-12052,SEC-RKMP-BPL,2026-12-04T22:30:00,2026-12-04T23:04:00,DOWN
MOV-004897,TRN-12017,SEC-RKMP-BPL,2026-12-04T14:30:00,2026-12-04T14:47:00,UP
MOV-004898,TRN-12018,SEC-RKMP-BPL,2026-12-04T13:00:00,2026-12-04T13:30:00,UP
MOV-004899,TRN-12057,SEC-RKMP-BPL,2026-12-04T16:15:00,2026-12-04T16:37:00,DOWN
MOV-004900,TRN-12006,SEC-RKMP-BPL,2026-12-04T17:30:00,2026-12-04T17:49:00,DOWN
MOV-004901,TRN-12038,SEC-RKMP-BPL,2026-12-04T03:30:00,2026-12-04T03:53:00,DOWN
MOV-004902,TRN-12030,SEC-RKMP-BPL,2026-12-04T23:45:00,2026-12-05T00:00:00,UP
MOV-004903,TRN-12013,SEC-RKMP-BPL,2026-12-04T10:00:00,2026-12-04T10:25:00,UP
MOV-004904,TRN-12038,SEC-RKMP-BPL,2026-12-04T10:45:00,2026-12-04T11:17:00,DOWN
MOV-004905,TRN-12027,SEC-RKMP-BPL,2026-12-04T17:30:00,2026-12-04T17:47:00,UP
MOV-004906,TRN-12060,SEC-RKMP-BPL,2026-12-04T07:00:00,2026-12-04T07:31:00,DOWN
MOV-004907,TRN-12040,SEC-RKMP-BPL,2026-12-04T15:15:00,2026-12-04T15:37:00,DOWN
MOV-004908,TRN-12052,SEC-RKMP-BPL,2026-12-04T11:15:00,2026-12-04T11:33:00,UP
MOV-004909,TRN-12029,SEC-RKMP-BPL,2026-12-04T13:30:00,2026-12-04T14:01:00,UP
MOV-004910,TRN-12011,SEC-RKMP-BPL,2026-12-04T20:45:00,2026-12-04T21:10:00,UP
MOV-004911,TRN-12029,SEC-RKMP-BPL,2026-12-04T14:45:00,2026-12-04T15:10:00,UP
MOV-004912,TRN-12023,SEC-RKMP-BPL,2026-12-04T09:00:00,2026-12-04T09:17:00,DOWN
MOV-004913,TRN-12022,SEC-RKMP-BPL,2026-12-04T20:15:00,2026-12-04T20:49:00,UP
MOV-004914,TRN-12012,SEC-RKMP-BPL,2026-12-04T14:45:00,2026-12-04T15:02:00,DOWN
MOV-004915,TRN-12014,SEC-RKMP-BPL,2026-12-04T17:30:00,2026-12-04T17:58:00,UP
MOV-004916,TRN-12018,SEC-RKMP-BPL,2026-12-04T15:15:00,2026-12-04T15:43:00,UP
MOV-004917,TRN-12019,SEC-RKMP-BPL,2026-12-04T02:00:00,2026-12-04T02:20:00,UP
MOV-004918,TRN-12009,SEC-RKMP-BPL,2026-12-04T02:45:00,2026-12-04T03:10:00,DOWN
MOV-004919,TRN-12044,SEC-RKMP-BPL,2026-12-04T02:30:00,2026-12-04T03:02:00,UP
MOV-004920,TRN-12052,SEC-RKMP-BPL,2026-12-04T22:30:00,2026-12-04T22:47:00,DOWN
MOV-004921,TRN-12053,SEC-RKMP-BPL,2026-12-04T13:45:00,2026-12-04T14:10:00,UP
MOV-004922,TRN-12057,SEC-RKMP-BPL,2026-12-04T03:15:00,2026-12-04T03:33:00,DOWN
MOV-004923,TRN-12056,SEC-RKMP-BPL,2026-12-04T23:00:00,2026-12-04T23:29:00,DOWN
MOV-004924,TRN-12051,SEC-RKMP-BPL,2026-12-04T12:00:00,2026-12-04T12:24:00,DOWN
MOV-004925,TRN-12038,SEC-RKMP-BPL,2026-12-04T09:00:00,2026-12-04T09:28:00,UP
MOV-004926,TRN-12029,SEC-RKMP-BPL,2026-12-04T22:00:00,2026-12-04T22:19:00,DOWN
MOV-004927,TRN-12056,SEC-RKMP-BPL,2026-12-04T07:45:00,2026-12-04T08:04:00,UP
MOV-004928,TRN-12019,SEC-RKMP-BPL,2026-12-04T12:00:00,2026-12-04T12:18:00,DOWN
MOV-004929,TRN-12038,SEC-RKMP-BPL,2026-12-04T14:45:00,2026-12-04T15:04:00,DOWN
MOV-004930,TRN-12022,SEC-RKMP-BPL,2026-12-04T22:45:00,2026-12-04T23:04:00,UP
MOV-004931,TRN-12033,SEC-RKMP-BPL,2026-12-04T12:00:00,2026-12-04T12:20:00,DOWN
MOV-004932,TRN-12046,SEC-RKMP-BPL,2026-12-04T04:30:00,2026-12-04T04:48:00,UP
MOV-004933,TRN-12001,SEC-RKMP-BPL,2026-12-04T15:00:00,2026-12-04T15:19:00,UP
MOV-004934,TRN-12012,SEC-RKMP-BPL,2026-12-04T01:30:00,2026-12-04T02:02:00,UP
MOV-004935,TRN-12047,SEC-RKMP-BPL,2026-12-04T13:15:00,2026-12-04T13:31:00,DOWN
MOV-004936,TRN-12002,SEC-RKMP-BPL,2026-12-04T10:00:00,2026-12-04T10:30:00,DOWN
MOV-004937,TRN-12020,SEC-RKMP-BPL,2026-12-04T07:30:00,2026-12-04T07:55:00,UP
MOV-004938,TRN-12022,SEC-RKMP-BPL,2026-12-04T04:15:00,2026-12-04T04:41:00,DOWN
MOV-004939,TRN-12046,SEC-RKMP-BPL,2026-12-04T12:45:00,2026-12-04T13:11:00,UP
MOV-004940,TRN-12022,SEC-RKMP-BPL,2026-12-04T12:15:00,2026-12-04T12:45:00,UP
MOV-004941,TRN-12030,SEC-RKMP-BPL,2026-12-05T01:00:00,2026-12-05T01:22:00,UP
MOV-004942,TRN-12014,SEC-RKMP-BPL,2026-12-05T13:15:00,2026-12-05T13:47:00,UP
MOV-004943,TRN-12044,SEC-RKMP-BPL,2026-12-05T14:30:00,2026-12-05T14:58:00,UP
MOV-004944,TRN-12048,SEC-RKMP-BPL,2026-12-05T07:30:00,2026-12-05T07:50:00,UP
MOV-004945,TRN-12043,SEC-RKMP-BPL,2026-12-05T22:45:00,2026-12-05T23:14:00,DOWN
MOV-004946,TRN-12032,SEC-RKMP-BPL,2026-12-05T23:00:00,2026-12-05T23:34:00,DOWN
MOV-004947,TRN-12037,SEC-RKMP-BPL,2026-12-05T14:45:00,2026-12-05T15:13:00,UP
MOV-004948,TRN-12047,SEC-RKMP-BPL,2026-12-05T17:45:00,2026-12-05T18:18:00,DOWN
MOV-004949,TRN-12003,SEC-RKMP-BPL,2026-12-05T15:45:00,2026-12-05T16:19:00,DOWN
MOV-004950,TRN-12055,SEC-RKMP-BPL,2026-12-05T21:00:00,2026-12-05T21:32:00,DOWN
MOV-004951,TRN-12035,SEC-RKMP-BPL,2026-12-05T04:45:00,2026-12-05T05:05:00,UP
MOV-004952,TRN-12018,SEC-RKMP-BPL,2026-12-05T23:15:00,2026-12-05T23:32:00,UP
MOV-004953,TRN-12059,SEC-RKMP-BPL,2026-12-05T05:45:00,2026-12-05T06:00:00,DOWN
MOV-004954,TRN-12040,SEC-RKMP-BPL,2026-12-05T05:45:00,2026-12-05T06:05:00,DOWN
MOV-004955,TRN-12036,SEC-RKMP-BPL,2026-12-05T10:00:00,2026-12-05T10:20:00,UP
MOV-004956,TRN-12052,SEC-RKMP-BPL,2026-12-05T02:00:00,2026-12-05T02:17:00,DOWN
MOV-004957,TRN-12059,SEC-RKMP-BPL,2026-12-05T17:00:00,2026-12-05T17:25:00,DOWN
MOV-004958,TRN-12006,SEC-RKMP-BPL,2026-12-05T19:00:00,2026-12-05T19:31:00,DOWN
MOV-004959,TRN-12054,SEC-RKMP-BPL,2026-12-05T09:45:00,2026-12-05T10:16:00,UP
MOV-004960,TRN-12039,SEC-RKMP-BPL,2026-12-05T11:15:00,2026-12-05T11:45:00,UP
MOV-004961,TRN-12008,SEC-RKMP-BPL,2026-12-05T11:45:00,2026-12-05T12:03:00,UP
MOV-004962,TRN-12041,SEC-RKMP-BPL,2026-12-05T11:30:00,2026-12-05T11:55:00,DOWN
MOV-004963,TRN-12053,SEC-RKMP-BPL,2026-12-05T10:15:00,2026-12-05T10:35:00,UP
MOV-004964,TRN-12051,SEC-RKMP-BPL,2026-12-05T12:30:00,2026-12-05T12:53:00,DOWN
MOV-004965,TRN-12043,SEC-RKMP-BPL,2026-12-05T12:45:00,2026-12-05T13:17:00,UP
MOV-004966,TRN-12014,SEC-RKMP-BPL,2026-12-05T22:15:00,2026-12-05T22:36:00,DOWN
MOV-004967,TRN-12037,SEC-RKMP-BPL,2026-12-05T03:00:00,2026-12-05T03:31:00,DOWN
MOV-004968,TRN-12022,SEC-RKMP-BPL,2026-12-05T20:00:00,2026-12-05T20:32:00,UP
MOV-004969,TRN-12039,SEC-RKMP-BPL,2026-12-05T20:30:00,2026-12-05T21:00:00,UP
MOV-004970,TRN-12018,SEC-RKMP-BPL,2026-12-05T06:00:00,2026-12-05T06:20:00,UP
MOV-004971,TRN-12046,SEC-RKMP-BPL,2026-12-05T05:00:00,2026-12-05T05:29:00,DOWN
MOV-004972,TRN-12013,SEC-RKMP-BPL,2026-12-05T16:00:00,2026-12-05T16:30:00,UP
MOV-004973,TRN-12036,SEC-RKMP-BPL,2026-12-05T14:15:00,2026-12-05T14:43:00,UP
MOV-004974,TRN-12040,SEC-RKMP-BPL,2026-12-05T05:30:00,2026-12-05T06:00:00,DOWN
MOV-004975,TRN-12022,SEC-RKMP-BPL,2026-12-05T11:15:00,2026-12-05T11:47:00,DOWN
MOV-004976,TRN-12039,SEC-RKMP-BPL,2026-12-05T19:00:00,2026-12-05T19:30:00,DOWN
MOV-004977,TRN-12043,SEC-RKMP-BPL,2026-12-05T14:45:00,2026-12-05T15:13:00,DOWN
MOV-004978,TRN-12011,SEC-RKMP-BPL,2026-12-05T15:15:00,2026-12-05T15:47:00,DOWN
MOV-004979,TRN-12051,SEC-RKMP-BPL,2026-12-05T05:15:00,2026-12-05T05:30:00,DOWN
MOV-004980,TRN-12016,SEC-RKMP-BPL,2026-12-05T14:15:00,2026-12-05T14:48:00,DOWN
MOV-004981,TRN-12047,SEC-RKMP-BPL,2026-12-05T15:00:00,2026-12-05T15:33:00,UP
MOV-004982,TRN-12028,SEC-RKMP-BPL,2026-12-05T09:15:00,2026-12-05T09:49:00,UP
MOV-004983,TRN-12035,SEC-RKMP-BPL,2026-12-05T05:45:00,2026-12-05T06:14:00,UP
MOV-004984,TRN-12005,SEC-RKMP-BPL,2026-12-05T03:00:00,2026-12-05T03:23:00,DOWN
MOV-004985,TRN-12008,SEC-RKMP-BPL,2026-12-05T13:15:00,2026-12-05T13:30:00,DOWN
MOV-004986,TRN-12043,SEC-RKMP-BPL,2026-12-05T23:30:00,2026-12-05T23:51:00,DOWN
MOV-004987,TRN-12015,SEC-RKMP-BPL,2026-12-05T16:45:00,2026-12-05T17:00:00,DOWN
MOV-004988,TRN-12013,SEC-RKMP-BPL,2026-12-05T11:15:00,2026-12-05T11:32:00,DOWN
MOV-004989,TRN-12029,SEC-RKMP-BPL,2026-12-05T12:15:00,2026-12-05T12:44:00,DOWN
MOV-004990,TRN-12031,SEC-RKMP-BPL,2026-12-05T03:15:00,2026-12-05T03:39:00,UP
MOV-004991,TRN-12013,SEC-RKMP-BPL,2026-12-06T23:15:00,2026-12-06T23:47:00,DOWN
MOV-004992,TRN-12031,SEC-RKMP-BPL,2026-12-06T22:30:00,2026-12-06T22:49:00,UP
MOV-004993,TRN-12040,SEC-RKMP-BPL,2026-12-06T00:00:00,2026-12-06T00:16:00,DOWN
MOV-004994,TRN-12027,SEC-RKMP-BPL,2026-12-06T00:30:00,2026-12-06T00:58:00,DOWN
MOV-004995,TRN-12010,SEC-RKMP-BPL,2026-12-06T20:00:00,2026-12-06T20:26:00,DOWN
MOV-004996,TRN-12014,SEC-RKMP-BPL,2026-12-06T09:00:00,2026-12-06T09:24:00,DOWN
MOV-004997,TRN-12019,SEC-RKMP-BPL,2026-12-06T12:45:00,2026-12-06T13:04:00,UP
MOV-004998,TRN-12008,SEC-RKMP-BPL,2026-12-06T13:00:00,2026-12-06T13:32:00,UP
MOV-004999,TRN-12040,SEC-RKMP-BPL,2026-12-06T04:15:00,2026-12-06T04:33:00,DOWN
MOV-005000,TRN-12002,SEC-RKMP-BPL,2026-12-06T01:30:00,2026-12-06T01:55:00,UP
MOV-005001,TRN-12026,SEC-RKMP-BPL,2026-12-06T09:45:00,2026-12-06T10:08:00,DOWN
MOV-005002,TRN-12014,SEC-RKMP-BPL,2026-12-06T04:15:00,2026-12-06T04:31:00,DOWN
MOV-005003,TRN-12024,SEC-RKMP-BPL,2026-12-06T08:30:00,2026-12-06T08:46:00,UP
MOV-005004,TRN-12059,SEC-RKMP-BPL,2026-12-06T15:30:00,2026-12-06T15:55:00,UP
MOV-005005,TRN-12057,SEC-RKMP-BPL,2026-12-06T22:15:00,2026-12-06T22:48:00,UP
MOV-005006,TRN-12020,SEC-RKMP-BPL,2026-12-06T07:30:00,2026-12-06T07:57:00,UP
MOV-005007,TRN-12016,SEC-RKMP-BPL,2026-12-06T12:15:00,2026-12-06T12:39:00,UP
MOV-005008,TRN-12054,SEC-RKMP-BPL,2026-12-06T17:00:00,2026-12-06T17:33:00,DOWN
MOV-005009,TRN-12022,SEC-RKMP-BPL,2026-12-06T12:00:00,2026-12-06T12:15:00,UP
MOV-005010,TRN-12047,SEC-RKMP-BPL,2026-12-06T08:15:00,2026-12-06T08:49:00,DOWN
MOV-005011,TRN-12028,SEC-RKMP-BPL,2026-12-06T01:30:00,2026-12-06T01:59:00,DOWN
MOV-005012,TRN-12057,SEC-RKMP-BPL,2026-12-06T15:00:00,2026-12-06T15:19:00,DOWN
MOV-005013,TRN-12037,SEC-RKMP-BPL,2026-12-06T10:15:00,2026-12-06T10:44:00,UP
MOV-005014,TRN-12010,SEC-RKMP-BPL,2026-12-06T23:15:00,2026-12-06T23:35:00,UP
MOV-005015,TRN-12029,SEC-RKMP-BPL,2026-12-06T23:00:00,2026-12-06T23:19:00,UP
MOV-005016,TRN-12006,SEC-RKMP-BPL,2026-12-06T14:15:00,2026-12-06T14:45:00,UP
MOV-005017,TRN-12039,SEC-RKMP-BPL,2026-12-06T02:15:00,2026-12-06T02:38:00,UP
MOV-005018,TRN-12026,SEC-RKMP-BPL,2026-12-06T11:15:00,2026-12-06T11:40:00,DOWN
MOV-005019,TRN-12047,SEC-RKMP-BPL,2026-12-06T00:30:00,2026-12-06T01:03:00,DOWN
MOV-005020,TRN-12020,SEC-RKMP-BPL,2026-12-06T18:45:00,2026-12-06T19:07:00,DOWN
MOV-005021,TRN-12038,SEC-RKMP-BPL,2026-12-06T18:30:00,2026-12-06T19:00:00,DOWN
MOV-005022,TRN-12052,SEC-RKMP-BPL,2026-12-06T10:30:00,2026-12-06T10:57:00,DOWN
MOV-005023,TRN-12024,SEC-RKMP-BPL,2026-12-06T07:30:00,2026-12-06T08:04:00,DOWN
MOV-005024,TRN-12009,SEC-RKMP-BPL,2026-12-06T22:45:00,2026-12-06T23:03:00,UP
MOV-005025,TRN-12013,SEC-RKMP-BPL,2026-12-06T22:45:00,2026-12-06T23:11:00,DOWN
MOV-005026,TRN-12025,SEC-RKMP-BPL,2026-12-06T21:00:00,2026-12-06T21:21:00,UP
MOV-005027,TRN-12051,SEC-RKMP-BPL,2026-12-06T12:30:00,2026-12-06T13:03:00,UP
MOV-005028,TRN-12058,SEC-RKMP-BPL,2026-12-06T03:45:00,2026-12-06T04:14:00,DOWN
MOV-005029,TRN-12010,SEC-RKMP-BPL,2026-12-06T23:45:00,2026-12-07T00:02:00,DOWN
MOV-005030,TRN-12050,SEC-RKMP-BPL,2026-12-06T11:15:00,2026-12-06T11:35:00,DOWN
MOV-005031,TRN-12060,SEC-RKMP-BPL,2026-12-06T14:30:00,2026-12-06T15:00:00,DOWN
MOV-005032,TRN-12025,SEC-RKMP-BPL,2026-12-06T18:15:00,2026-12-06T18:41:00,UP
MOV-005033,TRN-12057,SEC-RKMP-BPL,2026-12-06T17:30:00,2026-12-06T17:54:00,DOWN
MOV-005034,TRN-12047,SEC-RKMP-BPL,2026-12-06T06:45:00,2026-12-06T07:05:00,UP
MOV-005035,TRN-12045,SEC-RKMP-BPL,2026-12-06T17:15:00,2026-12-06T17:42:00,DOWN
MOV-005036,TRN-12048,SEC-RKMP-BPL,2026-12-06T22:45:00,2026-12-06T23:08:00,UP
MOV-005037,TRN-12006,SEC-RKMP-BPL,2026-12-06T13:30:00,2026-12-06T13:58:00,UP
MOV-005038,TRN-12043,SEC-RKMP-BPL,2026-12-06T18:30:00,2026-12-06T18:55:00,UP
MOV-005039,TRN-12030,SEC-RKMP-BPL,2026-12-06T15:30:00,2026-12-06T15:56:00,DOWN
MOV-005040,TRN-12034,SEC-RKMP-BPL,2026-12-06T07:30:00,2026-12-06T07:50:00,UP
MOV-005041,TRN-12025,SEC-RKMP-BPL,2026-12-06T17:45:00,2026-12-06T18:12:00,UP
MOV-005042,TRN-12041,SEC-RKMP-BPL,2026-12-06T07:00:00,2026-12-06T07:18:00,DOWN
MOV-005043,TRN-12026,SEC-RKMP-BPL,2026-12-06T04:00:00,2026-12-06T04:28:00,DOWN
MOV-005044,TRN-12007,SEC-RKMP-BPL,2026-12-07T08:30:00,2026-12-07T08:47:00,UP
MOV-005045,TRN-12001,SEC-RKMP-BPL,2026-12-07T11:00:00,2026-12-07T11:18:00,UP
MOV-005046,TRN-12044,SEC-RKMP-BPL,2026-12-07T11:45:00,2026-12-07T12:07:00,UP
MOV-005047,TRN-12013,SEC-RKMP-BPL,2026-12-07T22:30:00,2026-12-07T22:51:00,DOWN
MOV-005048,TRN-12034,SEC-RKMP-BPL,2026-12-07T02:30:00,2026-12-07T02:47:00,UP
MOV-005049,TRN-12043,SEC-RKMP-BPL,2026-12-07T10:00:00,2026-12-07T10:16:00,DOWN
MOV-005050,TRN-12042,SEC-RKMP-BPL,2026-12-07T04:15:00,2026-12-07T04:36:00,DOWN
MOV-005051,TRN-12048,SEC-RKMP-BPL,2026-12-07T06:30:00,2026-12-07T07:03:00,UP
MOV-005052,TRN-12009,SEC-RKMP-BPL,2026-12-07T07:30:00,2026-12-07T08:04:00,UP
MOV-005053,TRN-12004,SEC-RKMP-BPL,2026-12-07T04:15:00,2026-12-07T04:31:00,UP
MOV-005054,TRN-12040,SEC-RKMP-BPL,2026-12-07T19:00:00,2026-12-07T19:25:00,DOWN
MOV-005055,TRN-12041,SEC-RKMP-BPL,2026-12-07T23:45:00,2026-12-08T00:06:00,DOWN
MOV-005056,TRN-12003,SEC-RKMP-BPL,2026-12-07T23:00:00,2026-12-07T23:17:00,UP
MOV-005057,TRN-12008,SEC-RKMP-BPL,2026-12-07T11:30:00,2026-12-07T11:59:00,UP
MOV-005058,TRN-12018,SEC-RKMP-BPL,2026-12-07T03:00:00,2026-12-07T03:29:00,DOWN
MOV-005059,TRN-12013,SEC-RKMP-BPL,2026-12-07T07:45:00,2026-12-07T08:11:00,UP
MOV-005060,TRN-12057,SEC-RKMP-BPL,2026-12-07T04:15:00,2026-12-07T04:43:00,DOWN
MOV-005061,TRN-12005,SEC-RKMP-BPL,2026-12-07T19:00:00,2026-12-07T19:28:00,UP
MOV-005062,TRN-12046,SEC-RKMP-BPL,2026-12-07T21:45:00,2026-12-07T22:18:00,DOWN
MOV-005063,TRN-12004,SEC-RKMP-BPL,2026-12-07T12:15:00,2026-12-07T12:44:00,UP
MOV-005064,TRN-12042,SEC-RKMP-BPL,2026-12-07T10:30:00,2026-12-07T10:53:00,UP
MOV-005065,TRN-12013,SEC-RKMP-BPL,2026-12-07T19:00:00,2026-12-07T19:19:00,UP
MOV-005066,TRN-12010,SEC-RKMP-BPL,2026-12-07T22:15:00,2026-12-07T22:34:00,UP
MOV-005067,TRN-12012,SEC-RKMP-BPL,2026-12-07T15:15:00,2026-12-07T15:34:00,DOWN
MOV-005068,TRN-12040,SEC-RKMP-BPL,2026-12-07T09:30:00,2026-12-07T09:58:00,UP
MOV-005069,TRN-12049,SEC-RKMP-BPL,2026-12-07T06:00:00,2026-12-07T06:25:00,DOWN
MOV-005070,TRN-12044,SEC-RKMP-BPL,2026-12-07T07:15:00,2026-12-07T07:41:00,UP
MOV-005071,TRN-12050,SEC-RKMP-BPL,2026-12-07T07:00:00,2026-12-07T07:16:00,DOWN
MOV-005072,TRN-12002,SEC-RKMP-BPL,2026-12-07T19:45:00,2026-12-07T20:02:00,UP
MOV-005073,TRN-12057,SEC-RKMP-BPL,2026-12-07T02:15:00,2026-12-07T02:47:00,UP
MOV-005074,TRN-12040,SEC-RKMP-BPL,2026-12-07T09:15:00,2026-12-07T09:48:00,DOWN
MOV-005075,TRN-12020,SEC-RKMP-BPL,2026-12-07T22:30:00,2026-12-07T22:46:00,UP
MOV-005076,TRN-12015,SEC-RKMP-BPL,2026-12-07T15:45:00,2026-12-07T16:00:00,DOWN
MOV-005077,TRN-12055,SEC-RKMP-BPL,2026-12-07T23:30:00,2026-12-07T23:51:00,UP
MOV-005078,TRN-12057,SEC-RKMP-BPL,2026-12-07T09:15:00,2026-12-07T09:44:00,DOWN
MOV-005079,TRN-12049,SEC-RKMP-BPL,2026-12-07T21:45:00,2026-12-07T22:03:00,UP
MOV-005080,TRN-12013,SEC-RKMP-BPL,2026-12-07T15:30:00,2026-12-07T16:02:00,DOWN
MOV-005081,TRN-12049,SEC-RKMP-BPL,2026-12-07T01:30:00,2026-12-07T02:02:00,DOWN
MOV-005082,TRN-12021,SEC-RKMP-BPL,2026-12-07T18:15:00,2026-12-07T18:33:00,UP
MOV-005083,TRN-12016,SEC-RKMP-BPL,2026-12-07T21:00:00,2026-12-07T21:17:00,DOWN
MOV-005084,TRN-12035,SEC-RKMP-BPL,2026-12-07T13:00:00,2026-12-07T13:24:00,DOWN
MOV-005085,TRN-12006,SEC-RKMP-BPL,2026-12-07T19:00:00,2026-12-07T19:19:00,DOWN
MOV-005086,TRN-12018,SEC-RKMP-BPL,2026-12-07T12:15:00,2026-12-07T12:42:00,UP
MOV-005087,TRN-12027,SEC-RKMP-BPL,2026-12-07T19:30:00,2026-12-07T19:56:00,DOWN
MOV-005088,TRN-12026,SEC-RKMP-BPL,2026-12-07T19:30:00,2026-12-07T20:02:00,UP
MOV-005089,TRN-12034,SEC-RKMP-BPL,2026-12-07T03:00:00,2026-12-07T03:17:00,DOWN
MOV-005090,TRN-12020,SEC-RKMP-BPL,2026-12-07T06:30:00,2026-12-07T06:52:00,UP
MOV-005091,TRN-12034,SEC-RKMP-BPL,2026-12-07T13:00:00,2026-12-07T13:20:00,UP
MOV-005092,TRN-12042,SEC-RKMP-BPL,2026-12-07T05:00:00,2026-12-07T05:20:00,UP
MOV-005093,TRN-12047,SEC-RKMP-BPL,2026-12-07T01:45:00,2026-12-07T02:06:00,UP
MOV-005094,TRN-12001,SEC-RKMP-BPL,2026-12-07T06:15:00,2026-12-07T06:42:00,DOWN
MOV-005095,TRN-12032,SEC-RKMP-BPL,2026-12-07T02:15:00,2026-12-07T02:44:00,DOWN
MOV-005096,TRN-12036,SEC-RKMP-BPL,2026-12-07T12:30:00,2026-12-07T13:04:00,DOWN
MOV-005097,TRN-12036,SEC-RKMP-BPL,2026-12-07T08:15:00,2026-12-07T08:44:00,DOWN
MOV-005098,TRN-12047,SEC-RKMP-BPL,2026-12-07T15:45:00,2026-12-07T16:00:00,UP
